#include "lvgl.h"

const uint8_t splash_img_map[] = {
0x62, 0x08, 0x62, 0x08, 0x62, 0x08, 0x62, 0x08, 0x62, 0x08, 0x62, 0x08, 0x62, 0x08, 0x62, 0x08, 
0x62, 0x08, 0x62, 0x08, 0x62, 0x08, 0x62, 0x08, 0x62, 0x08, 0x62, 0x08, 0x62, 0x08, 0x62, 0x08, 
0x62, 0x08, 0x62, 0x08, 0x62, 0x08, 0x62, 0x08, 0x62, 0x08, 0x62, 0x08, 0x62, 0x08, 0x62, 0x08, 
0x62, 0x08, 0x62, 0x08, 0x62, 0x08, 0x62, 0x08, 0x62, 0x08, 0x62, 0x08, 0x62, 0x08, 0x62, 0x08, 
0x62, 0x08, 0x62, 0x08, 0x62, 0x08, 0x62, 0x08, 0x62, 0x08, 0x62, 0x08, 0x62, 0x08, 0x62, 0x08, 
0x62, 0x08, 0x62, 0x08, 0x62, 0x08, 0x62, 0x08, 0x62, 0x08, 0x62, 0x08, 0x62, 0x08, 0x62, 0x08, 
0x62, 0x08, 0x62, 0x08, 0x62, 0x08, 0x62, 0x08, 0x62, 0x08, 0x62, 0x08, 0x62, 0x08, 0x62, 0x08, 
0x62, 0x08, 0x62, 0x08, 0x62, 0x08, 0x62, 0x08, 0x62, 0x08, 0x62, 0x08, 0x62, 0x08, 0x62, 0x08, 
0x62, 0x08, 0x62, 0x08, 0x62, 0x08, 0x62, 0x08, 0x62, 0x08, 0x62, 0x08, 0x62, 0x08, 0x62, 0x08, 
0x62, 0x08, 0x62, 0x08, 0x62, 0x08, 0x62, 0x08, 0x62, 0x08, 0x62, 0x08, 0x62, 0x08, 0x62, 0x08, 
0x62, 0x08, 0x62, 0x08, 0x62, 0x08, 0x62, 0x08, 0x62, 0x08, 0x62, 0x08, 0x62, 0x08, 0x62, 0x08, 
0x62, 0x08, 0x62, 0x08, 0x62, 0x08, 0x62, 0x08, 0x62, 0x08, 0x62, 0x08, 0x62, 0x08, 0x62, 0x08, 
0x62, 0x08, 0x62, 0x08, 0x62, 0x08, 0x62, 0x08, 0x62, 0x08, 0x62, 0x08, 0x62, 0x08, 0x62, 0x08, 
0x62, 0x08, 0x62, 0x08, 0x62, 0x08, 0x62, 0x08, 0x62, 0x08, 0x62, 0x08, 0x62, 0x08, 0x62, 0x08, 
0x62, 0x08, 0x62, 0x08, 0x62, 0x08, 0x62, 0x08, 0x62, 0x08, 0x62, 0x08, 0x62, 0x08, 0x62, 0x08, 
0x62, 0x08, 0x62, 0x08, 0x62, 0x08, 0x42, 0x08, 0x62, 0x08, 0x62, 0x08, 0x62, 0x08, 0x62, 0x08, 
0x62, 0x08, 0x62, 0x08, 0x62, 0x08, 0x62, 0x08, 0x62, 0x08, 0x62, 0x08, 0x62, 0x08, 0x62, 0x08, 
0x62, 0x08, 0x62, 0x08, 0x62, 0x08, 0x62, 0x08, 0x62, 0x08, 0x62, 0x08, 0x62, 0x08, 0x62, 0x08, 
0x62, 0x08, 0x62, 0x08, 0x62, 0x08, 0x62, 0x08, 0x62, 0x08, 0x62, 0x08, 0x62, 0x08, 0x62, 0x08, 
0x62, 0x08, 0x62, 0x08, 0x62, 0x08, 0x62, 0x08, 0x62, 0x08, 0x62, 0x08, 0x62, 0x08, 0x62, 0x08, 
0x62, 0x08, 0x62, 0x08, 0x62, 0x08, 0x62, 0x08, 0x62, 0x08, 0x62, 0x08, 0x62, 0x08, 0x62, 0x08, 
0x62, 0x08, 0x62, 0x08, 0x62, 0x08, 0x62, 0x08, 0x62, 0x08, 0x62, 0x08, 0x62, 0x08, 0x62, 0x08, 
0x62, 0x08, 0x62, 0x08, 0x62, 0x08, 0x62, 0x08, 0x62, 0x08, 0x62, 0x08, 0x62, 0x08, 0x62, 0x08, 
0x62, 0x08, 0x62, 0x08, 0x62, 0x08, 0x62, 0x08, 0x62, 0x08, 0x62, 0x08, 0x62, 0x08, 0x62, 0x08, 
0x62, 0x08, 0x62, 0x08, 0x62, 0x08, 0x62, 0x08, 0x62, 0x08, 0x62, 0x08, 0x62, 0x08, 0x62, 0x08, 
0x62, 0x08, 0x62, 0x08, 0x62, 0x08, 0x62, 0x08, 0x62, 0x08, 0x62, 0x08, 0x62, 0x08, 0x62, 0x08, 
0x62, 0x08, 0x62, 0x08, 0x62, 0x08, 0x62, 0x08, 0x62, 0x08, 0x62, 0x08, 0x62, 0x08, 0x62, 0x08, 
0x62, 0x08, 0x62, 0x08, 0x62, 0x08, 0x62, 0x08, 0x62, 0x08, 0x62, 0x08, 0x62, 0x08, 0x62, 0x08, 
0x62, 0x08, 0x62, 0x08, 0x62, 0x08, 0x62, 0x08, 0x62, 0x08, 0x62, 0x08, 0x62, 0x08, 0x62, 0x08, 
0x62, 0x08, 0x42, 0x08, 0x62, 0x08, 0x62, 0x08, 0x62, 0x08, 0x62, 0x08, 0x62, 0x08, 0x62, 0x08, 
0x62, 0x08, 0x62, 0x08, 0x62, 0x08, 0x62, 0x08, 0x62, 0x08, 0x62, 0x08, 0x62, 0x08, 0x62, 0x08, 
0x62, 0x08, 0x62, 0x08, 0x62, 0x08, 0x62, 0x08, 0x62, 0x08, 0x62, 0x08, 0x62, 0x08, 0x62, 0x08, 
0x62, 0x08, 0x62, 0x08, 0x62, 0x08, 0x62, 0x08, 0x62, 0x08, 0x62, 0x08, 0x62, 0x08, 0x62, 0x08, 
0x62, 0x08, 0x62, 0x08, 0x62, 0x08, 0x62, 0x08, 0x62, 0x08, 0x62, 0x08, 0x62, 0x08, 0x62, 0x08, 
0x62, 0x08, 0x62, 0x08, 0x62, 0x08, 0x62, 0x08, 0x62, 0x08, 0x62, 0x08, 0x62, 0x08, 0x62, 0x08, 
0x62, 0x08, 0x62, 0x08, 0x62, 0x08, 0x62, 0x08, 0x62, 0x08, 0x62, 0x08, 0x62, 0x08, 0x62, 0x08, 
0x62, 0x08, 0x62, 0x08, 0x62, 0x08, 0x62, 0x08, 0x62, 0x08, 0x62, 0x08, 0x62, 0x08, 0x62, 0x08, 
0x62, 0x08, 0x62, 0x08, 0x62, 0x08, 0x62, 0x08, 0x62, 0x08, 0x62, 0x08, 0x62, 0x08, 0x62, 0x08, 
0x62, 0x08, 0x62, 0x08, 0x62, 0x08, 0x62, 0x08, 0x62, 0x08, 0x62, 0x08, 0x62, 0x08, 0x62, 0x08, 
0x62, 0x08, 0x62, 0x08, 0x62, 0x08, 0x62, 0x08, 0x62, 0x08, 0x62, 0x08, 0x62, 0x08, 0x62, 0x08, 
0x62, 0x08, 0x62, 0x08, 0x62, 0x08, 0x62, 0x08, 0x62, 0x08, 0x62, 0x08, 0x62, 0x08, 0x62, 0x08, 
0x62, 0x08, 0x62, 0x08, 0x62, 0x08, 0x62, 0x08, 0x62, 0x08, 0x62, 0x08, 0x62, 0x08, 0x62, 0x08, 
0x62, 0x08, 0x62, 0x08, 0x62, 0x08, 0x62, 0x08, 0x62, 0x08, 0x62, 0x08, 0x62, 0x08, 0x62, 0x08, 
0x62, 0x08, 0x62, 0x08, 0x62, 0x08, 0x62, 0x08, 0x62, 0x08, 0x62, 0x08, 0x62, 0x08, 0x62, 0x08, 
0x62, 0x08, 0x62, 0x08, 0x62, 0x08, 0x62, 0x08, 0x62, 0x08, 0x62, 0x08, 0x62, 0x08, 0x62, 0x08, 
0x62, 0x08, 0x62, 0x08, 0x62, 0x08, 0x62, 0x08, 0x62, 0x08, 0x62, 0x08, 0x62, 0x08, 0x62, 0x08, 
0x62, 0x08, 0x62, 0x08, 0x62, 0x08, 0x62, 0x08, 0x62, 0x08, 0x62, 0x08, 0x62, 0x08, 0x62, 0x08, 
0x62, 0x08, 0x62, 0x08, 0x62, 0x08, 0x62, 0x08, 0x62, 0x08, 0x62, 0x08, 0x62, 0x08, 0x62, 0x08, 
0x62, 0x08, 0x62, 0x08, 0x62, 0x08, 0x62, 0x08, 0x62, 0x08, 0x62, 0x08, 0x62, 0x08, 0x62, 0x08, 
0x62, 0x08, 0x62, 0x08, 0x62, 0x08, 0x62, 0x08, 0x62, 0x08, 0x62, 0x08, 0x62, 0x08, 0x62, 0x08, 
0x62, 0x08, 0x62, 0x08, 0x62, 0x08, 0x62, 0x08, 0x62, 0x08, 0x62, 0x08, 0x62, 0x08, 0x62, 0x08, 
0x62, 0x08, 0x62, 0x08, 0x62, 0x08, 0x62, 0x08, 0x62, 0x08, 0x62, 0x08, 0x62, 0x08, 0x62, 0x08, 
0x62, 0x08, 0x62, 0x08, 0x62, 0x08, 0x62, 0x08, 0x62, 0x08, 0x62, 0x08, 0x62, 0x08, 0x62, 0x08, 
0x62, 0x08, 0x62, 0x08, 0x62, 0x08, 0x62, 0x08, 0x62, 0x08, 0x62, 0x08, 0x62, 0x08, 0x62, 0x08, 
0x62, 0x08, 0x62, 0x08, 0x62, 0x08, 0x62, 0x08, 0x62, 0x08, 0x62, 0x08, 0x62, 0x08, 0x62, 0x08, 
0x62, 0x08, 0x62, 0x08, 0x62, 0x08, 0x62, 0x08, 0x62, 0x08, 0x62, 0x08, 0x62, 0x08, 0x62, 0x08, 
0x62, 0x08, 0x62, 0x08, 0x62, 0x08, 0x62, 0x08, 0x62, 0x08, 0x62, 0x08, 0x62, 0x08, 0x62, 0x08, 
0x62, 0x08, 0x62, 0x08, 0x62, 0x08, 0x62, 0x08, 0x62, 0x08, 0x62, 0x08, 0x62, 0x08, 0x62, 0x08, 
0x62, 0x08, 0x62, 0x08, 0x62, 0x08, 0x62, 0x08, 0x62, 0x08, 0x62, 0x08, 0x62, 0x08, 0x62, 0x08, 
0x62, 0x08, 0x62, 0x08, 0x62, 0x08, 0x62, 0x08, 0x62, 0x08, 0x62, 0x08, 0x62, 0x08, 0x62, 0x08, 
0x62, 0x08, 0x62, 0x08, 0x62, 0x08, 0x62, 0x08, 0x62, 0x08, 0x62, 0x08, 0x62, 0x08, 0x62, 0x08, 
0x62, 0x08, 0x62, 0x08, 0x62, 0x08, 0x62, 0x08, 0x62, 0x08, 0x62, 0x08, 0x62, 0x08, 0x62, 0x08, 
0x62, 0x08, 0x62, 0x08, 0x62, 0x08, 0x62, 0x08, 0x62, 0x08, 0x62, 0x08, 0x62, 0x08, 0x62, 0x08, 
0x62, 0x08, 0x62, 0x08, 0x62, 0x08, 0x62, 0x08, 0x62, 0x08, 0x62, 0x08, 0x62, 0x08, 0x62, 0x08, 
0x62, 0x08, 0x62, 0x08, 0x62, 0x08, 0x62, 0x08, 0x62, 0x08, 0x62, 0x08, 0x62, 0x08, 0x62, 0x08, 
0x62, 0x08, 0x62, 0x08, 0x62, 0x08, 0x62, 0x08, 0x62, 0x08, 0x62, 0x08, 0x62, 0x08, 0x62, 0x08, 
0x62, 0x08, 0x62, 0x08, 0x62, 0x08, 0x62, 0x08, 0x62, 0x08, 0x62, 0x08, 0x62, 0x08, 0x62, 0x08, 
0x62, 0x08, 0x62, 0x08, 0x62, 0x08, 0x62, 0x08, 0x62, 0x08, 0x62, 0x08, 0x62, 0x08, 0x62, 0x08, 
0x62, 0x08, 0x62, 0x08, 0x62, 0x08, 0x62, 0x08, 0x62, 0x08, 0x62, 0x08, 0x62, 0x08, 0x62, 0x08, 
0x62, 0x08, 0x62, 0x08, 0x62, 0x08, 0x62, 0x08, 0x62, 0x08, 0x62, 0x08, 0x62, 0x08, 0x62, 0x08, 
0x62, 0x08, 0x62, 0x08, 0x62, 0x08, 0x62, 0x08, 0x62, 0x08, 0x62, 0x08, 0x62, 0x08, 0x62, 0x08, 
0x62, 0x08, 0x62, 0x08, 0x62, 0x08, 0x62, 0x08, 0x62, 0x08, 0x62, 0x08, 0x62, 0x08, 0x62, 0x08, 
0x62, 0x08, 0x62, 0x08, 0x62, 0x08, 0x62, 0x08, 0x62, 0x08, 0x62, 0x08, 0x62, 0x08, 0x62, 0x08, 
0x62, 0x08, 0x62, 0x08, 0x62, 0x08, 0x62, 0x08, 0x62, 0x08, 0x62, 0x08, 0x62, 0x08, 0x62, 0x08, 
0x62, 0x08, 0x62, 0x08, 0x62, 0x08, 0x62, 0x08, 0x62, 0x08, 0x62, 0x08, 0x62, 0x08, 0x62, 0x08, 
0x62, 0x08, 0x62, 0x08, 0x62, 0x08, 0x62, 0x08, 0x62, 0x08, 0x62, 0x08, 0x62, 0x08, 0x62, 0x08, 
0x62, 0x08, 0x62, 0x08, 0x62, 0x08, 0x62, 0x08, 0x62, 0x08, 0x62, 0x08, 0x62, 0x08, 0x62, 0x08, 
0x62, 0x08, 0x62, 0x08, 0x62, 0x08, 0x62, 0x08, 0x62, 0x08, 0x62, 0x08, 0x62, 0x08, 0x62, 0x08, 
0x62, 0x08, 0x62, 0x08, 0x62, 0x08, 0x62, 0x08, 0x62, 0x08, 0x62, 0x08, 0x62, 0x08, 0x62, 0x08, 
0x62, 0x08, 0x62, 0x08, 0x62, 0x08, 0x62, 0x08, 0x62, 0x08, 0x62, 0x08, 0x62, 0x08, 0x62, 0x08, 
0x62, 0x08, 0x62, 0x08, 0x62, 0x08, 0x62, 0x08, 0x62, 0x08, 0x62, 0x08, 0x62, 0x08, 0x62, 0x08, 
0x62, 0x08, 0x62, 0x08, 0x62, 0x08, 0x62, 0x08, 0x62, 0x08, 0x62, 0x08, 0x62, 0x08, 0x62, 0x08, 
0x62, 0x08, 0x62, 0x08, 0x62, 0x08, 0x62, 0x08, 0x62, 0x08, 0x62, 0x08, 0x62, 0x08, 0x62, 0x08, 
0x62, 0x08, 0x62, 0x08, 0x62, 0x08, 0x62, 0x08, 0x62, 0x08, 0x62, 0x08, 0x62, 0x08, 0x62, 0x08, 
0x62, 0x08, 0x62, 0x08, 0x62, 0x08, 0x62, 0x08, 0x62, 0x08, 0x62, 0x08, 0x62, 0x08, 0x62, 0x08, 
0x62, 0x08, 0x62, 0x08, 0x62, 0x08, 0x62, 0x08, 0x62, 0x08, 0x62, 0x08, 0x62, 0x08, 0x62, 0x08, 
0x62, 0x08, 0x62, 0x08, 0x62, 0x08, 0x62, 0x08, 0x62, 0x08, 0x62, 0x08, 0x62, 0x08, 0x62, 0x08, 
0x62, 0x08, 0x62, 0x08, 0x62, 0x08, 0x62, 0x08, 0x62, 0x08, 0x62, 0x08, 0x62, 0x08, 0x62, 0x08, 
0x62, 0x08, 0x62, 0x08, 0x62, 0x08, 0x62, 0x08, 0x62, 0x08, 0x62, 0x08, 0x62, 0x08, 0x62, 0x08, 
0x62, 0x08, 0x62, 0x08, 0x62, 0x08, 0x62, 0x08, 0x62, 0x08, 0x62, 0x08, 0x62, 0x08, 0x62, 0x08, 
0x62, 0x08, 0x62, 0x08, 0x62, 0x08, 0x62, 0x08, 0x62, 0x08, 0x62, 0x08, 0x62, 0x08, 0x62, 0x08, 
0x62, 0x08, 0x62, 0x08, 0x62, 0x08, 0x62, 0x08, 0x62, 0x08, 0x62, 0x08, 0x62, 0x08, 0x62, 0x08, 
0x62, 0x08, 0x62, 0x08, 0x62, 0x08, 0x62, 0x08, 0x62, 0x08, 0x62, 0x08, 0x62, 0x08, 0x62, 0x08, 
0x62, 0x08, 0x62, 0x08, 0x62, 0x08, 0x62, 0x08, 0x62, 0x08, 0x62, 0x08, 0x62, 0x08, 0x62, 0x08, 
0x62, 0x08, 0x62, 0x08, 0x62, 0x08, 0x62, 0x08, 0x62, 0x08, 0x62, 0x08, 0x62, 0x08, 0x62, 0x08, 
0x62, 0x08, 0x62, 0x08, 0x62, 0x08, 0x62, 0x08, 0x62, 0x08, 0x62, 0x08, 0x62, 0x08, 0x62, 0x08, 
0x62, 0x08, 0x62, 0x08, 0x62, 0x08, 0x62, 0x08, 0x62, 0x08, 0x62, 0x08, 0x62, 0x08, 0x62, 0x08, 
0x62, 0x08, 0x62, 0x08, 0x62, 0x08, 0x62, 0x08, 0x62, 0x08, 0x62, 0x08, 0x62, 0x08, 0x62, 0x08, 
0x62, 0x08, 0x62, 0x08, 0x62, 0x08, 0x62, 0x08, 0x62, 0x08, 0x62, 0x08, 0x62, 0x08, 0x62, 0x08, 
0x62, 0x08, 0x62, 0x08, 0x62, 0x08, 0x62, 0x08, 0x62, 0x08, 0x62, 0x08, 0x62, 0x08, 0x62, 0x08, 
0x62, 0x08, 0x62, 0x08, 0x62, 0x08, 0x62, 0x08, 0x62, 0x08, 0x62, 0x08, 0x62, 0x08, 0x62, 0x08, 
0x62, 0x08, 0x62, 0x08, 0x62, 0x08, 0x62, 0x08, 0x62, 0x08, 0x62, 0x08, 0x62, 0x08, 0x62, 0x08, 
0x62, 0x08, 0x62, 0x08, 0x62, 0x08, 0x62, 0x08, 0x62, 0x08, 0x62, 0x08, 0x62, 0x08, 0x62, 0x08, 
0x62, 0x08, 0x62, 0x08, 0x62, 0x08, 0x62, 0x08, 0x62, 0x08, 0x62, 0x08, 0x62, 0x08, 0x62, 0x08, 
0x62, 0x08, 0x62, 0x08, 0x62, 0x08, 0x62, 0x08, 0x62, 0x08, 0x62, 0x08, 0x62, 0x08, 0x62, 0x08, 
0x62, 0x08, 0x62, 0x08, 0x62, 0x08, 0x62, 0x08, 0x62, 0x08, 0x62, 0x08, 0x62, 0x08, 0x62, 0x08, 
0x62, 0x08, 0x62, 0x08, 0x62, 0x08, 0x62, 0x08, 0x62, 0x08, 0x62, 0x08, 0x62, 0x08, 0x62, 0x08, 
0x62, 0x08, 0x62, 0x08, 0x62, 0x08, 0x62, 0x08, 0x62, 0x08, 0x62, 0x08, 0x62, 0x08, 0x62, 0x08, 
0x62, 0x08, 0x62, 0x08, 0x62, 0x08, 0x62, 0x08, 0x62, 0x08, 0x62, 0x08, 0x62, 0x08, 0x62, 0x08, 
0x62, 0x08, 0x62, 0x08, 0x62, 0x08, 0x62, 0x08, 0x62, 0x08, 0x62, 0x08, 0x62, 0x08, 0x62, 0x08, 
0x62, 0x08, 0x62, 0x08, 0x62, 0x08, 0x62, 0x08, 0x62, 0x08, 0x62, 0x08, 0x62, 0x08, 0x62, 0x08, 
0x62, 0x08, 0x62, 0x08, 0x62, 0x08, 0x62, 0x08, 0x62, 0x08, 0x62, 0x08, 0x62, 0x08, 0x62, 0x08, 
0x62, 0x08, 0x62, 0x08, 0x62, 0x08, 0x62, 0x08, 0x62, 0x08, 0x62, 0x08, 0x62, 0x08, 0x62, 0x08, 
0x62, 0x08, 0x62, 0x08, 0x62, 0x08, 0x62, 0x08, 0x62, 0x08, 0x62, 0x08, 0x62, 0x08, 0x62, 0x08, 
0x62, 0x08, 0x62, 0x08, 0x62, 0x08, 0x62, 0x08, 0x62, 0x08, 0x62, 0x08, 0x62, 0x08, 0x62, 0x08, 
0x62, 0x08, 0x62, 0x08, 0x62, 0x08, 0x62, 0x08, 0x62, 0x08, 0x62, 0x08, 0x62, 0x08, 0x62, 0x08, 
0x62, 0x08, 0x62, 0x08, 0x62, 0x08, 0x62, 0x08, 0x62, 0x08, 0x62, 0x08, 0x62, 0x08, 0x62, 0x08, 
0x62, 0x08, 0x62, 0x08, 0x62, 0x08, 0x62, 0x08, 0x62, 0x08, 0x62, 0x08, 0x62, 0x08, 0x62, 0x08, 
0x62, 0x08, 0x62, 0x08, 0x62, 0x08, 0x62, 0x08, 0x62, 0x08, 0x62, 0x08, 0x62, 0x08, 0x62, 0x08, 
0x62, 0x08, 0x62, 0x08, 0x62, 0x08, 0x62, 0x08, 0x62, 0x08, 0x62, 0x08, 0x62, 0x08, 0x62, 0x08, 
0x62, 0x08, 0x62, 0x08, 0x62, 0x08, 0x62, 0x08, 0x62, 0x08, 0x62, 0x08, 0x62, 0x08, 0x62, 0x08, 
0x62, 0x08, 0x62, 0x08, 0x62, 0x08, 0x62, 0x08, 0x62, 0x08, 0x62, 0x08, 0x62, 0x08, 0x62, 0x08, 
0x62, 0x08, 0x62, 0x08, 0x42, 0x08, 0x62, 0x08, 0x62, 0x08, 0x62, 0x08, 0x62, 0x08, 0x62, 0x08, 
0x62, 0x08, 0x62, 0x08, 0x62, 0x08, 0x62, 0x08, 0x62, 0x08, 0x62, 0x08, 0x62, 0x08, 0x62, 0x08, 
0x62, 0x08, 0x62, 0x08, 0x62, 0x08, 0x62, 0x08, 0x62, 0x08, 0x62, 0x08, 0x62, 0x08, 0x62, 0x08, 
0x62, 0x08, 0x62, 0x08, 0x62, 0x08, 0x62, 0x08, 0x62, 0x08, 0x62, 0x08, 0x62, 0x08, 0x62, 0x08, 
0x62, 0x08, 0x62, 0x08, 0x62, 0x08, 0x62, 0x08, 0x62, 0x08, 0x62, 0x08, 0x62, 0x08, 0x62, 0x08, 
0x62, 0x08, 0x62, 0x08, 0x62, 0x08, 0x62, 0x08, 0x62, 0x08, 0x62, 0x08, 0x62, 0x08, 0x62, 0x08, 
0x62, 0x08, 0x62, 0x08, 0x62, 0x08, 0x62, 0x08, 0x62, 0x08, 0x62, 0x08, 0x62, 0x08, 0x62, 0x08, 
0x62, 0x08, 0x62, 0x08, 0x62, 0x08, 0x62, 0x08, 0x62, 0x08, 0x62, 0x08, 0x62, 0x08, 0x62, 0x08, 
0x62, 0x08, 0x62, 0x08, 0x62, 0x08, 0x62, 0x08, 0x62, 0x08, 0x62, 0x08, 0x62, 0x08, 0x62, 0x08, 
0x62, 0x08, 0x62, 0x08, 0x62, 0x08, 0x62, 0x08, 0x62, 0x08, 0x62, 0x08, 0x62, 0x08, 0x62, 0x08, 
0x62, 0x08, 0x62, 0x08, 0x62, 0x08, 0x62, 0x08, 0x62, 0x08, 0x62, 0x08, 0x62, 0x08, 0x62, 0x08, 
0x62, 0x08, 0x62, 0x08, 0x62, 0x08, 0x62, 0x08, 0x62, 0x08, 0x62, 0x08, 0x62, 0x08, 0x62, 0x08, 
0x62, 0x08, 0x62, 0x08, 0x62, 0x08, 0x62, 0x08, 0x62, 0x08, 0x62, 0x08, 0x62, 0x08, 0x62, 0x08, 
0x62, 0x08, 0x62, 0x08, 0x62, 0x08, 0x62, 0x08, 0x62, 0x08, 0x62, 0x08, 0x62, 0x08, 0x62, 0x08, 
0x62, 0x08, 0x62, 0x08, 0x62, 0x08, 0x62, 0x08, 0x62, 0x08, 0x62, 0x08, 0x62, 0x08, 0x62, 0x08, 
0x62, 0x08, 0x62, 0x08, 0x62, 0x08, 0x62, 0x08, 0x62, 0x08, 0x62, 0x08, 0x62, 0x08, 0x62, 0x08, 
0x62, 0x08, 0x62, 0x08, 0x62, 0x08, 0x62, 0x08, 0x62, 0x08, 0x62, 0x08, 0x62, 0x08, 0x62, 0x08, 
0x62, 0x08, 0x62, 0x08, 0x62, 0x08, 0x62, 0x08, 0x62, 0x08, 0x62, 0x08, 0x62, 0x08, 0x62, 0x08, 
0x62, 0x08, 0x62, 0x08, 0x62, 0x08, 0x62, 0x08, 0x62, 0x08, 0x62, 0x08, 0x62, 0x08, 0x62, 0x08, 
0x62, 0x08, 0x62, 0x08, 0x62, 0x08, 0x62, 0x08, 0x62, 0x08, 0x62, 0x08, 0x62, 0x08, 0x62, 0x08, 
0x62, 0x08, 0x62, 0x08, 0x62, 0x08, 0x62, 0x08, 0x62, 0x08, 0x62, 0x08, 0x62, 0x08, 0x62, 0x08, 
0x62, 0x08, 0x62, 0x08, 0x62, 0x08, 0x62, 0x08, 0x62, 0x08, 0x62, 0x08, 0x62, 0x08, 0x62, 0x08, 
0x62, 0x08, 0x62, 0x08, 0x62, 0x08, 0x62, 0x08, 0x62, 0x08, 0x62, 0x08, 0x62, 0x08, 0x62, 0x08, 
0x62, 0x08, 0x62, 0x08, 0x62, 0x08, 0x62, 0x08, 0x62, 0x08, 0x62, 0x08, 0x62, 0x08, 0x62, 0x08, 
0x62, 0x08, 0x62, 0x08, 0x62, 0x08, 0x62, 0x08, 0x62, 0x08, 0x62, 0x08, 0x62, 0x08, 0x62, 0x08, 
0x62, 0x08, 0x62, 0x08, 0x62, 0x08, 0x62, 0x08, 0x62, 0x08, 0x62, 0x08, 0x62, 0x08, 0x62, 0x08, 
0x62, 0x08, 0x62, 0x08, 0x62, 0x08, 0x62, 0x08, 0x62, 0x08, 0x62, 0x08, 0x62, 0x08, 0x62, 0x08, 
0x62, 0x08, 0x62, 0x08, 0x62, 0x08, 0x62, 0x08, 0x62, 0x08, 0x62, 0x08, 0x62, 0x08, 0x62, 0x08, 
0x62, 0x08, 0x62, 0x08, 0x62, 0x08, 0x62, 0x08, 0x62, 0x08, 0x62, 0x08, 0x62, 0x08, 0x62, 0x08, 
0x62, 0x08, 0x62, 0x08, 0x62, 0x08, 0x62, 0x08, 0x62, 0x08, 0x62, 0x08, 0x62, 0x08, 0x62, 0x08, 
0x62, 0x08, 0x62, 0x08, 0x42, 0x08, 0x62, 0x08, 0x62, 0x08, 0x62, 0x08, 0x62, 0x08, 0x62, 0x08, 
0x62, 0x08, 0x62, 0x08, 0x62, 0x08, 0x62, 0x08, 0x62, 0x08, 0x62, 0x08, 0x62, 0x08, 0x62, 0x08, 
0x62, 0x08, 0x62, 0x08, 0x62, 0x08, 0x62, 0x08, 0x62, 0x08, 0x62, 0x08, 0x62, 0x08, 0x62, 0x08, 
0x62, 0x08, 0x62, 0x08, 0x62, 0x08, 0x62, 0x08, 0x62, 0x08, 0x62, 0x08, 0x62, 0x08, 0x62, 0x08, 
0x62, 0x08, 0x62, 0x08, 0x62, 0x08, 0x62, 0x08, 0x62, 0x08, 0x62, 0x08, 0x62, 0x08, 0x62, 0x08, 
0x62, 0x08, 0x62, 0x08, 0x62, 0x08, 0x62, 0x08, 0x62, 0x08, 0x62, 0x08, 0x62, 0x08, 0x62, 0x08, 
0x62, 0x08, 0x62, 0x08, 0x62, 0x08, 0x62, 0x08, 0x62, 0x08, 0x62, 0x08, 0x62, 0x08, 0x62, 0x08, 
0x62, 0x08, 0x62, 0x08, 0x62, 0x08, 0x62, 0x08, 0x62, 0x08, 0x62, 0x08, 0x62, 0x08, 0x62, 0x08, 
0x62, 0x08, 0x62, 0x08, 0x62, 0x08, 0x62, 0x08, 0x62, 0x08, 0x62, 0x08, 0x62, 0x08, 0x62, 0x08, 
0x62, 0x08, 0x62, 0x08, 0x62, 0x08, 0x62, 0x08, 0x62, 0x08, 0x62, 0x08, 0x62, 0x08, 0x62, 0x08, 
0x62, 0x08, 0x62, 0x08, 0x62, 0x08, 0x42, 0x08, 0x62, 0x08, 0x62, 0x08, 0x62, 0x08, 0x62, 0x08, 
0x62, 0x08, 0x62, 0x08, 0x62, 0x08, 0x62, 0x08, 0x62, 0x08, 0x62, 0x08, 0x62, 0x08, 0x62, 0x08, 
0x62, 0x08, 0x62, 0x08, 0x62, 0x08, 0x62, 0x08, 0x62, 0x08, 0x62, 0x08, 0x62, 0x08, 0x62, 0x08, 
0x62, 0x08, 0x62, 0x08, 0x62, 0x08, 0x62, 0x08, 0x62, 0x08, 0x62, 0x08, 0x62, 0x08, 0x62, 0x08, 
0x62, 0x08, 0x62, 0x08, 0x62, 0x08, 0x62, 0x08, 0x62, 0x08, 0x62, 0x08, 0x62, 0x08, 0x62, 0x08, 
0x62, 0x08, 0x62, 0x08, 0x62, 0x08, 0x62, 0x08, 0x62, 0x08, 0x62, 0x08, 0x62, 0x08, 0x62, 0x08, 
0x62, 0x08, 0x62, 0x08, 0x62, 0x08, 0x62, 0x08, 0x62, 0x08, 0x62, 0x08, 0x62, 0x08, 0x62, 0x08, 
0x62, 0x08, 0x62, 0x08, 0x62, 0x08, 0x62, 0x08, 0x62, 0x08, 0x62, 0x08, 0x62, 0x08, 0x62, 0x08, 
0x62, 0x08, 0x62, 0x08, 0x62, 0x08, 0x62, 0x08, 0x62, 0x08, 0x62, 0x08, 0x62, 0x08, 0x62, 0x08, 
0x62, 0x08, 0x62, 0x08, 0x62, 0x08, 0x62, 0x08, 0x62, 0x08, 0x62, 0x08, 0x62, 0x08, 0x62, 0x08, 
0x62, 0x08, 0x62, 0x08, 0x62, 0x08, 0x62, 0x08, 0x62, 0x08, 0x62, 0x08, 0x62, 0x08, 0x62, 0x08, 
0x62, 0x08, 0x62, 0x08, 0x62, 0x08, 0x62, 0x08, 0x62, 0x08, 0x62, 0x08, 0x62, 0x08, 0x62, 0x08, 
0x62, 0x08, 0x62, 0x08, 0x62, 0x08, 0x62, 0x08, 0x62, 0x08, 0x62, 0x08, 0x62, 0x08, 0x62, 0x08, 
0x62, 0x08, 0x62, 0x08, 0x62, 0x08, 0x62, 0x08, 0x62, 0x08, 0x62, 0x08, 0x62, 0x08, 0x62, 0x08, 
0x62, 0x08, 0x62, 0x08, 0x62, 0x08, 0x62, 0x08, 0x62, 0x08, 0x62, 0x08, 0x62, 0x08, 0x62, 0x08, 
0x62, 0x08, 0x62, 0x08, 0x62, 0x08, 0x62, 0x08, 0x62, 0x08, 0x62, 0x08, 0x62, 0x08, 0x62, 0x08, 
0x62, 0x08, 0x62, 0x08, 0x62, 0x08, 0x62, 0x08, 0x62, 0x08, 0x62, 0x08, 0x62, 0x08, 0x62, 0x08, 
0x62, 0x08, 0x62, 0x08, 0x62, 0x08, 0x62, 0x08, 0x62, 0x08, 0x62, 0x08, 0x62, 0x08, 0x62, 0x08, 
0x62, 0x08, 0x62, 0x08, 0x62, 0x08, 0x62, 0x08, 0x62, 0x08, 0x62, 0x08, 0x62, 0x08, 0x62, 0x08, 
0x62, 0x08, 0x62, 0x08, 0x62, 0x08, 0x62, 0x08, 0x62, 0x08, 0x62, 0x08, 0x62, 0x08, 0x62, 0x08, 
0x62, 0x08, 0x62, 0x08, 0x62, 0x08, 0x62, 0x08, 0x62, 0x08, 0x62, 0x08, 0x62, 0x08, 0x62, 0x08, 
0x62, 0x08, 0x62, 0x08, 0x62, 0x08, 0x62, 0x08, 0x62, 0x08, 0x62, 0x08, 0x62, 0x08, 0x62, 0x08, 
0x62, 0x08, 0x62, 0x08, 0x62, 0x08, 0x62, 0x08, 0x62, 0x08, 0x62, 0x08, 0x62, 0x08, 0x62, 0x08, 
0x62, 0x08, 0x62, 0x08, 0x62, 0x08, 0x62, 0x08, 0x62, 0x08, 0x62, 0x08, 0x62, 0x08, 0x62, 0x08, 
0x62, 0x08, 0x62, 0x08, 0x62, 0x08, 0x62, 0x08, 0x62, 0x08, 0x62, 0x08, 0x62, 0x08, 0x62, 0x08, 
0x62, 0x08, 0x62, 0x08, 0x62, 0x08, 0x62, 0x08, 0x62, 0x08, 0x62, 0x08, 0x62, 0x08, 0x62, 0x08, 
0x62, 0x08, 0x62, 0x08, 0x62, 0x08, 0x62, 0x08, 0x62, 0x08, 0x62, 0x08, 0x62, 0x08, 0x62, 0x08, 
0x62, 0x08, 0x62, 0x08, 0x62, 0x08, 0x62, 0x08, 0x62, 0x08, 0x62, 0x08, 0x62, 0x08, 0x62, 0x08, 
0x62, 0x08, 0x62, 0x08, 0x62, 0x08, 0x62, 0x08, 0x62, 0x08, 0x62, 0x08, 0x62, 0x08, 0x62, 0x08, 
0x62, 0x08, 0x62, 0x08, 0x62, 0x08, 0x62, 0x08, 0x62, 0x08, 0x62, 0x08, 0x62, 0x08, 0x62, 0x08, 
0x62, 0x08, 0x62, 0x08, 0x62, 0x08, 0x62, 0x08, 0x62, 0x08, 0x62, 0x08, 0x62, 0x08, 0x62, 0x08, 
0x62, 0x08, 0x62, 0x08, 0x62, 0x08, 0x62, 0x08, 0x62, 0x08, 0x62, 0x08, 0x62, 0x08, 0x62, 0x08, 
0x62, 0x08, 0x62, 0x08, 0x62, 0x08, 0x62, 0x08, 0x62, 0x08, 0x62, 0x08, 0x62, 0x08, 0x62, 0x08, 
0x62, 0x08, 0x62, 0x08, 0x62, 0x08, 0x62, 0x08, 0x62, 0x08, 0x62, 0x08, 0x62, 0x08, 0x62, 0x08, 
0x62, 0x08, 0x62, 0x08, 0x62, 0x08, 0x62, 0x08, 0x62, 0x08, 0x62, 0x08, 0x62, 0x08, 0x62, 0x08, 
0x62, 0x08, 0x62, 0x08, 0x62, 0x08, 0x62, 0x08, 0x62, 0x08, 0x62, 0x08, 0x62, 0x08, 0x62, 0x08, 
0x62, 0x08, 0x62, 0x08, 0x62, 0x08, 0x62, 0x08, 0x62, 0x08, 0x62, 0x08, 0x62, 0x08, 0x62, 0x08, 
0x62, 0x08, 0x62, 0x08, 0x62, 0x08, 0x62, 0x08, 0x62, 0x08, 0x62, 0x08, 0x62, 0x08, 0x62, 0x08, 
0x62, 0x08, 0x62, 0x08, 0x62, 0x08, 0x62, 0x08, 0x62, 0x08, 0x62, 0x08, 0x62, 0x08, 0x62, 0x08, 
0x62, 0x08, 0x62, 0x08, 0x62, 0x08, 0x62, 0x08, 0x62, 0x08, 0x62, 0x08, 0x62, 0x08, 0x62, 0x08, 
0x62, 0x08, 0x62, 0x08, 0x62, 0x08, 0x62, 0x08, 0x62, 0x08, 0x62, 0x08, 0x62, 0x08, 0x62, 0x08, 
0x62, 0x08, 0x62, 0x08, 0x62, 0x08, 0x62, 0x08, 0x62, 0x08, 0x62, 0x08, 0x62, 0x08, 0x62, 0x08, 
0x62, 0x08, 0x62, 0x08, 0x62, 0x08, 0x62, 0x08, 0x62, 0x08, 0x62, 0x08, 0x62, 0x08, 0x62, 0x08, 
0x62, 0x08, 0x62, 0x08, 0x62, 0x08, 0x62, 0x08, 0x62, 0x08, 0x62, 0x08, 0x62, 0x08, 0x62, 0x08, 
0x62, 0x08, 0x62, 0x08, 0x62, 0x08, 0x62, 0x08, 0x62, 0x08, 0x62, 0x08, 0x62, 0x08, 0x62, 0x08, 
0x62, 0x08, 0x62, 0x08, 0x62, 0x08, 0x62, 0x08, 0x62, 0x08, 0x62, 0x08, 0x62, 0x08, 0x62, 0x08, 
0x62, 0x08, 0x62, 0x08, 0x62, 0x08, 0x62, 0x08, 0x62, 0x08, 0x62, 0x08, 0x62, 0x08, 0x62, 0x08, 
0x62, 0x08, 0x62, 0x08, 0x62, 0x08, 0x62, 0x08, 0x62, 0x08, 0x62, 0x08, 0x62, 0x08, 0x62, 0x08, 
0x62, 0x08, 0x62, 0x08, 0x62, 0x08, 0x62, 0x08, 0x62, 0x08, 0x62, 0x08, 0x62, 0x08, 0x62, 0x08, 
0x62, 0x08, 0x62, 0x08, 0x62, 0x08, 0x62, 0x08, 0x62, 0x08, 0x62, 0x08, 0x62, 0x08, 0x62, 0x08, 
0x62, 0x08, 0x62, 0x08, 0x62, 0x08, 0x62, 0x08, 0x62, 0x08, 0x62, 0x08, 0x62, 0x08, 0x62, 0x08, 
0x62, 0x08, 0x62, 0x08, 0x62, 0x08, 0x62, 0x08, 0x62, 0x08, 0x62, 0x08, 0x62, 0x08, 0x62, 0x08, 
0x62, 0x08, 0x62, 0x08, 0x62, 0x08, 0x62, 0x08, 0x62, 0x08, 0x62, 0x08, 0x62, 0x08, 0x62, 0x08, 
0x62, 0x08, 0x62, 0x08, 0x62, 0x08, 0x62, 0x08, 0x62, 0x08, 0x62, 0x08, 0x62, 0x08, 0x62, 0x08, 
0x62, 0x08, 0x62, 0x08, 0x62, 0x08, 0x62, 0x08, 0x62, 0x08, 0x62, 0x08, 0x62, 0x08, 0x62, 0x08, 
0x62, 0x08, 0x42, 0x08, 0x62, 0x08, 0x62, 0x08, 0x62, 0x08, 0x62, 0x08, 0x62, 0x08, 0x62, 0x08, 
0x62, 0x08, 0x62, 0x08, 0x62, 0x08, 0x62, 0x08, 0x62, 0x08, 0x62, 0x08, 0x62, 0x08, 0x62, 0x08, 
0x62, 0x08, 0x62, 0x08, 0x62, 0x08, 0x62, 0x08, 0x62, 0x08, 0x62, 0x08, 0x62, 0x08, 0x62, 0x08, 
0x62, 0x08, 0x62, 0x08, 0x62, 0x08, 0x62, 0x08, 0x62, 0x08, 0x62, 0x08, 0x62, 0x08, 0x62, 0x08, 
0x62, 0x08, 0x62, 0x08, 0x62, 0x08, 0x62, 0x08, 0x62, 0x08, 0x62, 0x08, 0x62, 0x08, 0x62, 0x08, 
0x62, 0x08, 0x62, 0x08, 0x62, 0x08, 0x62, 0x08, 0x62, 0x08, 0x62, 0x08, 0x62, 0x08, 0x62, 0x08, 
0x62, 0x08, 0x62, 0x08, 0x62, 0x08, 0x62, 0x08, 0x62, 0x08, 0x62, 0x08, 0x62, 0x08, 0x62, 0x08, 
0x62, 0x08, 0x62, 0x08, 0x62, 0x08, 0x62, 0x08, 0x62, 0x08, 0x62, 0x08, 0x62, 0x08, 0x62, 0x08, 
0x62, 0x08, 0x62, 0x08, 0x62, 0x08, 0x62, 0x08, 0x62, 0x08, 0x62, 0x08, 0x62, 0x08, 0x62, 0x08, 
0x62, 0x08, 0x62, 0x08, 0x62, 0x08, 0x62, 0x08, 0x62, 0x08, 0x62, 0x08, 0x62, 0x08, 0x62, 0x08, 
0x62, 0x08, 0x62, 0x08, 0x62, 0x08, 0x62, 0x08, 0x62, 0x08, 0x62, 0x08, 0x62, 0x08, 0x62, 0x08, 
0x62, 0x08, 0x62, 0x08, 0x62, 0x08, 0x62, 0x08, 0x62, 0x08, 0x62, 0x08, 0x62, 0x08, 0x62, 0x08, 
0x62, 0x08, 0x62, 0x08, 0x62, 0x08, 0x62, 0x08, 0x62, 0x08, 0x62, 0x08, 0x62, 0x08, 0x62, 0x08, 
0x62, 0x08, 0x62, 0x08, 0x62, 0x08, 0x62, 0x08, 0x62, 0x08, 0x62, 0x08, 0x62, 0x08, 0x62, 0x08, 
0x62, 0x08, 0x62, 0x08, 0x62, 0x08, 0x62, 0x08, 0x62, 0x08, 0x62, 0x08, 0x62, 0x08, 0x62, 0x08, 
0x62, 0x08, 0x62, 0x08, 0x62, 0x08, 0x62, 0x08, 0x62, 0x08, 0x62, 0x08, 0x62, 0x08, 0x62, 0x08, 
0x62, 0x08, 0x62, 0x08, 0x62, 0x08, 0x62, 0x08, 0x62, 0x08, 0x62, 0x08, 0x62, 0x08, 0x62, 0x08, 
0x62, 0x08, 0x62, 0x08, 0x62, 0x08, 0x62, 0x08, 0x62, 0x08, 0x62, 0x08, 0x62, 0x08, 0x62, 0x08, 
0x62, 0x08, 0x62, 0x08, 0x62, 0x08, 0x62, 0x08, 0x62, 0x08, 0x62, 0x08, 0x62, 0x08, 0x62, 0x08, 
0x62, 0x08, 0x62, 0x08, 0x62, 0x08, 0x62, 0x08, 0x62, 0x08, 0x62, 0x08, 0x62, 0x08, 0x62, 0x08, 
0x62, 0x08, 0x62, 0x08, 0x62, 0x08, 0x62, 0x08, 0x62, 0x08, 0x62, 0x08, 0x62, 0x08, 0x62, 0x08, 
0x62, 0x08, 0x62, 0x08, 0x62, 0x08, 0x62, 0x08, 0x62, 0x08, 0x62, 0x08, 0x62, 0x08, 0x62, 0x08, 
0x62, 0x08, 0x62, 0x08, 0x62, 0x08, 0x62, 0x08, 0x62, 0x08, 0x62, 0x08, 0x62, 0x08, 0x62, 0x08, 
0x62, 0x08, 0x62, 0x08, 0x62, 0x08, 0x62, 0x08, 0x62, 0x08, 0x62, 0x08, 0x62, 0x08, 0x62, 0x08, 
0x62, 0x08, 0x62, 0x08, 0x62, 0x08, 0x62, 0x08, 0x62, 0x08, 0x62, 0x08, 0x62, 0x08, 0x62, 0x08, 
0x62, 0x08, 0x62, 0x08, 0x62, 0x08, 0x62, 0x08, 0x62, 0x08, 0x62, 0x08, 0x62, 0x08, 0x62, 0x08, 
0x62, 0x08, 0x62, 0x08, 0x62, 0x08, 0x62, 0x08, 0x62, 0x08, 0x62, 0x08, 0x62, 0x08, 0x62, 0x08, 
0x62, 0x08, 0x62, 0x08, 0x62, 0x08, 0x62, 0x08, 0x62, 0x08, 0x62, 0x08, 0x62, 0x08, 0x62, 0x08, 
0x62, 0x08, 0x62, 0x08, 0x62, 0x08, 0x62, 0x08, 0x62, 0x08, 0x62, 0x08, 0x62, 0x08, 0x62, 0x08, 
0x62, 0x08, 0x62, 0x08, 0x62, 0x08, 0x62, 0x08, 0x62, 0x08, 0x62, 0x08, 0x62, 0x08, 0x62, 0x08, 
0x62, 0x08, 0x62, 0x08, 0x62, 0x08, 0x62, 0x08, 0x62, 0x08, 0x62, 0x08, 0x62, 0x08, 0x62, 0x08, 
0x62, 0x08, 0x62, 0x08, 0x62, 0x08, 0x62, 0x08, 0x62, 0x08, 0x62, 0x08, 0x62, 0x08, 0x62, 0x08, 
0x62, 0x08, 0x62, 0x08, 0x62, 0x08, 0x62, 0x08, 0x62, 0x08, 0x62, 0x08, 0x62, 0x08, 0x62, 0x08, 
0x62, 0x08, 0x62, 0x08, 0x62, 0x08, 0x62, 0x08, 0x62, 0x08, 0x62, 0x08, 0x62, 0x08, 0x62, 0x08, 
0x62, 0x08, 0x62, 0x08, 0x62, 0x08, 0x62, 0x08, 0x62, 0x08, 0x62, 0x08, 0x62, 0x08, 0x62, 0x08, 
0x62, 0x08, 0x62, 0x08, 0x62, 0x08, 0x62, 0x08, 0x62, 0x08, 0x62, 0x08, 0x62, 0x08, 0x62, 0x08, 
0x62, 0x08, 0x62, 0x08, 0x62, 0x08, 0x62, 0x08, 0x62, 0x08, 0x62, 0x08, 0x62, 0x08, 0x62, 0x08, 
0x62, 0x08, 0x62, 0x08, 0x62, 0x08, 0x62, 0x08, 0x62, 0x08, 0x62, 0x08, 0x62, 0x08, 0x62, 0x08, 
0x62, 0x08, 0x62, 0x08, 0x62, 0x08, 0x62, 0x08, 0x62, 0x08, 0x62, 0x08, 0x62, 0x08, 0x62, 0x08, 
0x62, 0x08, 0x62, 0x08, 0x62, 0x08, 0x62, 0x08, 0x62, 0x08, 0x62, 0x08, 0x62, 0x08, 0x62, 0x08, 
0x62, 0x08, 0x62, 0x08, 0x62, 0x08, 0x62, 0x08, 0x62, 0x08, 0x62, 0x08, 0x62, 0x08, 0x62, 0x08, 
0x62, 0x08, 0x62, 0x08, 0x62, 0x08, 0x62, 0x08, 0x62, 0x08, 0x62, 0x08, 0x62, 0x08, 0x62, 0x08, 
0x62, 0x08, 0x62, 0x08, 0x62, 0x08, 0x62, 0x08, 0x62, 0x08, 0x62, 0x08, 0x62, 0x08, 0x62, 0x08, 
0x62, 0x08, 0x62, 0x08, 0x62, 0x08, 0x62, 0x08, 0x62, 0x08, 0x62, 0x08, 0x62, 0x08, 0x62, 0x08, 
0x62, 0x08, 0x62, 0x08, 0x62, 0x08, 0x62, 0x08, 0x62, 0x08, 0x62, 0x08, 0x62, 0x08, 0x62, 0x08, 
0x42, 0x08, 0x62, 0x08, 0x62, 0x08, 0x62, 0x08, 0x62, 0x08, 0x62, 0x08, 0x62, 0x08, 0x62, 0x08, 
0x62, 0x08, 0x62, 0x08, 0x62, 0x08, 0x62, 0x08, 0x62, 0x08, 0x62, 0x08, 0x62, 0x08, 0x62, 0x08, 
0x62, 0x08, 0x62, 0x08, 0x62, 0x08, 0x62, 0x08, 0x62, 0x08, 0x62, 0x08, 0x62, 0x08, 0x62, 0x08, 
0x62, 0x08, 0x62, 0x08, 0x62, 0x08, 0x62, 0x08, 0x62, 0x08, 0x62, 0x08, 0x62, 0x08, 0x62, 0x08, 
0x62, 0x08, 0x62, 0x08, 0x62, 0x08, 0x62, 0x08, 0x62, 0x08, 0x62, 0x08, 0x62, 0x08, 0x62, 0x08, 
0x62, 0x08, 0x62, 0x08, 0x62, 0x08, 0x62, 0x08, 0x62, 0x08, 0x62, 0x08, 0x62, 0x08, 0x62, 0x08, 
0x62, 0x08, 0x62, 0x08, 0x62, 0x08, 0x62, 0x08, 0x62, 0x08, 0x62, 0x08, 0x62, 0x08, 0x62, 0x08, 
0x62, 0x08, 0x62, 0x08, 0x62, 0x08, 0x62, 0x08, 0x62, 0x08, 0x62, 0x08, 0x62, 0x08, 0x62, 0x08, 
0x62, 0x08, 0x62, 0x08, 0x62, 0x08, 0x62, 0x08, 0x62, 0x08, 0x62, 0x08, 0x62, 0x08, 0x62, 0x08, 
0x62, 0x08, 0x62, 0x08, 0x62, 0x08, 0x62, 0x08, 0x62, 0x08, 0x62, 0x08, 0x62, 0x08, 0x62, 0x08, 
0x62, 0x08, 0x62, 0x08, 0x62, 0x08, 0x62, 0x08, 0x62, 0x08, 0x62, 0x08, 0x62, 0x08, 0x62, 0x08, 
0x62, 0x08, 0x62, 0x08, 0x62, 0x08, 0x62, 0x08, 0x62, 0x08, 0x62, 0x08, 0x62, 0x08, 0x62, 0x08, 
0x62, 0x08, 0x62, 0x08, 0x62, 0x08, 0x62, 0x08, 0x62, 0x08, 0x62, 0x08, 0x62, 0x08, 0x62, 0x08, 
0x62, 0x08, 0x62, 0x08, 0x62, 0x08, 0x62, 0x08, 0x62, 0x08, 0x62, 0x08, 0x62, 0x08, 0x62, 0x08, 
0x62, 0x08, 0x62, 0x08, 0x62, 0x08, 0x62, 0x08, 0x62, 0x08, 0x62, 0x08, 0x62, 0x08, 0x62, 0x08, 
0x62, 0x08, 0x62, 0x08, 0x62, 0x08, 0x62, 0x08, 0x62, 0x08, 0x62, 0x08, 0x62, 0x08, 0x62, 0x08, 
0x62, 0x08, 0x62, 0x08, 0x62, 0x08, 0x62, 0x08, 0x62, 0x08, 0x62, 0x08, 0x62, 0x08, 0x62, 0x08, 
0x62, 0x08, 0x62, 0x08, 0x62, 0x08, 0x62, 0x08, 0x62, 0x08, 0x62, 0x08, 0x62, 0x08, 0x62, 0x08, 
0x62, 0x08, 0x62, 0x08, 0x62, 0x08, 0x62, 0x08, 0x62, 0x08, 0x62, 0x08, 0x62, 0x08, 0x62, 0x08, 
0x62, 0x08, 0x62, 0x08, 0x62, 0x08, 0x62, 0x08, 0x62, 0x08, 0x62, 0x08, 0x62, 0x08, 0x62, 0x08, 
0x62, 0x08, 0x62, 0x08, 0x62, 0x08, 0x62, 0x08, 0x62, 0x08, 0x62, 0x08, 0x62, 0x08, 0x62, 0x08, 
0x62, 0x08, 0x62, 0x08, 0x62, 0x08, 0x62, 0x08, 0x62, 0x08, 0x62, 0x08, 0x62, 0x08, 0x62, 0x08, 
0x62, 0x08, 0x62, 0x08, 0x62, 0x08, 0x62, 0x08, 0x62, 0x08, 0x62, 0x08, 0x62, 0x08, 0x62, 0x08, 
0x62, 0x08, 0x62, 0x08, 0x62, 0x08, 0x62, 0x08, 0x62, 0x08, 0x62, 0x08, 0x62, 0x08, 0x62, 0x08, 
0x62, 0x08, 0x62, 0x08, 0x62, 0x08, 0x62, 0x08, 0x62, 0x08, 0x62, 0x08, 0x62, 0x08, 0x62, 0x08, 
0x62, 0x08, 0x62, 0x08, 0x62, 0x08, 0x62, 0x08, 0x62, 0x08, 0x62, 0x08, 0x62, 0x08, 0x62, 0x08, 
0x62, 0x08, 0x62, 0x08, 0x62, 0x08, 0x62, 0x08, 0x62, 0x08, 0x62, 0x08, 0x62, 0x08, 0x62, 0x08, 
0x62, 0x08, 0x62, 0x08, 0x62, 0x08, 0x62, 0x08, 0x62, 0x08, 0x62, 0x08, 0x62, 0x08, 0x62, 0x08, 
0x62, 0x08, 0x62, 0x08, 0x62, 0x08, 0x62, 0x08, 0x62, 0x08, 0x62, 0x08, 0x62, 0x08, 0x62, 0x08, 
0x62, 0x08, 0x62, 0x08, 0x62, 0x08, 0x62, 0x08, 0x62, 0x08, 0x62, 0x08, 0x62, 0x08, 0x62, 0x08, 
0x62, 0x08, 0x62, 0x08, 0x62, 0x08, 0x62, 0x08, 0x62, 0x08, 0x62, 0x08, 0x62, 0x08, 0x62, 0x08, 
0x62, 0x08, 0x62, 0x08, 0x62, 0x08, 0x62, 0x08, 0x62, 0x08, 0x62, 0x08, 0x62, 0x08, 0x62, 0x08, 
0x62, 0x08, 0x62, 0x08, 0x62, 0x08, 0x62, 0x08, 0x62, 0x08, 0x62, 0x08, 0x62, 0x08, 0x62, 0x08, 
0x62, 0x08, 0x62, 0x08, 0x62, 0x08, 0x62, 0x08, 0x62, 0x08, 0x62, 0x08, 0x62, 0x08, 0x62, 0x08, 
0x62, 0x08, 0x62, 0x08, 0x62, 0x08, 0x62, 0x08, 0x62, 0x08, 0x62, 0x08, 0x62, 0x08, 0x62, 0x08, 
0x62, 0x08, 0x62, 0x08, 0x62, 0x08, 0x62, 0x08, 0x62, 0x08, 0x62, 0x08, 0x62, 0x08, 0x62, 0x08, 
0x62, 0x08, 0x62, 0x08, 0x62, 0x08, 0x62, 0x08, 0x62, 0x08, 0x62, 0x08, 0x62, 0x08, 0x62, 0x08, 
0x62, 0x08, 0x62, 0x08, 0x62, 0x08, 0x62, 0x08, 0x62, 0x08, 0x62, 0x08, 0x62, 0x08, 0x62, 0x08, 
0x62, 0x08, 0x62, 0x08, 0x62, 0x08, 0x62, 0x08, 0x62, 0x08, 0x62, 0x08, 0x62, 0x08, 0x62, 0x08, 
0x62, 0x08, 0x62, 0x08, 0x62, 0x08, 0x62, 0x08, 0x62, 0x08, 0x62, 0x08, 0x62, 0x08, 0x62, 0x08, 
0x62, 0x08, 0x62, 0x08, 0x62, 0x08, 0x62, 0x08, 0x62, 0x08, 0x62, 0x08, 0x62, 0x08, 0x62, 0x08, 
0x62, 0x08, 0x62, 0x08, 0x62, 0x08, 0x62, 0x08, 0x62, 0x08, 0x62, 0x08, 0x62, 0x08, 0x62, 0x08, 
0x62, 0x08, 0x62, 0x08, 0x62, 0x08, 0x62, 0x08, 0x62, 0x08, 0x62, 0x08, 0x62, 0x08, 0x62, 0x08, 
0x62, 0x08, 0x62, 0x08, 0x62, 0x08, 0x62, 0x08, 0x62, 0x08, 0x62, 0x08, 0x62, 0x08, 0x62, 0x08, 
0x62, 0x08, 0x62, 0x08, 0x62, 0x08, 0x62, 0x08, 0x62, 0x08, 0x62, 0x08, 0x62, 0x08, 0x62, 0x08, 
0x62, 0x08, 0x62, 0x08, 0x62, 0x08, 0x62, 0x08, 0x62, 0x08, 0x62, 0x08, 0x62, 0x08, 0x62, 0x08, 
0x62, 0x08, 0x62, 0x08, 0x62, 0x08, 0x62, 0x08, 0x62, 0x08, 0x62, 0x08, 0x62, 0x08, 0x62, 0x08, 
0x62, 0x08, 0x62, 0x08, 0x62, 0x08, 0x62, 0x08, 0x62, 0x08, 0x62, 0x08, 0x62, 0x08, 0x62, 0x08, 
0x62, 0x08, 0x62, 0x08, 0x62, 0x08, 0x62, 0x08, 0x62, 0x08, 0x62, 0x08, 0x62, 0x08, 0x62, 0x08, 
0x62, 0x08, 0x62, 0x08, 0x62, 0x08, 0x62, 0x08, 0x62, 0x08, 0x62, 0x08, 0x62, 0x08, 0x62, 0x08, 
0x62, 0x08, 0x62, 0x08, 0x62, 0x08, 0x62, 0x08, 0x62, 0x08, 0x62, 0x08, 0x62, 0x08, 0x62, 0x08, 
0x62, 0x08, 0x62, 0x08, 0x62, 0x08, 0x62, 0x08, 0x62, 0x08, 0x62, 0x08, 0x62, 0x08, 0x62, 0x08, 
0x62, 0x08, 0x62, 0x08, 0x62, 0x08, 0x62, 0x08, 0x62, 0x08, 0x62, 0x08, 0x62, 0x08, 0x62, 0x08, 
0x62, 0x08, 0x62, 0x08, 0x62, 0x08, 0x62, 0x08, 0x62, 0x08, 0x62, 0x08, 0x62, 0x08, 0x62, 0x08, 
0x62, 0x08, 0x62, 0x08, 0x62, 0x08, 0x62, 0x08, 0x62, 0x08, 0x62, 0x08, 0x62, 0x08, 0x62, 0x08, 
0x62, 0x08, 0x62, 0x08, 0x62, 0x08, 0x62, 0x08, 0x62, 0x08, 0x62, 0x08, 0x62, 0x08, 0x62, 0x08, 
0x62, 0x08, 0x62, 0x08, 0x62, 0x08, 0x62, 0x08, 0x62, 0x08, 0x62, 0x08, 0x62, 0x08, 0x62, 0x08, 
0x62, 0x08, 0x62, 0x08, 0x62, 0x08, 0x62, 0x08, 0x62, 0x08, 0x62, 0x08, 0x62, 0x08, 0x62, 0x08, 
0x62, 0x08, 0x62, 0x08, 0x62, 0x08, 0x62, 0x08, 0x62, 0x08, 0x62, 0x08, 0x62, 0x08, 0x62, 0x08, 
0x62, 0x08, 0x62, 0x08, 0x62, 0x08, 0x62, 0x08, 0x62, 0x08, 0x62, 0x08, 0x62, 0x08, 0x62, 0x08, 
0x62, 0x08, 0x62, 0x08, 0x62, 0x08, 0x62, 0x08, 0x62, 0x08, 0x62, 0x08, 0x62, 0x08, 0x62, 0x08, 
0x62, 0x08, 0x62, 0x08, 0x62, 0x08, 0x62, 0x08, 0x62, 0x08, 0x62, 0x08, 0x62, 0x08, 0x62, 0x08, 
0x62, 0x08, 0x62, 0x08, 0x62, 0x08, 0x62, 0x08, 0x62, 0x08, 0x62, 0x08, 0x62, 0x08, 0x62, 0x08, 
0x62, 0x08, 0x62, 0x08, 0x62, 0x08, 0x62, 0x08, 0x62, 0x08, 0x62, 0x08, 0x62, 0x08, 0x62, 0x08, 
0x62, 0x08, 0x62, 0x08, 0x62, 0x08, 0x62, 0x08, 0x62, 0x08, 0x62, 0x08, 0x62, 0x08, 0x62, 0x08, 
0x62, 0x08, 0x62, 0x08, 0x62, 0x08, 0x62, 0x08, 0x62, 0x08, 0x62, 0x08, 0x62, 0x08, 0x62, 0x08, 
0x62, 0x08, 0x62, 0x08, 0x62, 0x08, 0x62, 0x08, 0x62, 0x08, 0x62, 0x08, 0x62, 0x08, 0x62, 0x08, 
0x62, 0x08, 0x62, 0x08, 0x62, 0x08, 0x62, 0x08, 0x62, 0x08, 0x62, 0x08, 0x62, 0x08, 0x62, 0x08, 
0x62, 0x08, 0x62, 0x08, 0x62, 0x08, 0x62, 0x08, 0x62, 0x08, 0x62, 0x08, 0x62, 0x08, 0x62, 0x08, 
0x62, 0x08, 0x62, 0x08, 0x62, 0x08, 0x62, 0x08, 0x62, 0x08, 0x62, 0x08, 0x62, 0x08, 0x62, 0x08, 
0x62, 0x08, 0x62, 0x08, 0x62, 0x08, 0x62, 0x08, 0x62, 0x08, 0x62, 0x08, 0x62, 0x08, 0x62, 0x08, 
0x62, 0x08, 0x62, 0x08, 0x62, 0x08, 0x62, 0x08, 0x62, 0x08, 0x62, 0x08, 0x62, 0x08, 0x62, 0x08, 
0x62, 0x08, 0x62, 0x08, 0x62, 0x08, 0x62, 0x08, 0x62, 0x08, 0x62, 0x08, 0x62, 0x08, 0x62, 0x08, 
0x62, 0x08, 0x62, 0x08, 0x62, 0x08, 0x62, 0x08, 0x62, 0x08, 0x62, 0x08, 0x62, 0x08, 0x62, 0x08, 
0x62, 0x08, 0x62, 0x08, 0x62, 0x08, 0x62, 0x08, 0x62, 0x08, 0x62, 0x08, 0x62, 0x08, 0x62, 0x08, 
0x62, 0x08, 0x62, 0x08, 0x62, 0x08, 0x62, 0x08, 0x62, 0x08, 0x62, 0x08, 0x62, 0x08, 0x62, 0x08, 
0x62, 0x08, 0x62, 0x08, 0x62, 0x08, 0x62, 0x08, 0x62, 0x08, 0x62, 0x08, 0x62, 0x08, 0x62, 0x08, 
0x62, 0x08, 0x62, 0x08, 0x62, 0x08, 0x62, 0x08, 0x62, 0x08, 0x62, 0x08, 0x62, 0x08, 0x62, 0x08, 
0x62, 0x08, 0x62, 0x08, 0x62, 0x08, 0x62, 0x08, 0x62, 0x08, 0x62, 0x08, 0x62, 0x08, 0x62, 0x08, 
0x62, 0x08, 0x62, 0x08, 0x62, 0x08, 0x62, 0x08, 0x62, 0x08, 0x62, 0x08, 0x62, 0x08, 0x62, 0x08, 
0x62, 0x08, 0x62, 0x08, 0x62, 0x08, 0x62, 0x08, 0x62, 0x08, 0x62, 0x08, 0x62, 0x08, 0x62, 0x08, 
0x62, 0x08, 0x62, 0x08, 0x62, 0x08, 0x62, 0x08, 0x62, 0x08, 0x62, 0x08, 0x62, 0x08, 0x62, 0x08, 
0x62, 0x08, 0x62, 0x08, 0x62, 0x08, 0x62, 0x08, 0x62, 0x08, 0x62, 0x08, 0x62, 0x08, 0x62, 0x08, 
0x62, 0x08, 0x62, 0x08, 0x62, 0x08, 0x62, 0x08, 0x62, 0x08, 0x62, 0x08, 0x62, 0x08, 0x62, 0x08, 
0x62, 0x08, 0x62, 0x08, 0x62, 0x08, 0x62, 0x08, 0x62, 0x08, 0x62, 0x08, 0x62, 0x08, 0x62, 0x08, 
0x62, 0x08, 0x62, 0x08, 0x62, 0x08, 0x62, 0x08, 0x62, 0x08, 0x62, 0x08, 0x62, 0x08, 0x62, 0x08, 
0x62, 0x08, 0x62, 0x08, 0x62, 0x08, 0x62, 0x08, 0x62, 0x08, 0x62, 0x08, 0x62, 0x08, 0x62, 0x08, 
0x62, 0x08, 0x62, 0x08, 0x62, 0x08, 0x62, 0x08, 0x62, 0x08, 0x62, 0x08, 0x62, 0x08, 0x62, 0x08, 
0x62, 0x08, 0x62, 0x08, 0x62, 0x08, 0x62, 0x08, 0x62, 0x08, 0x62, 0x08, 0x62, 0x08, 0x62, 0x08, 
0x62, 0x08, 0x62, 0x08, 0x62, 0x08, 0x62, 0x08, 0x62, 0x08, 0x62, 0x08, 0x62, 0x08, 0x62, 0x08, 
0x62, 0x08, 0x62, 0x08, 0x62, 0x08, 0x62, 0x08, 0x62, 0x08, 0x62, 0x08, 0x62, 0x08, 0x62, 0x08, 
0x62, 0x08, 0x62, 0x08, 0x62, 0x08, 0x62, 0x08, 0x62, 0x08, 0x62, 0x08, 0x62, 0x08, 0x62, 0x08, 
0x62, 0x08, 0x62, 0x08, 0x62, 0x08, 0x62, 0x08, 0x62, 0x08, 0x62, 0x08, 0x62, 0x08, 0x62, 0x08, 
0x62, 0x08, 0x62, 0x08, 0x62, 0x08, 0x62, 0x08, 0x62, 0x08, 0x62, 0x08, 0x62, 0x08, 0x62, 0x08, 
0x62, 0x08, 0x62, 0x08, 0x62, 0x08, 0x62, 0x08, 0x62, 0x08, 0x62, 0x08, 0x62, 0x08, 0x62, 0x08, 
0x62, 0x08, 0x62, 0x08, 0x62, 0x08, 0x62, 0x08, 0x62, 0x08, 0x62, 0x08, 0x62, 0x08, 0x62, 0x08, 
0x62, 0x08, 0x62, 0x08, 0x62, 0x08, 0x62, 0x08, 0x62, 0x08, 0x62, 0x08, 0x62, 0x08, 0x62, 0x08, 
0x62, 0x08, 0x62, 0x08, 0x62, 0x08, 0x62, 0x08, 0x62, 0x08, 0x62, 0x08, 0x62, 0x08, 0x62, 0x08, 
0x62, 0x08, 0x62, 0x08, 0x62, 0x08, 0x62, 0x08, 0x62, 0x08, 0x62, 0x08, 0x62, 0x08, 0x62, 0x08, 
0x62, 0x08, 0x62, 0x08, 0x62, 0x08, 0x62, 0x08, 0x62, 0x08, 0x62, 0x08, 0x62, 0x08, 0x62, 0x08, 
0x62, 0x08, 0x62, 0x08, 0x62, 0x08, 0x62, 0x08, 0x62, 0x08, 0x62, 0x08, 0x62, 0x08, 0x62, 0x08, 
0x62, 0x08, 0x62, 0x08, 0x62, 0x08, 0x62, 0x08, 0x62, 0x08, 0x62, 0x08, 0x62, 0x08, 0x62, 0x08, 
0x62, 0x08, 0x62, 0x08, 0x62, 0x08, 0x62, 0x08, 0x62, 0x08, 0x62, 0x08, 0x62, 0x08, 0x62, 0x08, 
0x62, 0x08, 0x62, 0x08, 0x62, 0x08, 0x62, 0x08, 0x62, 0x08, 0x62, 0x08, 0x62, 0x08, 0x62, 0x08, 
0x62, 0x08, 0x62, 0x08, 0x62, 0x08, 0x62, 0x08, 0x62, 0x08, 0x62, 0x08, 0x62, 0x08, 0x62, 0x08, 
0x62, 0x08, 0x62, 0x08, 0x62, 0x08, 0x62, 0x08, 0x62, 0x08, 0x62, 0x08, 0x62, 0x08, 0x62, 0x08, 
0x62, 0x08, 0x62, 0x08, 0x62, 0x08, 0x62, 0x08, 0x62, 0x08, 0x62, 0x08, 0x62, 0x08, 0x62, 0x08, 
0x62, 0x08, 0x62, 0x08, 0x62, 0x08, 0x62, 0x08, 0x62, 0x08, 0x62, 0x08, 0x62, 0x08, 0x62, 0x08, 
0x62, 0x08, 0x62, 0x08, 0x62, 0x08, 0x62, 0x08, 0x62, 0x08, 0x62, 0x08, 0x62, 0x08, 0x62, 0x08, 
0x42, 0x08, 0x62, 0x08, 0x62, 0x08, 0x62, 0x08, 0x62, 0x08, 0x62, 0x08, 0x62, 0x08, 0x62, 0x08, 
0x62, 0x08, 0x62, 0x08, 0x62, 0x08, 0x62, 0x08, 0x62, 0x08, 0x62, 0x08, 0x62, 0x08, 0x62, 0x08, 
0x62, 0x08, 0x62, 0x08, 0x62, 0x08, 0x62, 0x08, 0x62, 0x08, 0x62, 0x08, 0x62, 0x08, 0x62, 0x08, 
0x62, 0x08, 0x62, 0x08, 0x62, 0x08, 0x62, 0x08, 0x62, 0x08, 0x62, 0x08, 0x62, 0x08, 0x62, 0x08, 
0x62, 0x08, 0x62, 0x08, 0x62, 0x08, 0x62, 0x08, 0x62, 0x08, 0x62, 0x08, 0x62, 0x08, 0x62, 0x08, 
0x62, 0x08, 0x62, 0x08, 0x62, 0x08, 0x62, 0x08, 0x62, 0x08, 0x62, 0x08, 0x62, 0x08, 0x62, 0x08, 
0x62, 0x08, 0x62, 0x08, 0x62, 0x08, 0x62, 0x08, 0x62, 0x08, 0x62, 0x08, 0x62, 0x08, 0x62, 0x08, 
0x62, 0x08, 0x62, 0x08, 0x62, 0x08, 0x62, 0x08, 0x62, 0x08, 0x62, 0x08, 0x62, 0x08, 0x62, 0x08, 
0x62, 0x08, 0x62, 0x08, 0x62, 0x08, 0x62, 0x08, 0x62, 0x08, 0x62, 0x08, 0x62, 0x08, 0x62, 0x08, 
0x62, 0x08, 0x62, 0x08, 0x62, 0x08, 0x62, 0x08, 0x62, 0x08, 0x62, 0x08, 0x62, 0x08, 0x62, 0x08, 
0x62, 0x08, 0x42, 0x08, 0x62, 0x08, 0x62, 0x08, 0x62, 0x08, 0x62, 0x08, 0x62, 0x08, 0x62, 0x08, 
0x62, 0x08, 0x62, 0x08, 0x62, 0x08, 0x62, 0x08, 0x62, 0x08, 0x62, 0x08, 0x42, 0x08, 0x62, 0x08, 
0x62, 0x08, 0x62, 0x08, 0x62, 0x08, 0x62, 0x08, 0x62, 0x08, 0x42, 0x08, 0x62, 0x08, 0x62, 0x08, 
0x62, 0x08, 0x62, 0x08, 0x62, 0x08, 0x62, 0x08, 0x62, 0x08, 0x62, 0x08, 0x62, 0x08, 0x62, 0x08, 
0x62, 0x08, 0x62, 0x08, 0x62, 0x08, 0x62, 0x08, 0x62, 0x08, 0x62, 0x08, 0x62, 0x08, 0x62, 0x08, 
0x62, 0x08, 0x62, 0x08, 0x62, 0x08, 0x62, 0x08, 0x62, 0x08, 0x62, 0x08, 0x62, 0x08, 0x62, 0x08, 
0x62, 0x08, 0x62, 0x08, 0x62, 0x08, 0x62, 0x08, 0x62, 0x08, 0x62, 0x08, 0x62, 0x08, 0x62, 0x08, 
0x62, 0x08, 0x62, 0x08, 0x62, 0x08, 0x62, 0x08, 0x62, 0x08, 0x62, 0x08, 0x62, 0x08, 0x62, 0x08, 
0x62, 0x08, 0x62, 0x08, 0x62, 0x08, 0x62, 0x08, 0x62, 0x08, 0x62, 0x08, 0x62, 0x08, 0x62, 0x08, 
0x62, 0x08, 0x62, 0x08, 0x62, 0x08, 0x62, 0x08, 0x62, 0x08, 0x62, 0x08, 0x62, 0x08, 0x62, 0x08, 
0x62, 0x08, 0x62, 0x08, 0x62, 0x08, 0x62, 0x08, 0x62, 0x08, 0x62, 0x08, 0x62, 0x08, 0x62, 0x08, 
0x62, 0x08, 0x62, 0x08, 0x62, 0x08, 0x62, 0x08, 0x62, 0x08, 0x62, 0x08, 0x42, 0x08, 0x62, 0x08, 
0x62, 0x08, 0x62, 0x08, 0x62, 0x08, 0x62, 0x08, 0x62, 0x08, 0x62, 0x08, 0x62, 0x08, 0x62, 0x08, 
0x62, 0x08, 0x62, 0x08, 0x62, 0x08, 0x62, 0x08, 0x62, 0x08, 0x62, 0x08, 0x62, 0x08, 0x62, 0x08, 
0x62, 0x08, 0x62, 0x08, 0x62, 0x08, 0x62, 0x08, 0x62, 0x08, 0x62, 0x08, 0x62, 0x08, 0x62, 0x08, 
0x62, 0x08, 0x62, 0x08, 0x62, 0x08, 0x62, 0x08, 0x62, 0x08, 0x62, 0x08, 0x62, 0x08, 0x62, 0x08, 
0x62, 0x08, 0x62, 0x08, 0x62, 0x08, 0x62, 0x08, 0x62, 0x08, 0x62, 0x08, 0x62, 0x08, 0x62, 0x08, 
0x62, 0x08, 0x62, 0x08, 0x62, 0x08, 0x62, 0x08, 0x62, 0x08, 0x62, 0x08, 0x62, 0x08, 0x62, 0x08, 
0x62, 0x08, 0x62, 0x08, 0x62, 0x08, 0x62, 0x08, 0x62, 0x08, 0x62, 0x08, 0x62, 0x08, 0x62, 0x08, 
0x62, 0x08, 0x62, 0x08, 0x62, 0x08, 0x62, 0x08, 0x62, 0x08, 0x62, 0x08, 0x62, 0x08, 0x62, 0x08, 
0x62, 0x08, 0x62, 0x08, 0x62, 0x08, 0x62, 0x08, 0x62, 0x08, 0x62, 0x08, 0x62, 0x08, 0x62, 0x08, 
0x62, 0x08, 0x62, 0x08, 0x62, 0x08, 0x62, 0x08, 0x62, 0x08, 0x62, 0x08, 0x62, 0x08, 0x62, 0x08, 
0x62, 0x08, 0x62, 0x08, 0x62, 0x08, 0x62, 0x08, 0x62, 0x08, 0x62, 0x08, 0x62, 0x08, 0x62, 0x08, 
0x62, 0x08, 0x42, 0x08, 0x62, 0x08, 0x62, 0x08, 0x62, 0x08, 0x62, 0x08, 0x62, 0x08, 0x62, 0x08, 
0x62, 0x08, 0x62, 0x08, 0x62, 0x08, 0x62, 0x08, 0x62, 0x08, 0x62, 0x08, 0x62, 0x08, 0x62, 0x08, 
0x62, 0x08, 0x62, 0x08, 0x62, 0x08, 0x62, 0x08, 0x62, 0x08, 0x62, 0x08, 0x62, 0x08, 0x62, 0x08, 
0x62, 0x08, 0x62, 0x08, 0x62, 0x08, 0x62, 0x08, 0x62, 0x08, 0x62, 0x08, 0x62, 0x08, 0x62, 0x08, 
0x62, 0x08, 0x62, 0x08, 0x62, 0x08, 0x62, 0x08, 0x62, 0x08, 0x62, 0x08, 0x62, 0x08, 0x62, 0x08, 
0x62, 0x08, 0x62, 0x08, 0x62, 0x08, 0x62, 0x08, 0x62, 0x08, 0x62, 0x08, 0x62, 0x08, 0x62, 0x08, 
0x62, 0x08, 0x62, 0x08, 0x62, 0x08, 0x62, 0x08, 0x62, 0x08, 0x62, 0x08, 0x62, 0x08, 0x62, 0x08, 
0x62, 0x08, 0x62, 0x08, 0x62, 0x08, 0x62, 0x08, 0x62, 0x08, 0x62, 0x08, 0x62, 0x08, 0x62, 0x08, 
0x62, 0x08, 0x62, 0x08, 0x62, 0x08, 0x62, 0x08, 0x62, 0x08, 0x62, 0x08, 0x62, 0x08, 0x62, 0x08, 
0x62, 0x08, 0x62, 0x08, 0x62, 0x08, 0x62, 0x08, 0x62, 0x08, 0x62, 0x08, 0x62, 0x08, 0x62, 0x08, 
0x62, 0x08, 0x62, 0x08, 0x62, 0x08, 0x62, 0x08, 0x62, 0x08, 0x62, 0x08, 0x62, 0x08, 0x62, 0x08, 
0x62, 0x08, 0x62, 0x08, 0x62, 0x08, 0x62, 0x08, 0x62, 0x08, 0x62, 0x08, 0x62, 0x08, 0x62, 0x08, 
0x62, 0x08, 0x62, 0x08, 0x62, 0x08, 0x62, 0x08, 0x62, 0x08, 0x62, 0x08, 0x62, 0x08, 0x62, 0x08, 
0x62, 0x08, 0x62, 0x08, 0x62, 0x08, 0x62, 0x08, 0x62, 0x08, 0x62, 0x08, 0x62, 0x08, 0x62, 0x08, 
0x62, 0x08, 0x62, 0x08, 0x62, 0x08, 0x62, 0x08, 0x62, 0x08, 0x62, 0x08, 0x62, 0x08, 0x62, 0x08, 
0x62, 0x08, 0x62, 0x08, 0x62, 0x08, 0x62, 0x08, 0x62, 0x08, 0x62, 0x08, 0x62, 0x08, 0x62, 0x08, 
0x62, 0x08, 0x62, 0x08, 0x62, 0x08, 0x62, 0x08, 0x62, 0x08, 0x62, 0x08, 0x62, 0x08, 0x62, 0x08, 
0x62, 0x08, 0x62, 0x08, 0x62, 0x08, 0x62, 0x08, 0x62, 0x08, 0x62, 0x08, 0x62, 0x08, 0x62, 0x08, 
0x62, 0x08, 0x62, 0x08, 0x62, 0x08, 0x62, 0x08, 0x62, 0x08, 0x62, 0x08, 0x62, 0x08, 0x62, 0x08, 
0x62, 0x08, 0x62, 0x08, 0x62, 0x08, 0x62, 0x08, 0x62, 0x08, 0x62, 0x08, 0x62, 0x08, 0x62, 0x08, 
0x62, 0x08, 0x62, 0x08, 0x62, 0x08, 0x62, 0x08, 0x62, 0x08, 0x62, 0x08, 0x62, 0x08, 0x62, 0x08, 
0x62, 0x08, 0x62, 0x08, 0x62, 0x08, 0x62, 0x08, 0x62, 0x08, 0x62, 0x08, 0x62, 0x08, 0x62, 0x08, 
0x62, 0x08, 0x62, 0x08, 0x62, 0x08, 0x62, 0x08, 0x62, 0x08, 0x62, 0x08, 0x62, 0x08, 0x62, 0x08, 
0x62, 0x08, 0x62, 0x08, 0x62, 0x08, 0x62, 0x08, 0x62, 0x08, 0x62, 0x08, 0x62, 0x08, 0x62, 0x08, 
0x62, 0x08, 0x62, 0x08, 0x62, 0x08, 0x62, 0x08, 0x62, 0x08, 0x62, 0x08, 0x62, 0x08, 0x62, 0x08, 
0x62, 0x08, 0x62, 0x08, 0x62, 0x08, 0x62, 0x08, 0x62, 0x08, 0x62, 0x08, 0x62, 0x08, 0x62, 0x08, 
0x62, 0x08, 0x62, 0x08, 0x62, 0x08, 0x62, 0x08, 0x62, 0x08, 0x62, 0x08, 0x62, 0x08, 0x62, 0x08, 
0x62, 0x08, 0x62, 0x08, 0x62, 0x08, 0x62, 0x08, 0x62, 0x08, 0x62, 0x08, 0x62, 0x08, 0x62, 0x08, 
0x62, 0x08, 0x62, 0x08, 0x62, 0x08, 0x62, 0x08, 0x62, 0x08, 0x62, 0x08, 0x62, 0x08, 0x62, 0x08, 
0x62, 0x08, 0x62, 0x08, 0x62, 0x08, 0x62, 0x08, 0x62, 0x08, 0x62, 0x08, 0x62, 0x08, 0x62, 0x08, 
0x62, 0x08, 0x62, 0x08, 0x62, 0x08, 0x62, 0x08, 0x62, 0x08, 0x62, 0x08, 0x62, 0x08, 0x62, 0x08, 
0x62, 0x08, 0x62, 0x08, 0x62, 0x08, 0x62, 0x08, 0x62, 0x08, 0x62, 0x08, 0x62, 0x08, 0x62, 0x08, 
0x62, 0x08, 0x62, 0x08, 0x62, 0x08, 0x62, 0x08, 0x62, 0x08, 0x62, 0x08, 0x62, 0x08, 0x62, 0x08, 
0x62, 0x08, 0x62, 0x08, 0x62, 0x08, 0x62, 0x08, 0x62, 0x08, 0x62, 0x08, 0x62, 0x08, 0x62, 0x08, 
0x62, 0x08, 0x62, 0x08, 0x62, 0x08, 0x62, 0x08, 0x62, 0x08, 0x62, 0x08, 0x62, 0x08, 0x62, 0x08, 
0x62, 0x08, 0x62, 0x08, 0x62, 0x08, 0x62, 0x08, 0x62, 0x08, 0x62, 0x08, 0x62, 0x08, 0x62, 0x08, 
0x62, 0x08, 0x62, 0x08, 0x62, 0x08, 0x62, 0x08, 0x62, 0x08, 0x62, 0x08, 0x62, 0x08, 0x62, 0x08, 
0x62, 0x08, 0x62, 0x08, 0x62, 0x08, 0x62, 0x08, 0x62, 0x08, 0x62, 0x08, 0x62, 0x08, 0x62, 0x08, 
0x62, 0x08, 0x62, 0x08, 0x62, 0x08, 0x62, 0x08, 0x62, 0x08, 0x62, 0x08, 0x62, 0x08, 0x62, 0x08, 
0x62, 0x08, 0x62, 0x08, 0x62, 0x08, 0x62, 0x08, 0x62, 0x08, 0x62, 0x08, 0x62, 0x08, 0x62, 0x08, 
0x62, 0x08, 0x62, 0x08, 0x62, 0x08, 0x62, 0x08, 0x62, 0x08, 0x62, 0x08, 0x62, 0x08, 0x62, 0x08, 
0x62, 0x08, 0x62, 0x08, 0x62, 0x08, 0x62, 0x08, 0x62, 0x08, 0x62, 0x08, 0x62, 0x08, 0x62, 0x08, 
0x62, 0x08, 0x62, 0x08, 0x62, 0x08, 0x62, 0x08, 0x62, 0x08, 0x62, 0x08, 0x62, 0x08, 0x62, 0x08, 
0x62, 0x08, 0x62, 0x08, 0x62, 0x08, 0x62, 0x08, 0x62, 0x08, 0x62, 0x08, 0x62, 0x08, 0x62, 0x08, 
0x62, 0x08, 0x62, 0x08, 0x62, 0x08, 0x62, 0x08, 0x62, 0x08, 0x62, 0x08, 0x62, 0x08, 0x62, 0x08, 
0x62, 0x08, 0x62, 0x08, 0x62, 0x08, 0x62, 0x08, 0x62, 0x08, 0x62, 0x08, 0x62, 0x08, 0x62, 0x08, 
0x62, 0x08, 0x62, 0x08, 0x62, 0x08, 0x62, 0x08, 0x62, 0x08, 0x62, 0x08, 0x62, 0x08, 0x62, 0x08, 
0x62, 0x08, 0x62, 0x08, 0x62, 0x08, 0x62, 0x08, 0x62, 0x08, 0x62, 0x08, 0x62, 0x08, 0x62, 0x08, 
0x62, 0x08, 0x62, 0x08, 0x62, 0x08, 0x62, 0x08, 0x62, 0x08, 0x62, 0x08, 0x62, 0x08, 0x62, 0x08, 
0x62, 0x08, 0x62, 0x08, 0x62, 0x08, 0x62, 0x08, 0x62, 0x08, 0x62, 0x08, 0x62, 0x08, 0x62, 0x08, 
0x62, 0x08, 0x62, 0x08, 0x62, 0x08, 0x62, 0x08, 0x62, 0x08, 0x62, 0x08, 0x62, 0x08, 0x62, 0x08, 
0x62, 0x08, 0x62, 0x08, 0x62, 0x08, 0x62, 0x08, 0x62, 0x08, 0x62, 0x08, 0x62, 0x08, 0x62, 0x08, 
0x62, 0x08, 0x62, 0x08, 0x62, 0x08, 0x62, 0x08, 0x62, 0x08, 0x62, 0x08, 0x62, 0x08, 0x62, 0x08, 
0x62, 0x08, 0x42, 0x08, 0x62, 0x08, 0x62, 0x08, 0x62, 0x08, 0x62, 0x08, 0x62, 0x08, 0x62, 0x08, 
0x62, 0x08, 0x62, 0x08, 0x62, 0x08, 0x62, 0x08, 0x62, 0x08, 0x62, 0x08, 0x62, 0x08, 0x62, 0x08, 
0x62, 0x08, 0x62, 0x08, 0x62, 0x08, 0x62, 0x08, 0x62, 0x08, 0x62, 0x08, 0x62, 0x08, 0x62, 0x08, 
0x62, 0x08, 0x62, 0x08, 0x62, 0x08, 0x62, 0x08, 0x62, 0x08, 0x62, 0x08, 0x62, 0x08, 0x62, 0x08, 
0x62, 0x08, 0x62, 0x08, 0x62, 0x08, 0x62, 0x08, 0x62, 0x08, 0x62, 0x08, 0x62, 0x08, 0x62, 0x08, 
0x62, 0x08, 0x62, 0x08, 0x62, 0x08, 0x62, 0x08, 0x62, 0x08, 0x62, 0x08, 0x62, 0x08, 0x62, 0x08, 
0x62, 0x08, 0x62, 0x08, 0x62, 0x08, 0x62, 0x08, 0x62, 0x08, 0x62, 0x08, 0x62, 0x08, 0x62, 0x08, 
0x62, 0x08, 0x62, 0x08, 0x62, 0x08, 0x62, 0x08, 0x62, 0x08, 0x62, 0x08, 0x62, 0x08, 0x62, 0x08, 
0x62, 0x08, 0x62, 0x08, 0x62, 0x08, 0x62, 0x08, 0x62, 0x08, 0x62, 0x08, 0x62, 0x08, 0x62, 0x08, 
0x62, 0x08, 0x62, 0x08, 0x62, 0x08, 0x62, 0x08, 0x42, 0x08, 0x62, 0x08, 0x62, 0x08, 0x62, 0x08, 
0x62, 0x08, 0x62, 0x08, 0x62, 0x08, 0x62, 0x08, 0x62, 0x08, 0x62, 0x08, 0x62, 0x08, 0x62, 0x08, 
0x62, 0x08, 0x62, 0x08, 0x62, 0x08, 0x62, 0x08, 0x62, 0x08, 0x62, 0x08, 0x62, 0x08, 0x62, 0x08, 
0x62, 0x08, 0x62, 0x08, 0x62, 0x08, 0x62, 0x08, 0x62, 0x08, 0x62, 0x08, 0x62, 0x08, 0x62, 0x08, 
0x62, 0x08, 0x62, 0x08, 0x62, 0x08, 0x62, 0x08, 0x62, 0x08, 0x62, 0x08, 0x62, 0x08, 0x62, 0x08, 
0x62, 0x08, 0x62, 0x08, 0x62, 0x08, 0x62, 0x08, 0x62, 0x08, 0x62, 0x08, 0x62, 0x08, 0x62, 0x08, 
0x62, 0x08, 0x62, 0x08, 0x62, 0x08, 0x62, 0x08, 0x62, 0x08, 0x62, 0x08, 0x62, 0x08, 0x62, 0x08, 
0x62, 0x08, 0x62, 0x08, 0x62, 0x08, 0x62, 0x08, 0x62, 0x08, 0x62, 0x08, 0x62, 0x08, 0x62, 0x08, 
0x62, 0x08, 0x62, 0x08, 0x62, 0x08, 0x62, 0x08, 0x62, 0x08, 0x62, 0x08, 0x62, 0x08, 0x62, 0x08, 
0x62, 0x08, 0x62, 0x08, 0x62, 0x08, 0x62, 0x08, 0x62, 0x08, 0x62, 0x08, 0x62, 0x08, 0x62, 0x08, 
0x62, 0x08, 0x62, 0x08, 0x62, 0x08, 0x62, 0x08, 0x62, 0x08, 0x62, 0x08, 0x62, 0x08, 0x62, 0x08, 
0x62, 0x08, 0x62, 0x08, 0x62, 0x08, 0x62, 0x08, 0x62, 0x08, 0x62, 0x08, 0x62, 0x08, 0x62, 0x08, 
0x62, 0x08, 0x62, 0x08, 0x62, 0x08, 0x62, 0x08, 0x62, 0x08, 0x62, 0x08, 0x62, 0x08, 0x62, 0x08, 
0x62, 0x08, 0x62, 0x08, 0x62, 0x08, 0x42, 0x08, 0x62, 0x08, 0x62, 0x08, 0x62, 0x08, 0x62, 0x08, 
0x62, 0x08, 0x62, 0x08, 0x62, 0x08, 0x62, 0x08, 0x62, 0x08, 0x62, 0x08, 0x62, 0x08, 0x62, 0x08, 
0x62, 0x08, 0x62, 0x08, 0x62, 0x08, 0x62, 0x08, 0x62, 0x08, 0x62, 0x08, 0x62, 0x08, 0x62, 0x08, 
0x62, 0x08, 0x62, 0x08, 0x62, 0x08, 0x62, 0x08, 0x62, 0x08, 0x62, 0x08, 0x62, 0x08, 0x62, 0x08, 
0x62, 0x08, 0x62, 0x08, 0x62, 0x08, 0x62, 0x08, 0x62, 0x08, 0x62, 0x08, 0x62, 0x08, 0x62, 0x08, 
0x62, 0x08, 0x62, 0x08, 0x62, 0x08, 0x62, 0x08, 0x62, 0x08, 0x62, 0x08, 0x62, 0x08, 0x62, 0x08, 
0x62, 0x08, 0x62, 0x08, 0x62, 0x08, 0x62, 0x08, 0x62, 0x08, 0x62, 0x08, 0x62, 0x08, 0x62, 0x08, 
0x62, 0x08, 0x62, 0x08, 0x62, 0x08, 0x62, 0x08, 0x62, 0x08, 0x62, 0x08, 0x62, 0x08, 0x62, 0x08, 
0x62, 0x08, 0x62, 0x08, 0x62, 0x08, 0x62, 0x08, 0x62, 0x08, 0x62, 0x08, 0x62, 0x08, 0x62, 0x08, 
0x62, 0x08, 0x62, 0x08, 0x62, 0x08, 0x62, 0x08, 0x62, 0x08, 0x62, 0x08, 0x62, 0x08, 0x62, 0x08, 
0x62, 0x08, 0x62, 0x08, 0x62, 0x08, 0x62, 0x08, 0x62, 0x08, 0x62, 0x08, 0x62, 0x08, 0x62, 0x08, 
0x62, 0x08, 0x62, 0x08, 0x62, 0x08, 0x62, 0x08, 0x62, 0x08, 0x62, 0x08, 0x62, 0x08, 0x62, 0x08, 
0x62, 0x08, 0x62, 0x08, 0x62, 0x08, 0x62, 0x08, 0x62, 0x08, 0x62, 0x08, 0x62, 0x08, 0x62, 0x08, 
0x62, 0x08, 0x62, 0x08, 0x62, 0x08, 0x62, 0x08, 0x62, 0x08, 0x62, 0x08, 0x62, 0x08, 0x62, 0x08, 
0x62, 0x08, 0x62, 0x08, 0x62, 0x08, 0x62, 0x08, 0x62, 0x08, 0x62, 0x08, 0x62, 0x08, 0x62, 0x08, 
0x62, 0x08, 0x62, 0x08, 0x62, 0x08, 0x62, 0x08, 0x62, 0x08, 0x62, 0x08, 0x62, 0x08, 0x62, 0x08, 
0x62, 0x08, 0x62, 0x08, 0x62, 0x08, 0x62, 0x08, 0x62, 0x08, 0x62, 0x08, 0x62, 0x08, 0x62, 0x08, 
0x62, 0x08, 0x62, 0x08, 0x62, 0x08, 0x62, 0x08, 0x62, 0x08, 0x62, 0x08, 0x62, 0x08, 0x62, 0x08, 
0x62, 0x08, 0x62, 0x08, 0x62, 0x08, 0x62, 0x08, 0x62, 0x08, 0x62, 0x08, 0x62, 0x08, 0x62, 0x08, 
0x62, 0x08, 0x62, 0x08, 0x62, 0x08, 0x62, 0x08, 0x62, 0x08, 0x62, 0x08, 0x62, 0x08, 0x62, 0x08, 
0x62, 0x08, 0x62, 0x08, 0x62, 0x08, 0x62, 0x08, 0x62, 0x08, 0x62, 0x08, 0x62, 0x08, 0x62, 0x08, 
0x62, 0x08, 0x62, 0x08, 0x62, 0x08, 0x62, 0x08, 0x62, 0x08, 0x62, 0x08, 0x62, 0x08, 0x42, 0x08, 
0x62, 0x08, 0x62, 0x08, 0x62, 0x08, 0x62, 0x08, 0x62, 0x08, 0x62, 0x08, 0x62, 0x08, 0x62, 0x08, 
0x62, 0x08, 0x62, 0x08, 0x62, 0x08, 0x62, 0x08, 0x62, 0x08, 0x62, 0x08, 0x62, 0x08, 0x62, 0x08, 
0x62, 0x08, 0x62, 0x08, 0x62, 0x08, 0x62, 0x08, 0x62, 0x08, 0x62, 0x08, 0x62, 0x08, 0x62, 0x08, 
0x62, 0x08, 0x62, 0x08, 0x62, 0x08, 0x62, 0x08, 0x62, 0x08, 0x62, 0x08, 0x62, 0x08, 0x62, 0x08, 
0x62, 0x08, 0x62, 0x08, 0x62, 0x08, 0x62, 0x08, 0x62, 0x08, 0x62, 0x08, 0x62, 0x08, 0x62, 0x08, 
0x62, 0x08, 0x62, 0x08, 0x62, 0x08, 0x62, 0x08, 0x62, 0x08, 0x62, 0x08, 0x62, 0x08, 0x62, 0x08, 
0x62, 0x08, 0x62, 0x08, 0x62, 0x08, 0x62, 0x08, 0x62, 0x08, 0x62, 0x08, 0x62, 0x08, 0x62, 0x08, 
0x62, 0x08, 0x62, 0x08, 0x62, 0x08, 0x62, 0x08, 0x62, 0x08, 0x62, 0x08, 0x62, 0x08, 0x62, 0x08, 
0x62, 0x08, 0x62, 0x08, 0x62, 0x08, 0x62, 0x08, 0x62, 0x08, 0x62, 0x08, 0x62, 0x08, 0x62, 0x08, 
0x62, 0x08, 0x62, 0x08, 0x62, 0x08, 0x62, 0x08, 0x62, 0x08, 0x62, 0x08, 0x62, 0x08, 0x62, 0x08, 
0x62, 0x08, 0x62, 0x08, 0x62, 0x08, 0x62, 0x08, 0x62, 0x08, 0x62, 0x08, 0x62, 0x08, 0x62, 0x08, 
0x62, 0x08, 0x62, 0x08, 0x62, 0x08, 0x62, 0x08, 0x62, 0x08, 0x62, 0x08, 0x62, 0x08, 0x62, 0x08, 
0x62, 0x08, 0x62, 0x08, 0x62, 0x08, 0x62, 0x08, 0x62, 0x08, 0x62, 0x08, 0x62, 0x08, 0x62, 0x08, 
0x62, 0x08, 0x62, 0x08, 0x62, 0x08, 0x62, 0x08, 0x62, 0x08, 0x62, 0x08, 0x62, 0x08, 0x62, 0x08, 
0x62, 0x08, 0x62, 0x08, 0x62, 0x08, 0x62, 0x08, 0x62, 0x08, 0x62, 0x08, 0x62, 0x08, 0x62, 0x08, 
0x62, 0x08, 0x62, 0x08, 0x62, 0x08, 0x62, 0x08, 0x62, 0x08, 0x62, 0x08, 0x62, 0x08, 0x62, 0x08, 
0x62, 0x08, 0x62, 0x08, 0x62, 0x08, 0x62, 0x08, 0x62, 0x08, 0x62, 0x08, 0x62, 0x08, 0x62, 0x08, 
0x62, 0x08, 0x62, 0x08, 0x62, 0x08, 0x62, 0x08, 0x62, 0x08, 0x62, 0x08, 0x62, 0x08, 0x62, 0x08, 
0x62, 0x08, 0x62, 0x08, 0x62, 0x08, 0x62, 0x08, 0x62, 0x08, 0x62, 0x08, 0x62, 0x08, 0x62, 0x08, 
0x62, 0x08, 0x62, 0x08, 0x62, 0x08, 0x62, 0x08, 0x62, 0x08, 0x62, 0x08, 0x62, 0x08, 0x62, 0x08, 
0x62, 0x08, 0x62, 0x08, 0x62, 0x08, 0x62, 0x08, 0x62, 0x08, 0x62, 0x08, 0x62, 0x08, 0x62, 0x08, 
0x62, 0x08, 0x62, 0x08, 0x62, 0x08, 0x62, 0x08, 0x62, 0x08, 0x62, 0x08, 0x62, 0x08, 0x62, 0x08, 
0x42, 0x08, 0x42, 0x08, 0x62, 0x08, 0x62, 0x08, 0x62, 0x08, 0x62, 0x08, 0x62, 0x08, 0x42, 0x08, 
0x42, 0x08, 0x42, 0x08, 0x62, 0x08, 0x62, 0x08, 0x62, 0x08, 0x62, 0x08, 0x62, 0x08, 0x62, 0x08, 
0x62, 0x08, 0x62, 0x08, 0x62, 0x08, 0x62, 0x08, 0x62, 0x08, 0x62, 0x08, 0x62, 0x08, 0x62, 0x08, 
0x62, 0x08, 0x62, 0x08, 0x62, 0x08, 0x62, 0x08, 0x62, 0x08, 0x62, 0x08, 0x62, 0x08, 0x62, 0x08, 
0x62, 0x08, 0x62, 0x08, 0x62, 0x08, 0x62, 0x08, 0x62, 0x08, 0x62, 0x08, 0x62, 0x08, 0x62, 0x08, 
0x62, 0x08, 0x62, 0x08, 0x62, 0x08, 0x62, 0x08, 0x62, 0x08, 0x62, 0x08, 0x62, 0x08, 0x62, 0x08, 
0x62, 0x08, 0x62, 0x08, 0x62, 0x08, 0x62, 0x08, 0x62, 0x08, 0x62, 0x08, 0x62, 0x08, 0x62, 0x08, 
0x62, 0x08, 0x62, 0x08, 0x62, 0x08, 0x62, 0x08, 0x62, 0x08, 0x62, 0x08, 0x62, 0x08, 0x62, 0x08, 
0x62, 0x08, 0x62, 0x08, 0x62, 0x08, 0x62, 0x08, 0x62, 0x08, 0x62, 0x08, 0x62, 0x08, 0x62, 0x08, 
0x62, 0x08, 0x62, 0x08, 0x62, 0x08, 0x62, 0x08, 0x62, 0x08, 0x62, 0x08, 0x62, 0x08, 0x62, 0x08, 
0x62, 0x08, 0x62, 0x08, 0x62, 0x08, 0x62, 0x08, 0x42, 0x08, 0x42, 0x08, 0x62, 0x08, 0x42, 0x08, 
0x62, 0x08, 0x62, 0x08, 0x62, 0x08, 0x62, 0x08, 0x62, 0x08, 0x62, 0x08, 0x62, 0x08, 0x62, 0x08, 
0x62, 0x08, 0x62, 0x08, 0x62, 0x08, 0x62, 0x08, 0x62, 0x08, 0x62, 0x08, 0x62, 0x08, 0x62, 0x08, 
0x62, 0x08, 0x42, 0x08, 0x62, 0x08, 0x62, 0x08, 0x62, 0x08, 0x62, 0x08, 0x62, 0x08, 0x62, 0x08, 
0x42, 0x08, 0x62, 0x08, 0x62, 0x08, 0x62, 0x08, 0x62, 0x08, 0x62, 0x08, 0x42, 0x08, 0x62, 0x08, 
0x62, 0x08, 0x62, 0x08, 0x62, 0x08, 0x62, 0x08, 0x62, 0x08, 0x62, 0x08, 0x62, 0x08, 0x62, 0x08, 
0x62, 0x08, 0x62, 0x08, 0x62, 0x08, 0x62, 0x08, 0x62, 0x08, 0x62, 0x08, 0x62, 0x08, 0x62, 0x08, 
0x62, 0x08, 0x62, 0x08, 0x62, 0x08, 0x62, 0x08, 0x62, 0x08, 0x62, 0x08, 0x62, 0x08, 0x62, 0x08, 
0x62, 0x08, 0x62, 0x08, 0x62, 0x08, 0x62, 0x08, 0x62, 0x08, 0x62, 0x08, 0x62, 0x08, 0x62, 0x08, 
0x62, 0x08, 0x62, 0x08, 0x62, 0x08, 0x62, 0x08, 0x62, 0x08, 0x62, 0x08, 0x62, 0x08, 0x62, 0x08, 
0x62, 0x08, 0x62, 0x08, 0x62, 0x08, 0x62, 0x08, 0x62, 0x08, 0x62, 0x08, 0x62, 0x08, 0x62, 0x08, 
0x62, 0x08, 0x62, 0x08, 0x62, 0x08, 0x62, 0x08, 0x62, 0x08, 0x62, 0x08, 0x62, 0x08, 0x62, 0x08, 
0x62, 0x08, 0x62, 0x08, 0x62, 0x08, 0x62, 0x08, 0x62, 0x08, 0x62, 0x08, 0x62, 0x08, 0x62, 0x08, 
0x62, 0x08, 0x62, 0x08, 0x62, 0x08, 0x62, 0x08, 0x62, 0x08, 0x62, 0x08, 0x62, 0x08, 0x62, 0x08, 
0x62, 0x08, 0x62, 0x08, 0x62, 0x08, 0x62, 0x08, 0x62, 0x08, 0x62, 0x08, 0x62, 0x08, 0x62, 0x08, 
0x62, 0x08, 0x62, 0x08, 0x62, 0x08, 0x62, 0x08, 0x62, 0x08, 0x62, 0x08, 0x62, 0x08, 0x62, 0x08, 
0x62, 0x08, 0x42, 0x08, 0x62, 0x08, 0x62, 0x08, 0x62, 0x08, 0x62, 0x08, 0x62, 0x08, 0x42, 0x08, 
0x62, 0x08, 0x62, 0x08, 0x42, 0x08, 0x62, 0x08, 0x62, 0x08, 0x62, 0x08, 0x62, 0x08, 0x62, 0x08, 
0x62, 0x08, 0x62, 0x08, 0x62, 0x08, 0x62, 0x08, 0x62, 0x08, 0x62, 0x08, 0x62, 0x08, 0x62, 0x08, 
0x62, 0x08, 0x62, 0x08, 0x62, 0x08, 0x62, 0x08, 0x62, 0x08, 0x62, 0x08, 0x62, 0x08, 0x62, 0x08, 
0x62, 0x08, 0x62, 0x08, 0x62, 0x08, 0x62, 0x08, 0x62, 0x08, 0x62, 0x08, 0x62, 0x08, 0x62, 0x08, 
0x62, 0x08, 0x62, 0x08, 0x62, 0x08, 0x62, 0x08, 0x62, 0x08, 0x62, 0x08, 0x62, 0x08, 0x62, 0x08, 
0x62, 0x08, 0x62, 0x08, 0x62, 0x08, 0x62, 0x08, 0x62, 0x08, 0x62, 0x08, 0x62, 0x08, 0x62, 0x08, 
0x62, 0x08, 0x62, 0x08, 0x62, 0x08, 0x62, 0x08, 0x62, 0x08, 0x62, 0x08, 0x62, 0x08, 0x62, 0x08, 
0x62, 0x08, 0x62, 0x08, 0x62, 0x08, 0x62, 0x08, 0x62, 0x08, 0x62, 0x08, 0x62, 0x08, 0x62, 0x08, 
0x62, 0x08, 0x62, 0x08, 0x62, 0x08, 0x62, 0x08, 0x62, 0x08, 0x62, 0x08, 0x62, 0x08, 0x62, 0x08, 
0x62, 0x08, 0x62, 0x08, 0x62, 0x08, 0x62, 0x08, 0x62, 0x08, 0x62, 0x08, 0x62, 0x08, 0x62, 0x08, 
0x62, 0x08, 0x62, 0x08, 0x62, 0x08, 0x62, 0x08, 0x62, 0x08, 0x62, 0x08, 0x62, 0x08, 0x62, 0x08, 
0x62, 0x08, 0x62, 0x08, 0x62, 0x08, 0x62, 0x08, 0x62, 0x08, 0x62, 0x08, 0x62, 0x08, 0x62, 0x08, 
0x62, 0x08, 0x62, 0x08, 0x62, 0x08, 0x62, 0x08, 0x62, 0x08, 0x62, 0x08, 0x62, 0x08, 0x62, 0x08, 
0x62, 0x08, 0x62, 0x08, 0x62, 0x08, 0x62, 0x08, 0x62, 0x08, 0x62, 0x08, 0x62, 0x08, 0x62, 0x08, 
0x62, 0x08, 0x62, 0x08, 0x62, 0x08, 0x62, 0x08, 0x62, 0x08, 0x62, 0x08, 0x62, 0x08, 0x62, 0x08, 
0x62, 0x08, 0x62, 0x08, 0x62, 0x08, 0x62, 0x08, 0x62, 0x08, 0x62, 0x08, 0x62, 0x08, 0x62, 0x08, 
0x62, 0x08, 0x62, 0x08, 0x62, 0x08, 0x62, 0x08, 0x62, 0x08, 0x62, 0x08, 0x62, 0x08, 0x62, 0x08, 
0x62, 0x08, 0x62, 0x08, 0x62, 0x08, 0x62, 0x08, 0x62, 0x08, 0x62, 0x08, 0x62, 0x08, 0x62, 0x08, 
0x62, 0x08, 0x62, 0x08, 0x62, 0x08, 0x62, 0x08, 0x62, 0x08, 0x62, 0x08, 0x62, 0x08, 0x62, 0x08, 
0x62, 0x08, 0x62, 0x08, 0x62, 0x08, 0x62, 0x08, 0x62, 0x08, 0x62, 0x08, 0x62, 0x08, 0x62, 0x08, 
0x62, 0x08, 0x62, 0x08, 0x62, 0x08, 0x62, 0x08, 0x62, 0x08, 0x62, 0x08, 0x62, 0x08, 0x62, 0x08, 
0x62, 0x08, 0x62, 0x08, 0x62, 0x08, 0x62, 0x08, 0x62, 0x08, 0x62, 0x08, 0x62, 0x08, 0x62, 0x08, 
0x62, 0x08, 0x62, 0x08, 0x62, 0x08, 0x62, 0x08, 0x62, 0x08, 0x62, 0x08, 0x62, 0x08, 0x62, 0x08, 
0x62, 0x08, 0x62, 0x08, 0x62, 0x08, 0x62, 0x08, 0x62, 0x08, 0x62, 0x08, 0x62, 0x08, 0x62, 0x08, 
0x62, 0x08, 0x62, 0x08, 0x62, 0x08, 0x62, 0x08, 0x62, 0x08, 0x62, 0x08, 0x62, 0x08, 0x62, 0x08, 
0x62, 0x08, 0x62, 0x08, 0x62, 0x08, 0x62, 0x08, 0x62, 0x08, 0x62, 0x08, 0x62, 0x08, 0x62, 0x08, 
0x62, 0x08, 0x62, 0x08, 0x62, 0x08, 0x62, 0x08, 0x62, 0x08, 0x62, 0x08, 0x62, 0x08, 0x62, 0x08, 
0x62, 0x08, 0x62, 0x08, 0x62, 0x08, 0x62, 0x08, 0x62, 0x08, 0x62, 0x08, 0x62, 0x08, 0x62, 0x08, 
0x62, 0x08, 0x62, 0x08, 0x62, 0x08, 0x62, 0x08, 0x62, 0x08, 0x62, 0x08, 0x62, 0x08, 0x62, 0x08, 
0x62, 0x08, 0x62, 0x08, 0x62, 0x08, 0x62, 0x08, 0x62, 0x08, 0x62, 0x08, 0x62, 0x08, 0x62, 0x08, 
0x62, 0x08, 0x62, 0x08, 0x62, 0x08, 0x62, 0x08, 0x62, 0x08, 0x62, 0x08, 0x62, 0x08, 0x62, 0x08, 
0x62, 0x08, 0x62, 0x08, 0x62, 0x08, 0x62, 0x08, 0x62, 0x08, 0x62, 0x08, 0x62, 0x08, 0x62, 0x08, 
0x62, 0x08, 0x62, 0x08, 0x62, 0x08, 0x62, 0x08, 0x62, 0x08, 0x62, 0x08, 0x62, 0x08, 0x62, 0x08, 
0x62, 0x08, 0x62, 0x08, 0x62, 0x08, 0x62, 0x08, 0x62, 0x08, 0x62, 0x08, 0x62, 0x08, 0x62, 0x08, 
0x62, 0x08, 0x62, 0x08, 0x62, 0x08, 0x62, 0x08, 0x62, 0x08, 0x62, 0x08, 0x62, 0x08, 0x62, 0x08, 
0x62, 0x08, 0x62, 0x08, 0x62, 0x08, 0x62, 0x08, 0x62, 0x08, 0x62, 0x08, 0x62, 0x08, 0x62, 0x08, 
0x62, 0x08, 0x62, 0x08, 0x62, 0x08, 0x62, 0x08, 0x62, 0x08, 0x62, 0x08, 0x62, 0x08, 0x62, 0x08, 
0x62, 0x08, 0x62, 0x08, 0x62, 0x08, 0x62, 0x08, 0x62, 0x08, 0x62, 0x08, 0x62, 0x08, 0x62, 0x08, 
0x62, 0x08, 0x62, 0x08, 0x62, 0x08, 0x62, 0x08, 0x62, 0x08, 0x62, 0x08, 0x62, 0x08, 0x62, 0x08, 
0x62, 0x08, 0x62, 0x08, 0x62, 0x08, 0x62, 0x08, 0x62, 0x08, 0x62, 0x08, 0x62, 0x08, 0x62, 0x08, 
0x62, 0x08, 0x62, 0x08, 0x62, 0x08, 0x62, 0x08, 0x62, 0x08, 0x62, 0x08, 0x62, 0x08, 0x62, 0x08, 
0x62, 0x08, 0x62, 0x08, 0x62, 0x08, 0x62, 0x08, 0x62, 0x08, 0x62, 0x08, 0x62, 0x08, 0x62, 0x08, 
0x62, 0x08, 0x62, 0x08, 0x62, 0x08, 0x62, 0x08, 0x62, 0x08, 0x62, 0x08, 0x62, 0x08, 0x62, 0x08, 
0x62, 0x08, 0x62, 0x08, 0x62, 0x08, 0x62, 0x08, 0x62, 0x08, 0x62, 0x08, 0x62, 0x08, 0x62, 0x08, 
0x62, 0x08, 0x62, 0x08, 0x62, 0x08, 0x62, 0x08, 0x62, 0x08, 0x62, 0x08, 0x62, 0x08, 0x62, 0x08, 
0x62, 0x08, 0x62, 0x08, 0x62, 0x08, 0x62, 0x08, 0x62, 0x08, 0x62, 0x08, 0x62, 0x08, 0x62, 0x08, 
0x62, 0x08, 0x62, 0x08, 0x62, 0x08, 0x62, 0x08, 0x62, 0x08, 0x62, 0x08, 0x62, 0x08, 0x62, 0x08, 
0x62, 0x08, 0x62, 0x08, 0x62, 0x08, 0x62, 0x08, 0x62, 0x08, 0x62, 0x08, 0x62, 0x08, 0x62, 0x08, 
0x62, 0x08, 0x62, 0x08, 0x62, 0x08, 0x62, 0x08, 0x62, 0x08, 0x62, 0x08, 0x62, 0x08, 0x62, 0x08, 
0x62, 0x08, 0x62, 0x08, 0x62, 0x08, 0x62, 0x08, 0x62, 0x08, 0x62, 0x08, 0x62, 0x08, 0x62, 0x08, 
0x62, 0x08, 0x62, 0x08, 0x62, 0x08, 0x62, 0x08, 0x62, 0x08, 0x62, 0x08, 0x62, 0x08, 0x62, 0x08, 
0x62, 0x08, 0x62, 0x08, 0x62, 0x08, 0x62, 0x08, 0x62, 0x08, 0x62, 0x08, 0x62, 0x08, 0x62, 0x08, 
0x62, 0x08, 0x62, 0x08, 0x62, 0x08, 0x62, 0x08, 0x62, 0x08, 0x62, 0x08, 0x62, 0x08, 0x62, 0x08, 
0x62, 0x08, 0x62, 0x08, 0x62, 0x08, 0x62, 0x08, 0x62, 0x08, 0x62, 0x08, 0x62, 0x08, 0x62, 0x08, 
0x62, 0x08, 0x62, 0x08, 0x62, 0x08, 0x62, 0x08, 0x62, 0x08, 0x62, 0x08, 0x62, 0x08, 0x62, 0x08, 
0x62, 0x08, 0x62, 0x08, 0x62, 0x08, 0x62, 0x08, 0x62, 0x08, 0x62, 0x08, 0x62, 0x08, 0x62, 0x08, 
0x62, 0x08, 0x62, 0x08, 0x62, 0x08, 0x62, 0x08, 0x62, 0x08, 0x62, 0x08, 0x62, 0x08, 0x62, 0x08, 
0x62, 0x08, 0x62, 0x08, 0x62, 0x08, 0x62, 0x08, 0x62, 0x08, 0x62, 0x08, 0x62, 0x08, 0x62, 0x08, 
0x62, 0x08, 0x62, 0x08, 0x62, 0x08, 0x62, 0x08, 0x62, 0x08, 0x62, 0x08, 0x62, 0x08, 0x62, 0x08, 
0x62, 0x08, 0x62, 0x08, 0x62, 0x08, 0x62, 0x08, 0x62, 0x08, 0x62, 0x08, 0x62, 0x08, 0x62, 0x08, 
0x62, 0x08, 0x62, 0x08, 0x62, 0x08, 0x62, 0x08, 0x62, 0x08, 0x62, 0x08, 0x62, 0x08, 0x62, 0x08, 
0x62, 0x08, 0x62, 0x08, 0x62, 0x08, 0x62, 0x08, 0x62, 0x08, 0x62, 0x08, 0x62, 0x08, 0x62, 0x08, 
0x62, 0x08, 0x62, 0x08, 0x62, 0x08, 0x62, 0x08, 0x62, 0x08, 0x62, 0x08, 0x42, 0x08, 0x42, 0x08, 
0x62, 0x08, 0x62, 0x08, 0x62, 0x08, 0x62, 0x08, 0x62, 0x08, 0x62, 0x08, 0x62, 0x08, 0x62, 0x08, 
0x62, 0x08, 0x62, 0x08, 0x62, 0x08, 0x62, 0x08, 0x62, 0x08, 0x62, 0x08, 0x62, 0x08, 0x62, 0x08, 
0x62, 0x08, 0x62, 0x08, 0x62, 0x08, 0x62, 0x08, 0x62, 0x08, 0x62, 0x08, 0x62, 0x08, 0x62, 0x08, 
0x62, 0x08, 0x62, 0x08, 0x62, 0x08, 0x62, 0x08, 0x62, 0x08, 0x62, 0x08, 0x62, 0x08, 0x62, 0x08, 
0x62, 0x08, 0x42, 0x08, 0x62, 0x08, 0x62, 0x08, 0x62, 0x08, 0x62, 0x08, 0x62, 0x08, 0x62, 0x08, 
0x62, 0x08, 0x62, 0x08, 0x62, 0x08, 0x62, 0x08, 0x62, 0x08, 0x62, 0x08, 0x62, 0x08, 0x62, 0x08, 
0x62, 0x08, 0x62, 0x08, 0x62, 0x08, 0x62, 0x08, 0x62, 0x08, 0x62, 0x08, 0x62, 0x08, 0x62, 0x08, 
0x62, 0x08, 0x62, 0x08, 0x62, 0x08, 0x62, 0x08, 0x62, 0x08, 0x62, 0x08, 0x62, 0x08, 0x62, 0x08, 
0x62, 0x08, 0x62, 0x08, 0x62, 0x08, 0x62, 0x08, 0x62, 0x08, 0x62, 0x08, 0x62, 0x08, 0x62, 0x08, 
0x62, 0x08, 0x62, 0x08, 0x62, 0x08, 0x62, 0x08, 0x62, 0x08, 0x62, 0x08, 0x62, 0x08, 0x62, 0x08, 
0x62, 0x08, 0x62, 0x08, 0x62, 0x08, 0x62, 0x08, 0x62, 0x08, 0x62, 0x08, 0x62, 0x08, 0x62, 0x08, 
0x62, 0x08, 0x62, 0x08, 0x62, 0x08, 0x62, 0x08, 0x62, 0x08, 0x62, 0x08, 0x62, 0x08, 0x62, 0x08, 
0x62, 0x08, 0x62, 0x08, 0x62, 0x08, 0x62, 0x08, 0x62, 0x08, 0x62, 0x08, 0x62, 0x08, 0x62, 0x08, 
0x62, 0x08, 0x62, 0x08, 0x62, 0x08, 0x62, 0x08, 0x62, 0x08, 0x62, 0x08, 0x62, 0x08, 0x62, 0x08, 
0x62, 0x08, 0x62, 0x08, 0x62, 0x08, 0x62, 0x08, 0x62, 0x08, 0x62, 0x08, 0x62, 0x08, 0x62, 0x08, 
0x62, 0x08, 0x62, 0x08, 0x62, 0x08, 0x62, 0x08, 0x62, 0x08, 0x62, 0x08, 0x62, 0x08, 0x62, 0x08, 
0x62, 0x08, 0x62, 0x08, 0x62, 0x08, 0x62, 0x08, 0x62, 0x08, 0x62, 0x08, 0x62, 0x08, 0x62, 0x08, 
0x62, 0x08, 0x62, 0x08, 0x62, 0x08, 0x62, 0x08, 0x62, 0x08, 0x62, 0x08, 0x62, 0x08, 0x62, 0x08, 
0x62, 0x08, 0x62, 0x08, 0x62, 0x08, 0x62, 0x08, 0x62, 0x08, 0x62, 0x08, 0x62, 0x08, 0x62, 0x08, 
0x62, 0x08, 0x62, 0x08, 0x62, 0x08, 0x62, 0x08, 0x62, 0x08, 0x62, 0x08, 0x62, 0x08, 0x62, 0x08, 
0x62, 0x08, 0x62, 0x08, 0x62, 0x08, 0x62, 0x08, 0x62, 0x08, 0x62, 0x08, 0x62, 0x08, 0x62, 0x08, 
0x62, 0x08, 0x62, 0x08, 0x62, 0x08, 0x62, 0x08, 0x62, 0x08, 0x62, 0x08, 0x62, 0x08, 0x62, 0x08, 
0x62, 0x08, 0x62, 0x08, 0x62, 0x08, 0x62, 0x08, 0x62, 0x08, 0x62, 0x08, 0x62, 0x08, 0x62, 0x08, 
0x62, 0x08, 0x62, 0x08, 0x62, 0x08, 0x62, 0x08, 0x62, 0x08, 0x62, 0x08, 0x62, 0x08, 0x62, 0x08, 
0x62, 0x08, 0x62, 0x08, 0x62, 0x08, 0x62, 0x08, 0x62, 0x08, 0x62, 0x08, 0x62, 0x08, 0x62, 0x08, 
0x62, 0x08, 0x62, 0x08, 0x62, 0x08, 0x62, 0x08, 0x62, 0x08, 0x62, 0x08, 0x62, 0x08, 0x62, 0x08, 
0x62, 0x08, 0x62, 0x08, 0x62, 0x08, 0x62, 0x08, 0x62, 0x08, 0x62, 0x08, 0x62, 0x08, 0x62, 0x08, 
0x62, 0x08, 0x62, 0x08, 0x62, 0x08, 0x62, 0x08, 0x62, 0x08, 0x62, 0x08, 0x62, 0x08, 0x62, 0x08, 
0x62, 0x08, 0x62, 0x08, 0x62, 0x08, 0x62, 0x08, 0x62, 0x08, 0x62, 0x08, 0x62, 0x08, 0x62, 0x08, 
0x62, 0x08, 0x62, 0x08, 0x62, 0x08, 0x62, 0x08, 0x62, 0x08, 0x62, 0x08, 0x62, 0x08, 0x62, 0x08, 
0x62, 0x08, 0x62, 0x08, 0x62, 0x08, 0x62, 0x08, 0x62, 0x08, 0x62, 0x08, 0x62, 0x08, 0x62, 0x08, 
0x62, 0x08, 0x62, 0x08, 0x62, 0x08, 0x62, 0x08, 0x62, 0x08, 0x62, 0x08, 0x62, 0x08, 0x62, 0x08, 
0x62, 0x08, 0x62, 0x08, 0x62, 0x08, 0x62, 0x08, 0x62, 0x08, 0x62, 0x08, 0x62, 0x08, 0x62, 0x08, 
0x62, 0x08, 0x62, 0x08, 0x62, 0x08, 0x62, 0x08, 0x62, 0x08, 0x62, 0x08, 0x62, 0x08, 0x62, 0x08, 
0x62, 0x08, 0x62, 0x08, 0x62, 0x08, 0x62, 0x08, 0x62, 0x08, 0x62, 0x08, 0x62, 0x08, 0x62, 0x08, 
0x62, 0x08, 0x62, 0x08, 0x62, 0x08, 0x62, 0x08, 0x62, 0x08, 0x62, 0x08, 0x62, 0x08, 0x62, 0x08, 
0x62, 0x08, 0x62, 0x08, 0x62, 0x08, 0x62, 0x08, 0x62, 0x08, 0x62, 0x08, 0x62, 0x08, 0x62, 0x08, 
0x62, 0x08, 0x62, 0x08, 0x62, 0x08, 0x62, 0x08, 0x62, 0x08, 0x62, 0x08, 0x62, 0x08, 0x62, 0x08, 
0x62, 0x08, 0x62, 0x08, 0x62, 0x08, 0x62, 0x08, 0x62, 0x08, 0x62, 0x08, 0x62, 0x08, 0x62, 0x08, 
0x62, 0x08, 0x62, 0x08, 0x62, 0x08, 0x62, 0x08, 0x62, 0x08, 0x62, 0x08, 0x62, 0x08, 0x62, 0x08, 
0x62, 0x08, 0x62, 0x08, 0x62, 0x08, 0x62, 0x08, 0x62, 0x08, 0x62, 0x08, 0x62, 0x08, 0x62, 0x08, 
0x62, 0x08, 0x62, 0x08, 0x62, 0x08, 0x62, 0x08, 0x62, 0x08, 0x62, 0x08, 0x62, 0x08, 0x62, 0x08, 
0x62, 0x08, 0x62, 0x08, 0x62, 0x08, 0x62, 0x08, 0x62, 0x08, 0x62, 0x08, 0x62, 0x08, 0x62, 0x08, 
0x62, 0x08, 0x62, 0x08, 0x62, 0x08, 0x62, 0x08, 0x62, 0x08, 0x62, 0x08, 0x62, 0x08, 0x62, 0x08, 
0x62, 0x08, 0x62, 0x08, 0x62, 0x08, 0x62, 0x08, 0x62, 0x08, 0x62, 0x08, 0x62, 0x08, 0x62, 0x08, 
0x62, 0x08, 0x62, 0x08, 0x62, 0x08, 0x62, 0x08, 0x62, 0x08, 0x62, 0x08, 0x62, 0x08, 0x62, 0x08, 
0x62, 0x08, 0x62, 0x08, 0x62, 0x08, 0x62, 0x08, 0x62, 0x08, 0x62, 0x08, 0x62, 0x08, 0x62, 0x08, 
0x62, 0x08, 0x62, 0x08, 0x62, 0x08, 0x62, 0x08, 0x62, 0x08, 0x62, 0x08, 0x62, 0x08, 0x62, 0x08, 
0x62, 0x08, 0x62, 0x08, 0x62, 0x08, 0x62, 0x08, 0x62, 0x08, 0x62, 0x08, 0x62, 0x08, 0x62, 0x08, 
0x62, 0x08, 0x62, 0x08, 0x62, 0x08, 0x62, 0x08, 0x62, 0x08, 0x62, 0x08, 0x62, 0x08, 0x62, 0x08, 
0x62, 0x08, 0x62, 0x08, 0x62, 0x08, 0x62, 0x08, 0x62, 0x08, 0x62, 0x08, 0x62, 0x08, 0x62, 0x08, 
0x62, 0x08, 0x62, 0x08, 0x62, 0x08, 0x62, 0x08, 0x62, 0x08, 0x62, 0x08, 0x62, 0x08, 0x62, 0x08, 
0x62, 0x08, 0x62, 0x08, 0x62, 0x08, 0x62, 0x08, 0x62, 0x08, 0x62, 0x08, 0x62, 0x08, 0x62, 0x08, 
0x62, 0x08, 0x62, 0x08, 0x62, 0x08, 0x62, 0x08, 0x62, 0x08, 0x62, 0x08, 0x62, 0x08, 0x62, 0x08, 
0x62, 0x08, 0x62, 0x08, 0x62, 0x08, 0x62, 0x08, 0x62, 0x08, 0x62, 0x08, 0x62, 0x08, 0x62, 0x08, 
0x62, 0x08, 0x62, 0x08, 0x62, 0x08, 0x62, 0x08, 0x62, 0x08, 0x62, 0x08, 0x62, 0x08, 0x62, 0x08, 
0x62, 0x08, 0x62, 0x08, 0x62, 0x08, 0x62, 0x08, 0x62, 0x08, 0x62, 0x08, 0x62, 0x08, 0x62, 0x08, 
0x62, 0x08, 0x62, 0x08, 0x62, 0x08, 0x62, 0x08, 0x62, 0x08, 0x62, 0x08, 0x62, 0x08, 0x62, 0x08, 
0x62, 0x08, 0x62, 0x08, 0x62, 0x08, 0x62, 0x08, 0x62, 0x08, 0x62, 0x08, 0x62, 0x08, 0x62, 0x08, 
0x62, 0x08, 0x62, 0x08, 0x62, 0x08, 0x62, 0x08, 0x62, 0x08, 0x62, 0x08, 0x62, 0x08, 0x62, 0x08, 
0x62, 0x08, 0x62, 0x08, 0x62, 0x08, 0x62, 0x08, 0x62, 0x08, 0x62, 0x08, 0x62, 0x08, 0x62, 0x08, 
0x62, 0x08, 0x62, 0x08, 0x62, 0x08, 0x62, 0x08, 0x62, 0x08, 0x62, 0x08, 0x62, 0x08, 0x62, 0x08, 
0x62, 0x08, 0x62, 0x08, 0x62, 0x08, 0x62, 0x08, 0x62, 0x08, 0x62, 0x08, 0x62, 0x08, 0x62, 0x08, 
0x62, 0x08, 0x62, 0x08, 0x62, 0x08, 0x62, 0x08, 0x62, 0x08, 0x62, 0x08, 0x62, 0x08, 0x62, 0x08, 
0x62, 0x08, 0x62, 0x08, 0x62, 0x08, 0x62, 0x08, 0x62, 0x08, 0x62, 0x08, 0x62, 0x08, 0x62, 0x08, 
0x62, 0x08, 0x62, 0x08, 0x62, 0x08, 0x62, 0x08, 0x62, 0x08, 0x62, 0x08, 0x62, 0x08, 0x62, 0x08, 
0x62, 0x08, 0x62, 0x08, 0x62, 0x08, 0x62, 0x08, 0x62, 0x08, 0x62, 0x08, 0x62, 0x08, 0x62, 0x08, 
0x62, 0x08, 0x62, 0x08, 0x62, 0x08, 0x62, 0x08, 0x62, 0x08, 0x62, 0x08, 0x62, 0x08, 0x62, 0x08, 
0x62, 0x08, 0x62, 0x08, 0x62, 0x08, 0x62, 0x08, 0x62, 0x08, 0x62, 0x08, 0x62, 0x08, 0x62, 0x08, 
0x62, 0x08, 0x62, 0x08, 0x62, 0x08, 0x62, 0x08, 0x62, 0x08, 0x62, 0x08, 0x62, 0x08, 0x62, 0x08, 
0x62, 0x08, 0x62, 0x08, 0x62, 0x08, 0x62, 0x08, 0x62, 0x08, 0x62, 0x08, 0x62, 0x08, 0x62, 0x08, 
0x62, 0x08, 0x62, 0x08, 0x62, 0x08, 0x62, 0x08, 0x62, 0x08, 0x62, 0x08, 0x62, 0x08, 0x62, 0x08, 
0x62, 0x08, 0x62, 0x08, 0x62, 0x08, 0x62, 0x08, 0x62, 0x08, 0x62, 0x08, 0x62, 0x08, 0x62, 0x08, 
0x62, 0x08, 0x62, 0x08, 0x62, 0x08, 0x62, 0x08, 0x62, 0x08, 0x62, 0x08, 0x62, 0x08, 0x62, 0x08, 
0x62, 0x08, 0x62, 0x08, 0x62, 0x08, 0x62, 0x08, 0x62, 0x08, 0x62, 0x08, 0x62, 0x08, 0x62, 0x08, 
0x62, 0x08, 0x62, 0x08, 0x62, 0x08, 0x62, 0x08, 0x62, 0x08, 0x62, 0x08, 0x62, 0x08, 0x62, 0x08, 
0x62, 0x08, 0x62, 0x08, 0x62, 0x08, 0x62, 0x08, 0x62, 0x08, 0x62, 0x08, 0x62, 0x08, 0x62, 0x08, 
0x62, 0x08, 0x62, 0x08, 0x62, 0x08, 0x62, 0x08, 0x62, 0x08, 0x62, 0x08, 0x62, 0x08, 0x62, 0x08, 
0x62, 0x08, 0x62, 0x08, 0x62, 0x08, 0x62, 0x08, 0x62, 0x08, 0x62, 0x08, 0x62, 0x08, 0x62, 0x08, 
0x62, 0x08, 0x62, 0x08, 0x62, 0x08, 0x62, 0x08, 0x62, 0x08, 0x62, 0x08, 0x62, 0x08, 0x62, 0x08, 
0x62, 0x08, 0x62, 0x08, 0x62, 0x08, 0x62, 0x08, 0x62, 0x08, 0x62, 0x08, 0x62, 0x08, 0x62, 0x08, 
0x62, 0x08, 0x62, 0x08, 0x62, 0x08, 0x62, 0x08, 0x62, 0x08, 0x62, 0x08, 0x62, 0x08, 0x62, 0x08, 
0x62, 0x08, 0x62, 0x08, 0x62, 0x08, 0x62, 0x08, 0x62, 0x08, 0x62, 0x08, 0x62, 0x08, 0x62, 0x08, 
0x62, 0x08, 0x62, 0x08, 0x62, 0x08, 0x62, 0x08, 0x62, 0x08, 0x62, 0x08, 0x62, 0x08, 0x62, 0x08, 
0x62, 0x08, 0x62, 0x08, 0x62, 0x08, 0x62, 0x08, 0x62, 0x08, 0x62, 0x08, 0x62, 0x08, 0x62, 0x08, 
0x62, 0x08, 0x62, 0x08, 0x62, 0x08, 0x62, 0x08, 0x62, 0x08, 0x62, 0x08, 0x62, 0x08, 0x62, 0x08, 
0x62, 0x08, 0x62, 0x08, 0x62, 0x08, 0x62, 0x08, 0x62, 0x08, 0x62, 0x08, 0x62, 0x08, 0x62, 0x08, 
0x62, 0x08, 0x62, 0x08, 0x62, 0x08, 0x62, 0x08, 0x62, 0x08, 0x62, 0x08, 0x62, 0x08, 0x62, 0x08, 
0x62, 0x08, 0x62, 0x08, 0x62, 0x08, 0x62, 0x08, 0x62, 0x08, 0x62, 0x08, 0x62, 0x08, 0x62, 0x08, 
0x62, 0x08, 0x62, 0x08, 0x42, 0x08, 0x62, 0x08, 0x62, 0x08, 0x62, 0x08, 0x62, 0x08, 0x62, 0x08, 
0x62, 0x08, 0x62, 0x08, 0x62, 0x08, 0x62, 0x08, 0x62, 0x08, 0x62, 0x08, 0x62, 0x08, 0x62, 0x08, 
0x62, 0x08, 0x62, 0x08, 0x62, 0x08, 0x62, 0x08, 0x62, 0x08, 0x62, 0x08, 0x62, 0x08, 0x62, 0x08, 
0x62, 0x08, 0x62, 0x08, 0x62, 0x08, 0x62, 0x08, 0x62, 0x08, 0x62, 0x08, 0x62, 0x08, 0x62, 0x08, 
0x62, 0x08, 0x62, 0x08, 0x62, 0x08, 0x62, 0x08, 0x62, 0x08, 0x62, 0x08, 0x62, 0x08, 0x62, 0x08, 
0x62, 0x08, 0x62, 0x08, 0x62, 0x08, 0x62, 0x08, 0x62, 0x08, 0x62, 0x08, 0x62, 0x08, 0x62, 0x08, 
0x62, 0x08, 0x62, 0x08, 0x62, 0x08, 0x62, 0x08, 0x62, 0x08, 0x62, 0x08, 0x62, 0x08, 0x62, 0x08, 
0x62, 0x08, 0x62, 0x08, 0x62, 0x08, 0x62, 0x08, 0x62, 0x08, 0x62, 0x08, 0x62, 0x08, 0x62, 0x08, 
0x62, 0x08, 0x62, 0x08, 0x62, 0x08, 0x62, 0x08, 0x62, 0x08, 0x62, 0x08, 0x62, 0x08, 0x62, 0x08, 
0x62, 0x08, 0x62, 0x08, 0x62, 0x08, 0x62, 0x08, 0x62, 0x08, 0x62, 0x08, 0x62, 0x08, 0x62, 0x08, 
0x42, 0x08, 0x62, 0x08, 0x62, 0x08, 0x62, 0x08, 0x62, 0x08, 0x62, 0x08, 0x62, 0x08, 0x62, 0x08, 
0x62, 0x08, 0x62, 0x08, 0x62, 0x08, 0x62, 0x08, 0x62, 0x08, 0x62, 0x08, 0x62, 0x08, 0x62, 0x08, 
0x62, 0x08, 0x62, 0x08, 0x62, 0x08, 0x62, 0x08, 0x62, 0x08, 0x62, 0x08, 0x62, 0x08, 0x62, 0x08, 
0x62, 0x08, 0x62, 0x08, 0x62, 0x08, 0x62, 0x08, 0x62, 0x08, 0x62, 0x08, 0x62, 0x08, 0x62, 0x08, 
0x62, 0x08, 0x62, 0x08, 0x62, 0x08, 0x62, 0x08, 0x62, 0x08, 0x62, 0x08, 0x62, 0x08, 0x62, 0x08, 
0x62, 0x08, 0x62, 0x08, 0x62, 0x08, 0x62, 0x08, 0x62, 0x08, 0x62, 0x08, 0x62, 0x08, 0x62, 0x08, 
0x62, 0x08, 0x62, 0x08, 0x62, 0x08, 0x42, 0x08, 0x62, 0x08, 0x62, 0x08, 0x62, 0x08, 0x62, 0x08, 
0x62, 0x08, 0x62, 0x08, 0x62, 0x08, 0x62, 0x08, 0x62, 0x08, 0x62, 0x08, 0x62, 0x08, 0x62, 0x08, 
0x62, 0x08, 0x62, 0x08, 0x62, 0x08, 0x62, 0x08, 0x62, 0x08, 0x62, 0x08, 0x62, 0x08, 0x62, 0x08, 
0x62, 0x08, 0x62, 0x08, 0x62, 0x08, 0x62, 0x08, 0x62, 0x08, 0x62, 0x08, 0x62, 0x08, 0x62, 0x08, 
0x62, 0x08, 0x62, 0x08, 0x62, 0x08, 0x62, 0x08, 0x62, 0x08, 0x62, 0x08, 0x62, 0x08, 0x62, 0x08, 
0x62, 0x08, 0x62, 0x08, 0x62, 0x08, 0x62, 0x08, 0x62, 0x08, 0x62, 0x08, 0x62, 0x08, 0x62, 0x08, 
0x62, 0x08, 0x62, 0x08, 0x62, 0x08, 0x62, 0x08, 0x62, 0x08, 0x62, 0x08, 0x62, 0x08, 0x62, 0x08, 
0x62, 0x08, 0x62, 0x08, 0x62, 0x08, 0x62, 0x08, 0x62, 0x08, 0x62, 0x08, 0x62, 0x08, 0x62, 0x08, 
0x62, 0x08, 0x62, 0x08, 0x62, 0x08, 0x62, 0x08, 0x62, 0x08, 0x62, 0x08, 0x62, 0x08, 0x62, 0x08, 
0x62, 0x08, 0x62, 0x08, 0x62, 0x08, 0x62, 0x08, 0x62, 0x08, 0x62, 0x08, 0x62, 0x08, 0x62, 0x08, 
0x62, 0x08, 0x62, 0x08, 0x62, 0x08, 0x62, 0x08, 0x62, 0x08, 0x62, 0x08, 0x62, 0x08, 0x62, 0x08, 
0x62, 0x08, 0x62, 0x08, 0x62, 0x08, 0x62, 0x08, 0x62, 0x08, 0x62, 0x08, 0x62, 0x08, 0x62, 0x08, 
0x62, 0x08, 0x62, 0x08, 0x62, 0x08, 0x62, 0x08, 0x62, 0x08, 0x62, 0x08, 0x62, 0x08, 0x62, 0x08, 
0x62, 0x08, 0x62, 0x08, 0x62, 0x08, 0x62, 0x08, 0x62, 0x08, 0x62, 0x08, 0x62, 0x08, 0x62, 0x08, 
0x62, 0x08, 0x62, 0x08, 0x62, 0x08, 0x62, 0x08, 0x62, 0x08, 0x62, 0x08, 0x62, 0x08, 0x62, 0x08, 
0x62, 0x08, 0x62, 0x08, 0x62, 0x08, 0x62, 0x08, 0x62, 0x08, 0x62, 0x08, 0x62, 0x08, 0x62, 0x08, 
0x62, 0x08, 0x62, 0x08, 0x62, 0x08, 0x62, 0x08, 0x62, 0x08, 0x62, 0x08, 0x62, 0x08, 0x62, 0x08, 
0x62, 0x08, 0x62, 0x08, 0x62, 0x08, 0x62, 0x08, 0x62, 0x08, 0x62, 0x08, 0x62, 0x08, 0x62, 0x08, 
0x62, 0x08, 0x62, 0x08, 0x62, 0x08, 0x62, 0x08, 0x62, 0x08, 0x62, 0x08, 0x62, 0x08, 0x62, 0x08, 
0x62, 0x08, 0x62, 0x08, 0x62, 0x08, 0x62, 0x08, 0x62, 0x08, 0x62, 0x08, 0x62, 0x08, 0x62, 0x08, 
0x62, 0x08, 0x62, 0x08, 0x62, 0x08, 0x62, 0x08, 0x62, 0x08, 0x62, 0x08, 0x62, 0x08, 0x62, 0x08, 
0x62, 0x08, 0x62, 0x08, 0x62, 0x08, 0x62, 0x08, 0x62, 0x08, 0x62, 0x08, 0x62, 0x08, 0x62, 0x08, 
0x62, 0x08, 0x62, 0x08, 0x62, 0x08, 0x62, 0x08, 0x62, 0x08, 0x62, 0x08, 0x62, 0x08, 0x62, 0x08, 
0x62, 0x08, 0x62, 0x08, 0x62, 0x08, 0x62, 0x08, 0x62, 0x08, 0x62, 0x08, 0x62, 0x08, 0x62, 0x08, 
0x62, 0x08, 0x62, 0x08, 0x62, 0x08, 0x62, 0x08, 0x62, 0x08, 0x62, 0x08, 0x62, 0x08, 0x62, 0x08, 
0x62, 0x08, 0x62, 0x08, 0x62, 0x08, 0x62, 0x08, 0x42, 0x08, 0x62, 0x08, 0x62, 0x08, 0x62, 0x08, 
0x62, 0x08, 0x62, 0x08, 0x62, 0x08, 0x62, 0x08, 0x62, 0x08, 0x62, 0x08, 0x62, 0x08, 0x62, 0x08, 
0x62, 0x08, 0x62, 0x08, 0x62, 0x08, 0x62, 0x08, 0x62, 0x08, 0x62, 0x08, 0x62, 0x08, 0x62, 0x08, 
0x62, 0x08, 0x62, 0x08, 0x62, 0x08, 0x62, 0x08, 0x62, 0x08, 0x62, 0x08, 0x62, 0x08, 0x62, 0x08, 
0x62, 0x08, 0x62, 0x08, 0x62, 0x08, 0x62, 0x08, 0x62, 0x08, 0x62, 0x08, 0x62, 0x08, 0x62, 0x08, 
0x62, 0x08, 0x62, 0x08, 0x62, 0x08, 0x62, 0x08, 0x62, 0x08, 0x62, 0x08, 0x62, 0x08, 0x62, 0x08, 
0x62, 0x08, 0x62, 0x08, 0x62, 0x08, 0x62, 0x08, 0x62, 0x08, 0x62, 0x08, 0x62, 0x08, 0x62, 0x08, 
0x62, 0x08, 0x62, 0x08, 0x62, 0x08, 0x62, 0x08, 0x62, 0x08, 0x62, 0x08, 0x62, 0x08, 0x62, 0x08, 
0x62, 0x08, 0x62, 0x08, 0x62, 0x08, 0x62, 0x08, 0x62, 0x08, 0x62, 0x08, 0x62, 0x08, 0x62, 0x08, 
0x62, 0x08, 0x62, 0x08, 0x62, 0x08, 0x62, 0x08, 0x62, 0x08, 0x62, 0x08, 0x62, 0x08, 0x62, 0x08, 
0x62, 0x08, 0x62, 0x08, 0x62, 0x08, 0x62, 0x08, 0x62, 0x08, 0x62, 0x08, 0x62, 0x08, 0x62, 0x08, 
0x62, 0x08, 0x62, 0x08, 0x62, 0x08, 0x62, 0x08, 0x62, 0x08, 0x62, 0x08, 0x62, 0x08, 0x62, 0x08, 
0x62, 0x08, 0x62, 0x08, 0x62, 0x08, 0x62, 0x08, 0x62, 0x08, 0x62, 0x08, 0x62, 0x08, 0x62, 0x08, 
0x62, 0x08, 0x62, 0x08, 0x62, 0x08, 0x62, 0x08, 0x62, 0x08, 0x62, 0x08, 0x62, 0x08, 0x62, 0x08, 
0x62, 0x08, 0x62, 0x08, 0x62, 0x08, 0x62, 0x08, 0x62, 0x08, 0x62, 0x08, 0x62, 0x08, 0x62, 0x08, 
0x62, 0x08, 0x62, 0x08, 0x62, 0x08, 0x62, 0x08, 0x62, 0x08, 0x62, 0x08, 0x62, 0x08, 0x62, 0x08, 
0x62, 0x08, 0x62, 0x08, 0x62, 0x08, 0x62, 0x08, 0x62, 0x08, 0x62, 0x08, 0x62, 0x08, 0x62, 0x08, 
0x62, 0x08, 0x62, 0x08, 0x62, 0x08, 0x62, 0x08, 0x62, 0x08, 0x62, 0x08, 0x62, 0x08, 0x62, 0x08, 
0x62, 0x08, 0x62, 0x08, 0x62, 0x08, 0x62, 0x08, 0x62, 0x08, 0x62, 0x08, 0x62, 0x08, 0x62, 0x08, 
0x62, 0x08, 0x62, 0x08, 0x62, 0x08, 0x62, 0x08, 0x62, 0x08, 0x62, 0x08, 0x62, 0x08, 0x62, 0x08, 
0x62, 0x08, 0x62, 0x08, 0x62, 0x08, 0x62, 0x08, 0x62, 0x08, 0x62, 0x08, 0x62, 0x08, 0x62, 0x08, 
0x62, 0x08, 0x62, 0x08, 0x62, 0x08, 0x62, 0x08, 0x62, 0x08, 0x62, 0x08, 0x62, 0x08, 0x62, 0x08, 
0x62, 0x08, 0x62, 0x08, 0x62, 0x08, 0x62, 0x08, 0x62, 0x08, 0x62, 0x08, 0x62, 0x08, 0x62, 0x08, 
0x62, 0x08, 0x62, 0x08, 0x62, 0x08, 0x62, 0x08, 0x62, 0x08, 0x62, 0x08, 0x62, 0x08, 0x62, 0x08, 
0x62, 0x08, 0x62, 0x08, 0x62, 0x08, 0x62, 0x08, 0x62, 0x08, 0x62, 0x08, 0x62, 0x08, 0x62, 0x08, 
0x62, 0x08, 0x62, 0x08, 0x62, 0x08, 0x62, 0x08, 0x62, 0x08, 0x62, 0x08, 0x62, 0x08, 0x62, 0x08, 
0x62, 0x08, 0x62, 0x08, 0x62, 0x08, 0x62, 0x08, 0x62, 0x08, 0x62, 0x08, 0x62, 0x08, 0x62, 0x08, 
0x62, 0x08, 0x62, 0x08, 0x62, 0x08, 0x62, 0x08, 0x62, 0x08, 0x62, 0x08, 0x62, 0x08, 0x62, 0x08, 
0x62, 0x08, 0x62, 0x08, 0x62, 0x08, 0x62, 0x08, 0x62, 0x08, 0x62, 0x08, 0x62, 0x08, 0x62, 0x08, 
0x62, 0x08, 0x62, 0x08, 0x62, 0x08, 0x62, 0x08, 0x62, 0x08, 0x62, 0x08, 0x62, 0x08, 0x62, 0x08, 
0x62, 0x08, 0x62, 0x08, 0x62, 0x08, 0x62, 0x08, 0x62, 0x08, 0x62, 0x08, 0x62, 0x08, 0x62, 0x08, 
0x62, 0x08, 0x62, 0x08, 0x62, 0x08, 0x62, 0x08, 0x62, 0x08, 0x62, 0x08, 0x62, 0x08, 0x62, 0x08, 
0x62, 0x08, 0x62, 0x08, 0x62, 0x08, 0x62, 0x08, 0x62, 0x08, 0x62, 0x08, 0x62, 0x08, 0x62, 0x08, 
0x62, 0x08, 0x62, 0x08, 0x62, 0x08, 0x62, 0x08, 0x62, 0x08, 0x62, 0x08, 0x62, 0x08, 0x62, 0x08, 
0x62, 0x08, 0x62, 0x08, 0x62, 0x08, 0x42, 0x08, 0x62, 0x08, 0x62, 0x08, 0x62, 0x08, 0x62, 0x08, 
0x62, 0x08, 0x62, 0x08, 0x62, 0x08, 0x62, 0x08, 0x62, 0x08, 0x62, 0x08, 0x62, 0x08, 0x62, 0x08, 
0x62, 0x08, 0x62, 0x08, 0x62, 0x08, 0x62, 0x08, 0x62, 0x08, 0x62, 0x08, 0x62, 0x08, 0x62, 0x08, 
0x62, 0x08, 0x62, 0x08, 0x62, 0x08, 0x62, 0x08, 0x62, 0x08, 0x62, 0x08, 0x62, 0x08, 0x62, 0x08, 
0x62, 0x08, 0x62, 0x08, 0x62, 0x08, 0x62, 0x08, 0x62, 0x08, 0x62, 0x08, 0x62, 0x08, 0x62, 0x08, 
0x62, 0x08, 0x62, 0x08, 0x62, 0x08, 0x62, 0x08, 0x62, 0x08, 0x62, 0x08, 0x62, 0x08, 0x62, 0x08, 
0x62, 0x08, 0x62, 0x08, 0x62, 0x08, 0x62, 0x08, 0x62, 0x08, 0x62, 0x08, 0x62, 0x08, 0x62, 0x08, 
0x62, 0x08, 0x62, 0x08, 0x62, 0x08, 0x62, 0x08, 0x62, 0x08, 0x62, 0x08, 0x62, 0x08, 0x62, 0x08, 
0x62, 0x08, 0x62, 0x08, 0x62, 0x08, 0x62, 0x08, 0x62, 0x08, 0x62, 0x08, 0x62, 0x08, 0x62, 0x08, 
0x62, 0x08, 0x62, 0x08, 0x62, 0x08, 0x62, 0x08, 0x62, 0x08, 0x62, 0x08, 0x62, 0x08, 0x62, 0x08, 
0x62, 0x08, 0x62, 0x08, 0x62, 0x08, 0x62, 0x08, 0x62, 0x08, 0x62, 0x08, 0x62, 0x08, 0x62, 0x08, 
0x62, 0x08, 0x62, 0x08, 0x62, 0x08, 0x62, 0x08, 0x62, 0x08, 0x62, 0x08, 0x62, 0x08, 0x62, 0x08, 
0x62, 0x08, 0x62, 0x08, 0x62, 0x08, 0x62, 0x08, 0x62, 0x08, 0x62, 0x08, 0x62, 0x08, 0x62, 0x08, 
0x62, 0x08, 0x62, 0x08, 0x62, 0x08, 0x62, 0x08, 0x62, 0x08, 0x62, 0x08, 0x62, 0x08, 0x62, 0x08, 
0x62, 0x08, 0x62, 0x08, 0x62, 0x08, 0x62, 0x08, 0x62, 0x08, 0x62, 0x08, 0x62, 0x08, 0x62, 0x08, 
0x62, 0x08, 0x62, 0x08, 0x62, 0x08, 0x62, 0x08, 0x62, 0x08, 0x62, 0x08, 0x62, 0x08, 0x62, 0x08, 
0x62, 0x08, 0x62, 0x08, 0x62, 0x08, 0x62, 0x08, 0x62, 0x08, 0x62, 0x08, 0x62, 0x08, 0x62, 0x08, 
0x62, 0x08, 0x62, 0x08, 0x62, 0x08, 0x62, 0x08, 0x62, 0x08, 0x62, 0x08, 0x62, 0x08, 0x62, 0x08, 
0x62, 0x08, 0x62, 0x08, 0x62, 0x08, 0x62, 0x08, 0x62, 0x08, 0x62, 0x08, 0x62, 0x08, 0x62, 0x08, 
0x62, 0x08, 0x62, 0x08, 0x62, 0x08, 0x62, 0x08, 0x62, 0x08, 0x62, 0x08, 0x62, 0x08, 0x62, 0x08, 
0x62, 0x08, 0x62, 0x08, 0x62, 0x08, 0x62, 0x08, 0x62, 0x08, 0x62, 0x08, 0x62, 0x08, 0x62, 0x08, 
0x62, 0x08, 0x62, 0x08, 0x62, 0x08, 0x62, 0x08, 0x62, 0x08, 0x62, 0x08, 0x62, 0x08, 0x62, 0x08, 
0x62, 0x08, 0x62, 0x08, 0x62, 0x08, 0x62, 0x08, 0x62, 0x08, 0x62, 0x08, 0x62, 0x08, 0x62, 0x08, 
0x62, 0x08, 0x62, 0x08, 0x62, 0x08, 0x62, 0x08, 0x62, 0x08, 0x62, 0x08, 0x62, 0x08, 0x62, 0x08, 
0x62, 0x08, 0x62, 0x08, 0x62, 0x08, 0x62, 0x08, 0x62, 0x08, 0x62, 0x08, 0x62, 0x08, 0x62, 0x08, 
0x62, 0x08, 0x62, 0x08, 0x62, 0x08, 0x62, 0x08, 0x62, 0x08, 0x62, 0x08, 0x62, 0x08, 0x62, 0x08, 
0x62, 0x08, 0x62, 0x08, 0x62, 0x08, 0x62, 0x08, 0x62, 0x08, 0x62, 0x08, 0x62, 0x08, 0x62, 0x08, 
0x62, 0x08, 0x62, 0x08, 0x62, 0x08, 0x62, 0x08, 0x62, 0x08, 0x62, 0x08, 0x62, 0x08, 0x62, 0x08, 
0x62, 0x08, 0x62, 0x08, 0x62, 0x08, 0x62, 0x08, 0x62, 0x08, 0x62, 0x08, 0x62, 0x08, 0x62, 0x08, 
0x62, 0x08, 0x62, 0x08, 0x62, 0x08, 0x62, 0x08, 0x62, 0x08, 0x62, 0x08, 0x62, 0x08, 0x62, 0x08, 
0x62, 0x08, 0x62, 0x08, 0x62, 0x08, 0x62, 0x08, 0x62, 0x08, 0x62, 0x08, 0x62, 0x08, 0x62, 0x08, 
0x62, 0x08, 0x62, 0x08, 0x62, 0x08, 0x62, 0x08, 0x62, 0x08, 0x62, 0x08, 0x62, 0x08, 0x62, 0x08, 
0x62, 0x08, 0x62, 0x08, 0x62, 0x08, 0x62, 0x08, 0x62, 0x08, 0x62, 0x08, 0x62, 0x08, 0x62, 0x08, 
0x62, 0x08, 0x62, 0x08, 0x62, 0x08, 0x62, 0x08, 0x62, 0x08, 0x62, 0x08, 0x62, 0x08, 0x62, 0x08, 
0x62, 0x08, 0x62, 0x08, 0x62, 0x08, 0x62, 0x08, 0x62, 0x08, 0x62, 0x08, 0x62, 0x08, 0x62, 0x08, 
0x62, 0x08, 0x62, 0x08, 0x62, 0x08, 0x62, 0x08, 0x62, 0x08, 0x62, 0x08, 0x62, 0x08, 0x62, 0x08, 
0x62, 0x08, 0x62, 0x08, 0x62, 0x08, 0x62, 0x08, 0x62, 0x08, 0x62, 0x08, 0x62, 0x08, 0x62, 0x08, 
0x62, 0x08, 0x62, 0x08, 0x62, 0x08, 0x62, 0x08, 0x62, 0x08, 0x62, 0x08, 0x62, 0x08, 0x62, 0x08, 
0x62, 0x08, 0x62, 0x08, 0x62, 0x08, 0x62, 0x08, 0x62, 0x08, 0x62, 0x08, 0x62, 0x08, 0x62, 0x08, 
0x62, 0x08, 0x62, 0x08, 0x62, 0x08, 0x62, 0x08, 0x62, 0x08, 0x62, 0x08, 0x62, 0x08, 0x62, 0x08, 
0x62, 0x08, 0x62, 0x08, 0x62, 0x08, 0x42, 0x08, 0x62, 0x08, 0x62, 0x08, 0x62, 0x08, 0x62, 0x08, 
0x42, 0x08, 0x62, 0x08, 0x62, 0x08, 0x62, 0x08, 0x62, 0x08, 0x62, 0x08, 0x62, 0x08, 0x62, 0x08, 
0x62, 0x08, 0x62, 0x08, 0x62, 0x08, 0x62, 0x08, 0x62, 0x08, 0x62, 0x08, 0x62, 0x08, 0x62, 0x08, 
0x62, 0x08, 0x62, 0x08, 0x62, 0x08, 0x62, 0x08, 0x62, 0x08, 0x62, 0x08, 0x62, 0x08, 0x62, 0x08, 
0x62, 0x08, 0x62, 0x08, 0x62, 0x08, 0x62, 0x08, 0x62, 0x08, 0x62, 0x08, 0x62, 0x08, 0x62, 0x08, 
0x62, 0x08, 0x62, 0x08, 0x62, 0x08, 0x62, 0x08, 0x62, 0x08, 0x62, 0x08, 0x62, 0x08, 0x62, 0x08, 
0x62, 0x08, 0x62, 0x08, 0x62, 0x08, 0x62, 0x08, 0x62, 0x08, 0x62, 0x08, 0x62, 0x08, 0x62, 0x08, 
0x62, 0x08, 0x62, 0x08, 0x62, 0x08, 0x62, 0x08, 0x62, 0x08, 0x62, 0x08, 0x62, 0x08, 0x62, 0x08, 
0x62, 0x08, 0x62, 0x08, 0x62, 0x08, 0x62, 0x08, 0x62, 0x08, 0x62, 0x08, 0x62, 0x08, 0x62, 0x08, 
0x62, 0x08, 0x62, 0x08, 0x62, 0x08, 0x62, 0x08, 0x62, 0x08, 0x62, 0x08, 0x62, 0x08, 0x62, 0x08, 
0x62, 0x08, 0x62, 0x08, 0x62, 0x08, 0x62, 0x08, 0x62, 0x08, 0x62, 0x08, 0x62, 0x08, 0x62, 0x08, 
0x62, 0x08, 0x62, 0x08, 0x62, 0x08, 0x62, 0x08, 0x62, 0x08, 0x62, 0x08, 0x62, 0x08, 0x62, 0x08, 
0x62, 0x08, 0x62, 0x08, 0x62, 0x08, 0x42, 0x08, 0x62, 0x08, 0x62, 0x08, 0x62, 0x08, 0x62, 0x08, 
0x62, 0x08, 0x62, 0x08, 0x62, 0x08, 0x62, 0x08, 0x62, 0x08, 0x62, 0x08, 0x62, 0x08, 0x62, 0x08, 
0x62, 0x08, 0x62, 0x08, 0x62, 0x08, 0x62, 0x08, 0x62, 0x08, 0x62, 0x08, 0x62, 0x08, 0x62, 0x08, 
0x62, 0x08, 0x62, 0x08, 0x62, 0x08, 0x62, 0x08, 0x62, 0x08, 0x62, 0x08, 0x62, 0x08, 0x62, 0x08, 
0x62, 0x08, 0x62, 0x08, 0x62, 0x08, 0x62, 0x08, 0x62, 0x08, 0x62, 0x08, 0x62, 0x08, 0x62, 0x08, 
0x62, 0x08, 0x62, 0x08, 0x62, 0x08, 0x62, 0x08, 0x62, 0x08, 0x62, 0x08, 0x62, 0x08, 0x62, 0x08, 
0x62, 0x08, 0x62, 0x08, 0x62, 0x08, 0x62, 0x08, 0x62, 0x08, 0x62, 0x08, 0x62, 0x08, 0x62, 0x08, 
0x62, 0x08, 0x62, 0x08, 0x62, 0x08, 0x62, 0x08, 0x62, 0x08, 0x62, 0x08, 0x62, 0x08, 0x62, 0x08, 
0x62, 0x08, 0x62, 0x08, 0x62, 0x08, 0x62, 0x08, 0x62, 0x08, 0x62, 0x08, 0x62, 0x08, 0x62, 0x08, 
0x62, 0x08, 0x62, 0x08, 0x62, 0x08, 0x62, 0x08, 0x62, 0x08, 0x62, 0x08, 0x62, 0x08, 0x62, 0x08, 
0x62, 0x08, 0x62, 0x08, 0x62, 0x08, 0x62, 0x08, 0x62, 0x08, 0x62, 0x08, 0x62, 0x08, 0x62, 0x08, 
0x62, 0x08, 0x62, 0x08, 0x62, 0x08, 0x62, 0x08, 0x62, 0x08, 0x62, 0x08, 0x62, 0x08, 0x62, 0x08, 
0x62, 0x08, 0x62, 0x08, 0x62, 0x08, 0x62, 0x08, 0x62, 0x08, 0x62, 0x08, 0x62, 0x08, 0x62, 0x08, 
0x62, 0x08, 0x62, 0x08, 0x62, 0x08, 0x62, 0x08, 0x62, 0x08, 0x62, 0x08, 0x62, 0x08, 0x62, 0x08, 
0x62, 0x08, 0x62, 0x08, 0x62, 0x08, 0x62, 0x08, 0x62, 0x08, 0x62, 0x08, 0x62, 0x08, 0x62, 0x08, 
0x62, 0x08, 0x62, 0x08, 0x62, 0x08, 0x62, 0x08, 0x62, 0x08, 0x62, 0x08, 0x62, 0x08, 0x62, 0x08, 
0x62, 0x08, 0x62, 0x08, 0x62, 0x08, 0x62, 0x08, 0x62, 0x08, 0x62, 0x08, 0x62, 0x08, 0x62, 0x08, 
0x62, 0x08, 0x62, 0x08, 0x62, 0x08, 0x62, 0x08, 0x62, 0x08, 0x62, 0x08, 0x62, 0x08, 0x62, 0x08, 
0x62, 0x08, 0x62, 0x08, 0x62, 0x08, 0x62, 0x08, 0x62, 0x08, 0x62, 0x08, 0x62, 0x08, 0x62, 0x08, 
0x62, 0x08, 0x62, 0x08, 0x62, 0x08, 0x62, 0x08, 0x62, 0x08, 0x62, 0x08, 0x62, 0x08, 0x62, 0x08, 
0x62, 0x08, 0x62, 0x08, 0x62, 0x08, 0x62, 0x08, 0x62, 0x08, 0x62, 0x08, 0x62, 0x08, 0x62, 0x08, 
0x62, 0x08, 0x62, 0x08, 0x62, 0x08, 0x62, 0x08, 0x62, 0x08, 0x62, 0x08, 0x62, 0x08, 0x62, 0x08, 
0x62, 0x08, 0x62, 0x08, 0x62, 0x08, 0x62, 0x08, 0x62, 0x08, 0x62, 0x08, 0x62, 0x08, 0x62, 0x08, 
0x62, 0x08, 0x62, 0x08, 0x62, 0x08, 0x62, 0x08, 0x62, 0x08, 0x62, 0x08, 0x62, 0x08, 0x62, 0x08, 
0x62, 0x08, 0x62, 0x08, 0x62, 0x08, 0x62, 0x08, 0x62, 0x08, 0x62, 0x08, 0x62, 0x08, 0x62, 0x08, 
0x62, 0x08, 0x62, 0x08, 0x62, 0x08, 0x62, 0x08, 0x62, 0x08, 0x62, 0x08, 0x62, 0x08, 0x62, 0x08, 
0x62, 0x08, 0x62, 0x08, 0x62, 0x08, 0x62, 0x08, 0x62, 0x08, 0x62, 0x08, 0x62, 0x08, 0x62, 0x08, 
0x62, 0x08, 0x62, 0x08, 0x62, 0x08, 0x62, 0x08, 0x62, 0x08, 0x62, 0x08, 0x62, 0x08, 0x62, 0x08, 
0x62, 0x08, 0x62, 0x08, 0x62, 0x08, 0x42, 0x08, 0x62, 0x08, 0x62, 0x08, 0x62, 0x08, 0x62, 0x08, 
0x62, 0x08, 0x62, 0x08, 0x62, 0x08, 0x62, 0x08, 0x62, 0x08, 0x62, 0x08, 0x62, 0x08, 0x62, 0x08, 
0x62, 0x08, 0x62, 0x08, 0x62, 0x08, 0x62, 0x08, 0x62, 0x08, 0x62, 0x08, 0x62, 0x08, 0x62, 0x08, 
0x62, 0x08, 0x62, 0x08, 0x62, 0x08, 0x62, 0x08, 0x62, 0x08, 0x62, 0x08, 0x62, 0x08, 0x62, 0x08, 
0x62, 0x08, 0x62, 0x08, 0x62, 0x08, 0x62, 0x08, 0x62, 0x08, 0x62, 0x08, 0x62, 0x08, 0x62, 0x08, 
0x62, 0x08, 0x62, 0x08, 0x62, 0x08, 0x62, 0x08, 0x62, 0x08, 0x62, 0x08, 0x62, 0x08, 0x62, 0x08, 
0x62, 0x08, 0x62, 0x08, 0x62, 0x08, 0x62, 0x08, 0x62, 0x08, 0x62, 0x08, 0x62, 0x08, 0x62, 0x08, 
0x62, 0x08, 0x62, 0x08, 0x62, 0x08, 0x62, 0x08, 0x62, 0x08, 0x62, 0x08, 0x62, 0x08, 0x62, 0x08, 
0x62, 0x08, 0x62, 0x08, 0x62, 0x08, 0x62, 0x08, 0x62, 0x08, 0x62, 0x08, 0x62, 0x08, 0x62, 0x08, 
0x62, 0x08, 0x62, 0x08, 0x62, 0x08, 0x62, 0x08, 0x62, 0x08, 0x62, 0x08, 0x62, 0x08, 0x62, 0x08, 
0x62, 0x08, 0x62, 0x08, 0x62, 0x08, 0x62, 0x08, 0x62, 0x08, 0x62, 0x08, 0x62, 0x08, 0x62, 0x08, 
0x62, 0x08, 0x62, 0x08, 0x62, 0x08, 0x62, 0x08, 0x62, 0x08, 0x62, 0x08, 0x62, 0x08, 0x62, 0x08, 
0x62, 0x08, 0x62, 0x08, 0x62, 0x08, 0x62, 0x08, 0x62, 0x08, 0x62, 0x08, 0x62, 0x08, 0x42, 0x08, 
0x62, 0x08, 0x62, 0x08, 0x62, 0x08, 0x62, 0x08, 0x62, 0x08, 0x62, 0x08, 0x62, 0x08, 0x62, 0x08, 
0x62, 0x08, 0x62, 0x08, 0x62, 0x08, 0x62, 0x08, 0x62, 0x08, 0x62, 0x08, 0x62, 0x08, 0x62, 0x08, 
0x62, 0x08, 0x62, 0x08, 0x62, 0x08, 0x62, 0x08, 0x62, 0x08, 0x62, 0x08, 0x62, 0x08, 0x62, 0x08, 
0x62, 0x08, 0x62, 0x08, 0x62, 0x08, 0x62, 0x08, 0x62, 0x08, 0x62, 0x08, 0x62, 0x08, 0x62, 0x08, 
0x62, 0x08, 0x62, 0x08, 0x62, 0x08, 0x62, 0x08, 0x62, 0x08, 0x62, 0x08, 0x62, 0x08, 0x62, 0x08, 
0x62, 0x08, 0x62, 0x08, 0x62, 0x08, 0x62, 0x08, 0x62, 0x08, 0x62, 0x08, 0x62, 0x08, 0x62, 0x08, 
0x62, 0x08, 0x62, 0x08, 0x62, 0x08, 0x62, 0x08, 0x62, 0x08, 0x62, 0x08, 0x62, 0x08, 0x62, 0x08, 
0x62, 0x08, 0x62, 0x08, 0x62, 0x08, 0x62, 0x08, 0x62, 0x08, 0x62, 0x08, 0x62, 0x08, 0x62, 0x08, 
0x62, 0x08, 0x62, 0x08, 0x62, 0x08, 0x62, 0x08, 0x62, 0x08, 0x62, 0x08, 0x62, 0x08, 0x62, 0x08, 
0x62, 0x08, 0x62, 0x08, 0x62, 0x08, 0x62, 0x08, 0x62, 0x08, 0x62, 0x08, 0x62, 0x08, 0x62, 0x08, 
0x62, 0x08, 0x62, 0x08, 0x62, 0x08, 0x62, 0x08, 0x62, 0x08, 0x62, 0x08, 0x62, 0x08, 0x62, 0x08, 
0x62, 0x08, 0x62, 0x08, 0x62, 0x08, 0x62, 0x08, 0x62, 0x08, 0x62, 0x08, 0x62, 0x08, 0x62, 0x08, 
0x62, 0x08, 0x62, 0x08, 0x62, 0x08, 0x62, 0x08, 0x42, 0x08, 0x62, 0x08, 0x62, 0x08, 0x62, 0x08, 
0x62, 0x08, 0x62, 0x08, 0x62, 0x08, 0x62, 0x08, 0x62, 0x08, 0x62, 0x08, 0x62, 0x08, 0x62, 0x08, 
0x62, 0x08, 0x62, 0x08, 0x62, 0x08, 0x62, 0x08, 0x62, 0x08, 0x62, 0x08, 0x62, 0x08, 0x62, 0x08, 
0x62, 0x08, 0x62, 0x08, 0x62, 0x08, 0x62, 0x08, 0x62, 0x08, 0x62, 0x08, 0x62, 0x08, 0x62, 0x08, 
0x62, 0x08, 0x62, 0x08, 0x62, 0x08, 0x62, 0x08, 0x62, 0x08, 0x62, 0x08, 0x62, 0x08, 0x62, 0x08, 
0x62, 0x08, 0x62, 0x08, 0x62, 0x08, 0x62, 0x08, 0x62, 0x08, 0x62, 0x08, 0x62, 0x08, 0x62, 0x08, 
0x62, 0x08, 0x62, 0x08, 0x62, 0x08, 0x62, 0x08, 0x62, 0x08, 0x62, 0x08, 0x62, 0x08, 0x62, 0x08, 
0x62, 0x08, 0x62, 0x08, 0x62, 0x08, 0x62, 0x08, 0x62, 0x08, 0x62, 0x08, 0x62, 0x08, 0x62, 0x08, 
0x62, 0x08, 0x62, 0x08, 0x62, 0x08, 0x62, 0x08, 0x62, 0x08, 0x62, 0x08, 0x62, 0x08, 0x62, 0x08, 
0x62, 0x08, 0x62, 0x08, 0x62, 0x08, 0x62, 0x08, 0x62, 0x08, 0x62, 0x08, 0x62, 0x08, 0x62, 0x08, 
0x62, 0x08, 0x62, 0x08, 0x62, 0x08, 0x62, 0x08, 0x62, 0x08, 0x62, 0x08, 0x62, 0x08, 0x62, 0x08, 
0x62, 0x08, 0x62, 0x08, 0x62, 0x08, 0x62, 0x08, 0x62, 0x08, 0x62, 0x08, 0x62, 0x08, 0x62, 0x08, 
0x62, 0x08, 0x62, 0x08, 0x62, 0x08, 0x62, 0x08, 0x62, 0x08, 0x62, 0x08, 0x62, 0x08, 0x62, 0x08, 
0x62, 0x08, 0x62, 0x08, 0x62, 0x08, 0x62, 0x08, 0x62, 0x08, 0x62, 0x08, 0x62, 0x08, 0x62, 0x08, 
0x62, 0x08, 0x62, 0x08, 0x62, 0x08, 0x62, 0x08, 0x62, 0x08, 0x62, 0x08, 0x62, 0x08, 0x62, 0x08, 
0x62, 0x08, 0x62, 0x08, 0x62, 0x08, 0x62, 0x08, 0x62, 0x08, 0x62, 0x08, 0x62, 0x08, 0x62, 0x08, 
0x62, 0x08, 0x62, 0x08, 0x62, 0x08, 0x62, 0x08, 0x62, 0x08, 0x62, 0x08, 0x62, 0x08, 0x62, 0x08, 
0x62, 0x08, 0x62, 0x08, 0x62, 0x08, 0x62, 0x08, 0x62, 0x08, 0x62, 0x08, 0x62, 0x08, 0x62, 0x08, 
0x62, 0x08, 0x62, 0x08, 0x62, 0x08, 0x62, 0x08, 0x62, 0x08, 0x62, 0x08, 0x62, 0x08, 0x62, 0x08, 
0x62, 0x08, 0x62, 0x08, 0x62, 0x08, 0x62, 0x08, 0x62, 0x08, 0x62, 0x08, 0x62, 0x08, 0x62, 0x08, 
0x62, 0x08, 0x62, 0x08, 0x62, 0x08, 0x62, 0x08, 0x62, 0x08, 0x62, 0x08, 0x62, 0x08, 0x62, 0x08, 
0x62, 0x08, 0x62, 0x08, 0x62, 0x08, 0x62, 0x08, 0x62, 0x08, 0x62, 0x08, 0x62, 0x08, 0x62, 0x08, 
0x62, 0x08, 0x62, 0x08, 0x62, 0x08, 0x62, 0x08, 0x62, 0x08, 0x62, 0x08, 0x62, 0x08, 0x62, 0x08, 
0x62, 0x08, 0x62, 0x08, 0x62, 0x08, 0x62, 0x08, 0x62, 0x08, 0x62, 0x08, 0x62, 0x08, 0x62, 0x08, 
0x62, 0x08, 0x62, 0x08, 0x62, 0x08, 0x42, 0x08, 0x62, 0x08, 0x62, 0x08, 0x62, 0x08, 0x62, 0x08, 
0x62, 0x08, 0x62, 0x08, 0x62, 0x08, 0x62, 0x08, 0x62, 0x08, 0x62, 0x08, 0x62, 0x08, 0x62, 0x08, 
0x62, 0x08, 0x62, 0x08, 0x62, 0x08, 0x62, 0x08, 0x62, 0x08, 0x62, 0x08, 0x62, 0x08, 0x62, 0x08, 
0x62, 0x08, 0x62, 0x08, 0x62, 0x08, 0x62, 0x08, 0x62, 0x08, 0x62, 0x08, 0x62, 0x08, 0x62, 0x08, 
0x62, 0x08, 0x62, 0x08, 0x62, 0x08, 0x62, 0x08, 0x62, 0x08, 0x42, 0x08, 0x62, 0x08, 0x62, 0x08, 
0x62, 0x08, 0x62, 0x08, 0x62, 0x08, 0x62, 0x08, 0x62, 0x08, 0x62, 0x08, 0x62, 0x08, 0x62, 0x08, 
0x62, 0x08, 0x62, 0x08, 0x62, 0x08, 0x62, 0x08, 0x62, 0x08, 0x62, 0x08, 0x62, 0x08, 0x62, 0x08, 
0x62, 0x08, 0x62, 0x08, 0x62, 0x08, 0x62, 0x08, 0x62, 0x08, 0x62, 0x08, 0x62, 0x08, 0x62, 0x08, 
0x62, 0x08, 0x62, 0x08, 0x62, 0x08, 0x62, 0x08, 0x62, 0x08, 0x62, 0x08, 0x62, 0x08, 0x62, 0x08, 
0x62, 0x08, 0x62, 0x08, 0x62, 0x08, 0x62, 0x08, 0x62, 0x08, 0x62, 0x08, 0x62, 0x08, 0x62, 0x08, 
0x62, 0x08, 0x62, 0x08, 0x62, 0x08, 0x62, 0x08, 0x62, 0x08, 0x62, 0x08, 0x62, 0x08, 0x62, 0x08, 
0x62, 0x08, 0x62, 0x08, 0x62, 0x08, 0x62, 0x08, 0x62, 0x08, 0x62, 0x08, 0x62, 0x08, 0x62, 0x08, 
0x62, 0x08, 0x62, 0x08, 0x62, 0x08, 0x62, 0x08, 0x62, 0x08, 0x62, 0x08, 0x62, 0x08, 0x62, 0x08, 
0x62, 0x08, 0x62, 0x08, 0x62, 0x08, 0x62, 0x08, 0x62, 0x08, 0x62, 0x08, 0x62, 0x08, 0x62, 0x08, 
0x62, 0x08, 0x62, 0x08, 0x62, 0x08, 0x62, 0x08, 0x62, 0x08, 0x62, 0x08, 0x62, 0x08, 0x62, 0x08, 
0x62, 0x08, 0x62, 0x08, 0x62, 0x08, 0x62, 0x08, 0x62, 0x08, 0x62, 0x08, 0x62, 0x08, 0x62, 0x08, 
0x62, 0x08, 0x62, 0x08, 0x62, 0x08, 0x62, 0x08, 0x62, 0x08, 0x62, 0x08, 0x62, 0x08, 0x62, 0x08, 
0x62, 0x08, 0x62, 0x08, 0x62, 0x08, 0x62, 0x08, 0x62, 0x08, 0x62, 0x08, 0x62, 0x08, 0x62, 0x08, 
0x62, 0x08, 0x62, 0x08, 0x62, 0x08, 0x62, 0x08, 0x62, 0x08, 0x62, 0x08, 0x62, 0x08, 0x62, 0x08, 
0x62, 0x08, 0x62, 0x08, 0x62, 0x08, 0x62, 0x08, 0x62, 0x08, 0x62, 0x08, 0x62, 0x08, 0x62, 0x08, 
0x62, 0x08, 0x62, 0x08, 0x62, 0x08, 0x62, 0x08, 0x62, 0x08, 0x62, 0x08, 0x62, 0x08, 0x62, 0x08, 
0x62, 0x08, 0x62, 0x08, 0x62, 0x08, 0x62, 0x08, 0x62, 0x08, 0x62, 0x08, 0x62, 0x08, 0x62, 0x08, 
0x62, 0x08, 0x62, 0x08, 0x62, 0x08, 0x62, 0x08, 0x62, 0x08, 0x62, 0x08, 0x62, 0x08, 0x62, 0x08, 
0x62, 0x08, 0x62, 0x08, 0x62, 0x08, 0x62, 0x08, 0x62, 0x08, 0x62, 0x08, 0x62, 0x08, 0x62, 0x08, 
0x62, 0x08, 0x62, 0x08, 0x62, 0x08, 0x62, 0x08, 0x62, 0x08, 0x62, 0x08, 0x62, 0x08, 0x62, 0x08, 
0x62, 0x08, 0x62, 0x08, 0x62, 0x08, 0x62, 0x08, 0x62, 0x08, 0x62, 0x08, 0x62, 0x08, 0x62, 0x08, 
0x62, 0x08, 0x62, 0x08, 0x62, 0x08, 0x62, 0x08, 0x62, 0x08, 0x62, 0x08, 0x62, 0x08, 0x62, 0x08, 
0x62, 0x08, 0x62, 0x08, 0x62, 0x08, 0x62, 0x08, 0x62, 0x08, 0x62, 0x08, 0x62, 0x08, 0x62, 0x08, 
0x62, 0x08, 0x62, 0x08, 0x62, 0x08, 0x62, 0x08, 0x62, 0x08, 0x62, 0x08, 0x62, 0x08, 0x62, 0x08, 
0x62, 0x08, 0x62, 0x08, 0x62, 0x08, 0x62, 0x08, 0x62, 0x08, 0x62, 0x08, 0x62, 0x08, 0x62, 0x08, 
0x62, 0x08, 0x62, 0x08, 0x62, 0x08, 0x62, 0x08, 0x62, 0x08, 0x62, 0x08, 0x62, 0x08, 0x62, 0x08, 
0x62, 0x08, 0x62, 0x08, 0x62, 0x08, 0x62, 0x08, 0x62, 0x08, 0x62, 0x08, 0x62, 0x08, 0x62, 0x08, 
0x62, 0x08, 0x62, 0x08, 0x42, 0x08, 0x62, 0x08, 0x62, 0x08, 0x62, 0x08, 0x62, 0x08, 0x62, 0x08, 
0x62, 0x08, 0x62, 0x08, 0x62, 0x08, 0x62, 0x08, 0x62, 0x08, 0x62, 0x08, 0x62, 0x08, 0x62, 0x08, 
0x62, 0x08, 0x62, 0x08, 0x62, 0x08, 0x62, 0x08, 0x62, 0x08, 0x62, 0x08, 0x62, 0x08, 0x62, 0x08, 
0x62, 0x08, 0x62, 0x08, 0x62, 0x08, 0x62, 0x08, 0x62, 0x08, 0x62, 0x08, 0x62, 0x08, 0x62, 0x08, 
0x62, 0x08, 0x62, 0x08, 0x62, 0x08, 0x62, 0x08, 0x62, 0x08, 0x62, 0x08, 0x62, 0x08, 0x62, 0x08, 
0x62, 0x08, 0x62, 0x08, 0x62, 0x08, 0x62, 0x08, 0x62, 0x08, 0x62, 0x08, 0x62, 0x08, 0x62, 0x08, 
0x62, 0x08, 0x62, 0x08, 0x62, 0x08, 0x62, 0x08, 0x62, 0x08, 0x62, 0x08, 0x62, 0x08, 0x62, 0x08, 
0x62, 0x08, 0x62, 0x08, 0x62, 0x08, 0x62, 0x08, 0x62, 0x08, 0x62, 0x08, 0x62, 0x08, 0x62, 0x08, 
0x62, 0x08, 0x62, 0x08, 0x62, 0x08, 0x62, 0x08, 0x62, 0x08, 0x62, 0x08, 0x62, 0x08, 0x62, 0x08, 
0x62, 0x08, 0x62, 0x08, 0x42, 0x08, 0x62, 0x08, 0x62, 0x08, 0x62, 0x08, 0x62, 0x08, 0x62, 0x08, 
0x62, 0x08, 0x62, 0x08, 0x62, 0x08, 0x62, 0x08, 0x62, 0x08, 0x62, 0x08, 0x62, 0x08, 0x62, 0x08, 
0x62, 0x08, 0x62, 0x08, 0x62, 0x08, 0x62, 0x08, 0x62, 0x08, 0x62, 0x08, 0x62, 0x08, 0x42, 0x08, 
0x62, 0x08, 0x62, 0x08, 0x62, 0x08, 0x62, 0x08, 0x62, 0x08, 0x62, 0x08, 0x62, 0x08, 0x62, 0x08, 
0x42, 0x08, 0x62, 0x08, 0x62, 0x08, 0x62, 0x08, 0x62, 0x08, 0x62, 0x08, 0x62, 0x08, 0x62, 0x08, 
0x62, 0x08, 0x62, 0x08, 0x42, 0x08, 0x62, 0x08, 0x62, 0x08, 0x62, 0x08, 0x62, 0x08, 0x62, 0x08, 
0x62, 0x08, 0x62, 0x08, 0x62, 0x08, 0x62, 0x08, 0x62, 0x08, 0x62, 0x08, 0x62, 0x08, 0x62, 0x08, 
0x62, 0x08, 0x62, 0x08, 0x62, 0x08, 0x62, 0x08, 0x62, 0x08, 0x62, 0x08, 0x62, 0x08, 0x62, 0x08, 
0x62, 0x08, 0x62, 0x08, 0x62, 0x08, 0x62, 0x08, 0x62, 0x08, 0x62, 0x08, 0x62, 0x08, 0x62, 0x08, 
0x62, 0x08, 0x62, 0x08, 0x62, 0x08, 0x62, 0x08, 0x62, 0x08, 0x62, 0x08, 0x62, 0x08, 0x62, 0x08, 
0x62, 0x08, 0x62, 0x08, 0x62, 0x08, 0x62, 0x08, 0x62, 0x08, 0x62, 0x08, 0x62, 0x08, 0x62, 0x08, 
0x62, 0x08, 0x62, 0x08, 0x62, 0x08, 0x62, 0x08, 0x62, 0x08, 0x62, 0x08, 0x62, 0x08, 0x62, 0x08, 
0x62, 0x08, 0x62, 0x08, 0x62, 0x08, 0x62, 0x08, 0x62, 0x08, 0x62, 0x08, 0x62, 0x08, 0x62, 0x08, 
0x62, 0x08, 0x62, 0x08, 0x62, 0x08, 0x62, 0x08, 0x62, 0x08, 0x62, 0x08, 0x62, 0x08, 0x62, 0x08, 
0x62, 0x08, 0x62, 0x08, 0x62, 0x08, 0x62, 0x08, 0x62, 0x08, 0x62, 0x08, 0x62, 0x08, 0x62, 0x08, 
0x62, 0x08, 0x62, 0x08, 0x62, 0x08, 0x62, 0x08, 0x62, 0x08, 0x62, 0x08, 0x62, 0x08, 0x62, 0x08, 
0x62, 0x08, 0x62, 0x08, 0x62, 0x08, 0x62, 0x08, 0x62, 0x08, 0x62, 0x08, 0x62, 0x08, 0x62, 0x08, 
0x62, 0x08, 0x62, 0x08, 0x62, 0x08, 0x62, 0x08, 0x62, 0x08, 0x62, 0x08, 0x62, 0x08, 0x62, 0x08, 
0x62, 0x08, 0x62, 0x08, 0x62, 0x08, 0x62, 0x08, 0x62, 0x08, 0x62, 0x08, 0x62, 0x08, 0x62, 0x08, 
0x62, 0x08, 0x62, 0x08, 0x62, 0x08, 0x62, 0x08, 0x62, 0x08, 0x62, 0x08, 0x62, 0x08, 0x62, 0x08, 
0x62, 0x08, 0x62, 0x08, 0x62, 0x08, 0x62, 0x08, 0x62, 0x08, 0x62, 0x08, 0x62, 0x08, 0x62, 0x08, 
0x62, 0x08, 0x62, 0x08, 0x62, 0x08, 0x62, 0x08, 0x62, 0x08, 0x62, 0x08, 0x62, 0x08, 0x62, 0x08, 
0x62, 0x08, 0x62, 0x08, 0x62, 0x08, 0x62, 0x08, 0x62, 0x08, 0x62, 0x08, 0x62, 0x08, 0x62, 0x08, 
0x62, 0x08, 0x62, 0x08, 0x62, 0x08, 0x62, 0x08, 0x62, 0x08, 0x62, 0x08, 0x62, 0x08, 0x62, 0x08, 
0x62, 0x08, 0x62, 0x08, 0x62, 0x08, 0x62, 0x08, 0x62, 0x08, 0x62, 0x08, 0x62, 0x08, 0x62, 0x08, 
0x62, 0x08, 0x62, 0x08, 0x62, 0x08, 0x62, 0x08, 0x62, 0x08, 0x62, 0x08, 0x62, 0x08, 0x62, 0x08, 
0x62, 0x08, 0x62, 0x08, 0x62, 0x08, 0x62, 0x08, 0x62, 0x08, 0x62, 0x08, 0x62, 0x08, 0x62, 0x08, 
0x62, 0x08, 0x62, 0x08, 0x62, 0x08, 0x62, 0x08, 0x62, 0x08, 0x62, 0x08, 0x62, 0x08, 0x62, 0x08, 
0x62, 0x08, 0x62, 0x08, 0x62, 0x08, 0x62, 0x08, 0x62, 0x08, 0x62, 0x08, 0x62, 0x08, 0x62, 0x08, 
0x62, 0x08, 0x62, 0x08, 0x62, 0x08, 0x62, 0x08, 0x62, 0x08, 0x62, 0x08, 0x62, 0x08, 0x62, 0x08, 
0x62, 0x08, 0x62, 0x08, 0x62, 0x08, 0x62, 0x08, 0x62, 0x08, 0x62, 0x08, 0x62, 0x08, 0x62, 0x08, 
0x62, 0x08, 0x62, 0x08, 0x42, 0x08, 0x62, 0x08, 0x62, 0x08, 0x62, 0x08, 0x62, 0x08, 0x62, 0x08, 
0x62, 0x08, 0x62, 0x08, 0x62, 0x08, 0x62, 0x08, 0x62, 0x08, 0x62, 0x08, 0x62, 0x08, 0x62, 0x08, 
0x62, 0x08, 0x62, 0x08, 0x62, 0x08, 0x62, 0x08, 0x62, 0x08, 0x62, 0x08, 0x62, 0x08, 0x62, 0x08, 
0x62, 0x08, 0x42, 0x08, 0x62, 0x08, 0x62, 0x08, 0x62, 0x08, 0x62, 0x08, 0x62, 0x08, 0x62, 0x08, 
0x62, 0x08, 0x62, 0x08, 0x62, 0x08, 0x62, 0x08, 0x62, 0x08, 0x62, 0x08, 0x62, 0x08, 0x62, 0x08, 
0x62, 0x08, 0x62, 0x08, 0x62, 0x08, 0x62, 0x08, 0x62, 0x08, 0x62, 0x08, 0x62, 0x08, 0x62, 0x08, 
0x62, 0x08, 0x62, 0x08, 0x62, 0x08, 0x62, 0x08, 0x62, 0x08, 0x62, 0x08, 0x62, 0x08, 0x62, 0x08, 
0x62, 0x08, 0x62, 0x08, 0x62, 0x08, 0x62, 0x08, 0x62, 0x08, 0x62, 0x08, 0x62, 0x08, 0x62, 0x08, 
0x62, 0x08, 0x62, 0x08, 0x62, 0x08, 0x62, 0x08, 0x62, 0x08, 0x62, 0x08, 0x62, 0x08, 0x62, 0x08, 
0x62, 0x08, 0x62, 0x08, 0x62, 0x08, 0x62, 0x08, 0x62, 0x08, 0x62, 0x08, 0x62, 0x08, 0x62, 0x08, 
0x62, 0x08, 0x62, 0x08, 0x62, 0x08, 0x62, 0x08, 0x62, 0x08, 0x62, 0x08, 0x62, 0x08, 0x62, 0x08, 
0x62, 0x08, 0x62, 0x08, 0x62, 0x08, 0x62, 0x08, 0x62, 0x08, 0x62, 0x08, 0x62, 0x08, 0x62, 0x08, 
0x62, 0x08, 0x62, 0x08, 0x42, 0x08, 0x62, 0x08, 0x62, 0x08, 0x62, 0x08, 0x62, 0x08, 0x62, 0x08, 
0x62, 0x08, 0x62, 0x08, 0x62, 0x08, 0x62, 0x08, 0x62, 0x08, 0x62, 0x08, 0x62, 0x08, 0x62, 0x08, 
0x62, 0x08, 0x62, 0x08, 0x62, 0x08, 0x62, 0x08, 0x62, 0x08, 0x62, 0x08, 0x62, 0x08, 0x62, 0x08, 
0x62, 0x08, 0x62, 0x08, 0x62, 0x08, 0x62, 0x08, 0x62, 0x08, 0x62, 0x08, 0x62, 0x08, 0x62, 0x08, 
0x62, 0x08, 0x62, 0x08, 0x62, 0x08, 0x62, 0x08, 0x62, 0x08, 0x62, 0x08, 0x62, 0x08, 0x62, 0x08, 
0x62, 0x08, 0x62, 0x08, 0x62, 0x08, 0x62, 0x08, 0x62, 0x08, 0x62, 0x08, 0x62, 0x08, 0x62, 0x08, 
0x62, 0x08, 0x62, 0x08, 0x62, 0x08, 0x62, 0x08, 0x62, 0x08, 0x62, 0x08, 0x62, 0x08, 0x62, 0x08, 
0x62, 0x08, 0x62, 0x08, 0x62, 0x08, 0x62, 0x08, 0x62, 0x08, 0x62, 0x08, 0x62, 0x08, 0x62, 0x08, 
0x62, 0x08, 0x62, 0x08, 0x62, 0x08, 0x62, 0x08, 0x62, 0x08, 0x62, 0x08, 0x62, 0x08, 0x62, 0x08, 
0x62, 0x08, 0x62, 0x08, 0x62, 0x08, 0x62, 0x08, 0x62, 0x08, 0x62, 0x08, 0x62, 0x08, 0x62, 0x08, 
0x62, 0x08, 0x62, 0x08, 0x62, 0x08, 0x62, 0x08, 0x62, 0x08, 0x62, 0x08, 0x62, 0x08, 0x62, 0x08, 
0x62, 0x08, 0x62, 0x08, 0x62, 0x08, 0x62, 0x08, 0x62, 0x08, 0x62, 0x08, 0x62, 0x08, 0x62, 0x08, 
0x62, 0x08, 0x62, 0x08, 0x62, 0x08, 0x62, 0x08, 0x62, 0x08, 0x62, 0x08, 0x62, 0x08, 0x62, 0x08, 
0x62, 0x08, 0x62, 0x08, 0x62, 0x08, 0x62, 0x08, 0x62, 0x08, 0x62, 0x08, 0x62, 0x08, 0x62, 0x08, 
0x62, 0x08, 0x62, 0x08, 0x62, 0x08, 0x62, 0x08, 0x62, 0x08, 0x62, 0x08, 0x62, 0x08, 0x62, 0x08, 
0x62, 0x08, 0x62, 0x08, 0x62, 0x08, 0x62, 0x08, 0x62, 0x08, 0x62, 0x08, 0x62, 0x08, 0x62, 0x08, 
0x62, 0x08, 0x62, 0x08, 0x62, 0x08, 0x62, 0x08, 0x62, 0x08, 0x62, 0x08, 0x62, 0x08, 0x62, 0x08, 
0x62, 0x08, 0x62, 0x08, 0x62, 0x08, 0x62, 0x08, 0x62, 0x08, 0x62, 0x08, 0x62, 0x08, 0x62, 0x08, 
0x62, 0x08, 0x62, 0x08, 0x62, 0x08, 0x62, 0x08, 0x62, 0x08, 0x62, 0x08, 0x62, 0x08, 0x62, 0x08, 
0x62, 0x08, 0x62, 0x08, 0x62, 0x08, 0x62, 0x08, 0x62, 0x08, 0x62, 0x08, 0x62, 0x08, 0x62, 0x08, 
0x62, 0x08, 0x62, 0x08, 0x62, 0x08, 0x62, 0x08, 0x62, 0x08, 0x62, 0x08, 0x62, 0x08, 0x62, 0x08, 
0x62, 0x08, 0x62, 0x08, 0x62, 0x08, 0x62, 0x08, 0x62, 0x08, 0x62, 0x08, 0x62, 0x08, 0x62, 0x08, 
0x62, 0x08, 0x62, 0x08, 0x62, 0x08, 0x62, 0x08, 0x62, 0x08, 0x62, 0x08, 0x62, 0x08, 0x62, 0x08, 
0x62, 0x08, 0x62, 0x08, 0x62, 0x08, 0x62, 0x08, 0x62, 0x08, 0x62, 0x08, 0x62, 0x08, 0x62, 0x08, 
0x62, 0x08, 0x62, 0x08, 0x62, 0x08, 0x62, 0x08, 0x62, 0x08, 0x62, 0x08, 0x62, 0x08, 0x62, 0x08, 
0x62, 0x08, 0x62, 0x08, 0x62, 0x08, 0x62, 0x08, 0x62, 0x08, 0x62, 0x08, 0x62, 0x08, 0x62, 0x08, 
0x62, 0x08, 0x62, 0x08, 0x62, 0x08, 0x62, 0x08, 0x62, 0x08, 0x62, 0x08, 0x62, 0x08, 0x62, 0x08, 
0x62, 0x08, 0x62, 0x08, 0x62, 0x08, 0x62, 0x08, 0x62, 0x08, 0x62, 0x08, 0x62, 0x08, 0x62, 0x08, 
0x62, 0x08, 0x62, 0x08, 0x62, 0x08, 0x62, 0x08, 0x62, 0x08, 0x62, 0x08, 0x62, 0x08, 0x62, 0x08, 
0x62, 0x08, 0x62, 0x08, 0x62, 0x08, 0x62, 0x08, 0x62, 0x08, 0x62, 0x08, 0x62, 0x08, 0x42, 0x08, 
0x62, 0x08, 0x62, 0x08, 0x62, 0x08, 0x62, 0x08, 0x62, 0x08, 0x62, 0x08, 0x62, 0x08, 0x62, 0x08, 
0x62, 0x08, 0x62, 0x08, 0x62, 0x08, 0x62, 0x08, 0x62, 0x08, 0x62, 0x08, 0x62, 0x08, 0x62, 0x08, 
0x62, 0x08, 0x62, 0x08, 0x62, 0x08, 0x62, 0x08, 0x62, 0x08, 0x62, 0x08, 0x62, 0x08, 0x62, 0x08, 
0x62, 0x08, 0x62, 0x08, 0x62, 0x08, 0x62, 0x08, 0x62, 0x08, 0x62, 0x08, 0x62, 0x08, 0x62, 0x08, 
0x62, 0x08, 0x62, 0x08, 0x62, 0x08, 0x62, 0x08, 0x62, 0x08, 0x62, 0x08, 0x62, 0x08, 0x62, 0x08, 
0x62, 0x08, 0x62, 0x08, 0x62, 0x08, 0x62, 0x08, 0x62, 0x08, 0x62, 0x08, 0x62, 0x08, 0x62, 0x08, 
0x62, 0x08, 0x62, 0x08, 0x62, 0x08, 0x62, 0x08, 0x62, 0x08, 0x62, 0x08, 0x62, 0x08, 0x62, 0x08, 
0x62, 0x08, 0x62, 0x08, 0x62, 0x08, 0x62, 0x08, 0x62, 0x08, 0x62, 0x08, 0x62, 0x08, 0x62, 0x08, 
0x62, 0x08, 0x62, 0x08, 0x62, 0x08, 0x62, 0x08, 0x62, 0x08, 0x62, 0x08, 0x62, 0x08, 0x62, 0x08, 
0x62, 0x08, 0x62, 0x08, 0x62, 0x08, 0x62, 0x08, 0x62, 0x08, 0x62, 0x08, 0x62, 0x08, 0x62, 0x08, 
0x62, 0x08, 0x62, 0x08, 0x62, 0x08, 0x62, 0x08, 0x62, 0x08, 0x62, 0x08, 0x62, 0x08, 0x62, 0x08, 
0x62, 0x08, 0x62, 0x08, 0x62, 0x08, 0x62, 0x08, 0x62, 0x08, 0x62, 0x08, 0x62, 0x08, 0x62, 0x08, 
0x62, 0x08, 0x62, 0x08, 0x62, 0x08, 0x62, 0x08, 0x62, 0x08, 0x62, 0x08, 0x62, 0x08, 0x62, 0x08, 
0x62, 0x08, 0x62, 0x08, 0x62, 0x08, 0x62, 0x08, 0x62, 0x08, 0x62, 0x08, 0x62, 0x08, 0x62, 0x08, 
0x62, 0x08, 0x62, 0x08, 0x62, 0x08, 0x62, 0x08, 0x62, 0x08, 0x62, 0x08, 0x62, 0x08, 0x62, 0x08, 
0x62, 0x08, 0x62, 0x08, 0x62, 0x08, 0x62, 0x08, 0x62, 0x08, 0x62, 0x08, 0x62, 0x08, 0x62, 0x08, 
0x62, 0x08, 0x62, 0x08, 0x62, 0x08, 0x62, 0x08, 0x62, 0x08, 0x62, 0x08, 0x62, 0x08, 0x62, 0x08, 
0x62, 0x08, 0x62, 0x08, 0x62, 0x08, 0x62, 0x08, 0x62, 0x08, 0x62, 0x08, 0x62, 0x08, 0x62, 0x08, 
0x62, 0x08, 0x62, 0x08, 0x62, 0x08, 0x62, 0x08, 0x42, 0x08, 0x62, 0x08, 0x62, 0x08, 0x62, 0x08, 
0x62, 0x08, 0x62, 0x08, 0x62, 0x08, 0x62, 0x08, 0x62, 0x08, 0x62, 0x08, 0x62, 0x08, 0x62, 0x08, 
0x62, 0x08, 0x62, 0x08, 0x62, 0x08, 0x62, 0x08, 0x62, 0x08, 0x62, 0x08, 0x62, 0x08, 0x62, 0x08, 
0x62, 0x08, 0x62, 0x08, 0x62, 0x08, 0x62, 0x08, 0x62, 0x08, 0x62, 0x08, 0x62, 0x08, 0x62, 0x08, 
0x62, 0x08, 0x62, 0x08, 0x62, 0x08, 0x62, 0x08, 0x62, 0x08, 0x62, 0x08, 0x62, 0x08, 0x62, 0x08, 
0x62, 0x08, 0x62, 0x08, 0x62, 0x08, 0x62, 0x08, 0x62, 0x08, 0x62, 0x08, 0x62, 0x08, 0x62, 0x08, 
0x62, 0x08, 0x62, 0x08, 0x62, 0x08, 0x62, 0x08, 0x62, 0x08, 0x62, 0x08, 0x62, 0x08, 0x62, 0x08, 
0x62, 0x08, 0x62, 0x08, 0x62, 0x08, 0x62, 0x08, 0x62, 0x08, 0x62, 0x08, 0x62, 0x08, 0x62, 0x08, 
0x62, 0x08, 0x62, 0x08, 0x62, 0x08, 0x62, 0x08, 0x62, 0x08, 0x62, 0x08, 0x62, 0x08, 0x62, 0x08, 
0x62, 0x08, 0x62, 0x08, 0x62, 0x08, 0x62, 0x08, 0x62, 0x08, 0x62, 0x08, 0x62, 0x08, 0x62, 0x08, 
0x62, 0x08, 0x62, 0x08, 0x62, 0x08, 0x62, 0x08, 0x62, 0x08, 0x62, 0x08, 0x62, 0x08, 0x62, 0x08, 
0x62, 0x08, 0x62, 0x08, 0x62, 0x08, 0x62, 0x08, 0x62, 0x08, 0x62, 0x08, 0x62, 0x08, 0x62, 0x08, 
0x62, 0x08, 0x62, 0x08, 0x62, 0x08, 0x62, 0x08, 0x62, 0x08, 0x62, 0x08, 0x62, 0x08, 0x62, 0x08, 
0x62, 0x08, 0x62, 0x08, 0x62, 0x08, 0x62, 0x08, 0x62, 0x08, 0x62, 0x08, 0x62, 0x08, 0x62, 0x08, 
0x62, 0x08, 0x62, 0x08, 0x62, 0x08, 0x62, 0x08, 0x62, 0x08, 0x62, 0x08, 0x62, 0x08, 0x62, 0x08, 
0x62, 0x08, 0x62, 0x08, 0x62, 0x08, 0x62, 0x08, 0x62, 0x08, 0x62, 0x08, 0x62, 0x08, 0x62, 0x08, 
0x62, 0x08, 0x62, 0x08, 0x62, 0x08, 0x62, 0x08, 0x62, 0x08, 0x62, 0x08, 0x62, 0x08, 0x62, 0x08, 
0x62, 0x08, 0x62, 0x08, 0x62, 0x08, 0x62, 0x08, 0x62, 0x08, 0x62, 0x08, 0x62, 0x08, 0x62, 0x08, 
0x62, 0x08, 0x62, 0x08, 0x62, 0x08, 0x62, 0x08, 0x62, 0x08, 0x62, 0x08, 0x62, 0x08, 0x62, 0x08, 
0x62, 0x08, 0x42, 0x08, 0x62, 0x08, 0x62, 0x08, 0x42, 0x08, 0x42, 0x08, 0x62, 0x08, 0x62, 0x08, 
0x62, 0x08, 0x62, 0x08, 0x62, 0x08, 0x62, 0x08, 0x62, 0x08, 0x62, 0x08, 0x62, 0x08, 0x62, 0x08, 
0x62, 0x08, 0x62, 0x08, 0x62, 0x08, 0x62, 0x08, 0x62, 0x08, 0x62, 0x08, 0x62, 0x08, 0x62, 0x08, 
0x62, 0x08, 0x62, 0x08, 0x42, 0x08, 0x62, 0x08, 0x62, 0x08, 0x62, 0x08, 0x62, 0x08, 0x62, 0x08, 
0x62, 0x08, 0x62, 0x08, 0x62, 0x08, 0x62, 0x08, 0x62, 0x08, 0x62, 0x08, 0x62, 0x08, 0x62, 0x08, 
0x62, 0x08, 0x62, 0x08, 0x62, 0x08, 0x62, 0x08, 0x62, 0x08, 0x62, 0x08, 0x62, 0x08, 0x62, 0x08, 
0x62, 0x08, 0x62, 0x08, 0x42, 0x08, 0x42, 0x08, 0x62, 0x08, 0x62, 0x08, 0x62, 0x08, 0x62, 0x08, 
0x62, 0x08, 0x62, 0x08, 0x62, 0x08, 0x62, 0x08, 0x62, 0x08, 0x62, 0x08, 0x62, 0x08, 0x62, 0x08, 
0x62, 0x08, 0x62, 0x08, 0x62, 0x08, 0x62, 0x08, 0x62, 0x08, 0x62, 0x08, 0x62, 0x08, 0x62, 0x08, 
0x62, 0x08, 0x62, 0x08, 0x62, 0x08, 0x62, 0x08, 0x62, 0x08, 0x62, 0x08, 0x62, 0x08, 0x62, 0x08, 
0x62, 0x08, 0x62, 0x08, 0x62, 0x08, 0x62, 0x08, 0x62, 0x08, 0x62, 0x08, 0x62, 0x08, 0x62, 0x08, 
0x62, 0x08, 0x62, 0x08, 0x62, 0x08, 0x62, 0x08, 0x62, 0x08, 0x62, 0x08, 0x62, 0x08, 0x62, 0x08, 
0x62, 0x08, 0x62, 0x08, 0x62, 0x08, 0x62, 0x08, 0x62, 0x08, 0x62, 0x08, 0x62, 0x08, 0x62, 0x08, 
0x62, 0x08, 0x62, 0x08, 0x62, 0x08, 0x62, 0x08, 0x62, 0x08, 0x62, 0x08, 0x62, 0x08, 0x62, 0x08, 
0x62, 0x08, 0x62, 0x08, 0x62, 0x08, 0x62, 0x08, 0x62, 0x08, 0x62, 0x08, 0x62, 0x08, 0x62, 0x08, 
0x62, 0x08, 0x62, 0x08, 0x62, 0x08, 0x62, 0x08, 0x62, 0x08, 0x62, 0x08, 0x62, 0x08, 0x62, 0x08, 
0x62, 0x08, 0x62, 0x08, 0x62, 0x08, 0x62, 0x08, 0x62, 0x08, 0x62, 0x08, 0x62, 0x08, 0x62, 0x08, 
0x62, 0x08, 0x62, 0x08, 0x62, 0x08, 0x62, 0x08, 0x62, 0x08, 0x62, 0x08, 0x62, 0x08, 0x62, 0x08, 
0x62, 0x08, 0x62, 0x08, 0x62, 0x08, 0x62, 0x08, 0x62, 0x08, 0x62, 0x08, 0x62, 0x08, 0x62, 0x08, 
0x62, 0x08, 0x62, 0x08, 0x62, 0x08, 0x62, 0x08, 0x62, 0x08, 0x62, 0x08, 0x62, 0x08, 0x62, 0x08, 
0x62, 0x08, 0x62, 0x08, 0x42, 0x08, 0x42, 0x08, 0x42, 0x08, 0x62, 0x08, 0x62, 0x08, 0x62, 0x08, 
0x62, 0x08, 0x62, 0x08, 0x62, 0x08, 0x62, 0x08, 0x62, 0x08, 0x62, 0x08, 0x62, 0x08, 0x62, 0x08, 
0x62, 0x08, 0x62, 0x08, 0x62, 0x08, 0x62, 0x08, 0x42, 0x08, 0x42, 0x08, 0x62, 0x08, 0x62, 0x08, 
0x62, 0x08, 0x62, 0x08, 0x62, 0x08, 0x62, 0x08, 0x62, 0x08, 0x62, 0x08, 0x62, 0x08, 0x62, 0x08, 
0x62, 0x08, 0x62, 0x08, 0x62, 0x08, 0x62, 0x08, 0x62, 0x08, 0x62, 0x08, 0x62, 0x08, 0x62, 0x08, 
0x62, 0x08, 0x62, 0x08, 0x62, 0x08, 0x62, 0x08, 0x62, 0x08, 0x62, 0x08, 0x62, 0x08, 0x62, 0x08, 
0x62, 0x08, 0x62, 0x08, 0x42, 0x08, 0x62, 0x08, 0x62, 0x08, 0x62, 0x08, 0x62, 0x08, 0x62, 0x08, 
0x62, 0x08, 0x62, 0x08, 0x62, 0x08, 0x62, 0x08, 0x62, 0x08, 0x62, 0x08, 0x62, 0x08, 0x62, 0x08, 
0x62, 0x08, 0x62, 0x08, 0x62, 0x08, 0x62, 0x08, 0x62, 0x08, 0x62, 0x08, 0x62, 0x08, 0x62, 0x08, 
0x62, 0x08, 0x62, 0x08, 0x62, 0x08, 0x62, 0x08, 0x62, 0x08, 0x62, 0x08, 0x62, 0x08, 0x62, 0x08, 
0x62, 0x08, 0x62, 0x08, 0x62, 0x08, 0x62, 0x08, 0x62, 0x08, 0x62, 0x08, 0x62, 0x08, 0x62, 0x08, 
0x62, 0x08, 0x62, 0x08, 0x62, 0x08, 0x62, 0x08, 0x62, 0x08, 0x62, 0x08, 0x62, 0x08, 0x62, 0x08, 
0x62, 0x08, 0x62, 0x08, 0x62, 0x08, 0x62, 0x08, 0x62, 0x08, 0x62, 0x08, 0x62, 0x08, 0x62, 0x08, 
0x62, 0x08, 0x62, 0x08, 0x62, 0x08, 0x62, 0x08, 0x62, 0x08, 0x62, 0x08, 0x62, 0x08, 0x62, 0x08, 
0x62, 0x08, 0x62, 0x08, 0x62, 0x08, 0x62, 0x08, 0x62, 0x08, 0x62, 0x08, 0x62, 0x08, 0x62, 0x08, 
0x62, 0x08, 0x62, 0x08, 0x62, 0x08, 0x62, 0x08, 0x62, 0x08, 0x62, 0x08, 0x62, 0x08, 0x62, 0x08, 
0x62, 0x08, 0x62, 0x08, 0x62, 0x08, 0x62, 0x08, 0x62, 0x08, 0x62, 0x08, 0x62, 0x08, 0x62, 0x08, 
0x62, 0x08, 0x62, 0x08, 0x62, 0x08, 0x62, 0x08, 0x62, 0x08, 0x62, 0x08, 0x62, 0x08, 0x62, 0x08, 
0x62, 0x08, 0x62, 0x08, 0x62, 0x08, 0x62, 0x08, 0x62, 0x08, 0x62, 0x08, 0x62, 0x08, 0x62, 0x08, 
0x62, 0x08, 0x62, 0x08, 0x62, 0x08, 0x42, 0x08, 0x62, 0x08, 0x62, 0x08, 0x62, 0x08, 0x62, 0x08, 
0x62, 0x08, 0x62, 0x08, 0x62, 0x08, 0x62, 0x08, 0x62, 0x08, 0x62, 0x08, 0x62, 0x08, 0x62, 0x08, 
0x62, 0x08, 0x62, 0x08, 0x62, 0x08, 0x62, 0x08, 0x62, 0x08, 0x62, 0x08, 0x62, 0x08, 0x62, 0x08, 
0x62, 0x08, 0x62, 0x08, 0x62, 0x08, 0x62, 0x08, 0x62, 0x08, 0x62, 0x08, 0x62, 0x08, 0x62, 0x08, 
0x62, 0x08, 0x62, 0x08, 0x62, 0x08, 0x62, 0x08, 0x62, 0x08, 0x62, 0x08, 0x62, 0x08, 0x62, 0x08, 
0x62, 0x08, 0x62, 0x08, 0x62, 0x08, 0x62, 0x08, 0x62, 0x08, 0x62, 0x08, 0x62, 0x08, 0x62, 0x08, 
0x62, 0x08, 0x62, 0x08, 0x62, 0x08, 0x62, 0x08, 0x62, 0x08, 0x62, 0x08, 0x62, 0x08, 0x62, 0x08, 
0x62, 0x08, 0x62, 0x08, 0x62, 0x08, 0x62, 0x08, 0x62, 0x08, 0x62, 0x08, 0x62, 0x08, 0x62, 0x08, 
0x62, 0x08, 0x62, 0x08, 0x62, 0x08, 0x62, 0x08, 0x62, 0x08, 0x62, 0x08, 0x62, 0x08, 0x62, 0x08, 
0x62, 0x08, 0x62, 0x08, 0x62, 0x08, 0x62, 0x08, 0x62, 0x08, 0x62, 0x08, 0x62, 0x08, 0x62, 0x08, 
0x62, 0x08, 0x62, 0x08, 0x62, 0x08, 0x62, 0x08, 0x62, 0x08, 0x62, 0x08, 0x62, 0x08, 0x62, 0x08, 
0x62, 0x08, 0x62, 0x08, 0x62, 0x08, 0x62, 0x08, 0x62, 0x08, 0x62, 0x08, 0x62, 0x08, 0x62, 0x08, 
0x62, 0x08, 0x62, 0x08, 0x62, 0x08, 0x62, 0x08, 0x62, 0x08, 0x62, 0x08, 0x62, 0x08, 0x62, 0x08, 
0x62, 0x08, 0x62, 0x08, 0x62, 0x08, 0x62, 0x08, 0x62, 0x08, 0x62, 0x08, 0x62, 0x08, 0x62, 0x08, 
0x62, 0x08, 0x42, 0x08, 0x62, 0x08, 0x42, 0x08, 0x62, 0x08, 0x62, 0x08, 0x62, 0x08, 0x62, 0x08, 
0x62, 0x08, 0x62, 0x08, 0x62, 0x08, 0x62, 0x08, 0x62, 0x08, 0x62, 0x08, 0x62, 0x08, 0x62, 0x08, 
0x62, 0x08, 0x62, 0x08, 0x62, 0x08, 0x62, 0x08, 0x62, 0x08, 0x62, 0x08, 0x62, 0x08, 0x62, 0x08, 
0x62, 0x08, 0x62, 0x08, 0x62, 0x08, 0x62, 0x08, 0x62, 0x08, 0x62, 0x08, 0x62, 0x08, 0x62, 0x08, 
0x62, 0x08, 0x62, 0x08, 0x62, 0x08, 0x62, 0x08, 0x62, 0x08, 0x62, 0x08, 0x62, 0x08, 0x62, 0x08, 
0x62, 0x08, 0x62, 0x08, 0x62, 0x08, 0x62, 0x08, 0x62, 0x08, 0x62, 0x08, 0x62, 0x08, 0x62, 0x08, 
0x62, 0x08, 0x62, 0x08, 0x62, 0x08, 0x62, 0x08, 0x62, 0x08, 0x62, 0x08, 0x62, 0x08, 0x62, 0x08, 
0x62, 0x08, 0x62, 0x08, 0x62, 0x08, 0x62, 0x08, 0x62, 0x08, 0x62, 0x08, 0x62, 0x08, 0x62, 0x08, 
0x62, 0x08, 0x62, 0x08, 0x62, 0x08, 0x62, 0x08, 0x62, 0x08, 0x62, 0x08, 0x62, 0x08, 0x62, 0x08, 
0x62, 0x08, 0x62, 0x08, 0x62, 0x08, 0x62, 0x08, 0x62, 0x08, 0x62, 0x08, 0x62, 0x08, 0x62, 0x08, 
0x62, 0x08, 0x62, 0x08, 0x62, 0x08, 0x62, 0x08, 0x62, 0x08, 0x62, 0x08, 0x62, 0x08, 0x62, 0x08, 
0x62, 0x08, 0x62, 0x08, 0x62, 0x08, 0x62, 0x08, 0x62, 0x08, 0x62, 0x08, 0x62, 0x08, 0x62, 0x08, 
0x62, 0x08, 0x62, 0x08, 0x62, 0x08, 0x62, 0x08, 0x62, 0x08, 0x62, 0x08, 0x62, 0x08, 0x62, 0x08, 
0x62, 0x08, 0x62, 0x08, 0x62, 0x08, 0x62, 0x08, 0x62, 0x08, 0x42, 0x08, 0x62, 0x08, 0x62, 0x08, 
0x62, 0x08, 0x62, 0x08, 0x62, 0x08, 0x62, 0x08, 0x42, 0x08, 0x62, 0x08, 0x62, 0x08, 0x62, 0x08, 
0x62, 0x08, 0x62, 0x08, 0x62, 0x08, 0x62, 0x08, 0x62, 0x08, 0x62, 0x08, 0x62, 0x08, 0x62, 0x08, 
0x62, 0x08, 0x62, 0x08, 0x62, 0x08, 0x62, 0x08, 0x62, 0x08, 0x62, 0x08, 0x62, 0x08, 0x62, 0x08, 
0x62, 0x08, 0x62, 0x08, 0x62, 0x08, 0x62, 0x08, 0x62, 0x08, 0x62, 0x08, 0x62, 0x08, 0x62, 0x08, 
0x62, 0x08, 0x62, 0x08, 0x62, 0x08, 0x62, 0x08, 0x62, 0x08, 0x62, 0x08, 0x62, 0x08, 0x62, 0x08, 
0x62, 0x08, 0x62, 0x08, 0x62, 0x08, 0x62, 0x08, 0x62, 0x08, 0x62, 0x08, 0x62, 0x08, 0x62, 0x08, 
0x62, 0x08, 0x62, 0x08, 0x62, 0x08, 0x62, 0x08, 0x62, 0x08, 0x62, 0x08, 0x62, 0x08, 0x62, 0x08, 
0x62, 0x08, 0x62, 0x08, 0x62, 0x08, 0x62, 0x08, 0x62, 0x08, 0x62, 0x08, 0x62, 0x08, 0x62, 0x08, 
0x62, 0x08, 0x62, 0x08, 0x62, 0x08, 0x62, 0x08, 0x62, 0x08, 0x62, 0x08, 0x62, 0x08, 0x62, 0x08, 
0x62, 0x08, 0x62, 0x08, 0x62, 0x08, 0x62, 0x08, 0x62, 0x08, 0x62, 0x08, 0x62, 0x08, 0x62, 0x08, 
0x62, 0x08, 0x62, 0x08, 0x62, 0x08, 0x62, 0x08, 0x62, 0x08, 0x62, 0x08, 0x62, 0x08, 0x62, 0x08, 
0x62, 0x08, 0x62, 0x08, 0x62, 0x08, 0x62, 0x08, 0x62, 0x08, 0x62, 0x08, 0x62, 0x08, 0x62, 0x08, 
0x62, 0x08, 0x62, 0x08, 0x62, 0x08, 0x62, 0x08, 0x62, 0x08, 0x62, 0x08, 0x62, 0x08, 0x42, 0x08, 
0x62, 0x08, 0x62, 0x08, 0x42, 0x08, 0x62, 0x08, 0x62, 0x08, 0x62, 0x08, 0x62, 0x08, 0x62, 0x08, 
0x62, 0x08, 0x62, 0x08, 0x62, 0x08, 0x62, 0x08, 0x62, 0x08, 0x62, 0x08, 0x62, 0x08, 0x62, 0x08, 
0x62, 0x08, 0x62, 0x08, 0x62, 0x08, 0x62, 0x08, 0x62, 0x08, 0x62, 0x08, 0x62, 0x08, 0x62, 0x08, 
0x42, 0x08, 0x62, 0x08, 0x62, 0x08, 0x62, 0x08, 0x62, 0x08, 0x62, 0x08, 0x62, 0x08, 0x62, 0x08, 
0x62, 0x08, 0x62, 0x08, 0x62, 0x08, 0x62, 0x08, 0x62, 0x08, 0x62, 0x08, 0x62, 0x08, 0x62, 0x08, 
0x62, 0x08, 0x62, 0x08, 0x62, 0x08, 0x62, 0x08, 0x62, 0x08, 0x62, 0x08, 0x62, 0x08, 0x62, 0x08, 
0x62, 0x08, 0x62, 0x08, 0x62, 0x08, 0x62, 0x08, 0x62, 0x08, 0x62, 0x08, 0x62, 0x08, 0x62, 0x08, 
0x62, 0x08, 0x62, 0x08, 0x62, 0x08, 0x62, 0x08, 0x62, 0x08, 0x62, 0x08, 0x62, 0x08, 0x62, 0x08, 
0x62, 0x08, 0x62, 0x08, 0x62, 0x08, 0x62, 0x08, 0x62, 0x08, 0x62, 0x08, 0x62, 0x08, 0x62, 0x08, 
0x62, 0x08, 0x62, 0x08, 0x62, 0x08, 0x62, 0x08, 0x62, 0x08, 0x62, 0x08, 0x62, 0x08, 0x62, 0x08, 
0x62, 0x08, 0x62, 0x08, 0x62, 0x08, 0x62, 0x08, 0x62, 0x08, 0x62, 0x08, 0x62, 0x08, 0x62, 0x08, 
0x62, 0x08, 0x62, 0x08, 0x62, 0x08, 0x62, 0x08, 0x62, 0x08, 0x62, 0x08, 0x62, 0x08, 0x62, 0x08, 
0x62, 0x08, 0x62, 0x08, 0x62, 0x08, 0x62, 0x08, 0x62, 0x08, 0x42, 0x08, 0x42, 0x08, 0x42, 0x08, 
0x62, 0x08, 0x62, 0x08, 0x62, 0x08, 0x42, 0x08, 0x62, 0x08, 0x62, 0x08, 0x62, 0x08, 0x62, 0x08, 
0x62, 0x08, 0x62, 0x08, 0x62, 0x08, 0x62, 0x08, 0x62, 0x08, 0x62, 0x08, 0x62, 0x08, 0x62, 0x08, 
0x62, 0x08, 0x62, 0x08, 0x62, 0x08, 0x62, 0x08, 0x62, 0x08, 0x62, 0x08, 0x62, 0x08, 0x62, 0x08, 
0x62, 0x08, 0x62, 0x08, 0x62, 0x08, 0x62, 0x08, 0x62, 0x08, 0x62, 0x08, 0x62, 0x08, 0x62, 0x08, 
0x62, 0x08, 0x62, 0x08, 0x62, 0x08, 0x62, 0x08, 0x62, 0x08, 0x62, 0x08, 0x62, 0x08, 0x62, 0x08, 
0x62, 0x08, 0x62, 0x08, 0x62, 0x08, 0x62, 0x08, 0x62, 0x08, 0x62, 0x08, 0x62, 0x08, 0x62, 0x08, 
0x62, 0x08, 0x62, 0x08, 0x62, 0x08, 0x62, 0x08, 0x62, 0x08, 0x62, 0x08, 0x62, 0x08, 0x62, 0x08, 
0x62, 0x08, 0x62, 0x08, 0x62, 0x08, 0x62, 0x08, 0x62, 0x08, 0x62, 0x08, 0x62, 0x08, 0x62, 0x08, 
0x62, 0x08, 0x62, 0x08, 0x62, 0x08, 0x62, 0x08, 0x62, 0x08, 0x62, 0x08, 0x62, 0x08, 0x62, 0x08, 
0x62, 0x08, 0x62, 0x08, 0x42, 0x08, 0x42, 0x08, 0x42, 0x08, 0x42, 0x08, 0x62, 0x08, 0x62, 0x08, 
0x62, 0x08, 0x62, 0x08, 0x62, 0x08, 0x62, 0x08, 0x62, 0x08, 0x62, 0x08, 0x62, 0x08, 0x62, 0x08, 
0x62, 0x08, 0x62, 0x08, 0x62, 0x08, 0x62, 0x08, 0x62, 0x08, 0x62, 0x08, 0x62, 0x08, 0x62, 0x08, 
0x62, 0x08, 0x62, 0x08, 0x62, 0x08, 0x62, 0x08, 0x62, 0x08, 0x62, 0x08, 0x62, 0x08, 0x62, 0x08, 
0x62, 0x08, 0x62, 0x08, 0x62, 0x08, 0x62, 0x08, 0x62, 0x08, 0x62, 0x08, 0x62, 0x08, 0x62, 0x08, 
0x62, 0x08, 0x62, 0x08, 0x62, 0x08, 0x62, 0x08, 0x62, 0x08, 0x62, 0x08, 0x62, 0x08, 0x62, 0x08, 
0x62, 0x08, 0x62, 0x08, 0x62, 0x08, 0x62, 0x08, 0x62, 0x08, 0x62, 0x08, 0x62, 0x08, 0x62, 0x08, 
0x62, 0x08, 0x62, 0x08, 0x62, 0x08, 0x62, 0x08, 0x62, 0x08, 0x62, 0x08, 0x62, 0x08, 0x62, 0x08, 
0x62, 0x08, 0x62, 0x08, 0x62, 0x08, 0x62, 0x08, 0x62, 0x08, 0x62, 0x08, 0x62, 0x08, 0x62, 0x08, 
0x62, 0x08, 0x62, 0x08, 0x62, 0x08, 0x62, 0x08, 0x62, 0x08, 0x62, 0x08, 0x62, 0x08, 0x62, 0x08, 
0x62, 0x08, 0x62, 0x08, 0x62, 0x08, 0x62, 0x08, 0x62, 0x08, 0x62, 0x08, 0x62, 0x08, 0x62, 0x08, 
0x62, 0x08, 0x62, 0x08, 0x62, 0x08, 0x62, 0x08, 0x62, 0x08, 0x62, 0x08, 0x62, 0x08, 0x62, 0x08, 
0x62, 0x08, 0x62, 0x08, 0x62, 0x08, 0x62, 0x08, 0x62, 0x08, 0x62, 0x08, 0x62, 0x08, 0x62, 0x08, 
0x62, 0x08, 0x62, 0x08, 0x62, 0x08, 0x62, 0x08, 0x62, 0x08, 0x62, 0x08, 0x62, 0x08, 0x62, 0x08, 
0x62, 0x08, 0x62, 0x08, 0x62, 0x08, 0x62, 0x08, 0x62, 0x08, 0x62, 0x08, 0x62, 0x08, 0x62, 0x08, 
0x62, 0x08, 0x62, 0x08, 0x62, 0x08, 0x62, 0x08, 0x62, 0x08, 0x62, 0x08, 0x62, 0x08, 0x62, 0x08, 
0x62, 0x08, 0x62, 0x08, 0x62, 0x08, 0x62, 0x08, 0x62, 0x08, 0x62, 0x08, 0x62, 0x08, 0x62, 0x08, 
0x62, 0x08, 0x62, 0x08, 0x62, 0x08, 0x62, 0x08, 0x62, 0x08, 0x62, 0x08, 0x62, 0x08, 0x62, 0x08, 
0x62, 0x08, 0x62, 0x08, 0x62, 0x08, 0x62, 0x08, 0x62, 0x08, 0x62, 0x08, 0x42, 0x08, 0x62, 0x08, 
0x62, 0x08, 0x62, 0x08, 0x62, 0x08, 0x62, 0x08, 0x62, 0x08, 0x62, 0x08, 0x62, 0x08, 0x62, 0x08, 
0x62, 0x08, 0x62, 0x08, 0x62, 0x08, 0x62, 0x08, 0x62, 0x08, 0x62, 0x08, 0x62, 0x08, 0x62, 0x08, 
0x62, 0x08, 0x62, 0x08, 0x62, 0x08, 0x62, 0x08, 0x62, 0x08, 0x62, 0x08, 0x62, 0x08, 0x62, 0x08, 
0x62, 0x08, 0x62, 0x08, 0x62, 0x08, 0x62, 0x08, 0x62, 0x08, 0x62, 0x08, 0x62, 0x08, 0x62, 0x08, 
0x62, 0x08, 0x62, 0x08, 0x62, 0x08, 0x62, 0x08, 0x62, 0x08, 0x62, 0x08, 0x62, 0x08, 0x62, 0x08, 
0x62, 0x08, 0x62, 0x08, 0x62, 0x08, 0x62, 0x08, 0x62, 0x08, 0x62, 0x08, 0x62, 0x08, 0x62, 0x08, 
0x62, 0x08, 0x62, 0x08, 0x62, 0x08, 0x62, 0x08, 0x62, 0x08, 0x62, 0x08, 0x62, 0x08, 0x62, 0x08, 
0x62, 0x08, 0x62, 0x08, 0x62, 0x08, 0x62, 0x08, 0x62, 0x08, 0x62, 0x08, 0x62, 0x08, 0x62, 0x08, 
0x62, 0x08, 0x62, 0x08, 0x62, 0x08, 0x62, 0x08, 0x62, 0x08, 0x62, 0x08, 0x62, 0x08, 0x62, 0x08, 
0x62, 0x08, 0x62, 0x08, 0x62, 0x08, 0x62, 0x08, 0x62, 0x08, 0x62, 0x08, 0x62, 0x08, 0x62, 0x08, 
0x62, 0x08, 0x62, 0x08, 0x62, 0x08, 0x62, 0x08, 0x62, 0x08, 0x62, 0x08, 0x62, 0x08, 0x62, 0x08, 
0x62, 0x08, 0x62, 0x08, 0x62, 0x08, 0x62, 0x08, 0x62, 0x08, 0x62, 0x08, 0x62, 0x08, 0x42, 0x08, 
0x62, 0x08, 0x62, 0x08, 0x62, 0x08, 0x62, 0x08, 0x62, 0x08, 0x62, 0x08, 0x62, 0x08, 0x62, 0x08, 
0x62, 0x08, 0x62, 0x08, 0x62, 0x08, 0x62, 0x08, 0x62, 0x08, 0x62, 0x08, 0x62, 0x08, 0x62, 0x08, 
0x62, 0x08, 0x62, 0x08, 0x62, 0x08, 0x62, 0x08, 0x62, 0x08, 0x62, 0x08, 0x62, 0x08, 0x62, 0x08, 
0x62, 0x08, 0x62, 0x08, 0x62, 0x08, 0x62, 0x08, 0x62, 0x08, 0x62, 0x08, 0x62, 0x08, 0x62, 0x08, 
0x62, 0x08, 0x62, 0x08, 0x62, 0x08, 0x62, 0x08, 0x62, 0x08, 0x62, 0x08, 0x62, 0x08, 0x62, 0x08, 
0x62, 0x08, 0x62, 0x08, 0x62, 0x08, 0x62, 0x08, 0x62, 0x08, 0x62, 0x08, 0x62, 0x08, 0x62, 0x08, 
0x62, 0x08, 0x62, 0x08, 0x62, 0x08, 0x62, 0x08, 0x62, 0x08, 0x62, 0x08, 0x62, 0x08, 0x62, 0x08, 
0x62, 0x08, 0x62, 0x08, 0x62, 0x08, 0x62, 0x08, 0x62, 0x08, 0x62, 0x08, 0x62, 0x08, 0x62, 0x08, 
0x62, 0x08, 0x62, 0x08, 0x42, 0x08, 0x62, 0x08, 0x62, 0x08, 0x42, 0x08, 0x62, 0x08, 0x62, 0x08, 
0x62, 0x08, 0x62, 0x08, 0x62, 0x08, 0x62, 0x08, 0x62, 0x08, 0x62, 0x08, 0x62, 0x08, 0x62, 0x08, 
0x62, 0x08, 0x62, 0x08, 0x62, 0x08, 0x62, 0x08, 0x62, 0x08, 0x62, 0x08, 0x62, 0x08, 0x62, 0x08, 
0x62, 0x08, 0x62, 0x08, 0x62, 0x08, 0x62, 0x08, 0x62, 0x08, 0x62, 0x08, 0x62, 0x08, 0x62, 0x08, 
0x62, 0x08, 0x62, 0x08, 0x62, 0x08, 0x62, 0x08, 0x62, 0x08, 0x62, 0x08, 0x62, 0x08, 0x62, 0x08, 
0x62, 0x08, 0x62, 0x08, 0x62, 0x08, 0x62, 0x08, 0x62, 0x08, 0x62, 0x08, 0x62, 0x08, 0x62, 0x08, 
0x62, 0x08, 0x62, 0x08, 0x62, 0x08, 0x62, 0x08, 0x62, 0x08, 0x62, 0x08, 0x62, 0x08, 0x62, 0x08, 
0x62, 0x08, 0x62, 0x08, 0x62, 0x08, 0x62, 0x08, 0x62, 0x08, 0x62, 0x08, 0x62, 0x08, 0x62, 0x08, 
0x62, 0x08, 0x62, 0x08, 0x62, 0x08, 0x62, 0x08, 0x62, 0x08, 0x62, 0x08, 0x62, 0x08, 0x62, 0x08, 
0x62, 0x08, 0x62, 0x08, 0x62, 0x08, 0x62, 0x08, 0x62, 0x08, 0x62, 0x08, 0x62, 0x08, 0x62, 0x08, 
0x62, 0x08, 0x62, 0x08, 0x62, 0x08, 0x62, 0x08, 0x62, 0x08, 0x62, 0x08, 0x62, 0x08, 0x62, 0x08, 
0x62, 0x08, 0x62, 0x08, 0x62, 0x08, 0x62, 0x08, 0x62, 0x08, 0x62, 0x08, 0x62, 0x08, 0x62, 0x08, 
0x62, 0x08, 0x62, 0x08, 0x62, 0x08, 0x62, 0x08, 0x62, 0x08, 0x62, 0x08, 0x62, 0x08, 0x62, 0x08, 
0x62, 0x08, 0x62, 0x08, 0x62, 0x08, 0x62, 0x08, 0x62, 0x08, 0x62, 0x08, 0x62, 0x08, 0x62, 0x08, 
0x62, 0x08, 0x62, 0x08, 0x62, 0x08, 0x62, 0x08, 0x62, 0x08, 0x62, 0x08, 0x62, 0x08, 0x62, 0x08, 
0x62, 0x08, 0x62, 0x08, 0x62, 0x08, 0x62, 0x08, 0x62, 0x08, 0x62, 0x08, 0x62, 0x08, 0x62, 0x08, 
0x62, 0x08, 0x62, 0x08, 0x62, 0x08, 0x62, 0x08, 0x62, 0x08, 0x62, 0x08, 0x62, 0x08, 0x62, 0x08, 
0x62, 0x08, 0x62, 0x08, 0x62, 0x08, 0x62, 0x08, 0x62, 0x08, 0x62, 0x08, 0x62, 0x08, 0x62, 0x08, 
0x62, 0x08, 0x62, 0x08, 0x62, 0x08, 0x62, 0x08, 0x62, 0x08, 0x62, 0x08, 0x62, 0x08, 0x62, 0x08, 
0x62, 0x08, 0x62, 0x08, 0x62, 0x08, 0x62, 0x08, 0x62, 0x08, 0x62, 0x08, 0x62, 0x08, 0x62, 0x08, 
0x62, 0x08, 0x62, 0x08, 0x62, 0x08, 0x62, 0x08, 0x62, 0x08, 0x62, 0x08, 0x62, 0x08, 0x62, 0x08, 
0x62, 0x08, 0x62, 0x08, 0x62, 0x08, 0x62, 0x08, 0x62, 0x08, 0x62, 0x08, 0x62, 0x08, 0x62, 0x08, 
0x62, 0x08, 0x62, 0x08, 0x62, 0x08, 0x62, 0x08, 0x62, 0x08, 0x62, 0x08, 0x62, 0x08, 0x62, 0x08, 
0x62, 0x08, 0x62, 0x08, 0x62, 0x08, 0x62, 0x08, 0x62, 0x08, 0x62, 0x08, 0x62, 0x08, 0x62, 0x08, 
0x62, 0x08, 0x62, 0x08, 0x62, 0x08, 0x62, 0x08, 0x62, 0x08, 0x62, 0x08, 0x62, 0x08, 0x62, 0x08, 
0x62, 0x08, 0x62, 0x08, 0x62, 0x08, 0x62, 0x08, 0x62, 0x08, 0x62, 0x08, 0x62, 0x08, 0x62, 0x08, 
0x62, 0x08, 0x62, 0x08, 0x62, 0x08, 0x62, 0x08, 0x62, 0x08, 0x62, 0x08, 0x62, 0x08, 0x62, 0x08, 
0x62, 0x08, 0x62, 0x08, 0x62, 0x08, 0x62, 0x08, 0x62, 0x08, 0x62, 0x08, 0x62, 0x08, 0x62, 0x08, 
0x62, 0x08, 0x62, 0x08, 0x62, 0x08, 0x62, 0x08, 0x62, 0x08, 0x62, 0x08, 0x62, 0x08, 0x62, 0x08, 
0x62, 0x08, 0x62, 0x08, 0x62, 0x08, 0x62, 0x08, 0x62, 0x08, 0x62, 0x08, 0x62, 0x08, 0x62, 0x08, 
0x62, 0x08, 0x62, 0x08, 0x62, 0x08, 0x62, 0x08, 0x62, 0x08, 0x62, 0x08, 0x62, 0x08, 0x62, 0x08, 
0x42, 0x08, 0x62, 0x08, 0x62, 0x08, 0x62, 0x08, 0x42, 0x08, 0x62, 0x08, 0x62, 0x08, 0x62, 0x08, 
0x62, 0x08, 0x42, 0x08, 0x62, 0x08, 0x62, 0x08, 0x62, 0x08, 0x62, 0x08, 0x62, 0x08, 0x62, 0x08, 
0x62, 0x08, 0x62, 0x08, 0x62, 0x08, 0x62, 0x08, 0x62, 0x08, 0x62, 0x08, 0x62, 0x08, 0x62, 0x08, 
0x62, 0x08, 0x62, 0x08, 0x62, 0x08, 0x62, 0x08, 0x62, 0x08, 0x62, 0x08, 0x62, 0x08, 0x62, 0x08, 
0x62, 0x08, 0x62, 0x08, 0x62, 0x08, 0x62, 0x08, 0x62, 0x08, 0x62, 0x08, 0x62, 0x08, 0x62, 0x08, 
0x62, 0x08, 0x62, 0x08, 0x62, 0x08, 0x62, 0x08, 0x62, 0x08, 0x62, 0x08, 0x62, 0x08, 0x62, 0x08, 
0x62, 0x08, 0x62, 0x08, 0x62, 0x08, 0x62, 0x08, 0x62, 0x08, 0x62, 0x08, 0x62, 0x08, 0x62, 0x08, 
0x62, 0x08, 0x62, 0x08, 0x62, 0x08, 0x62, 0x08, 0x62, 0x08, 0x62, 0x08, 0x62, 0x08, 0x62, 0x08, 
0x62, 0x08, 0x62, 0x08, 0x62, 0x08, 0x62, 0x08, 0x62, 0x08, 0x62, 0x08, 0x62, 0x08, 0x62, 0x08, 
0x62, 0x08, 0x62, 0x08, 0x62, 0x08, 0x42, 0x08, 0x62, 0x08, 0x42, 0x08, 0x42, 0x08, 0x42, 0x08, 
0x42, 0x08, 0x62, 0x08, 0x62, 0x08, 0x62, 0x08, 0x62, 0x08, 0x62, 0x08, 0x62, 0x08, 0x62, 0x08, 
0x62, 0x08, 0x62, 0x08, 0x62, 0x08, 0x62, 0x08, 0x62, 0x08, 0x62, 0x08, 0x62, 0x08, 0x62, 0x08, 
0x62, 0x08, 0x62, 0x08, 0x62, 0x08, 0x62, 0x08, 0x62, 0x08, 0x62, 0x08, 0x62, 0x08, 0x62, 0x08, 
0x62, 0x08, 0x62, 0x08, 0x62, 0x08, 0x62, 0x08, 0x62, 0x08, 0x62, 0x08, 0x62, 0x08, 0x62, 0x08, 
0x62, 0x08, 0x62, 0x08, 0x62, 0x08, 0x62, 0x08, 0x62, 0x08, 0x62, 0x08, 0x62, 0x08, 0x62, 0x08, 
0x62, 0x08, 0x62, 0x08, 0x62, 0x08, 0x62, 0x08, 0x62, 0x08, 0x62, 0x08, 0x62, 0x08, 0x62, 0x08, 
0x62, 0x08, 0x62, 0x08, 0x62, 0x08, 0x62, 0x08, 0x62, 0x08, 0x62, 0x08, 0x62, 0x08, 0x62, 0x08, 
0x62, 0x08, 0x62, 0x08, 0x62, 0x08, 0x62, 0x08, 0x62, 0x08, 0x62, 0x08, 0x62, 0x08, 0x62, 0x08, 
0x62, 0x08, 0x62, 0x08, 0x62, 0x08, 0x62, 0x08, 0x62, 0x08, 0x62, 0x08, 0x62, 0x08, 0x62, 0x08, 
0x62, 0x08, 0x62, 0x08, 0x62, 0x08, 0x62, 0x08, 0x62, 0x08, 0x62, 0x08, 0x62, 0x08, 0x62, 0x08, 
0x62, 0x08, 0x62, 0x08, 0x62, 0x08, 0x62, 0x08, 0x62, 0x08, 0x62, 0x08, 0x62, 0x08, 0x62, 0x08, 
0x62, 0x08, 0x62, 0x08, 0x62, 0x08, 0x62, 0x08, 0x62, 0x08, 0x62, 0x08, 0x62, 0x08, 0x62, 0x08, 
0x62, 0x08, 0x62, 0x08, 0x62, 0x08, 0x62, 0x08, 0x62, 0x08, 0x62, 0x08, 0x62, 0x08, 0x62, 0x08, 
0x62, 0x08, 0x62, 0x08, 0x62, 0x08, 0x62, 0x08, 0x62, 0x08, 0x62, 0x08, 0x62, 0x08, 0x62, 0x08, 
0x62, 0x08, 0x62, 0x08, 0x62, 0x08, 0x62, 0x08, 0x62, 0x08, 0x62, 0x08, 0x62, 0x08, 0x62, 0x08, 
0x62, 0x08, 0x62, 0x08, 0x62, 0x08, 0x62, 0x08, 0x62, 0x08, 0x62, 0x08, 0x62, 0x08, 0x62, 0x08, 
0x62, 0x08, 0x62, 0x08, 0x62, 0x08, 0x62, 0x08, 0x62, 0x08, 0x62, 0x08, 0x62, 0x08, 0x62, 0x08, 
0x62, 0x08, 0x62, 0x08, 0x62, 0x08, 0x62, 0x08, 0x62, 0x08, 0x62, 0x08, 0x62, 0x08, 0x62, 0x08, 
0x62, 0x08, 0x62, 0x08, 0x62, 0x08, 0x62, 0x08, 0x62, 0x08, 0x62, 0x08, 0x62, 0x08, 0x62, 0x08, 
0x62, 0x08, 0x62, 0x08, 0x62, 0x08, 0x62, 0x08, 0x62, 0x08, 0x62, 0x08, 0x62, 0x08, 0x62, 0x08, 
0x62, 0x08, 0x62, 0x08, 0x62, 0x08, 0x62, 0x08, 0x62, 0x08, 0x62, 0x08, 0x62, 0x08, 0x62, 0x08, 
0x62, 0x08, 0x62, 0x08, 0x62, 0x08, 0x62, 0x08, 0x62, 0x08, 0x62, 0x08, 0x62, 0x08, 0x62, 0x08, 
0x62, 0x08, 0x62, 0x08, 0x62, 0x08, 0x62, 0x08, 0x62, 0x08, 0x62, 0x08, 0x62, 0x08, 0x62, 0x08, 
0x62, 0x08, 0x62, 0x08, 0x62, 0x08, 0x62, 0x08, 0x62, 0x08, 0x62, 0x08, 0x62, 0x08, 0x62, 0x08, 
0x62, 0x08, 0x62, 0x08, 0x62, 0x08, 0x62, 0x08, 0x62, 0x08, 0x62, 0x08, 0x62, 0x08, 0x62, 0x08, 
0x62, 0x08, 0x62, 0x08, 0x62, 0x08, 0x62, 0x08, 0x62, 0x08, 0x62, 0x08, 0x62, 0x08, 0x62, 0x08, 
0x62, 0x08, 0x62, 0x08, 0x62, 0x08, 0x62, 0x08, 0x62, 0x08, 0x62, 0x08, 0x62, 0x08, 0x62, 0x08, 
0x62, 0x08, 0x62, 0x08, 0x62, 0x08, 0x62, 0x08, 0x62, 0x08, 0x62, 0x08, 0x62, 0x08, 0x62, 0x08, 
0x62, 0x08, 0x62, 0x08, 0x62, 0x08, 0x62, 0x08, 0x62, 0x08, 0x62, 0x08, 0x62, 0x08, 0x62, 0x08, 
0x62, 0x08, 0x62, 0x08, 0x62, 0x08, 0x62, 0x08, 0x62, 0x08, 0x62, 0x08, 0x62, 0x08, 0x62, 0x08, 
0x62, 0x08, 0x62, 0x08, 0x62, 0x08, 0x62, 0x08, 0x62, 0x08, 0x62, 0x08, 0x62, 0x08, 0x62, 0x08, 
0x62, 0x08, 0x62, 0x08, 0x62, 0x08, 0x62, 0x08, 0x62, 0x08, 0x62, 0x08, 0x62, 0x08, 0x62, 0x08, 
0x62, 0x08, 0x62, 0x08, 0x62, 0x08, 0x62, 0x08, 0x62, 0x08, 0x62, 0x08, 0x62, 0x08, 0x62, 0x08, 
0x62, 0x08, 0x62, 0x08, 0x62, 0x08, 0x62, 0x08, 0x62, 0x08, 0x62, 0x08, 0x62, 0x08, 0x62, 0x08, 
0x62, 0x08, 0x62, 0x08, 0x62, 0x08, 0x62, 0x08, 0x62, 0x08, 0x62, 0x08, 0x62, 0x08, 0x62, 0x08, 
0x62, 0x08, 0x62, 0x08, 0x62, 0x08, 0x62, 0x08, 0x62, 0x08, 0x62, 0x08, 0x62, 0x08, 0x62, 0x08, 
0x62, 0x08, 0x62, 0x08, 0x62, 0x08, 0x62, 0x08, 0x62, 0x08, 0x62, 0x08, 0x62, 0x08, 0x62, 0x08, 
0x62, 0x08, 0x62, 0x08, 0x62, 0x08, 0x62, 0x08, 0x62, 0x08, 0x62, 0x08, 0x62, 0x08, 0x62, 0x08, 
0x62, 0x08, 0x62, 0x08, 0x62, 0x08, 0x62, 0x08, 0x62, 0x08, 0x62, 0x08, 0x62, 0x08, 0x62, 0x08, 
0x62, 0x08, 0x62, 0x08, 0x62, 0x08, 0x62, 0x08, 0x62, 0x08, 0x62, 0x08, 0x62, 0x08, 0x62, 0x08, 
0x62, 0x08, 0x62, 0x08, 0x62, 0x08, 0x62, 0x08, 0x62, 0x08, 0x62, 0x08, 0x62, 0x08, 0x62, 0x08, 
0x62, 0x08, 0x62, 0x08, 0x62, 0x08, 0x62, 0x08, 0x62, 0x08, 0x62, 0x08, 0x62, 0x08, 0x62, 0x08, 
0x62, 0x08, 0x62, 0x08, 0x62, 0x08, 0x62, 0x08, 0x62, 0x08, 0x62, 0x08, 0x62, 0x08, 0x62, 0x08, 
0x62, 0x08, 0x62, 0x08, 0x62, 0x08, 0x62, 0x08, 0x62, 0x08, 0x62, 0x08, 0x62, 0x08, 0x62, 0x08, 
0x62, 0x08, 0x62, 0x08, 0x62, 0x08, 0x62, 0x08, 0x62, 0x08, 0x62, 0x08, 0x62, 0x08, 0x62, 0x08, 
0x62, 0x08, 0x62, 0x08, 0x62, 0x08, 0x62, 0x08, 0x62, 0x08, 0x62, 0x08, 0x62, 0x08, 0x62, 0x08, 
0x62, 0x08, 0x62, 0x08, 0x62, 0x08, 0x62, 0x08, 0x62, 0x08, 0x62, 0x08, 0x62, 0x08, 0x62, 0x08, 
0x62, 0x08, 0x62, 0x08, 0x62, 0x08, 0x62, 0x08, 0x62, 0x08, 0x62, 0x08, 0x62, 0x08, 0x62, 0x08, 
0x62, 0x08, 0x62, 0x08, 0x62, 0x08, 0x62, 0x08, 0x62, 0x08, 0x62, 0x08, 0x62, 0x08, 0x62, 0x08, 
0x62, 0x08, 0x62, 0x08, 0x62, 0x08, 0x62, 0x08, 0x62, 0x08, 0x62, 0x08, 0x62, 0x08, 0x62, 0x08, 
0x62, 0x08, 0x62, 0x08, 0x62, 0x08, 0x62, 0x08, 0x62, 0x08, 0x62, 0x08, 0x62, 0x08, 0x62, 0x08, 
0x62, 0x08, 0x62, 0x08, 0x62, 0x08, 0x62, 0x08, 0x62, 0x08, 0x62, 0x08, 0x62, 0x08, 0x62, 0x08, 
0x62, 0x08, 0x62, 0x08, 0x62, 0x08, 0x62, 0x08, 0x62, 0x08, 0x62, 0x08, 0x62, 0x08, 0x62, 0x08, 
0x62, 0x08, 0x62, 0x08, 0x62, 0x08, 0x62, 0x08, 0x62, 0x08, 0x62, 0x08, 0x62, 0x08, 0x62, 0x08, 
0x62, 0x08, 0x62, 0x08, 0x62, 0x08, 0x62, 0x08, 0x62, 0x08, 0x62, 0x08, 0x62, 0x08, 0x62, 0x08, 
0x62, 0x08, 0x62, 0x08, 0x62, 0x08, 0x62, 0x08, 0x62, 0x08, 0x62, 0x08, 0x62, 0x08, 0x62, 0x08, 
0x62, 0x08, 0x62, 0x08, 0x62, 0x08, 0x62, 0x08, 0x62, 0x08, 0x62, 0x08, 0x62, 0x08, 0x62, 0x08, 
0x62, 0x08, 0x62, 0x08, 0x62, 0x08, 0x62, 0x08, 0x62, 0x08, 0x62, 0x08, 0x62, 0x08, 0x62, 0x08, 
0x62, 0x08, 0x62, 0x08, 0x62, 0x08, 0x62, 0x08, 0x62, 0x08, 0x62, 0x08, 0x62, 0x08, 0x62, 0x08, 
0x62, 0x08, 0x62, 0x08, 0x62, 0x08, 0x62, 0x08, 0x62, 0x08, 0x62, 0x08, 0x62, 0x08, 0x62, 0x08, 
0x62, 0x08, 0x62, 0x08, 0x62, 0x08, 0x62, 0x08, 0x62, 0x08, 0x62, 0x08, 0x62, 0x08, 0x62, 0x08, 
0x62, 0x08, 0x62, 0x08, 0x62, 0x08, 0x62, 0x08, 0x62, 0x08, 0x62, 0x08, 0x62, 0x08, 0x62, 0x08, 
0x62, 0x08, 0x62, 0x08, 0x62, 0x08, 0x62, 0x08, 0x62, 0x08, 0x62, 0x08, 0x62, 0x08, 0x62, 0x08, 
0x62, 0x08, 0x62, 0x08, 0x62, 0x08, 0x62, 0x08, 0x62, 0x08, 0x62, 0x08, 0x62, 0x08, 0x62, 0x08, 
0x62, 0x08, 0x62, 0x08, 0x62, 0x08, 0x62, 0x08, 0x62, 0x08, 0x62, 0x08, 0x62, 0x08, 0x62, 0x08, 
0x62, 0x08, 0x62, 0x08, 0x62, 0x08, 0x62, 0x08, 0x62, 0x08, 0x62, 0x08, 0x62, 0x08, 0x62, 0x08, 
0x62, 0x08, 0x62, 0x08, 0x62, 0x08, 0x62, 0x08, 0x62, 0x08, 0x62, 0x08, 0x62, 0x08, 0x62, 0x08, 
0x62, 0x08, 0x62, 0x08, 0x62, 0x08, 0x62, 0x08, 0x62, 0x08, 0x62, 0x08, 0x62, 0x08, 0x62, 0x08, 
0x62, 0x08, 0x62, 0x08, 0x62, 0x08, 0x62, 0x08, 0x62, 0x08, 0x62, 0x08, 0x62, 0x08, 0x62, 0x08, 
0x62, 0x08, 0x62, 0x08, 0x62, 0x08, 0x62, 0x08, 0x62, 0x08, 0x62, 0x08, 0x42, 0x08, 0x62, 0x08, 
0x62, 0x08, 0x62, 0x08, 0x62, 0x08, 0x62, 0x08, 0x62, 0x08, 0x62, 0x08, 0x62, 0x08, 0x62, 0x08, 
0x62, 0x08, 0x62, 0x08, 0x62, 0x08, 0x62, 0x08, 0x62, 0x08, 0x62, 0x08, 0x62, 0x08, 0x62, 0x08, 
0x62, 0x08, 0x62, 0x08, 0x62, 0x08, 0x62, 0x08, 0x62, 0x08, 0x62, 0x08, 0x62, 0x08, 0x62, 0x08, 
0x62, 0x08, 0x62, 0x08, 0x62, 0x08, 0x62, 0x08, 0x62, 0x08, 0x62, 0x08, 0x62, 0x08, 0x62, 0x08, 
0x62, 0x08, 0x62, 0x08, 0x62, 0x08, 0x62, 0x08, 0x62, 0x08, 0x62, 0x08, 0x62, 0x08, 0x62, 0x08, 
0x62, 0x08, 0x62, 0x08, 0x62, 0x08, 0x62, 0x08, 0x62, 0x08, 0x62, 0x08, 0x62, 0x08, 0x62, 0x08, 
0x62, 0x08, 0x62, 0x08, 0x62, 0x08, 0x62, 0x08, 0x62, 0x08, 0x62, 0x08, 0x62, 0x08, 0x62, 0x08, 
0x62, 0x08, 0x62, 0x08, 0x62, 0x08, 0x62, 0x08, 0x62, 0x08, 0x62, 0x08, 0x62, 0x08, 0x62, 0x08, 
0x62, 0x08, 0x62, 0x08, 0x62, 0x08, 0x62, 0x08, 0x62, 0x08, 0x62, 0x08, 0x62, 0x08, 0x62, 0x08, 
0x62, 0x08, 0x62, 0x08, 0x62, 0x08, 0x62, 0x08, 0x62, 0x08, 0x62, 0x08, 0x42, 0x08, 0x42, 0x08, 
0x62, 0x08, 0x62, 0x08, 0x62, 0x08, 0x62, 0x08, 0x62, 0x08, 0x62, 0x08, 0x62, 0x08, 0x62, 0x08, 
0x62, 0x08, 0x62, 0x08, 0x62, 0x08, 0x62, 0x08, 0x62, 0x08, 0x62, 0x08, 0x62, 0x08, 0x62, 0x08, 
0x62, 0x08, 0x62, 0x08, 0x62, 0x08, 0x62, 0x08, 0x62, 0x08, 0x62, 0x08, 0x62, 0x08, 0x62, 0x08, 
0x62, 0x08, 0x62, 0x08, 0x62, 0x08, 0x62, 0x08, 0x62, 0x08, 0x62, 0x08, 0x62, 0x08, 0x62, 0x08, 
0x62, 0x08, 0x62, 0x08, 0x62, 0x08, 0x62, 0x08, 0x62, 0x08, 0x62, 0x08, 0x62, 0x08, 0x62, 0x08, 
0x62, 0x08, 0x62, 0x08, 0x62, 0x08, 0x62, 0x08, 0x62, 0x08, 0x62, 0x08, 0x62, 0x08, 0x62, 0x08, 
0x62, 0x08, 0x62, 0x08, 0x62, 0x08, 0x62, 0x08, 0x62, 0x08, 0x62, 0x08, 0x62, 0x08, 0x62, 0x08, 
0x62, 0x08, 0x62, 0x08, 0x62, 0x08, 0x62, 0x08, 0x62, 0x08, 0x62, 0x08, 0x62, 0x08, 0x62, 0x08, 
0x62, 0x08, 0x62, 0x08, 0x62, 0x08, 0x62, 0x08, 0x62, 0x08, 0x62, 0x08, 0x62, 0x08, 0x62, 0x08, 
0x62, 0x08, 0x62, 0x08, 0x62, 0x08, 0x62, 0x08, 0x62, 0x08, 0x62, 0x08, 0x62, 0x08, 0x62, 0x08, 
0x62, 0x08, 0x62, 0x08, 0x62, 0x08, 0x62, 0x08, 0x62, 0x08, 0x62, 0x08, 0x62, 0x08, 0x62, 0x08, 
0x62, 0x08, 0x62, 0x08, 0x62, 0x08, 0x62, 0x08, 0x62, 0x08, 0x62, 0x08, 0x62, 0x08, 0x62, 0x08, 
0x62, 0x08, 0x62, 0x08, 0x62, 0x08, 0x62, 0x08, 0x62, 0x08, 0x62, 0x08, 0x62, 0x08, 0x62, 0x08, 
0x62, 0x08, 0x62, 0x08, 0x62, 0x08, 0x62, 0x08, 0x62, 0x08, 0x62, 0x08, 0x62, 0x08, 0x62, 0x08, 
0x62, 0x08, 0x62, 0x08, 0x62, 0x08, 0x62, 0x08, 0x62, 0x08, 0x62, 0x08, 0x62, 0x08, 0x62, 0x08, 
0x62, 0x08, 0x62, 0x08, 0x62, 0x08, 0x62, 0x08, 0x62, 0x08, 0x62, 0x08, 0x62, 0x08, 0x62, 0x08, 
0x62, 0x08, 0x62, 0x08, 0x62, 0x08, 0x62, 0x08, 0x62, 0x08, 0x62, 0x08, 0x62, 0x08, 0x62, 0x08, 
0x62, 0x08, 0x62, 0x08, 0x62, 0x08, 0x62, 0x08, 0x62, 0x08, 0x62, 0x08, 0x62, 0x08, 0x62, 0x08, 
0x62, 0x08, 0x62, 0x08, 0x62, 0x08, 0x62, 0x08, 0x62, 0x08, 0x62, 0x08, 0x62, 0x08, 0x62, 0x08, 
0x62, 0x08, 0x62, 0x08, 0x62, 0x08, 0x62, 0x08, 0x62, 0x08, 0x62, 0x08, 0x62, 0x08, 0x62, 0x08, 
0x62, 0x08, 0x62, 0x08, 0x62, 0x08, 0x62, 0x08, 0x62, 0x08, 0x62, 0x08, 0x62, 0x08, 0x62, 0x08, 
0x62, 0x08, 0x62, 0x08, 0x62, 0x08, 0x62, 0x08, 0x62, 0x08, 0x62, 0x08, 0x62, 0x08, 0x62, 0x08, 
0x62, 0x08, 0x62, 0x08, 0x62, 0x08, 0x62, 0x08, 0x62, 0x08, 0x62, 0x08, 0x62, 0x08, 0x62, 0x08, 
0x62, 0x08, 0x62, 0x08, 0x62, 0x08, 0x62, 0x08, 0x62, 0x08, 0x62, 0x08, 0x62, 0x08, 0x62, 0x08, 
0x62, 0x08, 0x62, 0x08, 0x62, 0x08, 0x62, 0x08, 0x62, 0x08, 0x62, 0x08, 0x62, 0x08, 0x62, 0x08, 
0x62, 0x08, 0x62, 0x08, 0x62, 0x08, 0x62, 0x08, 0x62, 0x08, 0x62, 0x08, 0x62, 0x08, 0x62, 0x08, 
0x62, 0x08, 0x62, 0x08, 0x62, 0x08, 0x62, 0x08, 0x62, 0x08, 0x62, 0x08, 0x62, 0x08, 0x62, 0x08, 
0x62, 0x08, 0x62, 0x08, 0x62, 0x08, 0x62, 0x08, 0x62, 0x08, 0x62, 0x08, 0x62, 0x08, 0x62, 0x08, 
0x62, 0x08, 0x62, 0x08, 0x62, 0x08, 0x62, 0x08, 0x62, 0x08, 0x62, 0x08, 0x62, 0x08, 0x62, 0x08, 
0x62, 0x08, 0x62, 0x08, 0x62, 0x08, 0x62, 0x08, 0x62, 0x08, 0x62, 0x08, 0x62, 0x08, 0x62, 0x08, 
0x62, 0x08, 0x62, 0x08, 0x62, 0x08, 0x62, 0x08, 0x62, 0x08, 0x62, 0x08, 0x62, 0x08, 0x62, 0x08, 
0x62, 0x08, 0x62, 0x08, 0x62, 0x08, 0x62, 0x08, 0x62, 0x08, 0x62, 0x08, 0x62, 0x08, 0x62, 0x08, 
0x62, 0x08, 0x62, 0x08, 0x62, 0x08, 0x62, 0x08, 0x62, 0x08, 0x62, 0x08, 0x62, 0x08, 0x62, 0x08, 
0x62, 0x08, 0x62, 0x08, 0x62, 0x08, 0x62, 0x08, 0x62, 0x08, 0x62, 0x08, 0x62, 0x08, 0x62, 0x08, 
0x62, 0x08, 0x62, 0x08, 0x62, 0x08, 0x62, 0x08, 0x62, 0x08, 0x62, 0x08, 0x62, 0x08, 0x62, 0x08, 
0x62, 0x08, 0x62, 0x08, 0x62, 0x08, 0x62, 0x08, 0x62, 0x08, 0x62, 0x08, 0x62, 0x08, 0x62, 0x08, 
0x62, 0x08, 0x62, 0x08, 0x62, 0x08, 0x62, 0x08, 0x62, 0x08, 0x62, 0x08, 0x62, 0x08, 0x62, 0x08, 
0x62, 0x08, 0x62, 0x08, 0x62, 0x08, 0x62, 0x08, 0x62, 0x08, 0x62, 0x08, 0x62, 0x08, 0x62, 0x08, 
0x62, 0x08, 0x62, 0x08, 0x62, 0x08, 0x62, 0x08, 0x62, 0x08, 0x62, 0x08, 0x62, 0x08, 0x62, 0x08, 
0x62, 0x08, 0x62, 0x08, 0x62, 0x08, 0x62, 0x08, 0x62, 0x08, 0x62, 0x08, 0x62, 0x08, 0x62, 0x08, 
0x62, 0x08, 0x62, 0x08, 0x62, 0x08, 0x62, 0x08, 0x62, 0x08, 0x62, 0x08, 0x62, 0x08, 0x62, 0x08, 
0x62, 0x08, 0x62, 0x08, 0x62, 0x08, 0x62, 0x08, 0x62, 0x08, 0x62, 0x08, 0x62, 0x08, 0x62, 0x08, 
0x62, 0x08, 0x62, 0x08, 0x62, 0x08, 0x62, 0x08, 0x62, 0x08, 0x62, 0x08, 0x62, 0x08, 0x62, 0x08, 
0x62, 0x08, 0x62, 0x08, 0x62, 0x08, 0x62, 0x08, 0x62, 0x08, 0x62, 0x08, 0x62, 0x08, 0x62, 0x08, 
0x62, 0x08, 0x62, 0x08, 0x62, 0x08, 0x62, 0x08, 0x62, 0x08, 0x62, 0x08, 0x62, 0x08, 0x62, 0x08, 
0x62, 0x08, 0x62, 0x08, 0x62, 0x08, 0x62, 0x08, 0x62, 0x08, 0x62, 0x08, 0x62, 0x08, 0x62, 0x08, 
0x62, 0x08, 0x62, 0x08, 0x62, 0x08, 0x62, 0x08, 0x62, 0x08, 0x62, 0x08, 0x62, 0x08, 0x62, 0x08, 
0x62, 0x08, 0x62, 0x08, 0x62, 0x08, 0x62, 0x08, 0x62, 0x08, 0x62, 0x08, 0x62, 0x08, 0x62, 0x08, 
0x62, 0x08, 0x62, 0x08, 0x62, 0x08, 0x62, 0x08, 0x62, 0x08, 0x62, 0x08, 0x62, 0x08, 0x62, 0x08, 
0x62, 0x08, 0x62, 0x08, 0x62, 0x08, 0x62, 0x08, 0x62, 0x08, 0x62, 0x08, 0x62, 0x08, 0x62, 0x08, 
0x62, 0x08, 0x62, 0x08, 0x62, 0x08, 0x62, 0x08, 0x62, 0x08, 0x62, 0x08, 0x62, 0x08, 0x62, 0x08, 
0x62, 0x08, 0x62, 0x08, 0x62, 0x08, 0x62, 0x08, 0x62, 0x08, 0x62, 0x08, 0x62, 0x08, 0x62, 0x08, 
0x62, 0x08, 0x62, 0x08, 0x62, 0x08, 0x62, 0x08, 0x62, 0x08, 0x62, 0x08, 0x62, 0x08, 0x62, 0x08, 
0x62, 0x08, 0x62, 0x08, 0x62, 0x08, 0x62, 0x08, 0x62, 0x08, 0x62, 0x08, 0x62, 0x08, 0x62, 0x08, 
0x62, 0x08, 0x62, 0x08, 0x62, 0x08, 0x62, 0x08, 0x62, 0x08, 0x62, 0x08, 0x62, 0x08, 0x62, 0x08, 
0x62, 0x08, 0x62, 0x08, 0x62, 0x08, 0x62, 0x08, 0x62, 0x08, 0x62, 0x08, 0x62, 0x08, 0x62, 0x08, 
0x62, 0x08, 0x62, 0x08, 0x62, 0x08, 0x62, 0x08, 0x62, 0x08, 0x62, 0x08, 0x62, 0x08, 0x62, 0x08, 
0x62, 0x08, 0x62, 0x08, 0x62, 0x08, 0x62, 0x08, 0x62, 0x08, 0x62, 0x08, 0x62, 0x08, 0x62, 0x08, 
0x62, 0x08, 0x62, 0x08, 0x62, 0x08, 0x62, 0x08, 0x62, 0x08, 0x62, 0x08, 0x62, 0x08, 0x62, 0x08, 
0x62, 0x08, 0x62, 0x08, 0x62, 0x08, 0x62, 0x08, 0x62, 0x08, 0x62, 0x08, 0x62, 0x08, 0x62, 0x08, 
0x62, 0x08, 0x62, 0x08, 0x62, 0x08, 0x62, 0x08, 0x62, 0x08, 0x62, 0x08, 0x62, 0x08, 0x62, 0x08, 
0x62, 0x08, 0x62, 0x08, 0x62, 0x08, 0x62, 0x08, 0x62, 0x08, 0x62, 0x08, 0x62, 0x08, 0x62, 0x08, 
0x62, 0x08, 0x62, 0x08, 0x62, 0x08, 0x62, 0x08, 0x62, 0x08, 0x62, 0x08, 0x62, 0x08, 0x62, 0x08, 
0x62, 0x08, 0x62, 0x08, 0x62, 0x08, 0x62, 0x08, 0x62, 0x08, 0x62, 0x08, 0x62, 0x08, 0x62, 0x08, 
0x62, 0x08, 0x62, 0x08, 0x62, 0x08, 0x62, 0x08, 0x62, 0x08, 0x62, 0x08, 0x62, 0x08, 0x62, 0x08, 
0x62, 0x08, 0x62, 0x08, 0x62, 0x08, 0x62, 0x08, 0x62, 0x08, 0x62, 0x08, 0x62, 0x08, 0x62, 0x08, 
0x62, 0x08, 0x62, 0x08, 0x62, 0x08, 0x62, 0x08, 0x62, 0x08, 0x62, 0x08, 0x62, 0x08, 0x62, 0x08, 
0x62, 0x08, 0x62, 0x08, 0x62, 0x08, 0x62, 0x08, 0x62, 0x08, 0x62, 0x08, 0x62, 0x08, 0x62, 0x08, 
0x62, 0x08, 0x62, 0x08, 0x62, 0x08, 0x62, 0x08, 0x62, 0x08, 0x62, 0x08, 0x62, 0x08, 0x62, 0x08, 
0x62, 0x08, 0x62, 0x08, 0x62, 0x08, 0x62, 0x08, 0x62, 0x08, 0x62, 0x08, 0x62, 0x08, 0x62, 0x08, 
0x62, 0x08, 0x62, 0x08, 0x62, 0x08, 0x62, 0x08, 0x62, 0x08, 0x62, 0x08, 0x62, 0x08, 0x62, 0x08, 
0x62, 0x08, 0x62, 0x08, 0x62, 0x08, 0x62, 0x08, 0x62, 0x08, 0x62, 0x08, 0x62, 0x08, 0x62, 0x08, 
0x62, 0x08, 0x62, 0x08, 0x62, 0x08, 0x62, 0x08, 0x62, 0x08, 0x62, 0x08, 0x62, 0x08, 0x62, 0x08, 
0x62, 0x08, 0x62, 0x08, 0x62, 0x08, 0x62, 0x08, 0x62, 0x08, 0x62, 0x08, 0x62, 0x08, 0x62, 0x08, 
0x62, 0x08, 0x62, 0x08, 0x62, 0x08, 0x62, 0x08, 0x62, 0x08, 0x62, 0x08, 0x62, 0x08, 0x62, 0x08, 
0x62, 0x08, 0x62, 0x08, 0x62, 0x08, 0x62, 0x08, 0x62, 0x08, 0x62, 0x08, 0x62, 0x08, 0x62, 0x08, 
0x62, 0x08, 0x62, 0x08, 0x62, 0x08, 0x62, 0x08, 0x62, 0x08, 0x62, 0x08, 0x62, 0x08, 0x62, 0x08, 
0x62, 0x08, 0x62, 0x08, 0x62, 0x08, 0x62, 0x08, 0x62, 0x08, 0x62, 0x08, 0x62, 0x08, 0x62, 0x08, 
0x62, 0x08, 0x62, 0x08, 0x62, 0x08, 0x62, 0x08, 0x62, 0x08, 0x62, 0x08, 0x62, 0x08, 0x62, 0x08, 
0x62, 0x08, 0x62, 0x08, 0x62, 0x08, 0x62, 0x08, 0x62, 0x08, 0x62, 0x08, 0x62, 0x08, 0x62, 0x08, 
0x62, 0x08, 0x62, 0x08, 0x62, 0x08, 0x62, 0x08, 0x62, 0x08, 0x62, 0x08, 0x62, 0x08, 0x62, 0x08, 
0x62, 0x08, 0x62, 0x08, 0x62, 0x08, 0x62, 0x08, 0x62, 0x08, 0x62, 0x08, 0x62, 0x08, 0x62, 0x08, 
0x62, 0x08, 0x62, 0x08, 0x62, 0x08, 0x62, 0x08, 0x62, 0x08, 0x62, 0x08, 0x62, 0x08, 0x62, 0x08, 
0x62, 0x08, 0x62, 0x08, 0x62, 0x08, 0x62, 0x08, 0x62, 0x08, 0x62, 0x08, 0x62, 0x08, 0x62, 0x08, 
0x62, 0x08, 0x62, 0x08, 0x62, 0x08, 0x62, 0x08, 0x62, 0x08, 0x62, 0x08, 0x62, 0x08, 0x62, 0x08, 
0x62, 0x08, 0x62, 0x08, 0x62, 0x08, 0x62, 0x08, 0x62, 0x08, 0x62, 0x08, 0x62, 0x08, 0x62, 0x08, 
0x62, 0x08, 0x62, 0x08, 0x62, 0x08, 0x62, 0x08, 0x62, 0x08, 0x62, 0x08, 0x62, 0x08, 0x62, 0x08, 
0x62, 0x08, 0x62, 0x08, 0x62, 0x08, 0x62, 0x08, 0x62, 0x08, 0x62, 0x08, 0x62, 0x08, 0x62, 0x08, 
0x62, 0x08, 0x62, 0x08, 0x62, 0x08, 0x62, 0x08, 0x62, 0x08, 0x62, 0x08, 0x62, 0x08, 0x62, 0x08, 
0x62, 0x08, 0x62, 0x08, 0x62, 0x08, 0x62, 0x08, 0x62, 0x08, 0x62, 0x08, 0x62, 0x08, 0x62, 0x08, 
0x62, 0x08, 0x62, 0x08, 0x62, 0x08, 0x62, 0x08, 0x62, 0x08, 0x62, 0x08, 0x62, 0x08, 0x62, 0x08, 
0x62, 0x08, 0x62, 0x08, 0x62, 0x08, 0x62, 0x08, 0x62, 0x08, 0x62, 0x08, 0x62, 0x08, 0x62, 0x08, 
0x62, 0x08, 0x62, 0x08, 0x62, 0x08, 0x62, 0x08, 0x62, 0x08, 0x62, 0x08, 0x62, 0x08, 0x62, 0x08, 
0x62, 0x08, 0x62, 0x08, 0x62, 0x08, 0x62, 0x08, 0x62, 0x08, 0x62, 0x08, 0x62, 0x08, 0x62, 0x08, 
0x62, 0x08, 0x62, 0x08, 0x62, 0x08, 0x62, 0x08, 0x62, 0x08, 0x62, 0x08, 0x62, 0x08, 0x62, 0x08, 
0x62, 0x08, 0x62, 0x08, 0x62, 0x08, 0x62, 0x08, 0x62, 0x08, 0x62, 0x08, 0x62, 0x08, 0x62, 0x08, 
0x62, 0x08, 0x62, 0x08, 0x62, 0x08, 0x62, 0x08, 0x62, 0x08, 0x62, 0x08, 0x62, 0x08, 0x62, 0x08, 
0x62, 0x08, 0x62, 0x08, 0x62, 0x08, 0x62, 0x08, 0x62, 0x08, 0x62, 0x08, 0x62, 0x08, 0x62, 0x08, 
0x62, 0x08, 0x62, 0x08, 0x62, 0x08, 0x62, 0x08, 0x62, 0x08, 0x62, 0x08, 0x62, 0x08, 0x62, 0x08, 
0x62, 0x08, 0x62, 0x08, 0x62, 0x08, 0x62, 0x08, 0x62, 0x08, 0x62, 0x08, 0x62, 0x08, 0x62, 0x08, 
0x62, 0x08, 0x62, 0x08, 0x62, 0x08, 0x62, 0x08, 0x62, 0x08, 0x62, 0x08, 0x62, 0x08, 0x62, 0x08, 
0x62, 0x08, 0x62, 0x08, 0x62, 0x08, 0x62, 0x08, 0x62, 0x08, 0x62, 0x08, 0x62, 0x08, 0x62, 0x08, 
0x62, 0x08, 0x62, 0x08, 0x62, 0x08, 0x62, 0x08, 0x62, 0x08, 0x62, 0x08, 0x62, 0x08, 0x62, 0x08, 
0x62, 0x08, 0x62, 0x08, 0x62, 0x08, 0x62, 0x08, 0x62, 0x08, 0x62, 0x08, 0x62, 0x08, 0x62, 0x08, 
0x62, 0x08, 0x62, 0x08, 0x62, 0x08, 0x62, 0x08, 0x62, 0x08, 0x62, 0x08, 0x62, 0x08, 0x62, 0x08, 
0x62, 0x08, 0x62, 0x08, 0x62, 0x08, 0x62, 0x08, 0x62, 0x08, 0x62, 0x08, 0x62, 0x08, 0x62, 0x08, 
0x62, 0x08, 0x62, 0x08, 0x62, 0x08, 0x62, 0x08, 0x62, 0x08, 0x62, 0x08, 0x62, 0x08, 0x62, 0x08, 
0x62, 0x08, 0x62, 0x08, 0x62, 0x08, 0x62, 0x08, 0x62, 0x08, 0x62, 0x08, 0x62, 0x08, 0x62, 0x08, 
0x62, 0x08, 0x62, 0x08, 0x62, 0x08, 0x62, 0x08, 0x62, 0x08, 0x62, 0x08, 0x62, 0x08, 0x62, 0x08, 
0x62, 0x08, 0x62, 0x08, 0x62, 0x08, 0x62, 0x08, 0x62, 0x08, 0x62, 0x08, 0x62, 0x08, 0x62, 0x08, 
0x62, 0x08, 0x62, 0x08, 0x62, 0x08, 0x62, 0x08, 0x62, 0x08, 0x62, 0x08, 0x62, 0x08, 0x62, 0x08, 
0x62, 0x08, 0x62, 0x08, 0x62, 0x08, 0x62, 0x08, 0x62, 0x08, 0x62, 0x08, 0x62, 0x08, 0x62, 0x08, 
0x62, 0x08, 0x62, 0x08, 0x62, 0x08, 0x62, 0x08, 0x62, 0x08, 0x62, 0x08, 0x62, 0x08, 0x62, 0x08, 
0x62, 0x08, 0x62, 0x08, 0x62, 0x08, 0x62, 0x08, 0x62, 0x08, 0x62, 0x08, 0x62, 0x08, 0x62, 0x08, 
0x62, 0x08, 0x62, 0x08, 0x62, 0x08, 0x62, 0x08, 0x62, 0x08, 0x62, 0x08, 0x62, 0x08, 0x62, 0x08, 
0x62, 0x08, 0x62, 0x08, 0x62, 0x08, 0x62, 0x08, 0x62, 0x08, 0x62, 0x08, 0x62, 0x08, 0x62, 0x08, 
0x62, 0x08, 0x62, 0x08, 0x62, 0x08, 0x62, 0x08, 0x62, 0x08, 0x62, 0x08, 0x62, 0x08, 0x62, 0x08, 
0x62, 0x08, 0x62, 0x08, 0x62, 0x08, 0x62, 0x08, 0x62, 0x08, 0x62, 0x08, 0x62, 0x08, 0x62, 0x08, 
0x62, 0x08, 0x62, 0x08, 0x62, 0x08, 0x62, 0x08, 0x62, 0x08, 0x62, 0x08, 0x62, 0x08, 0x62, 0x08, 
0x62, 0x08, 0x62, 0x08, 0x62, 0x08, 0x62, 0x08, 0x62, 0x08, 0x62, 0x08, 0x62, 0x08, 0x62, 0x08, 
0x62, 0x08, 0x62, 0x08, 0x62, 0x08, 0x62, 0x08, 0x62, 0x08, 0x62, 0x08, 0x62, 0x08, 0x62, 0x08, 
0x62, 0x08, 0x62, 0x08, 0x62, 0x08, 0x62, 0x08, 0x62, 0x08, 0x62, 0x08, 0x62, 0x08, 0x62, 0x08, 
0x62, 0x08, 0x62, 0x08, 0x62, 0x08, 0x62, 0x08, 0x62, 0x08, 0x62, 0x08, 0x62, 0x08, 0x62, 0x08, 
0x62, 0x08, 0x62, 0x08, 0x62, 0x08, 0x62, 0x08, 0x62, 0x08, 0x62, 0x08, 0x62, 0x08, 0x62, 0x08, 
0x62, 0x08, 0x62, 0x08, 0x62, 0x08, 0x62, 0x08, 0x62, 0x08, 0x62, 0x08, 0x62, 0x08, 0x62, 0x08, 
0x62, 0x08, 0x62, 0x08, 0x62, 0x08, 0x62, 0x08, 0x62, 0x08, 0x62, 0x08, 0x62, 0x08, 0x62, 0x08, 
0x62, 0x08, 0x62, 0x08, 0x62, 0x08, 0x62, 0x08, 0x62, 0x08, 0x62, 0x08, 0x62, 0x08, 0x62, 0x08, 
0x62, 0x08, 0x62, 0x08, 0x62, 0x08, 0x62, 0x08, 0x62, 0x08, 0x62, 0x08, 0x62, 0x08, 0x62, 0x08, 
0x62, 0x08, 0x62, 0x08, 0x62, 0x08, 0x62, 0x08, 0x62, 0x08, 0x62, 0x08, 0x62, 0x08, 0x62, 0x08, 
0x62, 0x08, 0x62, 0x08, 0x62, 0x08, 0x62, 0x08, 0x62, 0x08, 0x62, 0x08, 0x62, 0x08, 0x62, 0x08, 
0x62, 0x08, 0x62, 0x08, 0x62, 0x08, 0x62, 0x08, 0x62, 0x08, 0x62, 0x08, 0x62, 0x08, 0x62, 0x08, 
0x62, 0x08, 0x62, 0x08, 0x62, 0x08, 0x62, 0x08, 0x62, 0x08, 0x62, 0x08, 0x62, 0x08, 0x62, 0x08, 
0x62, 0x08, 0x62, 0x08, 0x62, 0x08, 0x62, 0x08, 0x62, 0x08, 0x62, 0x08, 0x62, 0x08, 0x62, 0x08, 
0x62, 0x08, 0x62, 0x08, 0x62, 0x08, 0x62, 0x08, 0x62, 0x08, 0x62, 0x08, 0x62, 0x08, 0x62, 0x08, 
0x62, 0x08, 0x62, 0x08, 0x62, 0x08, 0x62, 0x08, 0x62, 0x08, 0x62, 0x08, 0x62, 0x08, 0x62, 0x08, 
0x62, 0x08, 0x62, 0x08, 0x62, 0x08, 0x62, 0x08, 0x62, 0x08, 0x62, 0x08, 0x62, 0x08, 0x62, 0x08, 
0x62, 0x08, 0x62, 0x08, 0x62, 0x08, 0x62, 0x08, 0x62, 0x08, 0x62, 0x08, 0x62, 0x08, 0x62, 0x08, 
0x62, 0x08, 0x62, 0x08, 0x62, 0x08, 0x62, 0x08, 0x62, 0x08, 0x62, 0x08, 0x62, 0x08, 0x62, 0x08, 
0x62, 0x08, 0x62, 0x08, 0x62, 0x08, 0x62, 0x08, 0x62, 0x08, 0x62, 0x08, 0x62, 0x08, 0x62, 0x08, 
0x62, 0x08, 0x62, 0x08, 0x62, 0x08, 0x62, 0x08, 0x62, 0x08, 0x62, 0x08, 0x62, 0x08, 0x62, 0x08, 
0x62, 0x08, 0x62, 0x08, 0x62, 0x08, 0x62, 0x08, 0x62, 0x08, 0x62, 0x08, 0x62, 0x08, 0x62, 0x08, 
0x62, 0x08, 0x62, 0x08, 0x62, 0x08, 0x62, 0x08, 0x62, 0x08, 0x62, 0x08, 0x62, 0x08, 0x62, 0x08, 
0x62, 0x08, 0x62, 0x08, 0x62, 0x08, 0x62, 0x08, 0x62, 0x08, 0x62, 0x08, 0x62, 0x08, 0x62, 0x08, 
0x62, 0x08, 0x62, 0x08, 0x62, 0x08, 0x62, 0x08, 0x62, 0x08, 0x62, 0x08, 0x62, 0x08, 0x62, 0x08, 
0x62, 0x08, 0x62, 0x08, 0x62, 0x08, 0x62, 0x08, 0x62, 0x08, 0x62, 0x08, 0x62, 0x08, 0x62, 0x08, 
0x62, 0x08, 0x62, 0x08, 0x62, 0x08, 0x62, 0x08, 0x62, 0x08, 0x62, 0x08, 0x62, 0x08, 0x62, 0x08, 
0x62, 0x08, 0x62, 0x08, 0x62, 0x08, 0x62, 0x08, 0x62, 0x08, 0x62, 0x08, 0x62, 0x08, 0x62, 0x08, 
0x62, 0x08, 0x62, 0x08, 0x62, 0x08, 0x62, 0x08, 0x62, 0x08, 0x62, 0x08, 0x62, 0x08, 0x62, 0x08, 
0x62, 0x08, 0x62, 0x08, 0x62, 0x08, 0x62, 0x08, 0x62, 0x08, 0x62, 0x08, 0x62, 0x08, 0x62, 0x08, 
0x62, 0x08, 0x62, 0x08, 0x62, 0x08, 0x62, 0x08, 0x62, 0x08, 0x62, 0x08, 0x62, 0x08, 0x62, 0x08, 
0x62, 0x08, 0x62, 0x08, 0x62, 0x08, 0x62, 0x08, 0x62, 0x08, 0x62, 0x08, 0x62, 0x08, 0x62, 0x08, 
0x62, 0x08, 0x62, 0x08, 0x62, 0x08, 0x62, 0x08, 0x62, 0x08, 0x62, 0x08, 0x62, 0x08, 0x62, 0x08, 
0x62, 0x08, 0x62, 0x08, 0x62, 0x08, 0x62, 0x08, 0x62, 0x08, 0x62, 0x08, 0x62, 0x08, 0x62, 0x08, 
0x62, 0x08, 0x62, 0x08, 0x62, 0x08, 0x62, 0x08, 0x62, 0x08, 0x62, 0x08, 0x62, 0x08, 0x62, 0x08, 
0x62, 0x08, 0x62, 0x08, 0x62, 0x08, 0x62, 0x08, 0x62, 0x08, 0x62, 0x08, 0x62, 0x08, 0x62, 0x08, 
0x62, 0x08, 0x62, 0x08, 0x62, 0x08, 0x62, 0x08, 0x62, 0x08, 0x62, 0x08, 0x62, 0x08, 0x62, 0x08, 
0x62, 0x08, 0x62, 0x08, 0x62, 0x08, 0x62, 0x08, 0x62, 0x08, 0x62, 0x08, 0x62, 0x08, 0x62, 0x08, 
0x62, 0x08, 0x62, 0x08, 0x62, 0x08, 0x62, 0x08, 0x62, 0x08, 0x62, 0x08, 0x62, 0x08, 0x62, 0x08, 
0x62, 0x08, 0x62, 0x08, 0x62, 0x08, 0x62, 0x08, 0x62, 0x08, 0x62, 0x08, 0x62, 0x08, 0x62, 0x08, 
0x62, 0x08, 0x62, 0x08, 0x62, 0x08, 0x62, 0x08, 0x62, 0x08, 0x62, 0x08, 0x62, 0x08, 0x62, 0x08, 
0x62, 0x08, 0x62, 0x08, 0x62, 0x08, 0x62, 0x08, 0x62, 0x08, 0x62, 0x08, 0x62, 0x08, 0x62, 0x08, 
0x62, 0x08, 0x62, 0x08, 0x62, 0x08, 0x62, 0x08, 0x62, 0x08, 0x62, 0x08, 0x62, 0x08, 0x62, 0x08, 
0x62, 0x08, 0x62, 0x08, 0x62, 0x08, 0x62, 0x08, 0x62, 0x08, 0x62, 0x08, 0x62, 0x08, 0x62, 0x08, 
0x62, 0x08, 0x62, 0x08, 0x62, 0x08, 0x62, 0x08, 0x62, 0x08, 0x62, 0x08, 0x62, 0x08, 0x62, 0x08, 
0x62, 0x08, 0x62, 0x08, 0x62, 0x08, 0x62, 0x08, 0x62, 0x08, 0x62, 0x08, 0x62, 0x08, 0x62, 0x08, 
0x62, 0x08, 0x62, 0x08, 0x62, 0x08, 0x62, 0x08, 0x62, 0x08, 0x62, 0x08, 0x62, 0x08, 0x62, 0x08, 
0x62, 0x08, 0x62, 0x08, 0x62, 0x08, 0x62, 0x08, 0x62, 0x08, 0x62, 0x08, 0x62, 0x08, 0x62, 0x08, 
0x62, 0x08, 0x62, 0x08, 0x62, 0x08, 0x62, 0x08, 0x62, 0x08, 0x62, 0x08, 0x62, 0x08, 0x62, 0x08, 
0x62, 0x08, 0x62, 0x08, 0x62, 0x08, 0x62, 0x08, 0x62, 0x08, 0x62, 0x08, 0x62, 0x08, 0x62, 0x08, 
0x62, 0x08, 0x62, 0x08, 0x62, 0x08, 0x62, 0x08, 0x62, 0x08, 0x62, 0x08, 0x62, 0x08, 0x62, 0x08, 
0x62, 0x08, 0x62, 0x08, 0x62, 0x08, 0x62, 0x08, 0x62, 0x08, 0x62, 0x08, 0x62, 0x08, 0x62, 0x08, 
0x62, 0x08, 0x62, 0x08, 0x62, 0x08, 0x62, 0x08, 0x62, 0x08, 0x62, 0x08, 0x62, 0x08, 0x62, 0x08, 
0x62, 0x08, 0x62, 0x08, 0x62, 0x08, 0x62, 0x08, 0x62, 0x08, 0x62, 0x08, 0x62, 0x08, 0x62, 0x08, 
0x62, 0x08, 0x62, 0x08, 0x62, 0x08, 0x62, 0x08, 0x62, 0x08, 0x62, 0x08, 0x62, 0x08, 0x62, 0x08, 
0x62, 0x08, 0x62, 0x08, 0x62, 0x08, 0x62, 0x08, 0x62, 0x08, 0x62, 0x08, 0x62, 0x08, 0x62, 0x08, 
0x62, 0x08, 0x62, 0x08, 0x62, 0x08, 0x62, 0x08, 0x62, 0x08, 0x62, 0x08, 0x62, 0x08, 0x62, 0x08, 
0x62, 0x08, 0x62, 0x08, 0x62, 0x08, 0x62, 0x08, 0x62, 0x08, 0x62, 0x08, 0x62, 0x08, 0x62, 0x08, 
0x62, 0x08, 0x62, 0x08, 0x62, 0x08, 0x62, 0x08, 0x62, 0x08, 0x62, 0x08, 0x62, 0x08, 0x62, 0x08, 
0x62, 0x08, 0x62, 0x08, 0x62, 0x08, 0x62, 0x08, 0x62, 0x08, 0x62, 0x08, 0x62, 0x08, 0x62, 0x08, 
0x62, 0x08, 0x62, 0x08, 0x62, 0x08, 0x62, 0x08, 0x62, 0x08, 0x62, 0x08, 0x62, 0x08, 0x62, 0x08, 
0x62, 0x08, 0x62, 0x08, 0x62, 0x08, 0x62, 0x08, 0x62, 0x08, 0x62, 0x08, 0x62, 0x08, 0x62, 0x08, 
0x62, 0x08, 0x62, 0x08, 0x62, 0x08, 0x62, 0x08, 0x62, 0x08, 0x62, 0x08, 0x62, 0x08, 0x62, 0x08, 
0x62, 0x08, 0x62, 0x08, 0x62, 0x08, 0x62, 0x08, 0x62, 0x08, 0x62, 0x08, 0x62, 0x08, 0x62, 0x08, 
0x62, 0x08, 0x62, 0x08, 0x62, 0x08, 0x62, 0x08, 0x62, 0x08, 0x62, 0x08, 0x62, 0x08, 0x62, 0x08, 
0x62, 0x08, 0x62, 0x08, 0x62, 0x08, 0x62, 0x08, 0x62, 0x08, 0x62, 0x08, 0x62, 0x08, 0x62, 0x08, 
0x62, 0x08, 0x62, 0x08, 0x62, 0x08, 0x62, 0x08, 0x62, 0x08, 0x62, 0x08, 0x62, 0x08, 0x62, 0x08, 
0x62, 0x08, 0x62, 0x08, 0x62, 0x08, 0x62, 0x08, 0x62, 0x08, 0x62, 0x08, 0x62, 0x08, 0x62, 0x08, 
0x62, 0x08, 0x62, 0x08, 0x62, 0x08, 0x62, 0x08, 0x62, 0x08, 0x62, 0x08, 0x62, 0x08, 0x62, 0x08, 
0x62, 0x08, 0x62, 0x08, 0x62, 0x08, 0x62, 0x08, 0x62, 0x08, 0x62, 0x08, 0x62, 0x08, 0x62, 0x08, 
0x62, 0x08, 0x62, 0x08, 0x62, 0x08, 0x62, 0x08, 0x62, 0x08, 0x62, 0x08, 0x62, 0x08, 0x62, 0x08, 
0x62, 0x08, 0x62, 0x08, 0x62, 0x08, 0x62, 0x08, 0x62, 0x08, 0x62, 0x08, 0x62, 0x08, 0x62, 0x08, 
0x62, 0x08, 0x62, 0x08, 0x62, 0x08, 0x62, 0x08, 0x62, 0x08, 0x62, 0x08, 0x62, 0x08, 0x62, 0x08, 
0x62, 0x08, 0x62, 0x08, 0x62, 0x08, 0x62, 0x08, 0x62, 0x08, 0x62, 0x08, 0x62, 0x08, 0x62, 0x08, 
0x62, 0x08, 0x62, 0x08, 0x62, 0x08, 0x62, 0x08, 0x62, 0x08, 0x62, 0x08, 0x62, 0x08, 0x62, 0x08, 
0x62, 0x08, 0x62, 0x08, 0x62, 0x08, 0x62, 0x08, 0x62, 0x08, 0x62, 0x08, 0x62, 0x08, 0x62, 0x08, 
0x62, 0x08, 0x62, 0x08, 0x62, 0x08, 0x62, 0x08, 0x62, 0x08, 0x62, 0x08, 0x62, 0x08, 0x62, 0x08, 
0x62, 0x08, 0x62, 0x08, 0x62, 0x08, 0x62, 0x08, 0x62, 0x08, 0x62, 0x08, 0x62, 0x08, 0x62, 0x08, 
0x62, 0x08, 0x62, 0x08, 0x62, 0x08, 0x62, 0x08, 0x62, 0x08, 0x62, 0x08, 0x62, 0x08, 0x62, 0x08, 
0x62, 0x08, 0x62, 0x08, 0x62, 0x08, 0x62, 0x08, 0x62, 0x08, 0x62, 0x08, 0x62, 0x08, 0x62, 0x08, 
0x62, 0x08, 0x62, 0x08, 0x62, 0x08, 0x62, 0x08, 0x62, 0x08, 0x62, 0x08, 0x62, 0x08, 0x62, 0x08, 
0x42, 0x08, 0x62, 0x08, 0x62, 0x08, 0x62, 0x08, 0x62, 0x08, 0x62, 0x08, 0x62, 0x08, 0x62, 0x08, 
0x62, 0x08, 0x62, 0x08, 0x62, 0x08, 0x62, 0x08, 0x62, 0x08, 0x62, 0x08, 0x62, 0x08, 0x62, 0x08, 
0x62, 0x08, 0x62, 0x08, 0x62, 0x08, 0x62, 0x08, 0x62, 0x08, 0x62, 0x08, 0x62, 0x08, 0x62, 0x08, 
0x62, 0x08, 0x62, 0x08, 0x62, 0x08, 0x62, 0x08, 0x62, 0x08, 0x62, 0x08, 0x62, 0x08, 0x62, 0x08, 
0x62, 0x08, 0x62, 0x08, 0x62, 0x08, 0x62, 0x08, 0x62, 0x08, 0x62, 0x08, 0x62, 0x08, 0x62, 0x08, 
0x62, 0x08, 0x62, 0x08, 0x62, 0x08, 0x62, 0x08, 0x62, 0x08, 0x62, 0x08, 0x62, 0x08, 0x62, 0x08, 
0x62, 0x08, 0x62, 0x08, 0x62, 0x08, 0x62, 0x08, 0x62, 0x08, 0x62, 0x08, 0x62, 0x08, 0x62, 0x08, 
0x62, 0x08, 0x62, 0x08, 0x62, 0x08, 0x62, 0x08, 0x62, 0x08, 0x62, 0x08, 0x62, 0x08, 0x62, 0x08, 
0x62, 0x08, 0x62, 0x08, 0x62, 0x08, 0x62, 0x08, 0x62, 0x08, 0x62, 0x08, 0x62, 0x08, 0x62, 0x08, 
0x62, 0x08, 0x62, 0x08, 0x62, 0x08, 0x62, 0x08, 0x62, 0x08, 0x62, 0x08, 0x62, 0x08, 0x62, 0x08, 
0x62, 0x08, 0x62, 0x08, 0x62, 0x08, 0x62, 0x08, 0x62, 0x08, 0x62, 0x08, 0x62, 0x08, 0x62, 0x08, 
0x62, 0x08, 0x62, 0x08, 0x62, 0x08, 0x62, 0x08, 0x62, 0x08, 0x62, 0x08, 0x62, 0x08, 0x62, 0x08, 
0x62, 0x08, 0x62, 0x08, 0x62, 0x08, 0x62, 0x08, 0x62, 0x08, 0x62, 0x08, 0x62, 0x08, 0x62, 0x08, 
0x62, 0x08, 0x62, 0x08, 0x62, 0x08, 0x62, 0x08, 0x62, 0x08, 0x62, 0x08, 0x62, 0x08, 0x62, 0x08, 
0x62, 0x08, 0x62, 0x08, 0x62, 0x08, 0x62, 0x08, 0x62, 0x08, 0x62, 0x08, 0x62, 0x08, 0x62, 0x08, 
0x62, 0x08, 0x62, 0x08, 0x62, 0x08, 0x62, 0x08, 0x62, 0x08, 0x62, 0x08, 0x62, 0x08, 0x62, 0x08, 
0x62, 0x08, 0x62, 0x08, 0x62, 0x08, 0x62, 0x08, 0x62, 0x08, 0x62, 0x08, 0x62, 0x08, 0x62, 0x08, 
0x62, 0x08, 0x62, 0x08, 0x62, 0x08, 0x62, 0x08, 0x62, 0x08, 0x62, 0x08, 0x62, 0x08, 0x62, 0x08, 
0x62, 0x08, 0x62, 0x08, 0x62, 0x08, 0x62, 0x08, 0x62, 0x08, 0x62, 0x08, 0x62, 0x08, 0x62, 0x08, 
0x62, 0x08, 0x62, 0x08, 0x62, 0x08, 0x62, 0x08, 0x62, 0x08, 0x62, 0x08, 0x62, 0x08, 0x62, 0x08, 
0x62, 0x08, 0x62, 0x08, 0x62, 0x08, 0x62, 0x08, 0x62, 0x08, 0x62, 0x08, 0x62, 0x08, 0x62, 0x08, 
0x62, 0x08, 0x62, 0x08, 0x62, 0x08, 0x62, 0x08, 0x62, 0x08, 0x62, 0x08, 0x62, 0x08, 0x62, 0x08, 
0x62, 0x08, 0x62, 0x08, 0x62, 0x08, 0x62, 0x08, 0x62, 0x08, 0x62, 0x08, 0x62, 0x08, 0x62, 0x08, 
0x62, 0x08, 0x62, 0x08, 0x62, 0x08, 0x62, 0x08, 0x62, 0x08, 0x62, 0x08, 0x62, 0x08, 0x62, 0x08, 
0x62, 0x08, 0x62, 0x08, 0x62, 0x08, 0x62, 0x08, 0x62, 0x08, 0x62, 0x08, 0x62, 0x08, 0x62, 0x08, 
0x62, 0x08, 0x62, 0x08, 0x62, 0x08, 0x62, 0x08, 0x62, 0x08, 0x62, 0x08, 0x62, 0x08, 0x62, 0x08, 
0x62, 0x08, 0x62, 0x08, 0x62, 0x08, 0x62, 0x08, 0x62, 0x08, 0x62, 0x08, 0x62, 0x08, 0x62, 0x08, 
0x62, 0x08, 0x62, 0x08, 0x62, 0x08, 0x62, 0x08, 0x62, 0x08, 0x62, 0x08, 0x62, 0x08, 0x62, 0x08, 
0x62, 0x08, 0x62, 0x08, 0x62, 0x08, 0x62, 0x08, 0x62, 0x08, 0x62, 0x08, 0x62, 0x08, 0x62, 0x08, 
0x62, 0x08, 0x62, 0x08, 0x62, 0x08, 0x62, 0x08, 0x62, 0x08, 0x62, 0x08, 0x62, 0x08, 0x62, 0x08, 
0x62, 0x08, 0x62, 0x08, 0x62, 0x08, 0x62, 0x08, 0x62, 0x08, 0x62, 0x08, 0x62, 0x08, 0x62, 0x08, 
0x62, 0x08, 0x62, 0x08, 0x62, 0x08, 0x62, 0x08, 0x62, 0x08, 0x62, 0x08, 0x62, 0x08, 0x62, 0x08, 
0x62, 0x08, 0x62, 0x08, 0x62, 0x08, 0x62, 0x08, 0x62, 0x08, 0x62, 0x08, 0x62, 0x08, 0x62, 0x08, 
0x62, 0x08, 0x62, 0x08, 0x62, 0x08, 0x62, 0x08, 0x62, 0x08, 0x62, 0x08, 0x62, 0x08, 0x62, 0x08, 
0x62, 0x08, 0x62, 0x08, 0x62, 0x08, 0x62, 0x08, 0x62, 0x08, 0x62, 0x08, 0x62, 0x08, 0x62, 0x08, 
0x62, 0x08, 0x62, 0x08, 0x62, 0x08, 0x62, 0x08, 0x62, 0x08, 0x62, 0x08, 0x62, 0x08, 0x62, 0x08, 
0x62, 0x08, 0x62, 0x08, 0x62, 0x08, 0x62, 0x08, 0x62, 0x08, 0x62, 0x08, 0x62, 0x08, 0x62, 0x08, 
0x62, 0x08, 0x62, 0x08, 0x62, 0x08, 0x62, 0x08, 0x62, 0x08, 0x62, 0x08, 0x62, 0x08, 0x62, 0x08, 
0x62, 0x08, 0x62, 0x08, 0x62, 0x08, 0x62, 0x08, 0x62, 0x08, 0x62, 0x08, 0x62, 0x08, 0x62, 0x08, 
0x62, 0x08, 0x62, 0x08, 0x62, 0x08, 0x62, 0x08, 0x62, 0x08, 0x62, 0x08, 0x62, 0x08, 0x62, 0x08, 
0x62, 0x08, 0x62, 0x08, 0x62, 0x08, 0x62, 0x08, 0x62, 0x08, 0x62, 0x08, 0x62, 0x08, 0x62, 0x08, 
0x62, 0x08, 0x62, 0x08, 0x62, 0x08, 0x62, 0x08, 0x62, 0x08, 0x62, 0x08, 0x62, 0x08, 0x62, 0x08, 
0x62, 0x08, 0x62, 0x08, 0x62, 0x08, 0x62, 0x08, 0x62, 0x08, 0x62, 0x08, 0x62, 0x08, 0x62, 0x08, 
0x62, 0x08, 0x62, 0x08, 0x62, 0x08, 0x62, 0x08, 0x62, 0x08, 0x62, 0x08, 0x62, 0x08, 0x62, 0x08, 
0x62, 0x08, 0x62, 0x08, 0x62, 0x08, 0x62, 0x08, 0x62, 0x08, 0x62, 0x08, 0x62, 0x08, 0x62, 0x08, 
0x62, 0x08, 0x62, 0x08, 0x62, 0x08, 0x62, 0x08, 0x62, 0x08, 0x62, 0x08, 0x62, 0x08, 0x62, 0x08, 
0x62, 0x08, 0x62, 0x08, 0x62, 0x08, 0x62, 0x08, 0x62, 0x08, 0x62, 0x08, 0x62, 0x08, 0x62, 0x08, 
0x62, 0x08, 0x62, 0x08, 0x62, 0x08, 0x62, 0x08, 0x62, 0x08, 0x62, 0x08, 0x62, 0x08, 0x62, 0x08, 
0x62, 0x08, 0x62, 0x08, 0x62, 0x08, 0x62, 0x08, 0x62, 0x08, 0x62, 0x08, 0x62, 0x08, 0x62, 0x08, 
0x62, 0x08, 0x62, 0x08, 0x62, 0x08, 0x62, 0x08, 0x62, 0x08, 0x62, 0x08, 0x62, 0x08, 0x62, 0x08, 
0x62, 0x08, 0x62, 0x08, 0x62, 0x08, 0x62, 0x08, 0x62, 0x08, 0x62, 0x08, 0x62, 0x08, 0x62, 0x08, 
0x62, 0x08, 0x62, 0x08, 0x62, 0x08, 0x62, 0x08, 0x62, 0x08, 0x62, 0x08, 0x62, 0x08, 0x62, 0x08, 
0x62, 0x08, 0x62, 0x08, 0x62, 0x08, 0x62, 0x08, 0x62, 0x08, 0x62, 0x08, 0x62, 0x08, 0x62, 0x08, 
0x62, 0x08, 0x62, 0x08, 0x62, 0x08, 0x62, 0x08, 0x62, 0x08, 0x62, 0x08, 0x62, 0x08, 0x62, 0x08, 
0x62, 0x08, 0x62, 0x08, 0x62, 0x08, 0x62, 0x08, 0x62, 0x08, 0x62, 0x08, 0x62, 0x08, 0x62, 0x08, 
0x62, 0x08, 0x62, 0x08, 0x62, 0x08, 0x62, 0x08, 0x62, 0x08, 0x62, 0x08, 0x62, 0x08, 0x62, 0x08, 
0x62, 0x08, 0x62, 0x08, 0x62, 0x08, 0x62, 0x08, 0x62, 0x08, 0x62, 0x08, 0x62, 0x08, 0x62, 0x08, 
0x62, 0x08, 0x62, 0x08, 0x62, 0x08, 0x62, 0x08, 0x62, 0x08, 0x62, 0x08, 0x62, 0x08, 0x62, 0x08, 
0x62, 0x08, 0x62, 0x08, 0x62, 0x08, 0x62, 0x08, 0x62, 0x08, 0x62, 0x08, 0x62, 0x08, 0x62, 0x08, 
0x62, 0x08, 0x62, 0x08, 0x62, 0x08, 0x62, 0x08, 0x62, 0x08, 0x62, 0x08, 0x62, 0x08, 0x62, 0x08, 
0x62, 0x08, 0x62, 0x08, 0x62, 0x08, 0x62, 0x08, 0x62, 0x08, 0x62, 0x08, 0x62, 0x08, 0x62, 0x08, 
0x62, 0x08, 0x62, 0x08, 0x62, 0x08, 0x62, 0x08, 0x62, 0x08, 0x62, 0x08, 0x62, 0x08, 0x62, 0x08, 
0x62, 0x08, 0x62, 0x08, 0x62, 0x08, 0x62, 0x08, 0x62, 0x08, 0x62, 0x08, 0x62, 0x08, 0x62, 0x08, 
0x62, 0x08, 0x62, 0x08, 0x62, 0x08, 0x62, 0x08, 0x62, 0x08, 0x62, 0x08, 0x62, 0x08, 0x62, 0x08, 
0x62, 0x08, 0x62, 0x08, 0x62, 0x08, 0x62, 0x08, 0x62, 0x08, 0x62, 0x08, 0x62, 0x08, 0x62, 0x08, 
0x62, 0x08, 0x62, 0x08, 0x62, 0x08, 0x62, 0x08, 0x62, 0x08, 0x62, 0x08, 0x62, 0x08, 0x62, 0x08, 
0x62, 0x08, 0x62, 0x08, 0x62, 0x08, 0x62, 0x08, 0x62, 0x08, 0x62, 0x08, 0x62, 0x08, 0x62, 0x08, 
0x62, 0x08, 0x62, 0x08, 0x62, 0x08, 0x62, 0x08, 0x62, 0x08, 0x62, 0x08, 0x62, 0x08, 0x62, 0x08, 
0x62, 0x08, 0x62, 0x08, 0x62, 0x08, 0x62, 0x08, 0x62, 0x08, 0x62, 0x08, 0x62, 0x08, 0x62, 0x08, 
0x62, 0x08, 0x62, 0x08, 0x62, 0x08, 0x62, 0x08, 0x62, 0x08, 0x62, 0x08, 0x62, 0x08, 0x62, 0x08, 
0x62, 0x08, 0x62, 0x08, 0x62, 0x08, 0x62, 0x08, 0x62, 0x08, 0x62, 0x08, 0x62, 0x08, 0x62, 0x08, 
0x62, 0x08, 0x62, 0x08, 0x62, 0x08, 0x62, 0x08, 0x62, 0x08, 0x62, 0x08, 0x62, 0x08, 0x62, 0x08, 
0x62, 0x08, 0x62, 0x08, 0x62, 0x08, 0x62, 0x08, 0x62, 0x08, 0x62, 0x08, 0x62, 0x08, 0x62, 0x08, 
0x62, 0x08, 0x62, 0x08, 0x62, 0x08, 0x62, 0x08, 0x62, 0x08, 0x62, 0x08, 0x62, 0x08, 0x62, 0x08, 
0x62, 0x08, 0x62, 0x08, 0x62, 0x08, 0x62, 0x08, 0x62, 0x08, 0x62, 0x08, 0x62, 0x08, 0x62, 0x08, 
0x62, 0x08, 0x62, 0x08, 0x62, 0x08, 0x62, 0x08, 0x62, 0x08, 0x62, 0x08, 0x62, 0x08, 0x62, 0x08, 
0x62, 0x08, 0x62, 0x08, 0x62, 0x08, 0x62, 0x08, 0x62, 0x08, 0x62, 0x08, 0x62, 0x08, 0x62, 0x08, 
0x62, 0x08, 0x62, 0x08, 0x62, 0x08, 0x62, 0x08, 0x62, 0x08, 0x62, 0x08, 0x62, 0x08, 0x62, 0x08, 
0x62, 0x08, 0x62, 0x08, 0x62, 0x08, 0x62, 0x08, 0x62, 0x08, 0x62, 0x08, 0x62, 0x08, 0x62, 0x08, 
0x62, 0x08, 0x62, 0x08, 0x62, 0x08, 0x62, 0x08, 0x62, 0x08, 0x62, 0x08, 0x62, 0x08, 0x62, 0x08, 
0x62, 0x08, 0x62, 0x08, 0x62, 0x08, 0x62, 0x08, 0x62, 0x08, 0x62, 0x08, 0x62, 0x08, 0x62, 0x08, 
0x62, 0x08, 0x62, 0x08, 0x62, 0x08, 0x62, 0x08, 0x62, 0x08, 0x62, 0x08, 0x62, 0x08, 0x62, 0x08, 
0x62, 0x08, 0x62, 0x08, 0x62, 0x08, 0x62, 0x08, 0x62, 0x08, 0x62, 0x08, 0x62, 0x08, 0x62, 0x08, 
0x62, 0x08, 0x62, 0x08, 0x62, 0x08, 0x62, 0x08, 0x62, 0x08, 0x62, 0x08, 0x62, 0x08, 0x62, 0x08, 
0x62, 0x08, 0x62, 0x08, 0x62, 0x08, 0x62, 0x08, 0x62, 0x08, 0x62, 0x08, 0x62, 0x08, 0x62, 0x08, 
0x62, 0x08, 0x62, 0x08, 0x62, 0x08, 0x62, 0x08, 0x62, 0x08, 0x62, 0x08, 0x62, 0x08, 0x62, 0x08, 
0x62, 0x08, 0x62, 0x08, 0x62, 0x08, 0x62, 0x08, 0x62, 0x08, 0x62, 0x08, 0x62, 0x08, 0x62, 0x08, 
0x62, 0x08, 0x62, 0x08, 0x62, 0x08, 0x62, 0x08, 0x62, 0x08, 0x62, 0x08, 0x62, 0x08, 0x62, 0x08, 
0x62, 0x08, 0x62, 0x08, 0x62, 0x08, 0x62, 0x08, 0x62, 0x08, 0x62, 0x08, 0x62, 0x08, 0x62, 0x08, 
0x62, 0x08, 0x62, 0x08, 0x62, 0x08, 0x62, 0x08, 0x62, 0x08, 0x62, 0x08, 0x62, 0x08, 0x62, 0x08, 
0x62, 0x08, 0x62, 0x08, 0x62, 0x08, 0x62, 0x08, 0x62, 0x08, 0x62, 0x08, 0x62, 0x08, 0x62, 0x08, 
0x62, 0x08, 0x62, 0x08, 0x62, 0x08, 0x62, 0x08, 0x62, 0x08, 0x62, 0x08, 0x62, 0x08, 0x62, 0x08, 
0x62, 0x08, 0x62, 0x08, 0x62, 0x08, 0x62, 0x08, 0x62, 0x08, 0x62, 0x08, 0x62, 0x08, 0x62, 0x08, 
0x62, 0x08, 0x62, 0x08, 0x62, 0x08, 0x62, 0x08, 0x62, 0x08, 0x62, 0x08, 0x62, 0x08, 0x62, 0x08, 
0x62, 0x08, 0x62, 0x08, 0x62, 0x08, 0x62, 0x08, 0x62, 0x08, 0x62, 0x08, 0x62, 0x08, 0x62, 0x08, 
0x62, 0x08, 0x62, 0x08, 0x62, 0x08, 0x62, 0x08, 0x62, 0x08, 0x62, 0x08, 0x62, 0x08, 0x62, 0x08, 
0x62, 0x08, 0x62, 0x08, 0x62, 0x08, 0x62, 0x08, 0x62, 0x08, 0x62, 0x08, 0x62, 0x08, 0x62, 0x08, 
0x62, 0x08, 0x62, 0x08, 0x62, 0x08, 0x62, 0x08, 0x62, 0x08, 0x62, 0x08, 0x62, 0x08, 0x62, 0x08, 
0x62, 0x08, 0x62, 0x08, 0x62, 0x08, 0x62, 0x08, 0x62, 0x08, 0x62, 0x08, 0x62, 0x08, 0x62, 0x08, 
0x62, 0x08, 0x62, 0x08, 0x62, 0x08, 0x62, 0x08, 0x62, 0x08, 0x62, 0x08, 0x62, 0x08, 0x62, 0x08, 
0x62, 0x08, 0x62, 0x08, 0x62, 0x08, 0x62, 0x08, 0x62, 0x08, 0x62, 0x08, 0x62, 0x08, 0x62, 0x08, 
0x62, 0x08, 0x62, 0x08, 0x62, 0x08, 0x62, 0x08, 0x62, 0x08, 0x62, 0x08, 0x62, 0x08, 0x62, 0x08, 
0x62, 0x08, 0x62, 0x08, 0x62, 0x08, 0x62, 0x08, 0x62, 0x08, 0x62, 0x08, 0x62, 0x08, 0x62, 0x08, 
0x62, 0x08, 0x62, 0x08, 0x62, 0x08, 0x62, 0x08, 0x62, 0x08, 0x62, 0x08, 0x62, 0x08, 0x62, 0x08, 
0x62, 0x08, 0x62, 0x08, 0x62, 0x08, 0x62, 0x08, 0x62, 0x08, 0x62, 0x08, 0x62, 0x08, 0x62, 0x08, 
0x62, 0x08, 0x62, 0x08, 0x62, 0x08, 0x62, 0x08, 0x62, 0x08, 0x62, 0x08, 0x62, 0x08, 0x62, 0x08, 
0x62, 0x08, 0x62, 0x08, 0x62, 0x08, 0x62, 0x08, 0x62, 0x08, 0x62, 0x08, 0x62, 0x08, 0x62, 0x08, 
0x62, 0x08, 0x62, 0x08, 0x62, 0x08, 0x62, 0x08, 0x62, 0x08, 0x62, 0x08, 0x62, 0x08, 0x62, 0x08, 
0x62, 0x08, 0x62, 0x08, 0x62, 0x08, 0x62, 0x08, 0x62, 0x08, 0x62, 0x08, 0x62, 0x08, 0x62, 0x08, 
0x62, 0x08, 0x62, 0x08, 0x62, 0x08, 0x62, 0x08, 0x62, 0x08, 0x62, 0x08, 0x62, 0x08, 0x62, 0x08, 
0x62, 0x08, 0x62, 0x08, 0x62, 0x08, 0x62, 0x08, 0x62, 0x08, 0x62, 0x08, 0x62, 0x08, 0x62, 0x08, 
0x62, 0x08, 0x62, 0x08, 0x62, 0x08, 0x62, 0x08, 0x62, 0x08, 0x62, 0x08, 0x62, 0x08, 0x62, 0x08, 
0x62, 0x08, 0x62, 0x08, 0x62, 0x08, 0x62, 0x08, 0x62, 0x08, 0x62, 0x08, 0x62, 0x08, 0x62, 0x08, 
0x62, 0x08, 0x62, 0x08, 0x62, 0x08, 0x62, 0x08, 0x62, 0x08, 0x62, 0x08, 0x62, 0x08, 0x62, 0x08, 
0x62, 0x08, 0x62, 0x08, 0x62, 0x08, 0x62, 0x08, 0x62, 0x08, 0x62, 0x08, 0x62, 0x08, 0x62, 0x08, 
0x62, 0x08, 0x62, 0x08, 0x62, 0x08, 0x62, 0x08, 0x62, 0x08, 0x62, 0x08, 0x62, 0x08, 0x62, 0x08, 
0x62, 0x08, 0x62, 0x08, 0x62, 0x08, 0x62, 0x08, 0x62, 0x08, 0x62, 0x08, 0x62, 0x08, 0x62, 0x08, 
0x62, 0x08, 0x62, 0x08, 0x62, 0x08, 0x62, 0x08, 0x62, 0x08, 0x62, 0x08, 0x62, 0x08, 0x62, 0x08, 
0x62, 0x08, 0x62, 0x08, 0x62, 0x08, 0x62, 0x08, 0x62, 0x08, 0x62, 0x08, 0x62, 0x08, 0x62, 0x08, 
0x62, 0x08, 0x62, 0x08, 0x62, 0x08, 0x62, 0x08, 0x62, 0x08, 0x62, 0x08, 0x62, 0x08, 0x62, 0x08, 
0x62, 0x08, 0x62, 0x08, 0x62, 0x08, 0x62, 0x08, 0x62, 0x08, 0x62, 0x08, 0x62, 0x08, 0x62, 0x08, 
0x62, 0x08, 0x62, 0x08, 0x62, 0x08, 0x62, 0x08, 0x62, 0x08, 0x62, 0x08, 0x62, 0x08, 0x62, 0x08, 
0x62, 0x08, 0x62, 0x08, 0x62, 0x08, 0x62, 0x08, 0x62, 0x08, 0x62, 0x08, 0x62, 0x08, 0x62, 0x08, 
0x62, 0x08, 0x62, 0x08, 0x62, 0x08, 0x62, 0x08, 0x62, 0x08, 0x62, 0x08, 0x62, 0x08, 0x62, 0x08, 
0x62, 0x08, 0x62, 0x08, 0x62, 0x08, 0x62, 0x08, 0x62, 0x08, 0x62, 0x08, 0x62, 0x08, 0x62, 0x08, 
0x62, 0x08, 0x62, 0x08, 0x62, 0x08, 0x62, 0x08, 0x62, 0x08, 0x62, 0x08, 0x62, 0x08, 0x62, 0x08, 
0x62, 0x08, 0x62, 0x08, 0x62, 0x08, 0x62, 0x08, 0x62, 0x08, 0x62, 0x08, 0x62, 0x08, 0x62, 0x08, 
0x62, 0x08, 0x62, 0x08, 0x62, 0x08, 0x62, 0x08, 0x62, 0x08, 0x62, 0x08, 0x62, 0x08, 0x62, 0x08, 
0x62, 0x08, 0x62, 0x08, 0x62, 0x08, 0x62, 0x08, 0x62, 0x08, 0x62, 0x08, 0x62, 0x08, 0x62, 0x08, 
0x62, 0x08, 0x62, 0x08, 0x62, 0x08, 0x62, 0x08, 0x62, 0x08, 0x62, 0x08, 0x62, 0x08, 0x62, 0x08, 
0x62, 0x08, 0x62, 0x08, 0x62, 0x08, 0x62, 0x08, 0x62, 0x08, 0x62, 0x08, 0x62, 0x08, 0x62, 0x08, 
0x62, 0x08, 0x62, 0x08, 0x62, 0x08, 0x62, 0x08, 0x62, 0x08, 0x62, 0x08, 0x62, 0x08, 0x62, 0x08, 
0x62, 0x08, 0x62, 0x08, 0x62, 0x08, 0x62, 0x08, 0x62, 0x08, 0x62, 0x08, 0x62, 0x08, 0x62, 0x08, 
0x62, 0x08, 0x62, 0x08, 0x62, 0x08, 0x62, 0x08, 0x62, 0x08, 0x62, 0x08, 0x62, 0x08, 0x62, 0x08, 
0x62, 0x08, 0x62, 0x08, 0x62, 0x08, 0x62, 0x08, 0x62, 0x08, 0x62, 0x08, 0x62, 0x08, 0x62, 0x08, 
0x62, 0x08, 0x62, 0x08, 0x62, 0x08, 0x62, 0x08, 0x62, 0x08, 0x62, 0x08, 0x62, 0x08, 0x62, 0x08, 
0x62, 0x08, 0x62, 0x08, 0x62, 0x08, 0x62, 0x08, 0x62, 0x08, 0x62, 0x08, 0x62, 0x08, 0x62, 0x08, 
0x62, 0x08, 0x62, 0x08, 0x62, 0x08, 0x62, 0x08, 0x62, 0x08, 0x62, 0x08, 0x62, 0x08, 0x62, 0x08, 
0x62, 0x08, 0x62, 0x08, 0x62, 0x08, 0x62, 0x08, 0x62, 0x08, 0x62, 0x08, 0x62, 0x08, 0x62, 0x08, 
0x62, 0x08, 0x62, 0x08, 0x62, 0x08, 0x62, 0x08, 0x62, 0x08, 0x62, 0x08, 0x62, 0x08, 0x62, 0x08, 
0x62, 0x08, 0x62, 0x08, 0x62, 0x08, 0x62, 0x08, 0x62, 0x08, 0x62, 0x08, 0x62, 0x08, 0x62, 0x08, 
0x62, 0x08, 0x62, 0x08, 0x62, 0x08, 0x62, 0x08, 0x62, 0x08, 0x62, 0x08, 0x62, 0x08, 0x62, 0x08, 
0x62, 0x08, 0x62, 0x08, 0x62, 0x08, 0x62, 0x08, 0x62, 0x08, 0x62, 0x08, 0x62, 0x08, 0x62, 0x08, 
0x62, 0x08, 0x62, 0x08, 0x62, 0x08, 0x62, 0x08, 0x62, 0x08, 0x62, 0x08, 0x62, 0x08, 0x62, 0x08, 
0x62, 0x08, 0x62, 0x08, 0x62, 0x08, 0x62, 0x08, 0x62, 0x08, 0x62, 0x08, 0x62, 0x08, 0x62, 0x08, 
0x62, 0x08, 0x62, 0x08, 0x62, 0x08, 0x62, 0x08, 0x62, 0x08, 0x62, 0x08, 0x62, 0x08, 0x62, 0x08, 
0x62, 0x08, 0x62, 0x08, 0x62, 0x08, 0x62, 0x08, 0x62, 0x08, 0x62, 0x08, 0x62, 0x08, 0x62, 0x08, 
0x62, 0x08, 0x62, 0x08, 0x62, 0x08, 0x62, 0x08, 0x62, 0x08, 0x62, 0x08, 0x62, 0x08, 0x62, 0x08, 
0x62, 0x08, 0x62, 0x08, 0x62, 0x08, 0x62, 0x08, 0x62, 0x08, 0x62, 0x08, 0x62, 0x08, 0x62, 0x08, 
0x62, 0x08, 0x62, 0x08, 0x62, 0x08, 0x62, 0x08, 0x62, 0x08, 0x62, 0x08, 0x62, 0x08, 0x62, 0x08, 
0x62, 0x08, 0x62, 0x08, 0x62, 0x08, 0x62, 0x08, 0x62, 0x08, 0x62, 0x08, 0x62, 0x08, 0x62, 0x08, 
0x62, 0x08, 0x62, 0x08, 0x62, 0x08, 0x62, 0x08, 0x62, 0x08, 0x62, 0x08, 0x62, 0x08, 0x62, 0x08, 
0x62, 0x08, 0x62, 0x08, 0x62, 0x08, 0x62, 0x08, 0x62, 0x08, 0x62, 0x08, 0x62, 0x08, 0x62, 0x08, 
0x62, 0x08, 0x62, 0x08, 0x62, 0x08, 0x62, 0x08, 0x62, 0x08, 0x62, 0x08, 0x62, 0x08, 0x62, 0x08, 
0x62, 0x08, 0x62, 0x08, 0x62, 0x08, 0x62, 0x08, 0x62, 0x08, 0x62, 0x08, 0x62, 0x08, 0x62, 0x08, 
0x62, 0x08, 0x62, 0x08, 0x62, 0x08, 0x62, 0x08, 0x62, 0x08, 0x62, 0x08, 0x62, 0x08, 0x62, 0x08, 
0x62, 0x08, 0x62, 0x08, 0x62, 0x08, 0x62, 0x08, 0x62, 0x08, 0x62, 0x08, 0x62, 0x08, 0x62, 0x08, 
0x62, 0x08, 0x62, 0x08, 0x62, 0x08, 0x62, 0x08, 0x62, 0x08, 0x62, 0x08, 0x62, 0x08, 0x62, 0x08, 
0x62, 0x08, 0x62, 0x08, 0x62, 0x08, 0x62, 0x08, 0x62, 0x08, 0x62, 0x08, 0x62, 0x08, 0x62, 0x08, 
0x62, 0x08, 0x62, 0x08, 0x62, 0x08, 0x62, 0x08, 0x62, 0x08, 0x62, 0x08, 0x62, 0x08, 0x62, 0x08, 
0x62, 0x08, 0x62, 0x08, 0x62, 0x08, 0x62, 0x08, 0x62, 0x08, 0x62, 0x08, 0x62, 0x08, 0x62, 0x08, 
0x62, 0x08, 0x62, 0x08, 0x62, 0x08, 0x62, 0x08, 0x62, 0x08, 0x62, 0x08, 0x62, 0x08, 0x62, 0x08, 
0x62, 0x08, 0x62, 0x08, 0x62, 0x08, 0x62, 0x08, 0x62, 0x08, 0x62, 0x08, 0x62, 0x08, 0x62, 0x08, 
0x62, 0x08, 0x62, 0x08, 0x62, 0x08, 0x62, 0x08, 0x62, 0x08, 0x62, 0x08, 0x62, 0x08, 0x62, 0x08, 
0x62, 0x08, 0x62, 0x08, 0x62, 0x08, 0x62, 0x08, 0x62, 0x08, 0x62, 0x08, 0x62, 0x08, 0x62, 0x08, 
0x62, 0x08, 0x62, 0x08, 0x62, 0x08, 0x62, 0x08, 0x62, 0x08, 0x62, 0x08, 0x62, 0x08, 0x62, 0x08, 
0x62, 0x08, 0x62, 0x08, 0x62, 0x08, 0x62, 0x08, 0x62, 0x08, 0x62, 0x08, 0x62, 0x08, 0x62, 0x08, 
0x62, 0x08, 0x62, 0x08, 0x62, 0x08, 0x62, 0x08, 0x62, 0x08, 0x62, 0x08, 0x62, 0x08, 0x62, 0x08, 
0x62, 0x08, 0x62, 0x08, 0x62, 0x08, 0x62, 0x08, 0x62, 0x08, 0x62, 0x08, 0x62, 0x08, 0x62, 0x08, 
0x62, 0x08, 0x62, 0x08, 0x62, 0x08, 0x62, 0x08, 0x62, 0x08, 0x62, 0x08, 0x62, 0x08, 0x62, 0x08, 
0x62, 0x08, 0x62, 0x08, 0x62, 0x08, 0x62, 0x08, 0x62, 0x08, 0x62, 0x08, 0x62, 0x08, 0x62, 0x08, 
0x62, 0x08, 0x62, 0x08, 0x62, 0x08, 0x62, 0x08, 0x62, 0x08, 0x62, 0x08, 0x62, 0x08, 0x62, 0x08, 
0x62, 0x08, 0x62, 0x08, 0x62, 0x08, 0x62, 0x08, 0x62, 0x08, 0x62, 0x08, 0x62, 0x08, 0x62, 0x08, 
0x62, 0x08, 0x62, 0x08, 0x62, 0x08, 0x62, 0x08, 0x62, 0x08, 0x62, 0x08, 0x62, 0x08, 0x62, 0x08, 
0x62, 0x08, 0x62, 0x08, 0x62, 0x08, 0x62, 0x08, 0x62, 0x08, 0x62, 0x08, 0x62, 0x08, 0x62, 0x08, 
0x62, 0x08, 0x62, 0x08, 0x62, 0x08, 0x62, 0x08, 0x62, 0x08, 0x62, 0x08, 0x62, 0x08, 0x62, 0x08, 
0x62, 0x08, 0x62, 0x08, 0x62, 0x08, 0x62, 0x08, 0x62, 0x08, 0x62, 0x08, 0x62, 0x08, 0x62, 0x08, 
0x62, 0x08, 0x62, 0x08, 0x62, 0x08, 0x62, 0x08, 0x62, 0x08, 0x62, 0x08, 0x62, 0x08, 0x62, 0x08, 
0x62, 0x08, 0x62, 0x08, 0x62, 0x08, 0x62, 0x08, 0x62, 0x08, 0x62, 0x08, 0x62, 0x08, 0x62, 0x08, 
0x62, 0x08, 0x62, 0x08, 0x62, 0x08, 0x62, 0x08, 0x62, 0x08, 0x62, 0x08, 0x62, 0x08, 0x62, 0x08, 
0x62, 0x08, 0x62, 0x08, 0x62, 0x08, 0x62, 0x08, 0x62, 0x08, 0x62, 0x08, 0x62, 0x08, 0x62, 0x08, 
0x62, 0x08, 0x62, 0x08, 0x62, 0x08, 0x62, 0x08, 0x62, 0x08, 0x62, 0x08, 0x62, 0x08, 0x62, 0x08, 
0x62, 0x08, 0x62, 0x08, 0x62, 0x08, 0x62, 0x08, 0x62, 0x08, 0x62, 0x08, 0x62, 0x08, 0x62, 0x08, 
0x62, 0x08, 0x62, 0x08, 0x62, 0x08, 0x62, 0x08, 0x62, 0x08, 0x62, 0x08, 0x62, 0x08, 0x62, 0x08, 
0x62, 0x08, 0x62, 0x08, 0x62, 0x08, 0x62, 0x08, 0x62, 0x08, 0x62, 0x08, 0x62, 0x08, 0x62, 0x08, 
0x62, 0x08, 0x62, 0x08, 0x62, 0x08, 0x62, 0x08, 0x62, 0x08, 0x62, 0x08, 0x62, 0x08, 0x62, 0x08, 
0x62, 0x08, 0x62, 0x08, 0x62, 0x08, 0x62, 0x08, 0x62, 0x08, 0x62, 0x08, 0x62, 0x08, 0x62, 0x08, 
0x62, 0x08, 0x62, 0x08, 0x62, 0x08, 0x62, 0x08, 0x62, 0x08, 0x62, 0x08, 0x62, 0x08, 0x62, 0x08, 
0x62, 0x08, 0x62, 0x08, 0x62, 0x08, 0x62, 0x08, 0x62, 0x08, 0x62, 0x08, 0x62, 0x08, 0x62, 0x08, 
0x62, 0x08, 0x62, 0x08, 0x62, 0x08, 0x62, 0x08, 0x62, 0x08, 0x62, 0x08, 0x62, 0x08, 0x62, 0x08, 
0x62, 0x08, 0x62, 0x08, 0x62, 0x08, 0x62, 0x08, 0x62, 0x08, 0x62, 0x08, 0x62, 0x08, 0x62, 0x08, 
0x62, 0x08, 0x62, 0x08, 0x62, 0x08, 0x62, 0x08, 0x62, 0x08, 0x62, 0x08, 0x62, 0x08, 0x62, 0x08, 
0x62, 0x08, 0x62, 0x08, 0x62, 0x08, 0x62, 0x08, 0x62, 0x08, 0x62, 0x08, 0x62, 0x08, 0x62, 0x08, 
0x62, 0x08, 0x62, 0x08, 0x62, 0x08, 0x62, 0x08, 0x62, 0x08, 0x62, 0x08, 0x62, 0x08, 0x62, 0x08, 
0x62, 0x08, 0x62, 0x08, 0x62, 0x08, 0x62, 0x08, 0x62, 0x08, 0x62, 0x08, 0x62, 0x08, 0x62, 0x08, 
0x62, 0x08, 0x62, 0x08, 0x62, 0x08, 0x62, 0x08, 0x62, 0x08, 0x62, 0x08, 0x62, 0x08, 0x62, 0x08, 
0x62, 0x08, 0x62, 0x08, 0x62, 0x08, 0x62, 0x08, 0x62, 0x08, 0x62, 0x08, 0x62, 0x08, 0x62, 0x08, 
0x62, 0x08, 0x62, 0x08, 0x62, 0x08, 0x62, 0x08, 0x62, 0x08, 0x62, 0x08, 0x62, 0x08, 0x62, 0x08, 
0x62, 0x08, 0x62, 0x08, 0x62, 0x08, 0x62, 0x08, 0x62, 0x08, 0x62, 0x08, 0x62, 0x08, 0x62, 0x08, 
0x62, 0x08, 0x62, 0x08, 0x62, 0x08, 0x62, 0x08, 0x62, 0x08, 0x62, 0x08, 0x62, 0x08, 0x62, 0x08, 
0x62, 0x08, 0x62, 0x08, 0x62, 0x08, 0x62, 0x08, 0x62, 0x08, 0x62, 0x08, 0x62, 0x08, 0x62, 0x08, 
0x62, 0x08, 0x62, 0x08, 0x62, 0x08, 0x62, 0x08, 0x62, 0x08, 0x62, 0x08, 0x62, 0x08, 0x62, 0x08, 
0x62, 0x08, 0x62, 0x08, 0x62, 0x08, 0x62, 0x08, 0x62, 0x08, 0x62, 0x08, 0x62, 0x08, 0x62, 0x08, 
0x62, 0x08, 0x62, 0x08, 0x62, 0x08, 0x62, 0x08, 0x62, 0x08, 0x62, 0x08, 0x62, 0x08, 0x62, 0x08, 
0x62, 0x08, 0x62, 0x08, 0x62, 0x08, 0x62, 0x08, 0x62, 0x08, 0x62, 0x08, 0x62, 0x08, 0x62, 0x08, 
0x62, 0x08, 0x62, 0x08, 0x62, 0x08, 0x62, 0x08, 0x62, 0x08, 0x62, 0x08, 0x62, 0x08, 0x62, 0x08, 
0x62, 0x08, 0x62, 0x08, 0x62, 0x08, 0x62, 0x08, 0x62, 0x08, 0x62, 0x08, 0x62, 0x08, 0x62, 0x08, 
0x62, 0x08, 0x62, 0x08, 0x62, 0x08, 0x62, 0x08, 0x62, 0x08, 0x62, 0x08, 0x62, 0x08, 0x62, 0x08, 
0x62, 0x08, 0x62, 0x08, 0x62, 0x08, 0x62, 0x08, 0x62, 0x08, 0x62, 0x08, 0x62, 0x08, 0x62, 0x08, 
0x62, 0x08, 0x62, 0x08, 0x62, 0x08, 0x62, 0x08, 0x62, 0x08, 0x62, 0x08, 0x62, 0x08, 0x62, 0x08, 
0x62, 0x08, 0x62, 0x08, 0x62, 0x08, 0x62, 0x08, 0x62, 0x08, 0x62, 0x08, 0x62, 0x08, 0x62, 0x08, 
0x62, 0x08, 0x62, 0x08, 0x62, 0x08, 0x62, 0x08, 0x62, 0x08, 0x62, 0x08, 0x62, 0x08, 0x62, 0x08, 
0x62, 0x08, 0x62, 0x08, 0x62, 0x08, 0x62, 0x08, 0x62, 0x08, 0x62, 0x08, 0x62, 0x08, 0x62, 0x08, 
0x62, 0x08, 0x62, 0x08, 0x62, 0x08, 0x62, 0x08, 0x62, 0x08, 0x62, 0x08, 0x62, 0x08, 0x62, 0x08, 
0x62, 0x08, 0x62, 0x08, 0x62, 0x08, 0x62, 0x08, 0x62, 0x08, 0x62, 0x08, 0x62, 0x08, 0x62, 0x08, 
0x62, 0x08, 0x62, 0x08, 0x62, 0x08, 0x62, 0x08, 0x62, 0x08, 0x62, 0x08, 0x62, 0x08, 0x62, 0x08, 
0x62, 0x08, 0x62, 0x08, 0x62, 0x08, 0x62, 0x08, 0x62, 0x08, 0x62, 0x08, 0x62, 0x08, 0x62, 0x08, 
0x62, 0x08, 0x62, 0x08, 0x62, 0x08, 0x62, 0x08, 0x62, 0x08, 0x62, 0x08, 0x62, 0x08, 0x62, 0x08, 
0x62, 0x08, 0x62, 0x08, 0x62, 0x08, 0x62, 0x08, 0x62, 0x08, 0x62, 0x08, 0x62, 0x08, 0x62, 0x08, 
0x62, 0x08, 0x62, 0x08, 0x62, 0x08, 0x62, 0x08, 0x62, 0x08, 0x62, 0x08, 0x62, 0x08, 0x62, 0x08, 
0x62, 0x08, 0x62, 0x08, 0x62, 0x08, 0x62, 0x08, 0x62, 0x08, 0x62, 0x08, 0x62, 0x08, 0x62, 0x08, 
0x62, 0x08, 0x62, 0x08, 0x62, 0x08, 0x62, 0x08, 0x62, 0x08, 0x62, 0x08, 0x62, 0x08, 0x62, 0x08, 
0x62, 0x08, 0x62, 0x08, 0x62, 0x08, 0x62, 0x08, 0x62, 0x08, 0x62, 0x08, 0x62, 0x08, 0x62, 0x08, 
0x62, 0x08, 0x62, 0x08, 0x62, 0x08, 0x62, 0x08, 0x62, 0x08, 0x62, 0x08, 0x62, 0x08, 0x62, 0x08, 
0x62, 0x08, 0x62, 0x08, 0x62, 0x08, 0x62, 0x08, 0x62, 0x08, 0x62, 0x08, 0x62, 0x08, 0x62, 0x08, 
0x62, 0x08, 0x62, 0x08, 0x62, 0x08, 0x62, 0x08, 0x62, 0x08, 0x62, 0x08, 0x62, 0x08, 0x62, 0x08, 
0x62, 0x08, 0x62, 0x08, 0x62, 0x08, 0x62, 0x08, 0x62, 0x08, 0x62, 0x08, 0x62, 0x08, 0x62, 0x08, 
0x62, 0x08, 0x62, 0x08, 0x62, 0x08, 0x62, 0x08, 0x62, 0x08, 0x62, 0x08, 0x62, 0x08, 0x62, 0x08, 
0x62, 0x08, 0x62, 0x08, 0x62, 0x08, 0x62, 0x08, 0x62, 0x08, 0x62, 0x08, 0x62, 0x08, 0x62, 0x08, 
0x62, 0x08, 0x62, 0x08, 0x62, 0x08, 0x62, 0x08, 0x62, 0x08, 0x62, 0x08, 0x62, 0x08, 0x62, 0x08, 
0x62, 0x08, 0x62, 0x08, 0x62, 0x08, 0x62, 0x08, 0x62, 0x08, 0x62, 0x08, 0x62, 0x08, 0x62, 0x08, 
0x62, 0x08, 0x62, 0x08, 0x62, 0x08, 0x62, 0x08, 0x62, 0x08, 0x62, 0x08, 0x62, 0x08, 0x62, 0x08, 
0x62, 0x08, 0x62, 0x08, 0x62, 0x08, 0x62, 0x08, 0x62, 0x08, 0x62, 0x08, 0x62, 0x08, 0x62, 0x08, 
0x62, 0x08, 0x62, 0x08, 0x62, 0x08, 0x62, 0x08, 0x62, 0x08, 0x62, 0x08, 0x62, 0x08, 0x62, 0x08, 
0x62, 0x08, 0x62, 0x08, 0x62, 0x08, 0x62, 0x08, 0x62, 0x08, 0x62, 0x08, 0x62, 0x08, 0x62, 0x08, 
0x62, 0x08, 0x62, 0x08, 0x62, 0x08, 0x62, 0x08, 0x62, 0x08, 0x62, 0x08, 0x62, 0x08, 0x62, 0x08, 
0x62, 0x08, 0x62, 0x08, 0x62, 0x08, 0x62, 0x08, 0x62, 0x08, 0x62, 0x08, 0x62, 0x08, 0x62, 0x08, 
0x62, 0x08, 0x62, 0x08, 0x62, 0x08, 0x62, 0x08, 0x62, 0x08, 0x62, 0x08, 0x62, 0x08, 0x62, 0x08, 
0x62, 0x08, 0x62, 0x08, 0x62, 0x08, 0x62, 0x08, 0x62, 0x08, 0x62, 0x08, 0x62, 0x08, 0x62, 0x08, 
0x62, 0x08, 0x62, 0x08, 0x62, 0x08, 0x62, 0x08, 0x62, 0x08, 0x62, 0x08, 0x62, 0x08, 0x62, 0x08, 
0x62, 0x08, 0x62, 0x08, 0x62, 0x08, 0x62, 0x08, 0x42, 0x08, 0x62, 0x08, 0x62, 0x08, 0x62, 0x08, 
0x62, 0x08, 0x62, 0x08, 0x62, 0x08, 0x62, 0x08, 0x62, 0x08, 0x62, 0x08, 0x62, 0x08, 0x62, 0x08, 
0x62, 0x08, 0x62, 0x08, 0x62, 0x08, 0x62, 0x08, 0x62, 0x08, 0x62, 0x08, 0x62, 0x08, 0x62, 0x08, 
0x62, 0x08, 0x62, 0x08, 0x62, 0x08, 0x62, 0x08, 0x62, 0x08, 0x62, 0x08, 0x62, 0x08, 0x62, 0x08, 
0x62, 0x08, 0x62, 0x08, 0x62, 0x08, 0x62, 0x08, 0x62, 0x08, 0x62, 0x08, 0x62, 0x08, 0x62, 0x08, 
0x62, 0x08, 0x62, 0x08, 0x62, 0x08, 0x62, 0x08, 0x62, 0x08, 0x62, 0x08, 0x62, 0x08, 0x62, 0x08, 
0x62, 0x08, 0x62, 0x08, 0x62, 0x08, 0x62, 0x08, 0x62, 0x08, 0x62, 0x08, 0x62, 0x08, 0x62, 0x08, 
0x62, 0x08, 0x62, 0x08, 0x62, 0x08, 0x62, 0x08, 0x62, 0x08, 0x62, 0x08, 0x62, 0x08, 0x62, 0x08, 
0x62, 0x08, 0x62, 0x08, 0x62, 0x08, 0x62, 0x08, 0x62, 0x08, 0x62, 0x08, 0x62, 0x08, 0x62, 0x08, 
0x62, 0x08, 0x62, 0x08, 0x62, 0x08, 0x62, 0x08, 0x62, 0x08, 0x62, 0x08, 0x62, 0x08, 0x62, 0x08, 
0x62, 0x08, 0x62, 0x08, 0x62, 0x08, 0x62, 0x08, 0x62, 0x08, 0x62, 0x08, 0x62, 0x08, 0x62, 0x08, 
0x62, 0x08, 0x62, 0x08, 0x62, 0x08, 0x62, 0x08, 0x62, 0x08, 0x62, 0x08, 0x62, 0x08, 0x62, 0x08, 
0x62, 0x08, 0x62, 0x08, 0x62, 0x08, 0x62, 0x08, 0x62, 0x08, 0x62, 0x08, 0x62, 0x08, 0x62, 0x08, 
0x62, 0x08, 0x62, 0x08, 0x62, 0x08, 0x62, 0x08, 0x62, 0x08, 0x62, 0x08, 0x62, 0x08, 0x62, 0x08, 
0x62, 0x08, 0x62, 0x08, 0x62, 0x08, 0x62, 0x08, 0x62, 0x08, 0x62, 0x08, 0x62, 0x08, 0x62, 0x08, 
0x62, 0x08, 0x62, 0x08, 0x62, 0x08, 0x62, 0x08, 0x62, 0x08, 0x62, 0x08, 0x62, 0x08, 0x62, 0x08, 
0x62, 0x08, 0x62, 0x08, 0x62, 0x08, 0x62, 0x08, 0x62, 0x08, 0x62, 0x08, 0x62, 0x08, 0x62, 0x08, 
0x62, 0x08, 0x62, 0x08, 0x62, 0x08, 0x62, 0x08, 0x62, 0x08, 0x62, 0x08, 0x62, 0x08, 0x62, 0x08, 
0x62, 0x08, 0x62, 0x08, 0x62, 0x08, 0x62, 0x08, 0x62, 0x08, 0x62, 0x08, 0x62, 0x08, 0x62, 0x08, 
0x62, 0x08, 0x62, 0x08, 0x62, 0x08, 0x62, 0x08, 0x62, 0x08, 0x62, 0x08, 0x62, 0x08, 0x62, 0x08, 
0x62, 0x08, 0x62, 0x08, 0x62, 0x08, 0x62, 0x08, 0x62, 0x08, 0x62, 0x08, 0x62, 0x08, 0x62, 0x08, 
0x62, 0x08, 0x62, 0x08, 0x62, 0x08, 0x62, 0x08, 0x62, 0x08, 0x62, 0x08, 0x62, 0x08, 0x62, 0x08, 
0x62, 0x08, 0x62, 0x08, 0x62, 0x08, 0x62, 0x08, 0x62, 0x08, 0x62, 0x08, 0x62, 0x08, 0x62, 0x08, 
0x62, 0x08, 0x62, 0x08, 0x62, 0x08, 0x62, 0x08, 0x62, 0x08, 0x62, 0x08, 0x62, 0x08, 0x62, 0x08, 
0x62, 0x08, 0x62, 0x08, 0x62, 0x08, 0x62, 0x08, 0x62, 0x08, 0x62, 0x08, 0x62, 0x08, 0x62, 0x08, 
0x62, 0x08, 0x62, 0x08, 0x62, 0x08, 0x62, 0x08, 0x62, 0x08, 0x62, 0x08, 0x62, 0x08, 0x62, 0x08, 
0x62, 0x08, 0x62, 0x08, 0x62, 0x08, 0x62, 0x08, 0x62, 0x08, 0x62, 0x08, 0x62, 0x08, 0x62, 0x08, 
0x62, 0x08, 0x62, 0x08, 0x62, 0x08, 0x62, 0x08, 0x62, 0x08, 0x62, 0x08, 0x62, 0x08, 0x62, 0x08, 
0x62, 0x08, 0x62, 0x08, 0x62, 0x08, 0x62, 0x08, 0x62, 0x08, 0x62, 0x08, 0x62, 0x08, 0x62, 0x08, 
0x62, 0x08, 0x62, 0x08, 0x62, 0x08, 0x62, 0x08, 0x62, 0x08, 0x62, 0x08, 0x62, 0x08, 0x62, 0x08, 
0x62, 0x08, 0x62, 0x08, 0x62, 0x08, 0x62, 0x08, 0x62, 0x08, 0x62, 0x08, 0x62, 0x08, 0x62, 0x08, 
0x62, 0x08, 0x62, 0x08, 0x62, 0x08, 0x62, 0x08, 0x62, 0x08, 0x62, 0x08, 0x62, 0x08, 0x62, 0x08, 
0x62, 0x08, 0x62, 0x08, 0x62, 0x08, 0x62, 0x08, 0x62, 0x08, 0x62, 0x08, 0x62, 0x08, 0x62, 0x08, 
0x62, 0x08, 0x62, 0x08, 0x62, 0x08, 0x62, 0x08, 0x62, 0x08, 0x62, 0x08, 0x62, 0x08, 0x62, 0x08, 
0x62, 0x08, 0x62, 0x08, 0x62, 0x08, 0x62, 0x08, 0x62, 0x08, 0x62, 0x08, 0x62, 0x08, 0x62, 0x08, 
0x62, 0x08, 0x62, 0x08, 0x62, 0x08, 0x62, 0x08, 0x62, 0x08, 0x62, 0x08, 0x62, 0x08, 0x62, 0x08, 
0x62, 0x08, 0x62, 0x08, 0x62, 0x08, 0x62, 0x08, 0x62, 0x08, 0x62, 0x08, 0x62, 0x08, 0x62, 0x08, 
0x62, 0x08, 0x62, 0x08, 0x62, 0x08, 0x62, 0x08, 0x62, 0x08, 0x62, 0x08, 0x62, 0x08, 0x62, 0x08, 
0x62, 0x08, 0x62, 0x08, 0x62, 0x08, 0x62, 0x08, 0x62, 0x08, 0x62, 0x08, 0x62, 0x08, 0x62, 0x08, 
0x62, 0x08, 0x62, 0x08, 0x62, 0x08, 0x62, 0x08, 0x62, 0x08, 0x62, 0x08, 0x62, 0x08, 0x62, 0x08, 
0x62, 0x08, 0x62, 0x08, 0x62, 0x08, 0x62, 0x08, 0x62, 0x08, 0x62, 0x08, 0x62, 0x08, 0x42, 0x08, 
0x62, 0x08, 0x62, 0x08, 0x62, 0x08, 0x62, 0x08, 0x62, 0x08, 0x62, 0x08, 0x62, 0x08, 0x62, 0x08, 
0x62, 0x08, 0x62, 0x08, 0x62, 0x08, 0x62, 0x08, 0x62, 0x08, 0x62, 0x08, 0x62, 0x08, 0x62, 0x08, 
0x62, 0x08, 0x62, 0x08, 0x62, 0x08, 0x62, 0x08, 0x62, 0x08, 0x62, 0x08, 0x62, 0x08, 0x62, 0x08, 
0x62, 0x08, 0x62, 0x08, 0x62, 0x08, 0x62, 0x08, 0x62, 0x08, 0x62, 0x08, 0x62, 0x08, 0x62, 0x08, 
0x62, 0x08, 0x62, 0x08, 0x62, 0x08, 0x62, 0x08, 0x62, 0x08, 0x62, 0x08, 0x62, 0x08, 0x62, 0x08, 
0x62, 0x08, 0x62, 0x08, 0x62, 0x08, 0x62, 0x08, 0x62, 0x08, 0x62, 0x08, 0x62, 0x08, 0x62, 0x08, 
0x62, 0x08, 0x62, 0x08, 0x62, 0x08, 0x62, 0x08, 0x62, 0x08, 0x62, 0x08, 0x62, 0x08, 0x62, 0x08, 
0x62, 0x08, 0x62, 0x08, 0x62, 0x08, 0x62, 0x08, 0x62, 0x08, 0x62, 0x08, 0x62, 0x08, 0x62, 0x08, 
0x62, 0x08, 0x62, 0x08, 0x62, 0x08, 0x62, 0x08, 0x62, 0x08, 0x62, 0x08, 0x62, 0x08, 0x62, 0x08, 
0x62, 0x08, 0x62, 0x08, 0x62, 0x08, 0x62, 0x08, 0x62, 0x08, 0x62, 0x08, 0x62, 0x08, 0x62, 0x08, 
0x62, 0x08, 0x62, 0x08, 0x62, 0x08, 0x62, 0x08, 0x62, 0x08, 0x62, 0x08, 0x62, 0x08, 0x62, 0x08, 
0x62, 0x08, 0x62, 0x08, 0x62, 0x08, 0x62, 0x08, 0x62, 0x08, 0x62, 0x08, 0x62, 0x08, 0x62, 0x08, 
0x62, 0x08, 0x62, 0x08, 0x62, 0x08, 0x62, 0x08, 0x62, 0x08, 0x62, 0x08, 0x62, 0x08, 0x62, 0x08, 
0x62, 0x08, 0x62, 0x08, 0x62, 0x08, 0x62, 0x08, 0x62, 0x08, 0x62, 0x08, 0x62, 0x08, 0x62, 0x08, 
0x62, 0x08, 0x62, 0x08, 0x62, 0x08, 0x62, 0x08, 0x62, 0x08, 0x62, 0x08, 0x62, 0x08, 0x62, 0x08, 
0x62, 0x08, 0x62, 0x08, 0x62, 0x08, 0x62, 0x08, 0x62, 0x08, 0x62, 0x08, 0x62, 0x08, 0x62, 0x08, 
0x62, 0x08, 0x62, 0x08, 0x62, 0x08, 0x62, 0x08, 0x62, 0x08, 0x62, 0x08, 0x62, 0x08, 0x62, 0x08, 
0x62, 0x08, 0x62, 0x08, 0x62, 0x08, 0x62, 0x08, 0x62, 0x08, 0x62, 0x08, 0x62, 0x08, 0x62, 0x08, 
0x62, 0x08, 0x62, 0x08, 0x62, 0x08, 0x62, 0x08, 0x62, 0x08, 0x62, 0x08, 0x62, 0x08, 0x62, 0x08, 
0x62, 0x08, 0x62, 0x08, 0x62, 0x08, 0x62, 0x08, 0x62, 0x08, 0x62, 0x08, 0x62, 0x08, 0x62, 0x08, 
0x62, 0x08, 0x62, 0x08, 0x62, 0x08, 0x62, 0x08, 0x62, 0x08, 0x62, 0x08, 0x62, 0x08, 0x62, 0x08, 
0x62, 0x08, 0x62, 0x08, 0x62, 0x08, 0x62, 0x08, 0x62, 0x08, 0x62, 0x08, 0x62, 0x08, 0x62, 0x08, 
0x62, 0x08, 0x62, 0x08, 0x62, 0x08, 0x62, 0x08, 0x62, 0x08, 0x62, 0x08, 0x62, 0x08, 0x62, 0x08, 
0x62, 0x08, 0x62, 0x08, 0x62, 0x08, 0x62, 0x08, 0x62, 0x08, 0x62, 0x08, 0x62, 0x08, 0x62, 0x08, 
0x62, 0x08, 0x62, 0x08, 0x62, 0x08, 0x62, 0x08, 0x62, 0x08, 0x62, 0x08, 0x62, 0x08, 0x62, 0x08, 
0x62, 0x08, 0x62, 0x08, 0x62, 0x08, 0x62, 0x08, 0x62, 0x08, 0x62, 0x08, 0x62, 0x08, 0x62, 0x08, 
0x62, 0x08, 0x62, 0x08, 0x62, 0x08, 0x62, 0x08, 0x62, 0x08, 0x62, 0x08, 0x62, 0x08, 0x62, 0x08, 
0x62, 0x08, 0x62, 0x08, 0x62, 0x08, 0x62, 0x08, 0x62, 0x08, 0x62, 0x08, 0x62, 0x08, 0x62, 0x08, 
0x62, 0x08, 0x62, 0x08, 0x62, 0x08, 0x62, 0x08, 0x62, 0x08, 0x62, 0x08, 0x62, 0x08, 0x62, 0x08, 
0x62, 0x08, 0x62, 0x08, 0x62, 0x08, 0x62, 0x08, 0x62, 0x08, 0x62, 0x08, 0x62, 0x08, 0x62, 0x08, 
0x62, 0x08, 0x62, 0x08, 0x62, 0x08, 0x62, 0x08, 0x62, 0x08, 0x62, 0x08, 0x62, 0x08, 0x62, 0x08, 
0x62, 0x08, 0x62, 0x08, 0x62, 0x08, 0x62, 0x08, 0x62, 0x08, 0x62, 0x08, 0x62, 0x08, 0x62, 0x08, 
0x62, 0x08, 0x62, 0x08, 0x62, 0x08, 0x62, 0x08, 0x62, 0x08, 0x62, 0x08, 0x62, 0x08, 0x62, 0x08, 
0x62, 0x08, 0x62, 0x08, 0x62, 0x08, 0x62, 0x08, 0x62, 0x08, 0x62, 0x08, 0x62, 0x08, 0x62, 0x08, 
0x62, 0x08, 0x62, 0x08, 0x62, 0x08, 0x62, 0x08, 0x62, 0x08, 0x62, 0x08, 0x62, 0x08, 0x62, 0x08, 
0x62, 0x08, 0x62, 0x08, 0x62, 0x08, 0x62, 0x08, 0x62, 0x08, 0x62, 0x08, 0x62, 0x08, 0x62, 0x08, 
0x62, 0x08, 0x62, 0x08, 0x62, 0x08, 0x62, 0x08, 0x62, 0x08, 0x62, 0x08, 0x62, 0x08, 0x62, 0x08, 
0x62, 0x08, 0x62, 0x08, 0x62, 0x08, 0x62, 0x08, 0x62, 0x08, 0x62, 0x08, 0x62, 0x08, 0x62, 0x08, 
0x62, 0x08, 0x62, 0x08, 0x62, 0x08, 0x62, 0x08, 0x62, 0x08, 0x62, 0x08, 0x62, 0x08, 0x62, 0x08, 
0x42, 0x08, 0x42, 0x08, 0x62, 0x08, 0x42, 0x08, 0x42, 0x08, 0x62, 0x08, 0x42, 0x08, 0x62, 0x08, 
0x62, 0x08, 0x62, 0x08, 0x62, 0x08, 0x62, 0x08, 0x62, 0x08, 0x62, 0x08, 0x62, 0x08, 0x62, 0x08, 
0x62, 0x08, 0x62, 0x08, 0x62, 0x08, 0x62, 0x08, 0x62, 0x08, 0x62, 0x08, 0x62, 0x08, 0x62, 0x08, 
0x62, 0x08, 0x62, 0x08, 0x62, 0x08, 0x62, 0x08, 0x62, 0x08, 0x62, 0x08, 0x62, 0x08, 0x62, 0x08, 
0x62, 0x08, 0x62, 0x08, 0x62, 0x08, 0x62, 0x08, 0x62, 0x08, 0x62, 0x08, 0x62, 0x08, 0x62, 0x08, 
0x62, 0x08, 0x62, 0x08, 0x62, 0x08, 0x62, 0x08, 0x62, 0x08, 0x62, 0x08, 0x62, 0x08, 0x62, 0x08, 
0x62, 0x08, 0x62, 0x08, 0x62, 0x08, 0x62, 0x08, 0x62, 0x08, 0x62, 0x08, 0x62, 0x08, 0x62, 0x08, 
0x62, 0x08, 0x62, 0x08, 0x62, 0x08, 0x62, 0x08, 0x62, 0x08, 0x62, 0x08, 0x62, 0x08, 0x62, 0x08, 
0x62, 0x08, 0x62, 0x08, 0x62, 0x08, 0x62, 0x08, 0x62, 0x08, 0x62, 0x08, 0x62, 0x08, 0x62, 0x08, 
0x62, 0x08, 0x62, 0x08, 0x62, 0x08, 0x62, 0x08, 0x62, 0x08, 0x62, 0x08, 0x62, 0x08, 0x62, 0x08, 
0x62, 0x08, 0x62, 0x08, 0x62, 0x08, 0x62, 0x08, 0x62, 0x08, 0x62, 0x08, 0x62, 0x08, 0x62, 0x08, 
0x62, 0x08, 0x62, 0x08, 0x62, 0x08, 0x62, 0x08, 0x62, 0x08, 0x62, 0x08, 0x62, 0x08, 0x62, 0x08, 
0x62, 0x08, 0x62, 0x08, 0x62, 0x08, 0x62, 0x08, 0x62, 0x08, 0x62, 0x08, 0x62, 0x08, 0x62, 0x08, 
0x62, 0x08, 0x62, 0x08, 0x62, 0x08, 0x62, 0x08, 0x62, 0x08, 0x62, 0x08, 0x62, 0x08, 0x62, 0x08, 
0x62, 0x08, 0x62, 0x08, 0x62, 0x08, 0x62, 0x08, 0x62, 0x08, 0x62, 0x08, 0x62, 0x08, 0x62, 0x08, 
0x62, 0x08, 0x62, 0x08, 0x62, 0x08, 0x62, 0x08, 0x62, 0x08, 0x62, 0x08, 0x62, 0x08, 0x62, 0x08, 
0x62, 0x08, 0x62, 0x08, 0x62, 0x08, 0x62, 0x08, 0x62, 0x08, 0x62, 0x08, 0x62, 0x08, 0x62, 0x08, 
0x62, 0x08, 0x62, 0x08, 0x62, 0x08, 0x62, 0x08, 0x62, 0x08, 0x62, 0x08, 0x62, 0x08, 0x62, 0x08, 
0x62, 0x08, 0x62, 0x08, 0x62, 0x08, 0x62, 0x08, 0x62, 0x08, 0x62, 0x08, 0x62, 0x08, 0x62, 0x08, 
0x62, 0x08, 0x62, 0x08, 0x62, 0x08, 0x62, 0x08, 0x62, 0x08, 0x62, 0x08, 0x62, 0x08, 0x62, 0x08, 
0x62, 0x08, 0x62, 0x08, 0x62, 0x08, 0x62, 0x08, 0x62, 0x08, 0x62, 0x08, 0x62, 0x08, 0x62, 0x08, 
0x62, 0x08, 0x62, 0x08, 0x62, 0x08, 0x62, 0x08, 0x62, 0x08, 0x62, 0x08, 0x62, 0x08, 0x62, 0x08, 
0x62, 0x08, 0x62, 0x08, 0x62, 0x08, 0x62, 0x08, 0x62, 0x08, 0x62, 0x08, 0x62, 0x08, 0x62, 0x08, 
0x62, 0x08, 0x62, 0x08, 0x62, 0x08, 0x62, 0x08, 0x62, 0x08, 0x62, 0x08, 0x62, 0x08, 0x62, 0x08, 
0x62, 0x08, 0x62, 0x08, 0x62, 0x08, 0x62, 0x08, 0x62, 0x08, 0x62, 0x08, 0x62, 0x08, 0x62, 0x08, 
0x62, 0x08, 0x62, 0x08, 0x62, 0x08, 0x62, 0x08, 0x62, 0x08, 0x62, 0x08, 0x62, 0x08, 0x62, 0x08, 
0x62, 0x08, 0x62, 0x08, 0x62, 0x08, 0x62, 0x08, 0x62, 0x08, 0x62, 0x08, 0x62, 0x08, 0x62, 0x08, 
0x62, 0x08, 0x62, 0x08, 0x62, 0x08, 0x62, 0x08, 0x62, 0x08, 0x62, 0x08, 0x62, 0x08, 0x62, 0x08, 
0x62, 0x08, 0x62, 0x08, 0x62, 0x08, 0x62, 0x08, 0x62, 0x08, 0x62, 0x08, 0x62, 0x08, 0x62, 0x08, 
0x62, 0x08, 0x62, 0x08, 0x62, 0x08, 0x62, 0x08, 0x62, 0x08, 0x62, 0x08, 0x62, 0x08, 0x62, 0x08, 
0x62, 0x08, 0x62, 0x08, 0x62, 0x08, 0x62, 0x08, 0x62, 0x08, 0x62, 0x08, 0x62, 0x08, 0x62, 0x08, 
0x62, 0x08, 0x62, 0x08, 0x62, 0x08, 0x62, 0x08, 0x62, 0x08, 0x62, 0x08, 0x62, 0x08, 0x62, 0x08, 
0x62, 0x08, 0x62, 0x08, 0x62, 0x08, 0x62, 0x08, 0x62, 0x08, 0x62, 0x08, 0x62, 0x08, 0x62, 0x08, 
0x62, 0x08, 0x62, 0x08, 0x62, 0x08, 0x62, 0x08, 0x62, 0x08, 0x62, 0x08, 0x62, 0x08, 0x62, 0x08, 
0x62, 0x08, 0x62, 0x08, 0x62, 0x08, 0x62, 0x08, 0x62, 0x08, 0x62, 0x08, 0x62, 0x08, 0x62, 0x08, 
0x62, 0x08, 0x62, 0x08, 0x62, 0x08, 0x62, 0x08, 0x62, 0x08, 0x62, 0x08, 0x62, 0x08, 0x62, 0x08, 
0x62, 0x08, 0x62, 0x08, 0x62, 0x08, 0x62, 0x08, 0x62, 0x08, 0x62, 0x08, 0x62, 0x08, 0x62, 0x08, 
0x62, 0x08, 0x62, 0x08, 0x62, 0x08, 0x62, 0x08, 0x62, 0x08, 0x62, 0x08, 0x62, 0x08, 0x62, 0x08, 
0x62, 0x08, 0x62, 0x08, 0x62, 0x08, 0x62, 0x08, 0x62, 0x08, 0x62, 0x08, 0x62, 0x08, 0x62, 0x08, 
0x62, 0x08, 0x62, 0x08, 0x62, 0x08, 0x62, 0x08, 0x62, 0x08, 0x62, 0x08, 0x62, 0x08, 0x62, 0x08, 
0x62, 0x08, 0x62, 0x08, 0x62, 0x08, 0x62, 0x08, 0x62, 0x08, 0x62, 0x08, 0x62, 0x08, 0x62, 0x08, 
0x62, 0x08, 0x62, 0x08, 0x62, 0x08, 0x62, 0x08, 0x62, 0x08, 0x62, 0x08, 0x62, 0x08, 0x62, 0x08, 
0x62, 0x08, 0x62, 0x08, 0x62, 0x08, 0x62, 0x08, 0x62, 0x08, 0x62, 0x08, 0x62, 0x08, 0x62, 0x08, 
0x62, 0x08, 0x62, 0x08, 0x62, 0x08, 0x62, 0x08, 0x62, 0x08, 0x62, 0x08, 0x62, 0x08, 0x62, 0x08, 
0x62, 0x08, 0x62, 0x08, 0x62, 0x08, 0x62, 0x08, 0x62, 0x08, 0x62, 0x08, 0x62, 0x08, 0x62, 0x08, 
0x62, 0x08, 0x62, 0x08, 0x62, 0x08, 0x62, 0x08, 0x62, 0x08, 0x62, 0x08, 0x62, 0x08, 0x62, 0x08, 
0x62, 0x08, 0x62, 0x08, 0x62, 0x08, 0x62, 0x08, 0x62, 0x08, 0x62, 0x08, 0x62, 0x08, 0x62, 0x08, 
0x62, 0x08, 0x62, 0x08, 0x62, 0x08, 0x62, 0x08, 0x62, 0x08, 0x62, 0x08, 0x62, 0x08, 0x62, 0x08, 
0x62, 0x08, 0x62, 0x08, 0x62, 0x08, 0x62, 0x08, 0x62, 0x08, 0x62, 0x08, 0x62, 0x08, 0x62, 0x08, 
0x62, 0x08, 0x62, 0x08, 0x62, 0x08, 0x62, 0x08, 0x62, 0x08, 0x62, 0x08, 0x62, 0x08, 0x62, 0x08, 
0x62, 0x08, 0x62, 0x08, 0x62, 0x08, 0x62, 0x08, 0x62, 0x08, 0x62, 0x08, 0x62, 0x08, 0x62, 0x08, 
0x62, 0x08, 0x62, 0x08, 0x62, 0x08, 0x62, 0x08, 0x62, 0x08, 0x62, 0x08, 0x62, 0x08, 0x62, 0x08, 
0x62, 0x08, 0x62, 0x08, 0x62, 0x08, 0x62, 0x08, 0x62, 0x08, 0x62, 0x08, 0x62, 0x08, 0x62, 0x08, 
0x62, 0x08, 0x62, 0x08, 0x62, 0x08, 0x62, 0x08, 0x62, 0x08, 0x62, 0x08, 0x62, 0x08, 0x62, 0x08, 
0x62, 0x08, 0x62, 0x08, 0x62, 0x08, 0x62, 0x08, 0x62, 0x08, 0x62, 0x08, 0x62, 0x08, 0x62, 0x08, 
0x62, 0x08, 0x62, 0x08, 0x62, 0x08, 0x62, 0x08, 0x62, 0x08, 0x62, 0x08, 0x62, 0x08, 0x62, 0x08, 
0x62, 0x08, 0x62, 0x08, 0x62, 0x08, 0x62, 0x08, 0x62, 0x08, 0x62, 0x08, 0x62, 0x08, 0x62, 0x08, 
0x62, 0x08, 0x62, 0x08, 0x62, 0x08, 0x62, 0x08, 0x62, 0x08, 0x62, 0x08, 0x62, 0x08, 0x62, 0x08, 
0x62, 0x08, 0x62, 0x08, 0x62, 0x08, 0x62, 0x08, 0x62, 0x08, 0x62, 0x08, 0x62, 0x08, 0x62, 0x08, 
0x62, 0x08, 0x62, 0x08, 0x62, 0x08, 0x62, 0x08, 0x62, 0x08, 0x62, 0x08, 0x62, 0x08, 0x62, 0x08, 
0x62, 0x08, 0x62, 0x08, 0x62, 0x08, 0x62, 0x08, 0x62, 0x08, 0x62, 0x08, 0x62, 0x08, 0x62, 0x08, 
0x62, 0x08, 0x62, 0x08, 0x62, 0x08, 0x62, 0x08, 0x62, 0x08, 0x62, 0x08, 0x62, 0x08, 0x62, 0x08, 
0x62, 0x08, 0x62, 0x08, 0x62, 0x08, 0x62, 0x08, 0x62, 0x08, 0x62, 0x08, 0x62, 0x08, 0x62, 0x08, 
0x62, 0x08, 0x62, 0x08, 0x62, 0x08, 0x62, 0x08, 0x62, 0x08, 0x62, 0x08, 0x62, 0x08, 0x62, 0x08, 
0x62, 0x08, 0x62, 0x08, 0x62, 0x08, 0x62, 0x08, 0x62, 0x08, 0x62, 0x08, 0x62, 0x08, 0x62, 0x08, 
0x62, 0x08, 0x62, 0x08, 0x62, 0x08, 0x62, 0x08, 0x62, 0x08, 0x62, 0x08, 0x62, 0x08, 0x62, 0x08, 
0x62, 0x08, 0x62, 0x08, 0x62, 0x08, 0x62, 0x08, 0x62, 0x08, 0x62, 0x08, 0x62, 0x08, 0x62, 0x08, 
0x62, 0x08, 0x62, 0x08, 0x62, 0x08, 0x62, 0x08, 0x62, 0x08, 0x62, 0x08, 0x62, 0x08, 0x62, 0x08, 
0x62, 0x08, 0x62, 0x08, 0x62, 0x08, 0x62, 0x08, 0x62, 0x08, 0x62, 0x08, 0x62, 0x08, 0x62, 0x08, 
0x62, 0x08, 0x62, 0x08, 0x62, 0x08, 0x62, 0x08, 0x62, 0x08, 0x62, 0x08, 0x62, 0x08, 0x62, 0x08, 
0x62, 0x08, 0x62, 0x08, 0x62, 0x08, 0x62, 0x08, 0x62, 0x08, 0x62, 0x08, 0x62, 0x08, 0x62, 0x08, 
0x62, 0x08, 0x62, 0x08, 0x62, 0x08, 0x62, 0x08, 0x62, 0x08, 0x62, 0x08, 0x62, 0x08, 0x62, 0x08, 
0x62, 0x08, 0x62, 0x08, 0x62, 0x08, 0x62, 0x08, 0x62, 0x08, 0x62, 0x08, 0x62, 0x08, 0x62, 0x08, 
0x62, 0x08, 0x62, 0x08, 0x62, 0x08, 0x62, 0x08, 0x62, 0x08, 0x62, 0x08, 0x62, 0x08, 0x62, 0x08, 
0x62, 0x08, 0x62, 0x08, 0x62, 0x08, 0x62, 0x08, 0x62, 0x08, 0x62, 0x08, 0x62, 0x08, 0x62, 0x08, 
0x62, 0x08, 0x62, 0x08, 0x62, 0x08, 0x62, 0x08, 0x62, 0x08, 0x62, 0x08, 0x62, 0x08, 0x62, 0x08, 
0x62, 0x08, 0x62, 0x08, 0x62, 0x08, 0x62, 0x08, 0x62, 0x08, 0x62, 0x08, 0x62, 0x08, 0x62, 0x08, 
0x62, 0x08, 0x62, 0x08, 0x62, 0x08, 0x62, 0x08, 0x62, 0x08, 0x62, 0x08, 0x62, 0x08, 0x62, 0x08, 
0x62, 0x08, 0x62, 0x08, 0x62, 0x08, 0x62, 0x08, 0x62, 0x08, 0x62, 0x08, 0x62, 0x08, 0x62, 0x08, 
0x62, 0x08, 0x62, 0x08, 0x62, 0x08, 0x62, 0x08, 0x42, 0x08, 0x42, 0x08, 0x62, 0x08, 0x62, 0x08, 
0x42, 0x08, 0x42, 0x08, 0x62, 0x08, 0x62, 0x08, 0x42, 0x08, 0x62, 0x08, 0x42, 0x08, 0x62, 0x08, 
0x62, 0x08, 0x62, 0x08, 0x62, 0x08, 0x62, 0x08, 0x62, 0x08, 0x62, 0x08, 0x62, 0x08, 0x62, 0x08, 
0x62, 0x08, 0x62, 0x08, 0x62, 0x08, 0x62, 0x08, 0x62, 0x08, 0x62, 0x08, 0x62, 0x08, 0x62, 0x08, 
0x62, 0x08, 0x62, 0x08, 0x62, 0x08, 0x62, 0x08, 0x62, 0x08, 0x62, 0x08, 0x62, 0x08, 0x62, 0x08, 
0x62, 0x08, 0x62, 0x08, 0x62, 0x08, 0x62, 0x08, 0x62, 0x08, 0x62, 0x08, 0x62, 0x08, 0x62, 0x08, 
0x62, 0x08, 0x62, 0x08, 0x62, 0x08, 0x62, 0x08, 0x62, 0x08, 0x62, 0x08, 0x62, 0x08, 0x62, 0x08, 
0x62, 0x08, 0x62, 0x08, 0x62, 0x08, 0x62, 0x08, 0x62, 0x08, 0x62, 0x08, 0x62, 0x08, 0x62, 0x08, 
0x62, 0x08, 0x62, 0x08, 0x62, 0x08, 0x62, 0x08, 0x62, 0x08, 0x62, 0x08, 0x62, 0x08, 0x62, 0x08, 
0x62, 0x08, 0x62, 0x08, 0x62, 0x08, 0x62, 0x08, 0x62, 0x08, 0x62, 0x08, 0x62, 0x08, 0x62, 0x08, 
0x62, 0x08, 0x62, 0x08, 0x62, 0x08, 0x62, 0x08, 0x62, 0x08, 0x62, 0x08, 0x62, 0x08, 0x62, 0x08, 
0x62, 0x08, 0x62, 0x08, 0x62, 0x08, 0x62, 0x08, 0x62, 0x08, 0x62, 0x08, 0x62, 0x08, 0x62, 0x08, 
0x62, 0x08, 0x62, 0x08, 0x62, 0x08, 0x62, 0x08, 0x62, 0x08, 0x62, 0x08, 0x62, 0x08, 0x62, 0x08, 
0x62, 0x08, 0x62, 0x08, 0x62, 0x08, 0x62, 0x08, 0x62, 0x08, 0x62, 0x08, 0x62, 0x08, 0x62, 0x08, 
0x62, 0x08, 0x62, 0x08, 0x62, 0x08, 0x62, 0x08, 0x62, 0x08, 0x62, 0x08, 0x62, 0x08, 0x62, 0x08, 
0x62, 0x08, 0x62, 0x08, 0x62, 0x08, 0x62, 0x08, 0x62, 0x08, 0x62, 0x08, 0x62, 0x08, 0x62, 0x08, 
0x62, 0x08, 0x62, 0x08, 0x62, 0x08, 0x62, 0x08, 0x62, 0x08, 0x62, 0x08, 0x62, 0x08, 0x62, 0x08, 
0x62, 0x08, 0x62, 0x08, 0x62, 0x08, 0x62, 0x08, 0x62, 0x08, 0x62, 0x08, 0x62, 0x08, 0x62, 0x08, 
0x62, 0x08, 0x62, 0x08, 0x62, 0x08, 0x62, 0x08, 0x62, 0x08, 0x62, 0x08, 0x62, 0x08, 0x62, 0x08, 
0x62, 0x08, 0x62, 0x08, 0x62, 0x08, 0x62, 0x08, 0x62, 0x08, 0x62, 0x08, 0x62, 0x08, 0x62, 0x08, 
0x62, 0x08, 0x62, 0x08, 0x62, 0x08, 0x62, 0x08, 0x62, 0x08, 0x62, 0x08, 0x62, 0x08, 0x62, 0x08, 
0x62, 0x08, 0x62, 0x08, 0x62, 0x08, 0x62, 0x08, 0x62, 0x08, 0x62, 0x08, 0x62, 0x08, 0x62, 0x08, 
0x62, 0x08, 0x62, 0x08, 0x62, 0x08, 0x62, 0x08, 0x62, 0x08, 0x62, 0x08, 0x62, 0x08, 0x62, 0x08, 
0x62, 0x08, 0x62, 0x08, 0x62, 0x08, 0x62, 0x08, 0x62, 0x08, 0x62, 0x08, 0x62, 0x08, 0x62, 0x08, 
0x62, 0x08, 0x62, 0x08, 0x62, 0x08, 0x62, 0x08, 0x62, 0x08, 0x62, 0x08, 0x62, 0x08, 0x62, 0x08, 
0x62, 0x08, 0x62, 0x08, 0x62, 0x08, 0x62, 0x08, 0x62, 0x08, 0x62, 0x08, 0x62, 0x08, 0x62, 0x08, 
0x62, 0x08, 0x62, 0x08, 0x62, 0x08, 0x62, 0x08, 0x62, 0x08, 0x62, 0x08, 0x62, 0x08, 0x62, 0x08, 
0x62, 0x08, 0x62, 0x08, 0x62, 0x08, 0x62, 0x08, 0x62, 0x08, 0x62, 0x08, 0x62, 0x08, 0x62, 0x08, 
0x62, 0x08, 0x62, 0x08, 0x62, 0x08, 0x62, 0x08, 0x62, 0x08, 0x62, 0x08, 0x62, 0x08, 0x62, 0x08, 
0x62, 0x08, 0x62, 0x08, 0x62, 0x08, 0x62, 0x08, 0x62, 0x08, 0x62, 0x08, 0x62, 0x08, 0x62, 0x08, 
0x62, 0x08, 0x62, 0x08, 0x62, 0x08, 0x62, 0x08, 0x62, 0x08, 0x62, 0x08, 0x62, 0x08, 0x62, 0x08, 
0x62, 0x08, 0x62, 0x08, 0x62, 0x08, 0x62, 0x08, 0x62, 0x08, 0x62, 0x08, 0x62, 0x08, 0x62, 0x08, 
0x62, 0x08, 0x62, 0x08, 0x62, 0x08, 0x62, 0x08, 0x62, 0x08, 0x62, 0x08, 0x62, 0x08, 0x62, 0x08, 
0x62, 0x08, 0x62, 0x08, 0x62, 0x08, 0x62, 0x08, 0x62, 0x08, 0x62, 0x08, 0x62, 0x08, 0x62, 0x08, 
0x62, 0x08, 0x62, 0x08, 0x62, 0x08, 0x62, 0x08, 0x62, 0x08, 0x62, 0x08, 0x62, 0x08, 0x62, 0x08, 
0x62, 0x08, 0x62, 0x08, 0x62, 0x08, 0x62, 0x08, 0x62, 0x08, 0x62, 0x08, 0x62, 0x08, 0x62, 0x08, 
0x62, 0x08, 0x62, 0x08, 0x62, 0x08, 0x62, 0x08, 0x62, 0x08, 0x62, 0x08, 0x62, 0x08, 0x62, 0x08, 
0x62, 0x08, 0x62, 0x08, 0x62, 0x08, 0x62, 0x08, 0x62, 0x08, 0x62, 0x08, 0x62, 0x08, 0x62, 0x08, 
0x62, 0x08, 0x62, 0x08, 0x62, 0x08, 0x62, 0x08, 0x62, 0x08, 0x62, 0x08, 0x62, 0x08, 0x62, 0x08, 
0x62, 0x08, 0x62, 0x08, 0x62, 0x08, 0x62, 0x08, 0x62, 0x08, 0x62, 0x08, 0x62, 0x08, 0x62, 0x08, 
0x62, 0x08, 0x62, 0x08, 0x62, 0x08, 0x62, 0x08, 0x62, 0x08, 0x62, 0x08, 0x62, 0x08, 0x62, 0x08, 
0x62, 0x08, 0x62, 0x08, 0x62, 0x08, 0x62, 0x08, 0x62, 0x08, 0x62, 0x08, 0x62, 0x08, 0x62, 0x08, 
0x62, 0x08, 0x62, 0x08, 0x62, 0x08, 0x62, 0x08, 0x62, 0x08, 0x62, 0x08, 0x62, 0x08, 0x62, 0x08, 
0x62, 0x08, 0x62, 0x08, 0x62, 0x08, 0x62, 0x08, 0x62, 0x08, 0x62, 0x08, 0x62, 0x08, 0x62, 0x08, 
0x62, 0x08, 0x62, 0x08, 0x62, 0x08, 0x62, 0x08, 0x62, 0x08, 0x62, 0x08, 0x62, 0x08, 0x62, 0x08, 
0x62, 0x08, 0x62, 0x08, 0x62, 0x08, 0x62, 0x08, 0x62, 0x08, 0x62, 0x08, 0x62, 0x08, 0x62, 0x08, 
0x62, 0x08, 0x62, 0x08, 0x62, 0x08, 0x62, 0x08, 0x62, 0x08, 0x62, 0x08, 0x62, 0x08, 0x62, 0x08, 
0x62, 0x08, 0x62, 0x08, 0x62, 0x08, 0x62, 0x08, 0x62, 0x08, 0x62, 0x08, 0x62, 0x08, 0x62, 0x08, 
0x62, 0x08, 0x62, 0x08, 0x62, 0x08, 0x62, 0x08, 0x62, 0x08, 0x62, 0x08, 0x62, 0x08, 0x62, 0x08, 
0x62, 0x08, 0x62, 0x08, 0x62, 0x08, 0x62, 0x08, 0x62, 0x08, 0x62, 0x08, 0x62, 0x08, 0x62, 0x08, 
0x62, 0x08, 0x62, 0x08, 0x62, 0x08, 0x62, 0x08, 0x62, 0x08, 0x62, 0x08, 0x62, 0x08, 0x62, 0x08, 
0x62, 0x08, 0x62, 0x08, 0x62, 0x08, 0x62, 0x08, 0x62, 0x08, 0x62, 0x08, 0x62, 0x08, 0x62, 0x08, 
0x62, 0x08, 0x62, 0x08, 0x62, 0x08, 0x62, 0x08, 0x62, 0x08, 0x62, 0x08, 0x62, 0x08, 0x62, 0x08, 
0x62, 0x08, 0x62, 0x08, 0x62, 0x08, 0x62, 0x08, 0x62, 0x08, 0x62, 0x08, 0x62, 0x08, 0x62, 0x08, 
0x62, 0x08, 0x62, 0x08, 0x62, 0x08, 0x62, 0x08, 0x62, 0x08, 0x62, 0x08, 0x62, 0x08, 0x62, 0x08, 
0x62, 0x08, 0x62, 0x08, 0x62, 0x08, 0x62, 0x08, 0x62, 0x08, 0x62, 0x08, 0x62, 0x08, 0x62, 0x08, 
0x62, 0x08, 0x62, 0x08, 0x62, 0x08, 0x62, 0x08, 0x62, 0x08, 0x62, 0x08, 0x62, 0x08, 0x62, 0x08, 
0x62, 0x08, 0x62, 0x08, 0x62, 0x08, 0x62, 0x08, 0x62, 0x08, 0x62, 0x08, 0x62, 0x08, 0x62, 0x08, 
0x62, 0x08, 0x62, 0x08, 0x62, 0x08, 0x62, 0x08, 0x62, 0x08, 0x62, 0x08, 0x62, 0x08, 0x62, 0x08, 
0x62, 0x08, 0x62, 0x08, 0x62, 0x08, 0x62, 0x08, 0x62, 0x08, 0x62, 0x08, 0x62, 0x08, 0x62, 0x08, 
0x62, 0x08, 0x62, 0x08, 0x62, 0x08, 0x62, 0x08, 0x62, 0x08, 0x62, 0x08, 0x62, 0x08, 0x62, 0x08, 
0x62, 0x08, 0x62, 0x08, 0x62, 0x08, 0x62, 0x08, 0x62, 0x08, 0x62, 0x08, 0x62, 0x08, 0x62, 0x08, 
0x62, 0x08, 0x62, 0x08, 0x62, 0x08, 0x62, 0x08, 0x62, 0x08, 0x62, 0x08, 0x62, 0x08, 0x62, 0x08, 
0x62, 0x08, 0x62, 0x08, 0x62, 0x08, 0x62, 0x08, 0x62, 0x08, 0x62, 0x08, 0x62, 0x08, 0x62, 0x08, 
0x62, 0x08, 0x62, 0x08, 0x62, 0x08, 0x62, 0x08, 0x62, 0x08, 0x62, 0x08, 0x62, 0x08, 0x62, 0x08, 
0x62, 0x08, 0x62, 0x08, 0x62, 0x08, 0x62, 0x08, 0x62, 0x08, 0x62, 0x08, 0x62, 0x08, 0x62, 0x08, 
0x62, 0x08, 0x62, 0x08, 0x62, 0x08, 0x62, 0x08, 0x62, 0x08, 0x62, 0x08, 0x62, 0x08, 0x62, 0x08, 
0x62, 0x08, 0x62, 0x08, 0x62, 0x08, 0x62, 0x08, 0x62, 0x08, 0x62, 0x08, 0x62, 0x08, 0x62, 0x08, 
0x62, 0x08, 0x62, 0x08, 0x62, 0x08, 0x62, 0x08, 0x62, 0x08, 0x62, 0x08, 0x62, 0x08, 0x62, 0x08, 
0x62, 0x08, 0x62, 0x08, 0x62, 0x08, 0x62, 0x08, 0x62, 0x08, 0x62, 0x08, 0x62, 0x08, 0x62, 0x08, 
0x62, 0x08, 0x62, 0x08, 0x62, 0x08, 0x62, 0x08, 0x62, 0x08, 0x62, 0x08, 0x62, 0x08, 0x62, 0x08, 
0x62, 0x08, 0x62, 0x08, 0x62, 0x08, 0x62, 0x08, 0x62, 0x08, 0x62, 0x08, 0x62, 0x08, 0x62, 0x08, 
0x62, 0x08, 0x62, 0x08, 0x62, 0x08, 0x62, 0x08, 0x62, 0x08, 0x62, 0x08, 0x62, 0x08, 0x62, 0x08, 
0x62, 0x08, 0x62, 0x08, 0x62, 0x08, 0x62, 0x08, 0x62, 0x08, 0x62, 0x08, 0x62, 0x08, 0x62, 0x08, 
0x62, 0x08, 0x62, 0x08, 0x62, 0x08, 0x62, 0x08, 0x62, 0x08, 0x62, 0x08, 0x62, 0x08, 0x62, 0x08, 
0x62, 0x08, 0x62, 0x08, 0x62, 0x08, 0x62, 0x08, 0x62, 0x08, 0x62, 0x08, 0x62, 0x08, 0x62, 0x08, 
0x62, 0x08, 0x62, 0x08, 0x62, 0x08, 0x62, 0x08, 0x62, 0x08, 0x62, 0x08, 0x62, 0x08, 0x62, 0x08, 
0x62, 0x08, 0x62, 0x08, 0x62, 0x08, 0x62, 0x08, 0x62, 0x08, 0x62, 0x08, 0x62, 0x08, 0x62, 0x08, 
0x62, 0x08, 0x62, 0x08, 0x62, 0x08, 0x62, 0x08, 0x62, 0x08, 0x62, 0x08, 0x62, 0x08, 0x62, 0x08, 
0x62, 0x08, 0x62, 0x08, 0x62, 0x08, 0x62, 0x08, 0x62, 0x08, 0x62, 0x08, 0x62, 0x08, 0x62, 0x08, 
0x62, 0x08, 0x62, 0x08, 0x62, 0x08, 0x62, 0x08, 0x62, 0x08, 0x62, 0x08, 0x62, 0x08, 0x42, 0x08, 
0x62, 0x08, 0x62, 0x08, 0x62, 0x08, 0x62, 0x08, 0x62, 0x08, 0x62, 0x08, 0x62, 0x08, 0x62, 0x08, 
0x62, 0x08, 0x62, 0x08, 0x62, 0x08, 0x62, 0x08, 0x62, 0x08, 0x62, 0x08, 0x62, 0x08, 0x62, 0x08, 
0x62, 0x08, 0x62, 0x08, 0x62, 0x08, 0x62, 0x08, 0x62, 0x08, 0x62, 0x08, 0x62, 0x08, 0x62, 0x08, 
0x62, 0x08, 0x62, 0x08, 0x62, 0x08, 0x62, 0x08, 0x62, 0x08, 0x62, 0x08, 0x62, 0x08, 0x62, 0x08, 
0x62, 0x08, 0x62, 0x08, 0x62, 0x08, 0x62, 0x08, 0x62, 0x08, 0x62, 0x08, 0x62, 0x08, 0x62, 0x08, 
0x62, 0x08, 0x62, 0x08, 0x62, 0x08, 0x62, 0x08, 0x62, 0x08, 0x62, 0x08, 0x62, 0x08, 0x62, 0x08, 
0x62, 0x08, 0x62, 0x08, 0x62, 0x08, 0x62, 0x08, 0x62, 0x08, 0x62, 0x08, 0x62, 0x08, 0x62, 0x08, 
0x62, 0x08, 0x62, 0x08, 0x62, 0x08, 0x62, 0x08, 0x62, 0x08, 0x62, 0x08, 0x62, 0x08, 0x62, 0x08, 
0x62, 0x08, 0x62, 0x08, 0x62, 0x08, 0x62, 0x08, 0x62, 0x08, 0x62, 0x08, 0x62, 0x08, 0x62, 0x08, 
0x62, 0x08, 0x62, 0x08, 0x62, 0x08, 0x62, 0x08, 0x62, 0x08, 0x62, 0x08, 0x62, 0x08, 0x62, 0x08, 
0x62, 0x08, 0x62, 0x08, 0x62, 0x08, 0x62, 0x08, 0x62, 0x08, 0x62, 0x08, 0x62, 0x08, 0x62, 0x08, 
0x62, 0x08, 0x62, 0x08, 0x62, 0x08, 0x62, 0x08, 0x62, 0x08, 0x62, 0x08, 0x62, 0x08, 0x62, 0x08, 
0x62, 0x08, 0x62, 0x08, 0x62, 0x08, 0x62, 0x08, 0x62, 0x08, 0x62, 0x08, 0x62, 0x08, 0x62, 0x08, 
0x62, 0x08, 0x62, 0x08, 0x62, 0x08, 0x62, 0x08, 0x62, 0x08, 0x62, 0x08, 0x62, 0x08, 0x62, 0x08, 
0x62, 0x08, 0x62, 0x08, 0x62, 0x08, 0x62, 0x08, 0x62, 0x08, 0x62, 0x08, 0x62, 0x08, 0x62, 0x08, 
0x62, 0x08, 0x62, 0x08, 0x62, 0x08, 0x62, 0x08, 0x62, 0x08, 0x62, 0x08, 0x62, 0x08, 0x62, 0x08, 
0x62, 0x08, 0x62, 0x08, 0x62, 0x08, 0x62, 0x08, 0x62, 0x08, 0x62, 0x08, 0x62, 0x08, 0x62, 0x08, 
0x62, 0x08, 0x62, 0x08, 0x62, 0x08, 0x62, 0x08, 0x62, 0x08, 0x62, 0x08, 0x62, 0x08, 0x62, 0x08, 
0x62, 0x08, 0x62, 0x08, 0x62, 0x08, 0x62, 0x08, 0x62, 0x08, 0x62, 0x08, 0x62, 0x08, 0x62, 0x08, 
0x62, 0x08, 0x62, 0x08, 0x62, 0x08, 0x62, 0x08, 0x62, 0x08, 0x62, 0x08, 0x62, 0x08, 0x62, 0x08, 
0x62, 0x08, 0x62, 0x08, 0x62, 0x08, 0x62, 0x08, 0x62, 0x08, 0x62, 0x08, 0x62, 0x08, 0x62, 0x08, 
0x62, 0x08, 0x62, 0x08, 0x62, 0x08, 0x62, 0x08, 0x62, 0x08, 0x62, 0x08, 0x62, 0x08, 0x62, 0x08, 
0x62, 0x08, 0x62, 0x08, 0x62, 0x08, 0x62, 0x08, 0x62, 0x08, 0x62, 0x08, 0x62, 0x08, 0x62, 0x08, 
0x62, 0x08, 0x62, 0x08, 0x62, 0x08, 0x62, 0x08, 0x62, 0x08, 0x62, 0x08, 0x62, 0x08, 0x62, 0x08, 
0x62, 0x08, 0x62, 0x08, 0x62, 0x08, 0x62, 0x08, 0x62, 0x08, 0x62, 0x08, 0x62, 0x08, 0x62, 0x08, 
0x62, 0x08, 0x62, 0x08, 0x62, 0x08, 0x62, 0x08, 0x62, 0x08, 0x62, 0x08, 0x62, 0x08, 0x62, 0x08, 
0x62, 0x08, 0x62, 0x08, 0x62, 0x08, 0x62, 0x08, 0x62, 0x08, 0x62, 0x08, 0x62, 0x08, 0x62, 0x08, 
0x62, 0x08, 0x62, 0x08, 0x62, 0x08, 0x62, 0x08, 0x62, 0x08, 0x62, 0x08, 0x62, 0x08, 0x62, 0x08, 
0x62, 0x08, 0x62, 0x08, 0x62, 0x08, 0x62, 0x08, 0x62, 0x08, 0x62, 0x08, 0x62, 0x08, 0x62, 0x08, 
0x62, 0x08, 0x62, 0x08, 0x62, 0x08, 0x62, 0x08, 0x62, 0x08, 0x62, 0x08, 0x62, 0x08, 0x62, 0x08, 
0x62, 0x08, 0x62, 0x08, 0x62, 0x08, 0x62, 0x08, 0x62, 0x08, 0x62, 0x08, 0x62, 0x08, 0x62, 0x08, 
0x62, 0x08, 0x62, 0x08, 0x62, 0x08, 0x62, 0x08, 0x62, 0x08, 0x62, 0x08, 0x62, 0x08, 0x62, 0x08, 
0x62, 0x08, 0x62, 0x08, 0x62, 0x08, 0x62, 0x08, 0x62, 0x08, 0x62, 0x08, 0x62, 0x08, 0x62, 0x08, 
0x62, 0x08, 0x62, 0x08, 0x62, 0x08, 0x62, 0x08, 0x62, 0x08, 0x62, 0x08, 0x62, 0x08, 0x62, 0x08, 
0x62, 0x08, 0x62, 0x08, 0x62, 0x08, 0x62, 0x08, 0x62, 0x08, 0x62, 0x08, 0x62, 0x08, 0x62, 0x08, 
0x62, 0x08, 0x62, 0x08, 0x62, 0x08, 0x62, 0x08, 0x62, 0x08, 0x62, 0x08, 0x62, 0x08, 0x62, 0x08, 
0x62, 0x08, 0x62, 0x08, 0x62, 0x08, 0x62, 0x08, 0x62, 0x08, 0x62, 0x08, 0x62, 0x08, 0x62, 0x08, 
0x62, 0x08, 0x62, 0x08, 0x62, 0x08, 0x62, 0x08, 0x62, 0x08, 0x62, 0x08, 0x62, 0x08, 0x62, 0x08, 
0x62, 0x08, 0x62, 0x08, 0x62, 0x08, 0x62, 0x08, 0x62, 0x08, 0x62, 0x08, 0x62, 0x08, 0x62, 0x08, 
0x62, 0x08, 0x62, 0x08, 0x62, 0x08, 0x62, 0x08, 0x62, 0x08, 0x62, 0x08, 0x62, 0x08, 0x62, 0x08, 
0x62, 0x08, 0x62, 0x08, 0x62, 0x08, 0x62, 0x08, 0x62, 0x08, 0x62, 0x08, 0x62, 0x08, 0x62, 0x08, 
0x62, 0x08, 0x62, 0x08, 0x62, 0x08, 0x62, 0x08, 0x62, 0x08, 0x62, 0x08, 0x62, 0x08, 0x62, 0x08, 
0x62, 0x08, 0x62, 0x08, 0x62, 0x08, 0x62, 0x08, 0x62, 0x08, 0x62, 0x08, 0x62, 0x08, 0x62, 0x08, 
0x62, 0x08, 0x62, 0x08, 0x62, 0x08, 0x62, 0x08, 0x62, 0x08, 0x62, 0x08, 0x62, 0x08, 0x62, 0x08, 
0x62, 0x08, 0x62, 0x08, 0x62, 0x08, 0x62, 0x08, 0x62, 0x08, 0x62, 0x08, 0x62, 0x08, 0x62, 0x08, 
0x62, 0x08, 0x62, 0x08, 0x62, 0x08, 0x62, 0x08, 0x62, 0x08, 0x62, 0x08, 0x62, 0x08, 0x62, 0x08, 
0x62, 0x08, 0x62, 0x08, 0x62, 0x08, 0x62, 0x08, 0x62, 0x08, 0x62, 0x08, 0x62, 0x08, 0x62, 0x08, 
0x62, 0x08, 0x62, 0x08, 0x62, 0x08, 0x62, 0x08, 0x62, 0x08, 0x62, 0x08, 0x62, 0x08, 0x62, 0x08, 
0x62, 0x08, 0x62, 0x08, 0x62, 0x08, 0x62, 0x08, 0x62, 0x08, 0x62, 0x08, 0x62, 0x08, 0x62, 0x08, 
0x62, 0x08, 0x62, 0x08, 0x62, 0x08, 0x62, 0x08, 0x62, 0x08, 0x62, 0x08, 0x62, 0x08, 0x62, 0x08, 
0x62, 0x08, 0x62, 0x08, 0x62, 0x08, 0x62, 0x08, 0x62, 0x08, 0x62, 0x08, 0x62, 0x08, 0x62, 0x08, 
0x62, 0x08, 0x62, 0x08, 0x62, 0x08, 0x62, 0x08, 0x62, 0x08, 0x62, 0x08, 0x62, 0x08, 0x62, 0x08, 
0x62, 0x08, 0x62, 0x08, 0x62, 0x08, 0x62, 0x08, 0x62, 0x08, 0x62, 0x08, 0x62, 0x08, 0x62, 0x08, 
0x62, 0x08, 0x62, 0x08, 0x62, 0x08, 0x62, 0x08, 0x62, 0x08, 0x62, 0x08, 0x62, 0x08, 0x62, 0x08, 
0x62, 0x08, 0x62, 0x08, 0x62, 0x08, 0x62, 0x08, 0x62, 0x08, 0x62, 0x08, 0x62, 0x08, 0x62, 0x08, 
0x62, 0x08, 0x62, 0x08, 0x62, 0x08, 0x62, 0x08, 0x62, 0x08, 0x62, 0x08, 0x62, 0x08, 0x62, 0x08, 
0x62, 0x08, 0x62, 0x08, 0x62, 0x08, 0x62, 0x08, 0x62, 0x08, 0x62, 0x08, 0x62, 0x08, 0x62, 0x08, 
0x62, 0x08, 0x62, 0x08, 0x62, 0x08, 0x62, 0x08, 0x62, 0x08, 0x62, 0x08, 0x62, 0x08, 0x62, 0x08, 
0x62, 0x08, 0x62, 0x08, 0x62, 0x08, 0x62, 0x08, 0x62, 0x08, 0x62, 0x08, 0x62, 0x08, 0x62, 0x08, 
0x62, 0x08, 0x62, 0x08, 0x62, 0x08, 0x62, 0x08, 0x62, 0x08, 0x62, 0x08, 0x62, 0x08, 0x62, 0x08, 
0x62, 0x08, 0x62, 0x08, 0x62, 0x08, 0x62, 0x08, 0x62, 0x08, 0x62, 0x08, 0x62, 0x08, 0x62, 0x08, 
0x62, 0x08, 0x62, 0x08, 0x62, 0x08, 0x62, 0x08, 0x62, 0x08, 0x62, 0x08, 0x62, 0x08, 0x62, 0x08, 
0x62, 0x08, 0x62, 0x08, 0x62, 0x08, 0x62, 0x08, 0x62, 0x08, 0x62, 0x08, 0x62, 0x08, 0x62, 0x08, 
0x62, 0x08, 0x62, 0x08, 0x62, 0x08, 0x62, 0x08, 0x62, 0x08, 0x62, 0x08, 0x62, 0x08, 0x62, 0x08, 
0x62, 0x08, 0x62, 0x08, 0x62, 0x08, 0x62, 0x08, 0x62, 0x08, 0x62, 0x08, 0x62, 0x08, 0x62, 0x08, 
0x62, 0x08, 0x62, 0x08, 0x62, 0x08, 0x62, 0x08, 0x62, 0x08, 0x62, 0x08, 0x62, 0x08, 0x62, 0x08, 
0x62, 0x08, 0x62, 0x08, 0x62, 0x08, 0x62, 0x08, 0x62, 0x08, 0x62, 0x08, 0x62, 0x08, 0x62, 0x08, 
0x62, 0x08, 0x62, 0x08, 0x62, 0x08, 0x62, 0x08, 0x62, 0x08, 0x62, 0x08, 0x62, 0x08, 0x62, 0x08, 
0x62, 0x08, 0x62, 0x08, 0x62, 0x08, 0x62, 0x08, 0x62, 0x08, 0x62, 0x08, 0x62, 0x08, 0x62, 0x08, 
0x62, 0x08, 0x62, 0x08, 0x62, 0x08, 0x62, 0x08, 0x62, 0x08, 0x62, 0x08, 0x62, 0x08, 0x62, 0x08, 
0x62, 0x08, 0x62, 0x08, 0x62, 0x08, 0x62, 0x08, 0x62, 0x08, 0x62, 0x08, 0x62, 0x08, 0x62, 0x08, 
0x62, 0x08, 0x62, 0x08, 0x62, 0x08, 0x62, 0x08, 0x62, 0x08, 0x62, 0x08, 0x62, 0x08, 0x62, 0x08, 
0x62, 0x08, 0x62, 0x08, 0x62, 0x08, 0x62, 0x08, 0x62, 0x08, 0x62, 0x08, 0x62, 0x08, 0x62, 0x08, 
0x62, 0x08, 0x62, 0x08, 0x62, 0x08, 0x62, 0x08, 0x62, 0x08, 0x62, 0x08, 0x62, 0x08, 0x62, 0x08, 
0x62, 0x08, 0x62, 0x08, 0x62, 0x08, 0x62, 0x08, 0x62, 0x08, 0x62, 0x08, 0x62, 0x08, 0x62, 0x08, 
0x62, 0x08, 0x62, 0x08, 0x62, 0x08, 0x62, 0x08, 0x62, 0x08, 0x62, 0x08, 0x62, 0x08, 0x62, 0x08, 
0x62, 0x08, 0x62, 0x08, 0x62, 0x08, 0x62, 0x08, 0x62, 0x08, 0x62, 0x08, 0x62, 0x08, 0x62, 0x08, 
0x62, 0x08, 0x62, 0x08, 0x62, 0x08, 0x62, 0x08, 0x62, 0x08, 0x62, 0x08, 0x62, 0x08, 0x62, 0x08, 
0x62, 0x08, 0x62, 0x08, 0x62, 0x08, 0x62, 0x08, 0x62, 0x08, 0x62, 0x08, 0x62, 0x08, 0x62, 0x08, 
0x62, 0x08, 0x62, 0x08, 0x62, 0x08, 0x62, 0x08, 0x62, 0x08, 0x62, 0x08, 0x62, 0x08, 0x62, 0x08, 
0x62, 0x08, 0x62, 0x08, 0x62, 0x08, 0x62, 0x08, 0x62, 0x08, 0x62, 0x08, 0x62, 0x08, 0x62, 0x08, 
0x62, 0x08, 0x62, 0x08, 0x62, 0x08, 0x62, 0x08, 0x62, 0x08, 0x62, 0x08, 0x62, 0x08, 0x62, 0x08, 
0x62, 0x08, 0x62, 0x08, 0x62, 0x08, 0x62, 0x08, 0x62, 0x08, 0x62, 0x08, 0x62, 0x08, 0x62, 0x08, 
0x62, 0x08, 0x62, 0x08, 0x62, 0x08, 0x62, 0x08, 0x62, 0x08, 0x62, 0x08, 0x62, 0x08, 0x62, 0x08, 
0x62, 0x08, 0x62, 0x08, 0x62, 0x08, 0x62, 0x08, 0x62, 0x08, 0x62, 0x08, 0x62, 0x08, 0x62, 0x08, 
0x62, 0x08, 0x62, 0x08, 0x62, 0x08, 0x62, 0x08, 0x62, 0x08, 0x62, 0x08, 0x62, 0x08, 0x62, 0x08, 
0x62, 0x08, 0x62, 0x08, 0x62, 0x08, 0x62, 0x08, 0x62, 0x08, 0x62, 0x08, 0x62, 0x08, 0x62, 0x08, 
0x62, 0x08, 0x62, 0x08, 0x62, 0x08, 0x62, 0x08, 0x62, 0x08, 0x62, 0x08, 0x62, 0x08, 0x62, 0x08, 
0x62, 0x08, 0x62, 0x08, 0x62, 0x08, 0x62, 0x08, 0x62, 0x08, 0x62, 0x08, 0x62, 0x08, 0x62, 0x08, 
0x62, 0x08, 0x62, 0x08, 0x62, 0x08, 0x62, 0x08, 0x62, 0x08, 0x62, 0x08, 0x62, 0x08, 0x62, 0x08, 
0x62, 0x08, 0x62, 0x08, 0x62, 0x08, 0x62, 0x08, 0x62, 0x08, 0x62, 0x08, 0x62, 0x08, 0x62, 0x08, 
0x62, 0x08, 0x62, 0x08, 0x62, 0x08, 0x62, 0x08, 0x62, 0x08, 0x62, 0x08, 0x62, 0x08, 0x62, 0x08, 
0x62, 0x08, 0x62, 0x08, 0x62, 0x08, 0x62, 0x08, 0x62, 0x08, 0x62, 0x08, 0x62, 0x08, 0x62, 0x08, 
0x62, 0x08, 0x62, 0x08, 0x62, 0x08, 0x62, 0x08, 0x62, 0x08, 0x62, 0x08, 0x62, 0x08, 0x62, 0x08, 
0x62, 0x08, 0x62, 0x08, 0x62, 0x08, 0x62, 0x08, 0x62, 0x08, 0x62, 0x08, 0x62, 0x08, 0x62, 0x08, 
0x62, 0x08, 0x62, 0x08, 0x62, 0x08, 0x62, 0x08, 0x62, 0x08, 0x62, 0x08, 0x62, 0x08, 0x62, 0x08, 
0x62, 0x08, 0x62, 0x08, 0x62, 0x08, 0x62, 0x08, 0x62, 0x08, 0x62, 0x08, 0x62, 0x08, 0x62, 0x08, 
0x62, 0x08, 0x62, 0x08, 0x62, 0x08, 0x62, 0x08, 0x62, 0x08, 0x62, 0x08, 0x62, 0x08, 0x62, 0x08, 
0x62, 0x08, 0x62, 0x08, 0x62, 0x08, 0x62, 0x08, 0x62, 0x08, 0x62, 0x08, 0x62, 0x08, 0x62, 0x08, 
0x62, 0x08, 0x62, 0x08, 0x62, 0x08, 0x62, 0x08, 0x62, 0x08, 0x62, 0x08, 0x62, 0x08, 0x62, 0x08, 
0x62, 0x08, 0x62, 0x08, 0x62, 0x08, 0x62, 0x08, 0x62, 0x08, 0x62, 0x08, 0x62, 0x08, 0x62, 0x08, 
0x62, 0x08, 0x62, 0x08, 0x62, 0x08, 0x62, 0x08, 0x62, 0x08, 0x62, 0x08, 0x62, 0x08, 0x62, 0x08, 
0x62, 0x08, 0x62, 0x08, 0x62, 0x08, 0x62, 0x08, 0x62, 0x08, 0x62, 0x08, 0x62, 0x08, 0x62, 0x08, 
0x62, 0x08, 0x62, 0x08, 0x62, 0x08, 0x62, 0x08, 0x62, 0x08, 0x62, 0x08, 0x62, 0x08, 0x62, 0x08, 
0x62, 0x08, 0x62, 0x08, 0x62, 0x08, 0x62, 0x08, 0x62, 0x08, 0x62, 0x08, 0x62, 0x08, 0x62, 0x08, 
0x62, 0x08, 0x62, 0x08, 0x62, 0x08, 0x62, 0x08, 0x62, 0x08, 0x62, 0x08, 0x62, 0x08, 0x62, 0x08, 
0x62, 0x08, 0x62, 0x08, 0x62, 0x08, 0x62, 0x08, 0x62, 0x08, 0x62, 0x08, 0x62, 0x08, 0x62, 0x08, 
0x62, 0x08, 0x62, 0x08, 0x62, 0x08, 0x62, 0x08, 0x62, 0x08, 0x62, 0x08, 0x62, 0x08, 0x62, 0x08, 
0x62, 0x08, 0x62, 0x08, 0x62, 0x08, 0x62, 0x08, 0x62, 0x08, 0x62, 0x08, 0x62, 0x08, 0x62, 0x08, 
0x62, 0x08, 0x62, 0x08, 0x62, 0x08, 0x62, 0x08, 0x62, 0x08, 0x62, 0x08, 0x62, 0x08, 0x62, 0x08, 
0x62, 0x08, 0x62, 0x08, 0x62, 0x08, 0x62, 0x08, 0x62, 0x08, 0x62, 0x08, 0x62, 0x08, 0x62, 0x08, 
0x62, 0x08, 0x62, 0x08, 0x62, 0x08, 0x62, 0x08, 0x62, 0x08, 0x62, 0x08, 0x62, 0x08, 0x62, 0x08, 
0x62, 0x08, 0x62, 0x08, 0x62, 0x08, 0x62, 0x08, 0x62, 0x08, 0x62, 0x08, 0x62, 0x08, 0x62, 0x08, 
0x62, 0x08, 0x62, 0x08, 0x62, 0x08, 0x62, 0x08, 0x62, 0x08, 0x62, 0x08, 0x62, 0x08, 0x62, 0x08, 
0x62, 0x08, 0x62, 0x08, 0x62, 0x08, 0x62, 0x08, 0x62, 0x08, 0x62, 0x08, 0x62, 0x08, 0x62, 0x08, 
0x62, 0x08, 0x62, 0x08, 0x62, 0x08, 0x62, 0x08, 0x62, 0x08, 0x62, 0x08, 0x62, 0x08, 0x62, 0x08, 
0x62, 0x08, 0x62, 0x08, 0x62, 0x08, 0x62, 0x08, 0x62, 0x08, 0x62, 0x08, 0x62, 0x08, 0x62, 0x08, 
0x62, 0x08, 0x62, 0x08, 0x62, 0x08, 0x62, 0x08, 0x62, 0x08, 0x62, 0x08, 0x62, 0x08, 0x62, 0x08, 
0x62, 0x08, 0x62, 0x08, 0x62, 0x08, 0x62, 0x08, 0x62, 0x08, 0x62, 0x08, 0x62, 0x08, 0x62, 0x08, 
0x62, 0x08, 0x62, 0x08, 0x62, 0x08, 0x62, 0x08, 0x62, 0x08, 0x62, 0x08, 0x62, 0x08, 0x62, 0x08, 
0x62, 0x08, 0x62, 0x08, 0x62, 0x08, 0x62, 0x08, 0x62, 0x08, 0x62, 0x08, 0x62, 0x08, 0x62, 0x08, 
0x62, 0x08, 0x62, 0x08, 0x62, 0x08, 0x62, 0x08, 0x62, 0x08, 0x62, 0x08, 0x62, 0x08, 0x62, 0x08, 
0x62, 0x08, 0x62, 0x08, 0x62, 0x08, 0x62, 0x08, 0x62, 0x08, 0x62, 0x08, 0x62, 0x08, 0x62, 0x08, 
0x62, 0x08, 0x62, 0x08, 0x62, 0x08, 0x62, 0x08, 0x62, 0x08, 0x62, 0x08, 0x62, 0x08, 0x62, 0x08, 
0x62, 0x08, 0x62, 0x08, 0x62, 0x08, 0x62, 0x08, 0x62, 0x08, 0x62, 0x08, 0x62, 0x08, 0x62, 0x08, 
0x62, 0x08, 0x62, 0x08, 0x62, 0x08, 0x62, 0x08, 0x62, 0x08, 0x62, 0x08, 0x62, 0x08, 0x62, 0x08, 
0x62, 0x08, 0x62, 0x08, 0x62, 0x08, 0x62, 0x08, 0x62, 0x08, 0x62, 0x08, 0x62, 0x08, 0x62, 0x08, 
0x62, 0x08, 0x62, 0x08, 0x62, 0x08, 0x62, 0x08, 0x62, 0x08, 0x62, 0x08, 0x62, 0x08, 0x62, 0x08, 
0x62, 0x08, 0x62, 0x08, 0x62, 0x08, 0x62, 0x08, 0x62, 0x08, 0x62, 0x08, 0x62, 0x08, 0x62, 0x08, 
0x62, 0x08, 0x62, 0x08, 0x62, 0x08, 0x62, 0x08, 0x62, 0x08, 0x62, 0x08, 0x62, 0x08, 0x62, 0x08, 
0x62, 0x08, 0x62, 0x08, 0x62, 0x08, 0x62, 0x08, 0x62, 0x08, 0x62, 0x08, 0x62, 0x08, 0x62, 0x08, 
0x62, 0x08, 0x62, 0x08, 0x62, 0x08, 0x62, 0x08, 0x62, 0x08, 0x62, 0x08, 0x62, 0x08, 0x62, 0x08, 
0x62, 0x08, 0x62, 0x08, 0x62, 0x08, 0x62, 0x08, 0x62, 0x08, 0x62, 0x08, 0x62, 0x08, 0x62, 0x08, 
0x62, 0x08, 0x62, 0x08, 0x62, 0x08, 0x62, 0x08, 0x62, 0x08, 0x62, 0x08, 0x62, 0x08, 0x62, 0x08, 
0x62, 0x08, 0x62, 0x08, 0x62, 0x08, 0x62, 0x08, 0x62, 0x08, 0x62, 0x08, 0x62, 0x08, 0x62, 0x08, 
0x62, 0x08, 0x62, 0x08, 0x62, 0x08, 0x62, 0x08, 0x62, 0x08, 0x62, 0x08, 0x62, 0x08, 0x62, 0x08, 
0x62, 0x08, 0x62, 0x08, 0x62, 0x08, 0x62, 0x08, 0x62, 0x08, 0x62, 0x08, 0x62, 0x08, 0x62, 0x08, 
0x62, 0x08, 0x62, 0x08, 0x62, 0x08, 0x62, 0x08, 0x62, 0x08, 0x62, 0x08, 0x62, 0x08, 0x62, 0x08, 
0x62, 0x08, 0x62, 0x08, 0x62, 0x08, 0x62, 0x08, 0x62, 0x08, 0x62, 0x08, 0x62, 0x08, 0x62, 0x08, 
0x62, 0x08, 0x62, 0x08, 0x62, 0x08, 0x62, 0x08, 0x62, 0x08, 0x62, 0x08, 0x62, 0x08, 0x62, 0x08, 
0x62, 0x08, 0x62, 0x08, 0x62, 0x08, 0x62, 0x08, 0x62, 0x08, 0x62, 0x08, 0x62, 0x08, 0x62, 0x08, 
0x62, 0x08, 0x62, 0x08, 0x62, 0x08, 0x62, 0x08, 0x62, 0x08, 0x62, 0x08, 0x62, 0x08, 0x62, 0x08, 
0x62, 0x08, 0x62, 0x08, 0x62, 0x08, 0x62, 0x08, 0x62, 0x08, 0x62, 0x08, 0x62, 0x08, 0x62, 0x08, 
0x62, 0x08, 0x62, 0x08, 0x62, 0x08, 0x62, 0x08, 0x62, 0x08, 0x62, 0x08, 0x62, 0x08, 0x62, 0x08, 
0x62, 0x08, 0x62, 0x08, 0x62, 0x08, 0x62, 0x08, 0x62, 0x08, 0x62, 0x08, 0x62, 0x08, 0x62, 0x08, 
0x62, 0x08, 0x62, 0x08, 0x62, 0x08, 0x62, 0x08, 0x62, 0x08, 0x62, 0x08, 0x62, 0x08, 0x62, 0x08, 
0x62, 0x08, 0x62, 0x08, 0x62, 0x08, 0x62, 0x08, 0x62, 0x08, 0x62, 0x08, 0x62, 0x08, 0x62, 0x08, 
0x62, 0x08, 0x62, 0x08, 0x62, 0x08, 0x62, 0x08, 0x62, 0x08, 0x62, 0x08, 0x62, 0x08, 0x62, 0x08, 
0x62, 0x08, 0x62, 0x08, 0x62, 0x08, 0x62, 0x08, 0x62, 0x08, 0x62, 0x08, 0x62, 0x08, 0x62, 0x08, 
0x62, 0x08, 0x62, 0x08, 0x62, 0x08, 0x62, 0x08, 0x62, 0x08, 0x62, 0x08, 0x62, 0x08, 0x62, 0x08, 
0x62, 0x08, 0x62, 0x08, 0x62, 0x08, 0x62, 0x08, 0x62, 0x08, 0x62, 0x08, 0x62, 0x08, 0x62, 0x08, 
0x62, 0x08, 0x62, 0x08, 0x62, 0x08, 0x62, 0x08, 0x62, 0x08, 0x62, 0x08, 0x62, 0x08, 0x62, 0x08, 
0x62, 0x08, 0x62, 0x08, 0x62, 0x08, 0x62, 0x08, 0x62, 0x08, 0x62, 0x08, 0x62, 0x08, 0x62, 0x08, 
0x62, 0x08, 0x62, 0x08, 0x62, 0x08, 0x62, 0x08, 0x62, 0x08, 0x62, 0x08, 0x62, 0x08, 0x62, 0x08, 
0x62, 0x08, 0x62, 0x08, 0x62, 0x08, 0x62, 0x08, 0x62, 0x08, 0x62, 0x08, 0x62, 0x08, 0x62, 0x08, 
0x62, 0x08, 0x62, 0x08, 0x62, 0x08, 0x62, 0x08, 0x62, 0x08, 0x62, 0x08, 0x62, 0x08, 0x62, 0x08, 
0x62, 0x08, 0x62, 0x08, 0x62, 0x08, 0x62, 0x08, 0x62, 0x08, 0x62, 0x08, 0x62, 0x08, 0x62, 0x08, 
0x62, 0x08, 0x62, 0x08, 0x62, 0x08, 0x62, 0x08, 0x62, 0x08, 0x62, 0x08, 0x62, 0x08, 0x62, 0x08, 
0x62, 0x08, 0x62, 0x08, 0x62, 0x08, 0x62, 0x08, 0x62, 0x08, 0x62, 0x08, 0x62, 0x08, 0x62, 0x08, 
0x62, 0x08, 0x62, 0x08, 0x62, 0x08, 0x62, 0x08, 0x62, 0x08, 0x62, 0x08, 0x62, 0x08, 0x62, 0x08, 
0x62, 0x08, 0x62, 0x08, 0x62, 0x08, 0x62, 0x08, 0x62, 0x08, 0x62, 0x08, 0x62, 0x08, 0x62, 0x08, 
0x62, 0x08, 0x62, 0x08, 0x62, 0x08, 0x62, 0x08, 0x62, 0x08, 0x62, 0x08, 0x62, 0x08, 0x62, 0x08, 
0x62, 0x08, 0x62, 0x08, 0x62, 0x08, 0x62, 0x08, 0x62, 0x08, 0x62, 0x08, 0x62, 0x08, 0x62, 0x08, 
0x62, 0x08, 0x62, 0x08, 0x62, 0x08, 0x62, 0x08, 0x62, 0x08, 0x62, 0x08, 0x62, 0x08, 0x62, 0x08, 
0x62, 0x08, 0x62, 0x08, 0x62, 0x08, 0x62, 0x08, 0x62, 0x08, 0x62, 0x08, 0x62, 0x08, 0x62, 0x08, 
0x62, 0x08, 0x62, 0x08, 0x62, 0x08, 0x62, 0x08, 0x62, 0x08, 0x62, 0x08, 0x62, 0x08, 0x62, 0x08, 
0x62, 0x08, 0x62, 0x08, 0x62, 0x08, 0x62, 0x08, 0x62, 0x08, 0x62, 0x08, 0x62, 0x08, 0x62, 0x08, 
0x62, 0x08, 0x62, 0x08, 0x62, 0x08, 0x62, 0x08, 0x62, 0x08, 0x62, 0x08, 0x62, 0x08, 0x62, 0x08, 
0x62, 0x08, 0x62, 0x08, 0x62, 0x08, 0x62, 0x08, 0x62, 0x08, 0x62, 0x08, 0x62, 0x08, 0x62, 0x08, 
0x62, 0x08, 0x62, 0x08, 0x62, 0x08, 0x62, 0x08, 0x62, 0x08, 0x62, 0x08, 0x62, 0x08, 0x62, 0x08, 
0x62, 0x08, 0x62, 0x08, 0x62, 0x08, 0x62, 0x08, 0x62, 0x08, 0x62, 0x08, 0x62, 0x08, 0x62, 0x08, 
0x62, 0x08, 0x62, 0x08, 0x62, 0x08, 0x62, 0x08, 0x62, 0x08, 0x62, 0x08, 0x62, 0x08, 0x62, 0x08, 
0x62, 0x08, 0x62, 0x08, 0x62, 0x08, 0x62, 0x08, 0x62, 0x08, 0x62, 0x08, 0x62, 0x08, 0x62, 0x08, 
0x62, 0x08, 0x62, 0x08, 0x62, 0x08, 0x62, 0x08, 0x62, 0x08, 0x62, 0x08, 0x62, 0x08, 0x62, 0x08, 
0x62, 0x08, 0x62, 0x08, 0x62, 0x08, 0x62, 0x08, 0x62, 0x08, 0x62, 0x08, 0x62, 0x08, 0x62, 0x08, 
0x62, 0x08, 0x62, 0x08, 0x62, 0x08, 0x62, 0x08, 0x62, 0x08, 0x62, 0x08, 0x62, 0x08, 0x62, 0x08, 
0x62, 0x08, 0x62, 0x08, 0x62, 0x08, 0x62, 0x08, 0x62, 0x08, 0x62, 0x08, 0x62, 0x08, 0x62, 0x08, 
0x62, 0x08, 0x62, 0x08, 0x62, 0x08, 0x62, 0x08, 0x62, 0x08, 0x62, 0x08, 0x62, 0x08, 0x62, 0x08, 
0x62, 0x08, 0x62, 0x08, 0x62, 0x08, 0x62, 0x08, 0x62, 0x08, 0x62, 0x08, 0x62, 0x08, 0x62, 0x08, 
0x62, 0x08, 0x62, 0x08, 0x62, 0x08, 0x62, 0x08, 0x62, 0x08, 0x62, 0x08, 0x62, 0x08, 0x62, 0x08, 
0x62, 0x08, 0x62, 0x08, 0x62, 0x08, 0x62, 0x08, 0x62, 0x08, 0x62, 0x08, 0x62, 0x08, 0x62, 0x08, 
0x62, 0x08, 0x62, 0x08, 0x62, 0x08, 0x62, 0x08, 0x62, 0x08, 0x62, 0x08, 0x62, 0x08, 0x62, 0x08, 
0x62, 0x08, 0x62, 0x08, 0x62, 0x08, 0x62, 0x08, 0x62, 0x08, 0x62, 0x08, 0x62, 0x08, 0x62, 0x08, 
0x62, 0x08, 0x62, 0x08, 0x62, 0x08, 0x62, 0x08, 0x62, 0x08, 0x62, 0x08, 0x62, 0x08, 0x62, 0x08, 
0x62, 0x08, 0x62, 0x08, 0x62, 0x08, 0x62, 0x08, 0x62, 0x08, 0x62, 0x08, 0x62, 0x08, 0x62, 0x08, 
0x62, 0x08, 0x62, 0x08, 0x62, 0x08, 0x62, 0x08, 0x62, 0x08, 0x62, 0x08, 0x62, 0x08, 0x62, 0x08, 
0x62, 0x08, 0x62, 0x08, 0x62, 0x08, 0x62, 0x08, 0x62, 0x08, 0x62, 0x08, 0x62, 0x08, 0x62, 0x08, 
0x62, 0x08, 0x62, 0x08, 0x62, 0x08, 0x62, 0x08, 0x62, 0x08, 0x62, 0x08, 0x62, 0x08, 0x62, 0x08, 
0x62, 0x08, 0x62, 0x08, 0x62, 0x08, 0x62, 0x08, 0x62, 0x08, 0x62, 0x08, 0x62, 0x08, 0x62, 0x08, 
0x62, 0x08, 0x62, 0x08, 0x62, 0x08, 0x62, 0x08, 0x62, 0x08, 0x62, 0x08, 0x62, 0x08, 0x62, 0x08, 
0x62, 0x08, 0x62, 0x08, 0x62, 0x08, 0x62, 0x08, 0x62, 0x08, 0x62, 0x08, 0x62, 0x08, 0x62, 0x08, 
0x62, 0x08, 0x62, 0x08, 0x62, 0x08, 0x62, 0x08, 0x62, 0x08, 0x62, 0x08, 0x62, 0x08, 0x62, 0x08, 
0x62, 0x08, 0x62, 0x08, 0x62, 0x08, 0x62, 0x08, 0x62, 0x08, 0x62, 0x08, 0x62, 0x08, 0x62, 0x08, 
0x62, 0x08, 0x62, 0x08, 0x62, 0x08, 0x62, 0x08, 0x62, 0x08, 0x62, 0x08, 0x62, 0x08, 0x62, 0x08, 
0x62, 0x08, 0x62, 0x08, 0x62, 0x08, 0x62, 0x08, 0x62, 0x08, 0x62, 0x08, 0x62, 0x08, 0x62, 0x08, 
0x62, 0x08, 0x62, 0x08, 0x62, 0x08, 0x62, 0x08, 0x62, 0x08, 0x62, 0x08, 0x62, 0x08, 0x62, 0x08, 
0x62, 0x08, 0x62, 0x08, 0x62, 0x08, 0x62, 0x08, 0x62, 0x08, 0x62, 0x08, 0x62, 0x08, 0x62, 0x08, 
0x62, 0x08, 0x62, 0x08, 0x62, 0x08, 0x62, 0x08, 0x62, 0x08, 0x62, 0x08, 0x62, 0x08, 0x62, 0x08, 
0x62, 0x08, 0x62, 0x08, 0x62, 0x08, 0x62, 0x08, 0x62, 0x08, 0x62, 0x08, 0x62, 0x08, 0x62, 0x08, 
0x62, 0x08, 0x62, 0x08, 0x62, 0x08, 0x62, 0x08, 0x62, 0x08, 0x62, 0x08, 0x62, 0x08, 0x62, 0x08, 
0x62, 0x08, 0x62, 0x08, 0x62, 0x08, 0x62, 0x08, 0x62, 0x08, 0x62, 0x08, 0x62, 0x08, 0x62, 0x08, 
0x62, 0x08, 0x62, 0x08, 0x62, 0x08, 0x62, 0x08, 0x62, 0x08, 0x62, 0x08, 0x62, 0x08, 0x62, 0x08, 
0x62, 0x08, 0x62, 0x08, 0x62, 0x08, 0x62, 0x08, 0x62, 0x08, 0x62, 0x08, 0x62, 0x08, 0x62, 0x08, 
0x62, 0x08, 0x62, 0x08, 0x62, 0x08, 0x62, 0x08, 0x62, 0x08, 0x62, 0x08, 0x62, 0x08, 0x62, 0x08, 
0x62, 0x08, 0x62, 0x08, 0x62, 0x08, 0x62, 0x08, 0x62, 0x08, 0x62, 0x08, 0x62, 0x08, 0x62, 0x08, 
0x62, 0x08, 0x62, 0x08, 0x62, 0x08, 0x62, 0x08, 0x62, 0x08, 0x62, 0x08, 0x62, 0x08, 0x62, 0x08, 
0x62, 0x08, 0x62, 0x08, 0x62, 0x08, 0x62, 0x08, 0x62, 0x08, 0x62, 0x08, 0x62, 0x08, 0x62, 0x08, 
0x62, 0x08, 0x62, 0x08, 0x62, 0x08, 0x62, 0x08, 0x62, 0x08, 0x62, 0x08, 0x62, 0x08, 0x62, 0x08, 
0x62, 0x08, 0x62, 0x08, 0x62, 0x08, 0x62, 0x08, 0x62, 0x08, 0x62, 0x08, 0x62, 0x08, 0x62, 0x08, 
0x62, 0x08, 0x62, 0x08, 0x62, 0x08, 0x62, 0x08, 0x62, 0x08, 0x62, 0x08, 0x62, 0x08, 0x62, 0x08, 
0x62, 0x08, 0x62, 0x08, 0x62, 0x08, 0x62, 0x08, 0x62, 0x08, 0x62, 0x08, 0x62, 0x08, 0x62, 0x08, 
0x62, 0x08, 0x62, 0x08, 0x62, 0x08, 0x62, 0x08, 0x62, 0x08, 0x62, 0x08, 0x62, 0x08, 0x62, 0x08, 
0x62, 0x08, 0x62, 0x08, 0x62, 0x08, 0x62, 0x08, 0x62, 0x08, 0x62, 0x08, 0x62, 0x08, 0x62, 0x08, 
0x62, 0x08, 0x62, 0x08, 0x62, 0x08, 0x62, 0x08, 0x62, 0x08, 0x62, 0x08, 0x62, 0x08, 0x62, 0x08, 
0x62, 0x08, 0x62, 0x08, 0x62, 0x08, 0x62, 0x08, 0x62, 0x08, 0x62, 0x08, 0x62, 0x08, 0x62, 0x08, 
0x62, 0x08, 0x62, 0x08, 0x62, 0x08, 0x62, 0x08, 0x62, 0x08, 0x62, 0x08, 0x62, 0x08, 0x62, 0x08, 
0x62, 0x08, 0x62, 0x08, 0x62, 0x08, 0x62, 0x08, 0x62, 0x08, 0x62, 0x08, 0x62, 0x08, 0x62, 0x08, 
0x62, 0x08, 0x62, 0x08, 0x62, 0x08, 0x62, 0x08, 0x62, 0x08, 0x62, 0x08, 0x62, 0x08, 0x62, 0x08, 
0x62, 0x08, 0x62, 0x08, 0x62, 0x08, 0x62, 0x08, 0x62, 0x08, 0x62, 0x08, 0x62, 0x08, 0x62, 0x08, 
0x62, 0x08, 0x62, 0x08, 0x62, 0x08, 0x62, 0x08, 0x62, 0x08, 0x62, 0x08, 0x62, 0x08, 0x62, 0x08, 
0x62, 0x08, 0x62, 0x08, 0x62, 0x08, 0x62, 0x08, 0x62, 0x08, 0x62, 0x08, 0x62, 0x08, 0x62, 0x08, 
0x62, 0x08, 0x62, 0x08, 0x62, 0x08, 0x62, 0x08, 0x62, 0x08, 0x62, 0x08, 0x62, 0x08, 0x62, 0x08, 
0x62, 0x08, 0x62, 0x08, 0x62, 0x08, 0x62, 0x08, 0x62, 0x08, 0x62, 0x08, 0x62, 0x08, 0x62, 0x08, 
0x62, 0x08, 0x62, 0x08, 0x62, 0x08, 0x62, 0x08, 0x62, 0x08, 0x62, 0x08, 0x62, 0x08, 0x62, 0x08, 
0x62, 0x08, 0x62, 0x08, 0x62, 0x08, 0x62, 0x08, 0x62, 0x08, 0x62, 0x08, 0x62, 0x08, 0x62, 0x08, 
0x62, 0x08, 0x62, 0x08, 0x62, 0x08, 0x62, 0x08, 0x62, 0x08, 0x62, 0x08, 0x62, 0x08, 0x62, 0x08, 
0x62, 0x08, 0x62, 0x08, 0x62, 0x08, 0x62, 0x08, 0x62, 0x08, 0x62, 0x08, 0x62, 0x08, 0x62, 0x08, 
0x62, 0x08, 0x62, 0x08, 0x62, 0x08, 0x62, 0x08, 0x62, 0x08, 0x62, 0x08, 0x62, 0x08, 0x62, 0x08, 
0x62, 0x08, 0x62, 0x08, 0x62, 0x08, 0x62, 0x08, 0x62, 0x08, 0x62, 0x08, 0x62, 0x08, 0x62, 0x08, 
0x62, 0x08, 0x62, 0x08, 0x62, 0x08, 0x62, 0x08, 0x62, 0x08, 0x62, 0x08, 0x62, 0x08, 0x62, 0x08, 
0x62, 0x08, 0x62, 0x08, 0x62, 0x08, 0x62, 0x08, 0x62, 0x08, 0x62, 0x08, 0x62, 0x08, 0x62, 0x08, 
0x62, 0x08, 0x62, 0x08, 0x62, 0x08, 0x62, 0x08, 0x62, 0x08, 0x62, 0x08, 0x62, 0x08, 0x62, 0x08, 
0x62, 0x08, 0x62, 0x08, 0x62, 0x08, 0x62, 0x08, 0x62, 0x08, 0x62, 0x08, 0x62, 0x08, 0x62, 0x08, 
0x62, 0x08, 0x62, 0x08, 0x62, 0x08, 0x62, 0x08, 0x62, 0x08, 0x62, 0x08, 0x62, 0x08, 0x62, 0x08, 
0x62, 0x08, 0x62, 0x08, 0x62, 0x08, 0x62, 0x08, 0x62, 0x08, 0x62, 0x08, 0x62, 0x08, 0x62, 0x08, 
0x62, 0x08, 0x62, 0x08, 0x62, 0x08, 0x62, 0x08, 0x62, 0x08, 0x62, 0x08, 0x62, 0x08, 0x62, 0x08, 
0x62, 0x08, 0x62, 0x08, 0x62, 0x08, 0x62, 0x08, 0x62, 0x08, 0x62, 0x08, 0x62, 0x08, 0x62, 0x08, 
0x62, 0x08, 0x62, 0x08, 0x62, 0x08, 0x62, 0x08, 0x62, 0x08, 0x62, 0x08, 0x62, 0x08, 0x62, 0x08, 
0x62, 0x08, 0x62, 0x08, 0x62, 0x08, 0x62, 0x08, 0x62, 0x08, 0x62, 0x08, 0x62, 0x08, 0x62, 0x08, 
0x62, 0x08, 0x62, 0x08, 0x62, 0x08, 0x62, 0x08, 0x62, 0x08, 0x62, 0x08, 0x62, 0x08, 0x62, 0x08, 
0x62, 0x08, 0x42, 0x08, 0x62, 0x08, 0x62, 0x08, 0x62, 0x08, 0x62, 0x08, 0x62, 0x08, 0x62, 0x08, 
0x62, 0x08, 0x62, 0x08, 0x62, 0x08, 0x62, 0x08, 0x62, 0x08, 0x62, 0x08, 0x62, 0x08, 0x62, 0x08, 
0x62, 0x08, 0x62, 0x08, 0x62, 0x08, 0x62, 0x08, 0x62, 0x08, 0x62, 0x08, 0x62, 0x08, 0x62, 0x08, 
0x62, 0x08, 0x62, 0x08, 0x62, 0x08, 0x62, 0x08, 0x62, 0x08, 0x62, 0x08, 0x62, 0x08, 0x62, 0x08, 
0x62, 0x08, 0x62, 0x08, 0x62, 0x08, 0x62, 0x08, 0x62, 0x08, 0x62, 0x08, 0x62, 0x08, 0x62, 0x08, 
0x62, 0x08, 0x62, 0x08, 0x62, 0x08, 0x62, 0x08, 0x62, 0x08, 0x62, 0x08, 0x62, 0x08, 0x62, 0x08, 
0x62, 0x08, 0x62, 0x08, 0x62, 0x08, 0x62, 0x08, 0x62, 0x08, 0x62, 0x08, 0x62, 0x08, 0x62, 0x08, 
0x62, 0x08, 0x62, 0x08, 0x62, 0x08, 0x62, 0x08, 0x62, 0x08, 0x62, 0x08, 0x62, 0x08, 0x62, 0x08, 
0x62, 0x08, 0x62, 0x08, 0x62, 0x08, 0x62, 0x08, 0x62, 0x08, 0x62, 0x08, 0x62, 0x08, 0x62, 0x08, 
0x62, 0x08, 0x62, 0x08, 0x62, 0x08, 0x62, 0x08, 0x62, 0x08, 0x62, 0x08, 0x62, 0x08, 0x62, 0x08, 
0x62, 0x08, 0x62, 0x08, 0x62, 0x08, 0x62, 0x08, 0x62, 0x08, 0x62, 0x08, 0x62, 0x08, 0x62, 0x08, 
0x62, 0x08, 0x62, 0x08, 0x62, 0x08, 0x62, 0x08, 0x62, 0x08, 0x62, 0x08, 0x62, 0x08, 0x62, 0x08, 
0x62, 0x08, 0x62, 0x08, 0x62, 0x08, 0x62, 0x08, 0x62, 0x08, 0x62, 0x08, 0x62, 0x08, 0x62, 0x08, 
0x62, 0x08, 0x62, 0x08, 0x62, 0x08, 0x62, 0x08, 0x62, 0x08, 0x62, 0x08, 0x62, 0x08, 0x62, 0x08, 
0x62, 0x08, 0x62, 0x08, 0x62, 0x08, 0x62, 0x08, 0x62, 0x08, 0x62, 0x08, 0x62, 0x08, 0x62, 0x08, 
0x62, 0x08, 0x62, 0x08, 0x62, 0x08, 0x62, 0x08, 0x62, 0x08, 0x62, 0x08, 0x62, 0x08, 0x62, 0x08, 
0x62, 0x08, 0x62, 0x08, 0x62, 0x08, 0x62, 0x08, 0x62, 0x08, 0x62, 0x08, 0x62, 0x08, 0x62, 0x08, 
0x62, 0x08, 0x62, 0x08, 0x62, 0x08, 0x62, 0x08, 0x62, 0x08, 0x62, 0x08, 0x62, 0x08, 0x62, 0x08, 
0x62, 0x08, 0x62, 0x08, 0x62, 0x08, 0x62, 0x08, 0x62, 0x08, 0x62, 0x08, 0x62, 0x08, 0x62, 0x08, 
0x62, 0x08, 0x62, 0x08, 0x62, 0x08, 0x62, 0x08, 0x62, 0x08, 0x62, 0x08, 0x62, 0x08, 0x62, 0x08, 
0x62, 0x08, 0x62, 0x08, 0x62, 0x08, 0x62, 0x08, 0x62, 0x08, 0x62, 0x08, 0x62, 0x08, 0x62, 0x08, 
0x62, 0x08, 0x62, 0x08, 0x62, 0x08, 0x62, 0x08, 0x62, 0x08, 0x62, 0x08, 0x62, 0x08, 0x62, 0x08, 
0x62, 0x08, 0x62, 0x08, 0x62, 0x08, 0x62, 0x08, 0x62, 0x08, 0x62, 0x08, 0x62, 0x08, 0x62, 0x08, 
0x62, 0x08, 0x62, 0x08, 0x62, 0x08, 0x62, 0x08, 0x62, 0x08, 0x62, 0x08, 0x62, 0x08, 0x62, 0x08, 
0x62, 0x08, 0x62, 0x08, 0x62, 0x08, 0x62, 0x08, 0x62, 0x08, 0x42, 0x08, 0x62, 0x08, 0x62, 0x08, 
0x62, 0x08, 0x62, 0x08, 0x62, 0x08, 0x62, 0x08, 0x62, 0x08, 0x62, 0x08, 0x62, 0x08, 0x62, 0x08, 
0x62, 0x08, 0x62, 0x08, 0x62, 0x08, 0x62, 0x08, 0x62, 0x08, 0x62, 0x08, 0x62, 0x08, 0x62, 0x08, 
0x62, 0x08, 0x62, 0x08, 0x62, 0x08, 0x62, 0x08, 0x62, 0x08, 0x62, 0x08, 0x62, 0x08, 0x62, 0x08, 
0x62, 0x08, 0x62, 0x08, 0x62, 0x08, 0x62, 0x08, 0x62, 0x08, 0x62, 0x08, 0x62, 0x08, 0x62, 0x08, 
0x62, 0x08, 0x62, 0x08, 0x62, 0x08, 0x62, 0x08, 0x62, 0x08, 0x62, 0x08, 0x62, 0x08, 0x62, 0x08, 
0x62, 0x08, 0x62, 0x08, 0x62, 0x08, 0x62, 0x08, 0x62, 0x08, 0x62, 0x08, 0x62, 0x08, 0x62, 0x08, 
0x62, 0x08, 0x62, 0x08, 0x62, 0x08, 0x62, 0x08, 0x62, 0x08, 0x62, 0x08, 0x62, 0x08, 0x62, 0x08, 
0x62, 0x08, 0x62, 0x08, 0x62, 0x08, 0x62, 0x08, 0x62, 0x08, 0x62, 0x08, 0x62, 0x08, 0x62, 0x08, 
0x62, 0x08, 0x62, 0x08, 0x62, 0x08, 0x62, 0x08, 0x62, 0x08, 0x62, 0x08, 0x62, 0x08, 0x62, 0x08, 
0x62, 0x08, 0x62, 0x08, 0x62, 0x08, 0x62, 0x08, 0x62, 0x08, 0x62, 0x08, 0x62, 0x08, 0x62, 0x08, 
0x62, 0x08, 0x62, 0x08, 0x62, 0x08, 0x62, 0x08, 0x62, 0x08, 0x62, 0x08, 0x62, 0x08, 0x62, 0x08, 
0x62, 0x08, 0x62, 0x08, 0x62, 0x08, 0x62, 0x08, 0x62, 0x08, 0x62, 0x08, 0x62, 0x08, 0x62, 0x08, 
0x62, 0x08, 0x62, 0x08, 0x62, 0x08, 0x62, 0x08, 0x62, 0x08, 0x62, 0x08, 0x62, 0x08, 0x62, 0x08, 
0x62, 0x08, 0x62, 0x08, 0x62, 0x08, 0x62, 0x08, 0x62, 0x08, 0x62, 0x08, 0x62, 0x08, 0x62, 0x08, 
0x62, 0x08, 0x62, 0x08, 0x62, 0x08, 0x62, 0x08, 0x62, 0x08, 0x62, 0x08, 0x62, 0x08, 0x62, 0x08, 
0x62, 0x08, 0x62, 0x08, 0x62, 0x08, 0x62, 0x08, 0x62, 0x08, 0x62, 0x08, 0x62, 0x08, 0x62, 0x08, 
0x62, 0x08, 0x62, 0x08, 0x62, 0x08, 0x62, 0x08, 0x62, 0x08, 0x62, 0x08, 0x62, 0x08, 0x62, 0x08, 
0x62, 0x08, 0x62, 0x08, 0x62, 0x08, 0x62, 0x08, 0x62, 0x08, 0x62, 0x08, 0x62, 0x08, 0x62, 0x08, 
0x62, 0x08, 0x62, 0x08, 0x62, 0x08, 0x62, 0x08, 0x62, 0x08, 0x62, 0x08, 0x62, 0x08, 0x62, 0x08, 
0x62, 0x08, 0x62, 0x08, 0x62, 0x08, 0x62, 0x08, 0x62, 0x08, 0x62, 0x08, 0x62, 0x08, 0x62, 0x08, 
0x62, 0x08, 0x62, 0x08, 0x62, 0x08, 0x62, 0x08, 0x62, 0x08, 0x62, 0x08, 0x62, 0x08, 0x62, 0x08, 
0x62, 0x08, 0x62, 0x08, 0x62, 0x08, 0x62, 0x08, 0x62, 0x08, 0x62, 0x08, 0x62, 0x08, 0x62, 0x08, 
0x62, 0x08, 0x62, 0x08, 0x62, 0x08, 0x62, 0x08, 0x62, 0x08, 0x62, 0x08, 0x62, 0x08, 0x62, 0x08, 
0x62, 0x08, 0x62, 0x08, 0x62, 0x08, 0x62, 0x08, 0x62, 0x08, 0x62, 0x08, 0x62, 0x08, 0x62, 0x08, 
0x62, 0x08, 0x62, 0x08, 0x62, 0x08, 0x62, 0x08, 0x62, 0x08, 0x62, 0x08, 0x62, 0x08, 0x62, 0x08, 
0x62, 0x08, 0x62, 0x08, 0x62, 0x08, 0x62, 0x08, 0x62, 0x08, 0x62, 0x08, 0x62, 0x08, 0x62, 0x08, 
0x62, 0x08, 0x62, 0x08, 0x62, 0x08, 0x62, 0x08, 0x62, 0x08, 0x62, 0x08, 0x62, 0x08, 0x62, 0x08, 
0x62, 0x08, 0x62, 0x08, 0x62, 0x08, 0x62, 0x08, 0x62, 0x08, 0x62, 0x08, 0x62, 0x08, 0x62, 0x08, 
0x62, 0x08, 0x62, 0x08, 0x62, 0x08, 0x62, 0x08, 0x62, 0x08, 0x62, 0x08, 0x62, 0x08, 0x62, 0x08, 
0x62, 0x08, 0x62, 0x08, 0x62, 0x08, 0x62, 0x08, 0x62, 0x08, 0x62, 0x08, 0x62, 0x08, 0x62, 0x08, 
0x62, 0x08, 0x62, 0x08, 0x62, 0x08, 0x62, 0x08, 0x62, 0x08, 0x62, 0x08, 0x62, 0x08, 0x62, 0x08, 
0x62, 0x08, 0x62, 0x08, 0x62, 0x08, 0x62, 0x08, 0x62, 0x08, 0x62, 0x08, 0x62, 0x08, 0x62, 0x08, 
0x62, 0x08, 0x62, 0x08, 0x62, 0x08, 0x62, 0x08, 0x62, 0x08, 0x62, 0x08, 0x62, 0x08, 0x62, 0x08, 
0x62, 0x08, 0x62, 0x08, 0x62, 0x08, 0x62, 0x08, 0x62, 0x08, 0x62, 0x08, 0x62, 0x08, 0x62, 0x08, 
0x62, 0x08, 0x62, 0x08, 0x62, 0x08, 0x62, 0x08, 0x62, 0x08, 0x62, 0x08, 0x62, 0x08, 0x62, 0x08, 
0x62, 0x08, 0x62, 0x08, 0x62, 0x08, 0x62, 0x08, 0x62, 0x08, 0x62, 0x08, 0x62, 0x08, 0x62, 0x08, 
0x62, 0x08, 0x62, 0x08, 0x62, 0x08, 0x62, 0x08, 0x62, 0x08, 0x62, 0x08, 0x62, 0x08, 0x62, 0x08, 
0x62, 0x08, 0x62, 0x08, 0x62, 0x08, 0x62, 0x08, 0x62, 0x08, 0x62, 0x08, 0x62, 0x08, 0x62, 0x08, 
0x62, 0x08, 0x62, 0x08, 0x62, 0x08, 0x62, 0x08, 0x62, 0x08, 0x62, 0x08, 0x62, 0x08, 0x62, 0x08, 
0x62, 0x08, 0x62, 0x08, 0x62, 0x08, 0x62, 0x08, 0x62, 0x08, 0x62, 0x08, 0x62, 0x08, 0x62, 0x08, 
0x62, 0x08, 0x62, 0x08, 0x62, 0x08, 0x62, 0x08, 0x62, 0x08, 0x62, 0x08, 0x62, 0x08, 0x62, 0x08, 
0x62, 0x08, 0x62, 0x08, 0x62, 0x08, 0x62, 0x08, 0x62, 0x08, 0x62, 0x08, 0x62, 0x08, 0x62, 0x08, 
0x62, 0x08, 0x62, 0x08, 0x62, 0x08, 0x62, 0x08, 0x62, 0x08, 0x62, 0x08, 0x62, 0x08, 0x62, 0x08, 
0x62, 0x08, 0x62, 0x08, 0x62, 0x08, 0x62, 0x08, 0x62, 0x08, 0x62, 0x08, 0x62, 0x08, 0x62, 0x08, 
0x62, 0x08, 0x62, 0x08, 0x62, 0x08, 0x62, 0x08, 0x62, 0x08, 0x62, 0x08, 0x62, 0x08, 0x62, 0x08, 
0x62, 0x08, 0x62, 0x08, 0x62, 0x08, 0x62, 0x08, 0x62, 0x08, 0x62, 0x08, 0x62, 0x08, 0x62, 0x08, 
0x62, 0x08, 0x62, 0x08, 0x62, 0x08, 0x62, 0x08, 0x62, 0x08, 0x62, 0x08, 0x62, 0x08, 0x62, 0x08, 
0x62, 0x08, 0x62, 0x08, 0x62, 0x08, 0x62, 0x08, 0x62, 0x08, 0x62, 0x08, 0x62, 0x08, 0x62, 0x08, 
0x62, 0x08, 0x62, 0x08, 0x62, 0x08, 0x62, 0x08, 0x62, 0x08, 0x62, 0x08, 0x62, 0x08, 0x62, 0x08, 
0x62, 0x08, 0x62, 0x08, 0x62, 0x08, 0x62, 0x08, 0x62, 0x08, 0x62, 0x08, 0x62, 0x08, 0x62, 0x08, 
0x62, 0x08, 0x62, 0x08, 0x62, 0x08, 0x62, 0x08, 0x62, 0x08, 0x62, 0x08, 0x62, 0x08, 0x62, 0x08, 
0x62, 0x08, 0x62, 0x08, 0x62, 0x08, 0x62, 0x08, 0x62, 0x08, 0x62, 0x08, 0x62, 0x08, 0x62, 0x08, 
0x62, 0x08, 0x62, 0x08, 0x62, 0x08, 0x62, 0x08, 0x62, 0x08, 0x62, 0x08, 0x62, 0x08, 0x62, 0x08, 
0x62, 0x08, 0x62, 0x08, 0x62, 0x08, 0x62, 0x08, 0x62, 0x08, 0x62, 0x08, 0x62, 0x08, 0x62, 0x08, 
0x62, 0x08, 0x62, 0x08, 0x62, 0x08, 0x62, 0x08, 0x62, 0x08, 0x62, 0x08, 0x62, 0x08, 0x62, 0x08, 
0x62, 0x08, 0x62, 0x08, 0x62, 0x08, 0x62, 0x08, 0x62, 0x08, 0x62, 0x08, 0x62, 0x08, 0x62, 0x08, 
0x62, 0x08, 0x62, 0x08, 0x62, 0x08, 0x62, 0x08, 0x62, 0x08, 0x62, 0x08, 0x62, 0x08, 0x62, 0x08, 
0x62, 0x08, 0x62, 0x08, 0x62, 0x08, 0x62, 0x08, 0x62, 0x08, 0x62, 0x08, 0x62, 0x08, 0x62, 0x08, 
0x62, 0x08, 0x62, 0x08, 0x62, 0x08, 0x62, 0x08, 0x62, 0x08, 0x62, 0x08, 0x62, 0x08, 0x62, 0x08, 
0x62, 0x08, 0x62, 0x08, 0x62, 0x08, 0x62, 0x08, 0x62, 0x08, 0x62, 0x08, 0x62, 0x08, 0x62, 0x08, 
0x62, 0x08, 0x62, 0x08, 0x62, 0x08, 0x62, 0x08, 0x62, 0x08, 0x62, 0x08, 0x62, 0x08, 0x62, 0x08, 
0x62, 0x08, 0x62, 0x08, 0x62, 0x08, 0x62, 0x08, 0x62, 0x08, 0x62, 0x08, 0x62, 0x08, 0x62, 0x08, 
0x62, 0x08, 0x62, 0x08, 0x62, 0x08, 0x62, 0x08, 0x62, 0x08, 0x62, 0x08, 0x62, 0x08, 0x62, 0x08, 
0x62, 0x08, 0x62, 0x08, 0x62, 0x08, 0x62, 0x08, 0x62, 0x08, 0x62, 0x08, 0x62, 0x08, 0x62, 0x08, 
0x62, 0x08, 0x62, 0x08, 0x62, 0x08, 0x62, 0x08, 0x62, 0x08, 0x62, 0x08, 0x62, 0x08, 0x62, 0x08, 
0x62, 0x08, 0x62, 0x08, 0x62, 0x08, 0x62, 0x08, 0x62, 0x08, 0x62, 0x08, 0x62, 0x08, 0x62, 0x08, 
0x62, 0x08, 0x62, 0x08, 0x62, 0x08, 0x62, 0x08, 0x62, 0x08, 0x62, 0x08, 0x62, 0x08, 0x62, 0x08, 
0x62, 0x08, 0x62, 0x08, 0x62, 0x08, 0x62, 0x08, 0x62, 0x08, 0x62, 0x08, 0x62, 0x08, 0x62, 0x08, 
0x62, 0x08, 0x62, 0x08, 0x62, 0x08, 0x62, 0x08, 0x62, 0x08, 0x62, 0x08, 0x62, 0x08, 0x62, 0x08, 
0x62, 0x08, 0x62, 0x08, 0x62, 0x08, 0x62, 0x08, 0x62, 0x08, 0x62, 0x08, 0x62, 0x08, 0x62, 0x08, 
0x62, 0x08, 0x62, 0x08, 0x62, 0x08, 0x62, 0x08, 0x62, 0x08, 0x62, 0x08, 0x62, 0x08, 0x62, 0x08, 
0x62, 0x08, 0x62, 0x08, 0x62, 0x08, 0x62, 0x08, 0x62, 0x08, 0x62, 0x08, 0x62, 0x08, 0x62, 0x08, 
0x62, 0x08, 0x62, 0x08, 0x62, 0x08, 0x62, 0x08, 0x62, 0x08, 0x62, 0x08, 0x62, 0x08, 0x62, 0x08, 
0x62, 0x08, 0x62, 0x08, 0x62, 0x08, 0x62, 0x08, 0x62, 0x08, 0x62, 0x08, 0x62, 0x08, 0x62, 0x08, 
0x62, 0x08, 0x62, 0x08, 0x62, 0x08, 0x62, 0x08, 0x62, 0x08, 0x62, 0x08, 0x62, 0x08, 0x62, 0x08, 
0x62, 0x08, 0x62, 0x08, 0x62, 0x08, 0x62, 0x08, 0x62, 0x08, 0x62, 0x08, 0x62, 0x08, 0x62, 0x08, 
0x62, 0x08, 0x62, 0x08, 0x62, 0x08, 0x62, 0x08, 0x62, 0x08, 0x62, 0x08, 0x62, 0x08, 0x62, 0x08, 
0x62, 0x08, 0x62, 0x08, 0x62, 0x08, 0x62, 0x08, 0x62, 0x08, 0x62, 0x08, 0x62, 0x08, 0x62, 0x08, 
0x62, 0x08, 0x62, 0x08, 0x62, 0x08, 0x62, 0x08, 0x62, 0x08, 0x62, 0x08, 0x62, 0x08, 0x62, 0x08, 
0x62, 0x08, 0x62, 0x08, 0x62, 0x08, 0x62, 0x08, 0x62, 0x08, 0x62, 0x08, 0x62, 0x08, 0x62, 0x08, 
0x42, 0x08, 0x62, 0x08, 0x62, 0x08, 0x42, 0x08, 0x62, 0x08, 0x62, 0x08, 0x62, 0x08, 0x62, 0x08, 
0x62, 0x08, 0x62, 0x08, 0x62, 0x08, 0x62, 0x08, 0x62, 0x08, 0x62, 0x08, 0x62, 0x08, 0x62, 0x08, 
0x62, 0x08, 0x62, 0x08, 0x62, 0x08, 0x62, 0x08, 0x62, 0x08, 0x62, 0x08, 0x62, 0x08, 0x62, 0x08, 
0x62, 0x08, 0x62, 0x08, 0x62, 0x08, 0x62, 0x08, 0x62, 0x08, 0x62, 0x08, 0x62, 0x08, 0x62, 0x08, 
0x62, 0x08, 0x62, 0x08, 0x62, 0x08, 0x62, 0x08, 0x62, 0x08, 0x62, 0x08, 0x62, 0x08, 0x62, 0x08, 
0x62, 0x08, 0x62, 0x08, 0x62, 0x08, 0x62, 0x08, 0x62, 0x08, 0x62, 0x08, 0x62, 0x08, 0x62, 0x08, 
0x62, 0x08, 0x62, 0x08, 0x62, 0x08, 0x62, 0x08, 0x62, 0x08, 0x62, 0x08, 0x62, 0x08, 0x62, 0x08, 
0x62, 0x08, 0x62, 0x08, 0x62, 0x08, 0x62, 0x08, 0x62, 0x08, 0x62, 0x08, 0x62, 0x08, 0x62, 0x08, 
0x62, 0x08, 0x62, 0x08, 0x62, 0x08, 0x62, 0x08, 0x62, 0x08, 0x62, 0x08, 0x62, 0x08, 0x62, 0x08, 
0x62, 0x08, 0x62, 0x08, 0x62, 0x08, 0x62, 0x08, 0x62, 0x08, 0x62, 0x08, 0x62, 0x08, 0x62, 0x08, 
0x62, 0x08, 0x62, 0x08, 0x62, 0x08, 0x62, 0x08, 0x62, 0x08, 0x62, 0x08, 0x62, 0x08, 0x62, 0x08, 
0x62, 0x08, 0x62, 0x08, 0x62, 0x08, 0x62, 0x08, 0x62, 0x08, 0x62, 0x08, 0x62, 0x08, 0x62, 0x08, 
0x62, 0x08, 0x62, 0x08, 0x62, 0x08, 0x62, 0x08, 0x62, 0x08, 0x62, 0x08, 0x62, 0x08, 0x62, 0x08, 
0x62, 0x08, 0x62, 0x08, 0x62, 0x08, 0x62, 0x08, 0x62, 0x08, 0x62, 0x08, 0x62, 0x08, 0x62, 0x08, 
0x62, 0x08, 0x62, 0x08, 0x62, 0x08, 0x62, 0x08, 0x62, 0x08, 0x62, 0x08, 0x62, 0x08, 0x62, 0x08, 
0x62, 0x08, 0x62, 0x08, 0x62, 0x08, 0x62, 0x08, 0x62, 0x08, 0x62, 0x08, 0x62, 0x08, 0x62, 0x08, 
0x62, 0x08, 0x62, 0x08, 0x62, 0x08, 0x62, 0x08, 0x62, 0x08, 0x62, 0x08, 0x62, 0x08, 0x62, 0x08, 
0x62, 0x08, 0x62, 0x08, 0x62, 0x08, 0x62, 0x08, 0x62, 0x08, 0x62, 0x08, 0x62, 0x08, 0x62, 0x08, 
0x62, 0x08, 0x62, 0x08, 0x62, 0x08, 0x62, 0x08, 0x62, 0x08, 0x62, 0x08, 0x62, 0x08, 0x62, 0x08, 
0x62, 0x08, 0x62, 0x08, 0x62, 0x08, 0x62, 0x08, 0x62, 0x08, 0x62, 0x08, 0x62, 0x08, 0x62, 0x08, 
0x62, 0x08, 0x62, 0x08, 0x62, 0x08, 0x62, 0x08, 0x62, 0x08, 0x62, 0x08, 0x62, 0x08, 0x62, 0x08, 
0x62, 0x08, 0x62, 0x08, 0x62, 0x08, 0x62, 0x08, 0x62, 0x08, 0x62, 0x08, 0x62, 0x08, 0x62, 0x08, 
0x62, 0x08, 0x62, 0x08, 0x62, 0x08, 0x62, 0x08, 0x62, 0x08, 0x62, 0x08, 0x62, 0x08, 0x62, 0x08, 
0x62, 0x08, 0x62, 0x08, 0x62, 0x08, 0x62, 0x08, 0x62, 0x08, 0x62, 0x08, 0x62, 0x08, 0x62, 0x08, 
0x62, 0x08, 0x62, 0x08, 0x62, 0x08, 0x62, 0x08, 0x62, 0x08, 0x62, 0x08, 0x62, 0x08, 0x62, 0x08, 
0x62, 0x08, 0x62, 0x08, 0x62, 0x08, 0x62, 0x08, 0x62, 0x08, 0x62, 0x08, 0x62, 0x08, 0x62, 0x08, 
0x62, 0x08, 0x62, 0x08, 0x62, 0x08, 0x62, 0x08, 0x62, 0x08, 0x62, 0x08, 0x62, 0x08, 0x62, 0x08, 
0x62, 0x08, 0x62, 0x08, 0x62, 0x08, 0x62, 0x08, 0x62, 0x08, 0x62, 0x08, 0x62, 0x08, 0x62, 0x08, 
0x62, 0x08, 0x62, 0x08, 0x62, 0x08, 0x62, 0x08, 0x62, 0x08, 0x62, 0x08, 0x62, 0x08, 0x62, 0x08, 
0x62, 0x08, 0x62, 0x08, 0x62, 0x08, 0x62, 0x08, 0x62, 0x08, 0x62, 0x08, 0x62, 0x08, 0x62, 0x08, 
0x62, 0x08, 0x62, 0x08, 0x62, 0x08, 0x62, 0x08, 0x62, 0x08, 0x62, 0x08, 0x62, 0x08, 0x62, 0x08, 
0x62, 0x08, 0x62, 0x08, 0x62, 0x08, 0x62, 0x08, 0x62, 0x08, 0x62, 0x08, 0x62, 0x08, 0x62, 0x08, 
0x62, 0x08, 0x62, 0x08, 0x62, 0x08, 0x62, 0x08, 0x62, 0x08, 0x62, 0x08, 0x62, 0x08, 0x62, 0x08, 
0x62, 0x08, 0x62, 0x08, 0x62, 0x08, 0x62, 0x08, 0x62, 0x08, 0x62, 0x08, 0x62, 0x08, 0x62, 0x08, 
0x42, 0x08, 0x62, 0x08, 0x62, 0x08, 0x62, 0x08, 0x62, 0x08, 0x62, 0x08, 0x62, 0x08, 0x62, 0x08, 
0x62, 0x08, 0x62, 0x08, 0x62, 0x08, 0x62, 0x08, 0x62, 0x08, 0x62, 0x08, 0x62, 0x08, 0x62, 0x08, 
0x62, 0x08, 0x62, 0x08, 0x62, 0x08, 0x62, 0x08, 0x62, 0x08, 0x62, 0x08, 0x62, 0x08, 0x62, 0x08, 
0x62, 0x08, 0x62, 0x08, 0x62, 0x08, 0x62, 0x08, 0x62, 0x08, 0x62, 0x08, 0x62, 0x08, 0x62, 0x08, 
0x62, 0x08, 0x62, 0x08, 0x62, 0x08, 0x62, 0x08, 0x62, 0x08, 0x62, 0x08, 0x62, 0x08, 0x62, 0x08, 
0x62, 0x08, 0x62, 0x08, 0x62, 0x08, 0x62, 0x08, 0x62, 0x08, 0x62, 0x08, 0x62, 0x08, 0x62, 0x08, 
0x62, 0x08, 0x42, 0x08, 0x62, 0x08, 0x62, 0x08, 0x42, 0x08, 0x62, 0x08, 0x62, 0x08, 0x62, 0x08, 
0x62, 0x08, 0x62, 0x08, 0x62, 0x08, 0x62, 0x08, 0x62, 0x08, 0x62, 0x08, 0x62, 0x08, 0x62, 0x08, 
0x62, 0x08, 0x62, 0x08, 0x62, 0x08, 0x62, 0x08, 0x62, 0x08, 0x62, 0x08, 0x62, 0x08, 0x62, 0x08, 
0x62, 0x08, 0x62, 0x08, 0x62, 0x08, 0x62, 0x08, 0x62, 0x08, 0x62, 0x08, 0x62, 0x08, 0x62, 0x08, 
0x62, 0x08, 0x62, 0x08, 0x62, 0x08, 0x62, 0x08, 0x62, 0x08, 0x62, 0x08, 0x62, 0x08, 0x62, 0x08, 
0x62, 0x08, 0x62, 0x08, 0x62, 0x08, 0x62, 0x08, 0x62, 0x08, 0x62, 0x08, 0x62, 0x08, 0x62, 0x08, 
0x62, 0x08, 0x62, 0x08, 0x62, 0x08, 0x62, 0x08, 0x62, 0x08, 0x62, 0x08, 0x62, 0x08, 0x62, 0x08, 
0x62, 0x08, 0x62, 0x08, 0x62, 0x08, 0x62, 0x08, 0x62, 0x08, 0x62, 0x08, 0x62, 0x08, 0x62, 0x08, 
0x62, 0x08, 0x62, 0x08, 0x62, 0x08, 0x62, 0x08, 0x62, 0x08, 0x62, 0x08, 0x62, 0x08, 0x62, 0x08, 
0x62, 0x08, 0x62, 0x08, 0x62, 0x08, 0x62, 0x08, 0x62, 0x08, 0x62, 0x08, 0x62, 0x08, 0x62, 0x08, 
0x62, 0x08, 0x62, 0x08, 0x62, 0x08, 0x62, 0x08, 0x62, 0x08, 0x62, 0x08, 0x62, 0x08, 0x62, 0x08, 
0x62, 0x08, 0x62, 0x08, 0x62, 0x08, 0x62, 0x08, 0x62, 0x08, 0x62, 0x08, 0x62, 0x08, 0x62, 0x08, 
0x62, 0x08, 0x62, 0x08, 0x62, 0x08, 0x62, 0x08, 0x62, 0x08, 0x62, 0x08, 0x62, 0x08, 0x62, 0x08, 
0x62, 0x08, 0x62, 0x08, 0x62, 0x08, 0x62, 0x08, 0x62, 0x08, 0x62, 0x08, 0x62, 0x08, 0x62, 0x08, 
0x62, 0x08, 0x62, 0x08, 0x62, 0x08, 0x62, 0x08, 0x62, 0x08, 0x62, 0x08, 0x62, 0x08, 0x62, 0x08, 
0x62, 0x08, 0x62, 0x08, 0x62, 0x08, 0x62, 0x08, 0x42, 0x08, 0x62, 0x08, 0x62, 0x08, 0x62, 0x08, 
0x62, 0x08, 0x62, 0x08, 0x62, 0x08, 0x62, 0x08, 0x62, 0x08, 0x62, 0x08, 0x62, 0x08, 0x62, 0x08, 
0x62, 0x08, 0x62, 0x08, 0x62, 0x08, 0x62, 0x08, 0x62, 0x08, 0x62, 0x08, 0x62, 0x08, 0x62, 0x08, 
0x62, 0x08, 0x62, 0x08, 0x62, 0x08, 0x62, 0x08, 0x62, 0x08, 0x62, 0x08, 0x62, 0x08, 0x62, 0x08, 
0x62, 0x08, 0x62, 0x08, 0x62, 0x08, 0x62, 0x08, 0x62, 0x08, 0x62, 0x08, 0x62, 0x08, 0x62, 0x08, 
0x62, 0x08, 0x62, 0x08, 0x62, 0x08, 0x62, 0x08, 0x62, 0x08, 0x62, 0x08, 0x62, 0x08, 0x62, 0x08, 
0x62, 0x08, 0x62, 0x08, 0x62, 0x08, 0x62, 0x08, 0x62, 0x08, 0x62, 0x08, 0x62, 0x08, 0x62, 0x08, 
0x62, 0x08, 0x62, 0x08, 0x62, 0x08, 0x62, 0x08, 0x62, 0x08, 0x62, 0x08, 0x62, 0x08, 0x62, 0x08, 
0x62, 0x08, 0x62, 0x08, 0x62, 0x08, 0x62, 0x08, 0x62, 0x08, 0x62, 0x08, 0x62, 0x08, 0x62, 0x08, 
0x62, 0x08, 0x62, 0x08, 0x62, 0x08, 0x62, 0x08, 0x62, 0x08, 0x62, 0x08, 0x62, 0x08, 0x62, 0x08, 
0x62, 0x08, 0x62, 0x08, 0x62, 0x08, 0x62, 0x08, 0x62, 0x08, 0x62, 0x08, 0x62, 0x08, 0x62, 0x08, 
0x62, 0x08, 0x62, 0x08, 0x62, 0x08, 0x62, 0x08, 0x62, 0x08, 0x62, 0x08, 0x62, 0x08, 0x62, 0x08, 
0x62, 0x08, 0x62, 0x08, 0x62, 0x08, 0x62, 0x08, 0x62, 0x08, 0x62, 0x08, 0x62, 0x08, 0x62, 0x08, 
0x62, 0x08, 0x62, 0x08, 0x62, 0x08, 0x62, 0x08, 0x62, 0x08, 0x62, 0x08, 0x62, 0x08, 0x62, 0x08, 
0x62, 0x08, 0x62, 0x08, 0x62, 0x08, 0x62, 0x08, 0x62, 0x08, 0x62, 0x08, 0x62, 0x08, 0x62, 0x08, 
0x62, 0x08, 0x62, 0x08, 0x62, 0x08, 0x62, 0x08, 0x62, 0x08, 0x62, 0x08, 0x62, 0x08, 0x62, 0x08, 
0x62, 0x08, 0x62, 0x08, 0x62, 0x08, 0x62, 0x08, 0x62, 0x08, 0x62, 0x08, 0x62, 0x08, 0x62, 0x08, 
0x62, 0x08, 0x62, 0x08, 0x62, 0x08, 0x62, 0x08, 0x62, 0x08, 0x62, 0x08, 0x62, 0x08, 0x62, 0x08, 
0x62, 0x08, 0x62, 0x08, 0x62, 0x08, 0x62, 0x08, 0x62, 0x08, 0x62, 0x08, 0x62, 0x08, 0x62, 0x08, 
0x62, 0x08, 0x62, 0x08, 0x62, 0x08, 0x62, 0x08, 0x62, 0x08, 0x62, 0x08, 0x62, 0x08, 0x62, 0x08, 
0x62, 0x08, 0x62, 0x08, 0x62, 0x08, 0x62, 0x08, 0x62, 0x08, 0x62, 0x08, 0x62, 0x08, 0x62, 0x08, 
0x62, 0x08, 0x62, 0x08, 0x62, 0x08, 0x62, 0x08, 0x62, 0x08, 0x62, 0x08, 0x62, 0x08, 0x62, 0x08, 
0x62, 0x08, 0x62, 0x08, 0x62, 0x08, 0x62, 0x08, 0x62, 0x08, 0x62, 0x08, 0x62, 0x08, 0x62, 0x08, 
0x62, 0x08, 0x62, 0x08, 0x62, 0x08, 0x62, 0x08, 0x62, 0x08, 0x62, 0x08, 0x62, 0x08, 0x62, 0x08, 
0x62, 0x08, 0x62, 0x08, 0x62, 0x08, 0x42, 0x08, 0x62, 0x08, 0x62, 0x08, 0x62, 0x08, 0x62, 0x08, 
0x62, 0x08, 0x62, 0x08, 0x62, 0x08, 0x62, 0x08, 0x62, 0x08, 0x62, 0x08, 0x62, 0x08, 0x62, 0x08, 
0x62, 0x08, 0x62, 0x08, 0x62, 0x08, 0x62, 0x08, 0x62, 0x08, 0x62, 0x08, 0x62, 0x08, 0x62, 0x08, 
0x62, 0x08, 0x62, 0x08, 0x62, 0x08, 0x62, 0x08, 0x62, 0x08, 0x62, 0x08, 0x62, 0x08, 0x62, 0x08, 
0x62, 0x08, 0x62, 0x08, 0x62, 0x08, 0x62, 0x08, 0x62, 0x08, 0x62, 0x08, 0x62, 0x08, 0x62, 0x08, 
0x62, 0x08, 0x62, 0x08, 0x62, 0x08, 0x62, 0x08, 0x62, 0x08, 0x62, 0x08, 0x62, 0x08, 0x62, 0x08, 
0x62, 0x08, 0x62, 0x08, 0x62, 0x08, 0x62, 0x08, 0x62, 0x08, 0x62, 0x08, 0x62, 0x08, 0x62, 0x08, 
0x62, 0x08, 0x62, 0x08, 0x62, 0x08, 0x62, 0x08, 0x62, 0x08, 0x62, 0x08, 0x62, 0x08, 0x62, 0x08, 
0x62, 0x08, 0x62, 0x08, 0x62, 0x08, 0x62, 0x08, 0x62, 0x08, 0x62, 0x08, 0x62, 0x08, 0x62, 0x08, 
0x62, 0x08, 0x62, 0x08, 0x62, 0x08, 0x62, 0x08, 0x62, 0x08, 0x62, 0x08, 0x62, 0x08, 0x62, 0x08, 
0x62, 0x08, 0x62, 0x08, 0x62, 0x08, 0x62, 0x08, 0x62, 0x08, 0x62, 0x08, 0x62, 0x08, 0x62, 0x08, 
0x62, 0x08, 0x62, 0x08, 0x62, 0x08, 0x62, 0x08, 0x62, 0x08, 0x62, 0x08, 0x62, 0x08, 0x62, 0x08, 
0x62, 0x08, 0x62, 0x08, 0x62, 0x08, 0x62, 0x08, 0x62, 0x08, 0x62, 0x08, 0x62, 0x08, 0x62, 0x08, 
0x62, 0x08, 0x62, 0x08, 0x62, 0x08, 0x62, 0x08, 0x62, 0x08, 0x62, 0x08, 0x62, 0x08, 0x62, 0x08, 
0x62, 0x08, 0x62, 0x08, 0x62, 0x08, 0x62, 0x08, 0x62, 0x08, 0x62, 0x08, 0x62, 0x08, 0x62, 0x08, 
0x62, 0x08, 0x62, 0x08, 0x62, 0x08, 0x62, 0x08, 0x62, 0x08, 0x62, 0x08, 0x62, 0x08, 0x62, 0x08, 
0x62, 0x08, 0x62, 0x08, 0x62, 0x08, 0x62, 0x08, 0x62, 0x08, 0x62, 0x08, 0x62, 0x08, 0x62, 0x08, 
0x62, 0x08, 0x62, 0x08, 0x62, 0x08, 0x62, 0x08, 0x62, 0x08, 0x62, 0x08, 0x62, 0x08, 0x62, 0x08, 
0x62, 0x08, 0x62, 0x08, 0x62, 0x08, 0x62, 0x08, 0x62, 0x08, 0x62, 0x08, 0x62, 0x08, 0x62, 0x08, 
0x62, 0x08, 0x62, 0x08, 0x62, 0x08, 0x62, 0x08, 0x62, 0x08, 0x62, 0x08, 0x62, 0x08, 0x62, 0x08, 
0x62, 0x08, 0x62, 0x08, 0x62, 0x08, 0x62, 0x08, 0x62, 0x08, 0x62, 0x08, 0x62, 0x08, 0x62, 0x08, 
0x62, 0x08, 0x62, 0x08, 0x62, 0x08, 0x62, 0x08, 0x62, 0x08, 0x62, 0x08, 0x62, 0x08, 0x62, 0x08, 
0x62, 0x08, 0x62, 0x08, 0x62, 0x08, 0x62, 0x08, 0x62, 0x08, 0x62, 0x08, 0x62, 0x08, 0x62, 0x08, 
0x62, 0x08, 0x62, 0x08, 0x62, 0x08, 0x62, 0x08, 0x62, 0x08, 0x62, 0x08, 0x62, 0x08, 0x62, 0x08, 
0x62, 0x08, 0x62, 0x08, 0x62, 0x08, 0x62, 0x08, 0x62, 0x08, 0x62, 0x08, 0x62, 0x08, 0x62, 0x08, 
0x62, 0x08, 0x62, 0x08, 0x62, 0x08, 0x62, 0x08, 0x62, 0x08, 0x62, 0x08, 0x62, 0x08, 0x62, 0x08, 
0x62, 0x08, 0x62, 0x08, 0x62, 0x08, 0x62, 0x08, 0x62, 0x08, 0x62, 0x08, 0x62, 0x08, 0x62, 0x08, 
0x62, 0x08, 0x62, 0x08, 0x62, 0x08, 0x62, 0x08, 0x62, 0x08, 0x62, 0x08, 0x62, 0x08, 0x62, 0x08, 
0x62, 0x08, 0x62, 0x08, 0x62, 0x08, 0x62, 0x08, 0x62, 0x08, 0x62, 0x08, 0x62, 0x08, 0x62, 0x08, 
0x62, 0x08, 0x62, 0x08, 0x62, 0x08, 0x62, 0x08, 0x62, 0x08, 0x62, 0x08, 0x62, 0x08, 0x62, 0x08, 
0x62, 0x08, 0x62, 0x08, 0x62, 0x08, 0x62, 0x08, 0x62, 0x08, 0x62, 0x08, 0x62, 0x08, 0x62, 0x08, 
0x62, 0x08, 0x62, 0x08, 0x62, 0x08, 0x62, 0x08, 0x62, 0x08, 0x62, 0x08, 0x62, 0x08, 0x62, 0x08, 
0x62, 0x08, 0x62, 0x08, 0x62, 0x08, 0x62, 0x08, 0x62, 0x08, 0x62, 0x08, 0x62, 0x08, 0x62, 0x08, 
0x62, 0x08, 0x62, 0x08, 0x62, 0x08, 0x62, 0x08, 0x62, 0x08, 0x62, 0x08, 0x62, 0x08, 0x62, 0x08, 
0x62, 0x08, 0x62, 0x08, 0x62, 0x08, 0x62, 0x08, 0x62, 0x08, 0x62, 0x08, 0x62, 0x08, 0x62, 0x08, 
0x62, 0x08, 0x62, 0x08, 0x62, 0x08, 0x62, 0x08, 0x62, 0x08, 0x62, 0x08, 0x62, 0x08, 0x62, 0x08, 
0x62, 0x08, 0x62, 0x08, 0x62, 0x08, 0x62, 0x08, 0x62, 0x08, 0x62, 0x08, 0x62, 0x08, 0x62, 0x08, 
0x62, 0x08, 0x62, 0x08, 0x62, 0x08, 0x62, 0x08, 0x62, 0x08, 0x62, 0x08, 0x62, 0x08, 0x62, 0x08, 
0x62, 0x08, 0x62, 0x08, 0x62, 0x08, 0x62, 0x08, 0x62, 0x08, 0x62, 0x08, 0x62, 0x08, 0x62, 0x08, 
0x62, 0x08, 0x62, 0x08, 0x62, 0x08, 0x62, 0x08, 0x62, 0x08, 0x62, 0x08, 0x62, 0x08, 0x62, 0x08, 
0x62, 0x08, 0x62, 0x08, 0x62, 0x08, 0x62, 0x08, 0x62, 0x08, 0x62, 0x08, 0x62, 0x08, 0x62, 0x08, 
0x62, 0x08, 0x62, 0x08, 0x62, 0x08, 0x62, 0x08, 0x62, 0x08, 0x62, 0x08, 0x62, 0x08, 0x62, 0x08, 
0x62, 0x08, 0x62, 0x08, 0x62, 0x08, 0x62, 0x08, 0x62, 0x08, 0x62, 0x08, 0x62, 0x08, 0x62, 0x08, 
0x62, 0x08, 0x62, 0x08, 0x62, 0x08, 0x62, 0x08, 0x62, 0x08, 0x62, 0x08, 0x62, 0x08, 0x62, 0x08, 
0x62, 0x08, 0x62, 0x08, 0x62, 0x08, 0x62, 0x08, 0x62, 0x08, 0x42, 0x08, 0x62, 0x08, 0x62, 0x08, 
0x62, 0x08, 0x62, 0x08, 0x62, 0x08, 0x62, 0x08, 0x62, 0x08, 0x62, 0x08, 0x62, 0x08, 0x62, 0x08, 
0x62, 0x08, 0x62, 0x08, 0x62, 0x08, 0x62, 0x08, 0x62, 0x08, 0x62, 0x08, 0x62, 0x08, 0x62, 0x08, 
0x62, 0x08, 0x62, 0x08, 0x62, 0x08, 0x62, 0x08, 0x62, 0x08, 0x62, 0x08, 0x62, 0x08, 0x62, 0x08, 
0x62, 0x08, 0x62, 0x08, 0x62, 0x08, 0x62, 0x08, 0x62, 0x08, 0x62, 0x08, 0x62, 0x08, 0x62, 0x08, 
0x62, 0x08, 0x62, 0x08, 0x62, 0x08, 0x62, 0x08, 0x62, 0x08, 0x62, 0x08, 0x62, 0x08, 0x62, 0x08, 
0x62, 0x08, 0x62, 0x08, 0x62, 0x08, 0x62, 0x08, 0x62, 0x08, 0x62, 0x08, 0x62, 0x08, 0x62, 0x08, 
0x62, 0x08, 0x62, 0x08, 0x62, 0x08, 0x62, 0x08, 0x62, 0x08, 0x62, 0x08, 0x62, 0x08, 0x62, 0x08, 
0x62, 0x08, 0x62, 0x08, 0x62, 0x08, 0x62, 0x08, 0x62, 0x08, 0x62, 0x08, 0x62, 0x08, 0x62, 0x08, 
0x62, 0x08, 0x62, 0x08, 0x62, 0x08, 0x62, 0x08, 0x62, 0x08, 0x62, 0x08, 0x62, 0x08, 0x62, 0x08, 
0x62, 0x08, 0x62, 0x08, 0x62, 0x08, 0x62, 0x08, 0x62, 0x08, 0x62, 0x08, 0x62, 0x08, 0x62, 0x08, 
0x62, 0x08, 0x62, 0x08, 0x62, 0x08, 0x62, 0x08, 0x62, 0x08, 0x62, 0x08, 0x62, 0x08, 0x62, 0x08, 
0x62, 0x08, 0x62, 0x08, 0x62, 0x08, 0x62, 0x08, 0x62, 0x08, 0x62, 0x08, 0x62, 0x08, 0x62, 0x08, 
0x62, 0x08, 0x62, 0x08, 0x62, 0x08, 0x62, 0x08, 0x62, 0x08, 0x62, 0x08, 0x62, 0x08, 0x62, 0x08, 
0x62, 0x08, 0x62, 0x08, 0x62, 0x08, 0x62, 0x08, 0x62, 0x08, 0x62, 0x08, 0x62, 0x08, 0x62, 0x08, 
0x62, 0x08, 0x62, 0x08, 0x62, 0x08, 0x62, 0x08, 0x62, 0x08, 0x62, 0x08, 0x62, 0x08, 0x62, 0x08, 
0x62, 0x08, 0x62, 0x08, 0x62, 0x08, 0x62, 0x08, 0x62, 0x08, 0x62, 0x08, 0x62, 0x08, 0x62, 0x08, 
0x62, 0x08, 0x62, 0x08, 0x62, 0x08, 0x62, 0x08, 0x62, 0x08, 0x62, 0x08, 0x62, 0x08, 0x62, 0x08, 
0x62, 0x08, 0x62, 0x08, 0x62, 0x08, 0x62, 0x08, 0x62, 0x08, 0x62, 0x08, 0x62, 0x08, 0x62, 0x08, 
0x62, 0x08, 0x62, 0x08, 0x62, 0x08, 0x62, 0x08, 0x62, 0x08, 0x62, 0x08, 0x62, 0x08, 0x62, 0x08, 
0x62, 0x08, 0x62, 0x08, 0x62, 0x08, 0x62, 0x08, 0x62, 0x08, 0x62, 0x08, 0x62, 0x08, 0x62, 0x08, 
0x62, 0x08, 0x62, 0x08, 0x62, 0x08, 0x62, 0x08, 0x62, 0x08, 0x62, 0x08, 0x62, 0x08, 0x62, 0x08, 
0x62, 0x08, 0x62, 0x08, 0x62, 0x08, 0x62, 0x08, 0x62, 0x08, 0x62, 0x08, 0x62, 0x08, 0x62, 0x08, 
0x62, 0x08, 0x62, 0x08, 0x62, 0x08, 0x62, 0x08, 0x62, 0x08, 0x62, 0x08, 0x62, 0x08, 0x62, 0x08, 
0x62, 0x08, 0x62, 0x08, 0x62, 0x08, 0x62, 0x08, 0x62, 0x08, 0x62, 0x08, 0x62, 0x08, 0x62, 0x08, 
0x62, 0x08, 0x62, 0x08, 0x62, 0x08, 0x62, 0x08, 0x62, 0x08, 0x62, 0x08, 0x62, 0x08, 0x62, 0x08, 
0x62, 0x08, 0x62, 0x08, 0x62, 0x08, 0x62, 0x08, 0x62, 0x08, 0x62, 0x08, 0x62, 0x08, 0x62, 0x08, 
0x62, 0x08, 0x62, 0x08, 0x62, 0x08, 0x62, 0x08, 0x62, 0x08, 0x62, 0x08, 0x62, 0x08, 0x62, 0x08, 
0x62, 0x08, 0x62, 0x08, 0x62, 0x08, 0x62, 0x08, 0x62, 0x08, 0x62, 0x08, 0x62, 0x08, 0x62, 0x08, 
0x62, 0x08, 0x62, 0x08, 0x62, 0x08, 0x62, 0x08, 0x62, 0x08, 0x62, 0x08, 0x62, 0x08, 0x62, 0x08, 
0x62, 0x08, 0x42, 0x08, 0x62, 0x08, 0x42, 0x08, 0x42, 0x08, 0x62, 0x08, 0x62, 0x08, 0x62, 0x08, 
0x62, 0x08, 0x62, 0x08, 0x62, 0x08, 0x62, 0x08, 0x62, 0x08, 0x62, 0x08, 0x62, 0x08, 0x62, 0x08, 
0x62, 0x08, 0x62, 0x08, 0x62, 0x08, 0x62, 0x08, 0x62, 0x08, 0x62, 0x08, 0x62, 0x08, 0x62, 0x08, 
0x62, 0x08, 0x62, 0x08, 0x42, 0x08, 0x62, 0x08, 0x62, 0x08, 0x42, 0x08, 0x62, 0x08, 0x62, 0x08, 
0x62, 0x08, 0x62, 0x08, 0x62, 0x08, 0x62, 0x08, 0x62, 0x08, 0x62, 0x08, 0x62, 0x08, 0x62, 0x08, 
0x62, 0x08, 0x62, 0x08, 0x62, 0x08, 0x62, 0x08, 0x62, 0x08, 0x62, 0x08, 0x62, 0x08, 0x62, 0x08, 
0x62, 0x08, 0x42, 0x08, 0x62, 0x08, 0x42, 0x08, 0x62, 0x08, 0x62, 0x08, 0x62, 0x08, 0x62, 0x08, 
0x62, 0x08, 0x62, 0x08, 0x62, 0x08, 0x62, 0x08, 0x62, 0x08, 0x62, 0x08, 0x62, 0x08, 0x62, 0x08, 
0x62, 0x08, 0x62, 0x08, 0x62, 0x08, 0x62, 0x08, 0x62, 0x08, 0x62, 0x08, 0x62, 0x08, 0x62, 0x08, 
0x62, 0x08, 0x62, 0x08, 0x62, 0x08, 0x62, 0x08, 0x42, 0x08, 0x62, 0x08, 0x42, 0x08, 0x62, 0x08, 
0x62, 0x08, 0x62, 0x08, 0x62, 0x08, 0x62, 0x08, 0x62, 0x08, 0x62, 0x08, 0x62, 0x08, 0x62, 0x08, 
0x62, 0x08, 0x62, 0x08, 0x62, 0x08, 0x62, 0x08, 0x62, 0x08, 0x62, 0x08, 0x62, 0x08, 0x62, 0x08, 
0x42, 0x08, 0x42, 0x08, 0x42, 0x08, 0x42, 0x08, 0x62, 0x08, 0x62, 0x08, 0x42, 0x08, 0x42, 0x08, 
0x42, 0x08, 0x62, 0x08, 0x62, 0x08, 0x62, 0x08, 0x62, 0x08, 0x62, 0x08, 0x62, 0x08, 0x62, 0x08, 
0x62, 0x08, 0x62, 0x08, 0x62, 0x08, 0x62, 0x08, 0x62, 0x08, 0x62, 0x08, 0x62, 0x08, 0x62, 0x08, 
0x62, 0x08, 0x62, 0x08, 0x62, 0x08, 0x62, 0x08, 0x62, 0x08, 0x62, 0x08, 0x62, 0x08, 0x62, 0x08, 
0x62, 0x08, 0x42, 0x08, 0x62, 0x08, 0x62, 0x08, 0x62, 0x08, 0x62, 0x08, 0x62, 0x08, 0x62, 0x08, 
0x62, 0x08, 0x62, 0x08, 0x62, 0x08, 0x62, 0x08, 0x62, 0x08, 0x62, 0x08, 0x62, 0x08, 0x62, 0x08, 
0x62, 0x08, 0x62, 0x08, 0x62, 0x08, 0x62, 0x08, 0x62, 0x08, 0x62, 0x08, 0x62, 0x08, 0x62, 0x08, 
0x62, 0x08, 0x62, 0x08, 0x62, 0x08, 0x42, 0x08, 0x62, 0x08, 0x62, 0x08, 0x62, 0x08, 0x62, 0x08, 
0x62, 0x08, 0x62, 0x08, 0x62, 0x08, 0x62, 0x08, 0x62, 0x08, 0x62, 0x08, 0x62, 0x08, 0x62, 0x08, 
0x62, 0x08, 0x62, 0x08, 0x62, 0x08, 0x62, 0x08, 0x62, 0x08, 0x62, 0x08, 0x62, 0x08, 0x62, 0x08, 
0x62, 0x08, 0x42, 0x08, 0x42, 0x08, 0x42, 0x08, 0x42, 0x08, 0x62, 0x08, 0x62, 0x08, 0x62, 0x08, 
0x62, 0x08, 0x62, 0x08, 0x62, 0x08, 0x62, 0x08, 0x62, 0x08, 0x62, 0x08, 0x62, 0x08, 0x62, 0x08, 
0x62, 0x08, 0x62, 0x08, 0x62, 0x08, 0x62, 0x08, 0x62, 0x08, 0x62, 0x08, 0x62, 0x08, 0x62, 0x08, 
0x62, 0x08, 0x62, 0x08, 0x62, 0x08, 0x62, 0x08, 0x62, 0x08, 0x62, 0x08, 0x62, 0x08, 0x62, 0x08, 
0x62, 0x08, 0x62, 0x08, 0x62, 0x08, 0x62, 0x08, 0x62, 0x08, 0x62, 0x08, 0x62, 0x08, 0x62, 0x08, 
0x62, 0x08, 0x62, 0x08, 0x62, 0x08, 0x62, 0x08, 0x62, 0x08, 0x62, 0x08, 0x62, 0x08, 0x62, 0x08, 
0x62, 0x08, 0x62, 0x08, 0x62, 0x08, 0x62, 0x08, 0x62, 0x08, 0x62, 0x08, 0x62, 0x08, 0x62, 0x08, 
0x62, 0x08, 0x62, 0x08, 0x62, 0x08, 0x62, 0x08, 0x62, 0x08, 0x62, 0x08, 0x62, 0x08, 0x62, 0x08, 
0x62, 0x08, 0x62, 0x08, 0x62, 0x08, 0x62, 0x08, 0x62, 0x08, 0x62, 0x08, 0x62, 0x08, 0x62, 0x08, 
0x62, 0x08, 0x62, 0x08, 0x62, 0x08, 0x62, 0x08, 0x62, 0x08, 0x62, 0x08, 0x62, 0x08, 0x62, 0x08, 
0x62, 0x08, 0x62, 0x08, 0x62, 0x08, 0x62, 0x08, 0x62, 0x08, 0x62, 0x08, 0x62, 0x08, 0x62, 0x08, 
0x62, 0x08, 0x62, 0x08, 0x62, 0x08, 0x62, 0x08, 0x62, 0x08, 0x62, 0x08, 0x62, 0x08, 0x62, 0x08, 
0x62, 0x08, 0x62, 0x08, 0x62, 0x08, 0x62, 0x08, 0x62, 0x08, 0x62, 0x08, 0x62, 0x08, 0x62, 0x08, 
0x62, 0x08, 0x62, 0x08, 0x62, 0x08, 0x62, 0x08, 0x62, 0x08, 0x62, 0x08, 0x62, 0x08, 0x62, 0x08, 
0x62, 0x08, 0x62, 0x08, 0x62, 0x08, 0x62, 0x08, 0x62, 0x08, 0x62, 0x08, 0x62, 0x08, 0x62, 0x08, 
0x62, 0x08, 0x62, 0x08, 0x62, 0x08, 0x62, 0x08, 0x62, 0x08, 0x62, 0x08, 0x62, 0x08, 0x62, 0x08, 
0x62, 0x08, 0x62, 0x08, 0x62, 0x08, 0x62, 0x08, 0x62, 0x08, 0x62, 0x08, 0x62, 0x08, 0x62, 0x08, 
0x62, 0x08, 0x62, 0x08, 0x62, 0x08, 0x62, 0x08, 0x62, 0x08, 0x62, 0x08, 0x62, 0x08, 0x62, 0x08, 
0x62, 0x08, 0x62, 0x08, 0x62, 0x08, 0x62, 0x08, 0x62, 0x08, 0x62, 0x08, 0x62, 0x08, 0x62, 0x08, 
0x62, 0x08, 0x62, 0x08, 0x62, 0x08, 0x62, 0x08, 0x62, 0x08, 0x62, 0x08, 0x62, 0x08, 0x62, 0x08, 
0x62, 0x08, 0x62, 0x08, 0x62, 0x08, 0x62, 0x08, 0x62, 0x08, 0x62, 0x08, 0x62, 0x08, 0x62, 0x08, 
0x62, 0x08, 0x62, 0x08, 0x62, 0x08, 0x62, 0x08, 0x62, 0x08, 0x62, 0x08, 0x62, 0x08, 0x62, 0x08, 
0x62, 0x08, 0x62, 0x08, 0x62, 0x08, 0x62, 0x08, 0x62, 0x08, 0x62, 0x08, 0x62, 0x08, 0x62, 0x08, 
0x62, 0x08, 0x62, 0x08, 0x62, 0x08, 0x62, 0x08, 0x62, 0x08, 0x62, 0x08, 0x62, 0x08, 0x62, 0x08, 
0x62, 0x08, 0x62, 0x08, 0x62, 0x08, 0x62, 0x08, 0x62, 0x08, 0x62, 0x08, 0x62, 0x08, 0x62, 0x08, 
0x62, 0x08, 0x62, 0x08, 0x62, 0x08, 0x62, 0x08, 0x62, 0x08, 0x62, 0x08, 0x62, 0x08, 0x62, 0x08, 
0x62, 0x08, 0x62, 0x08, 0x62, 0x08, 0x62, 0x08, 0x62, 0x08, 0x62, 0x08, 0x62, 0x08, 0x62, 0x08, 
0x62, 0x08, 0x62, 0x08, 0x62, 0x08, 0x62, 0x08, 0x62, 0x08, 0x62, 0x08, 0x62, 0x08, 0x62, 0x08, 
0x62, 0x08, 0x62, 0x08, 0x62, 0x08, 0x62, 0x08, 0x62, 0x08, 0x62, 0x08, 0x62, 0x08, 0x62, 0x08, 
0x62, 0x08, 0x62, 0x08, 0x62, 0x08, 0x62, 0x08, 0x62, 0x08, 0x62, 0x08, 0x62, 0x08, 0x42, 0x08, 
0x42, 0x08, 0x62, 0x08, 0x62, 0x08, 0x62, 0x08, 0x42, 0x08, 0x42, 0x08, 0x62, 0x08, 0x42, 0x08, 
0x62, 0x08, 0x62, 0x08, 0x62, 0x08, 0x62, 0x08, 0x62, 0x08, 0x62, 0x08, 0x62, 0x08, 0x62, 0x08, 
0x62, 0x08, 0x62, 0x08, 0x62, 0x08, 0x62, 0x08, 0x62, 0x08, 0x62, 0x08, 0x62, 0x08, 0x62, 0x08, 
0x62, 0x08, 0x62, 0x08, 0x62, 0x08, 0x62, 0x08, 0x62, 0x08, 0x62, 0x08, 0x62, 0x08, 0x62, 0x08, 
0x62, 0x08, 0x62, 0x08, 0x62, 0x08, 0x62, 0x08, 0x62, 0x08, 0x62, 0x08, 0x62, 0x08, 0x62, 0x08, 
0x62, 0x08, 0x62, 0x08, 0x62, 0x08, 0x62, 0x08, 0x62, 0x08, 0x62, 0x08, 0x62, 0x08, 0x62, 0x08, 
0x62, 0x08, 0x62, 0x08, 0x62, 0x08, 0x62, 0x08, 0x62, 0x08, 0x62, 0x08, 0x62, 0x08, 0x62, 0x08, 
0x62, 0x08, 0x62, 0x08, 0x62, 0x08, 0x62, 0x08, 0x62, 0x08, 0x62, 0x08, 0x62, 0x08, 0x62, 0x08, 
0x62, 0x08, 0x62, 0x08, 0x62, 0x08, 0x62, 0x08, 0x62, 0x08, 0x62, 0x08, 0x62, 0x08, 0x62, 0x08, 
0x62, 0x08, 0x62, 0x08, 0x62, 0x08, 0x62, 0x08, 0x62, 0x08, 0x62, 0x08, 0x62, 0x08, 0x42, 0x08, 
0x62, 0x08, 0x42, 0x08, 0x62, 0x08, 0x62, 0x08, 0x62, 0x08, 0x62, 0x08, 0x62, 0x08, 0x62, 0x08, 
0x62, 0x08, 0x62, 0x08, 0x62, 0x08, 0x62, 0x08, 0x62, 0x08, 0x62, 0x08, 0x62, 0x08, 0x62, 0x08, 
0x62, 0x08, 0x62, 0x08, 0x62, 0x08, 0x62, 0x08, 0x62, 0x08, 0x62, 0x08, 0x62, 0x08, 0x62, 0x08, 
0x62, 0x08, 0x62, 0x08, 0x62, 0x08, 0x62, 0x08, 0x62, 0x08, 0x62, 0x08, 0x62, 0x08, 0x62, 0x08, 
0x62, 0x08, 0x62, 0x08, 0x62, 0x08, 0x62, 0x08, 0x62, 0x08, 0x62, 0x08, 0x62, 0x08, 0x62, 0x08, 
0x62, 0x08, 0x62, 0x08, 0x62, 0x08, 0x62, 0x08, 0x62, 0x08, 0x62, 0x08, 0x62, 0x08, 0x62, 0x08, 
0x62, 0x08, 0x62, 0x08, 0x62, 0x08, 0x62, 0x08, 0x62, 0x08, 0x62, 0x08, 0x62, 0x08, 0x62, 0x08, 
0x62, 0x08, 0x62, 0x08, 0x62, 0x08, 0x62, 0x08, 0x62, 0x08, 0x62, 0x08, 0x62, 0x08, 0x62, 0x08, 
0x62, 0x08, 0x62, 0x08, 0x62, 0x08, 0x62, 0x08, 0x62, 0x08, 0x62, 0x08, 0x62, 0x08, 0x62, 0x08, 
0x62, 0x08, 0x62, 0x08, 0x62, 0x08, 0x62, 0x08, 0x62, 0x08, 0x62, 0x08, 0x62, 0x08, 0x62, 0x08, 
0x62, 0x08, 0x62, 0x08, 0x62, 0x08, 0x62, 0x08, 0x62, 0x08, 0x62, 0x08, 0x62, 0x08, 0x62, 0x08, 
0x62, 0x08, 0x62, 0x08, 0x62, 0x08, 0x62, 0x08, 0x62, 0x08, 0x62, 0x08, 0x62, 0x08, 0x62, 0x08, 
0x62, 0x08, 0x62, 0x08, 0x62, 0x08, 0x62, 0x08, 0x62, 0x08, 0x62, 0x08, 0x62, 0x08, 0x62, 0x08, 
0x62, 0x08, 0x62, 0x08, 0x62, 0x08, 0x62, 0x08, 0x62, 0x08, 0x62, 0x08, 0x62, 0x08, 0x62, 0x08, 
0x62, 0x08, 0x62, 0x08, 0x62, 0x08, 0x62, 0x08, 0x62, 0x08, 0x62, 0x08, 0x62, 0x08, 0x62, 0x08, 
0x62, 0x08, 0x62, 0x08, 0x62, 0x08, 0x62, 0x08, 0x62, 0x08, 0x62, 0x08, 0x62, 0x08, 0x62, 0x08, 
0x62, 0x08, 0x62, 0x08, 0x62, 0x08, 0x62, 0x08, 0x62, 0x08, 0x62, 0x08, 0x62, 0x08, 0x62, 0x08, 
0x62, 0x08, 0x62, 0x08, 0x62, 0x08, 0x62, 0x08, 0x62, 0x08, 0x62, 0x08, 0x62, 0x08, 0x62, 0x08, 
0x62, 0x08, 0x62, 0x08, 0x42, 0x08, 0x62, 0x08, 0x62, 0x08, 0x62, 0x08, 0x62, 0x08, 0x62, 0x08, 
0x62, 0x08, 0x62, 0x08, 0x62, 0x08, 0x62, 0x08, 0x62, 0x08, 0x62, 0x08, 0x62, 0x08, 0x62, 0x08, 
0x62, 0x08, 0x62, 0x08, 0x62, 0x08, 0x62, 0x08, 0x62, 0x08, 0x62, 0x08, 0x62, 0x08, 0x62, 0x08, 
0x62, 0x08, 0x62, 0x08, 0x62, 0x08, 0x62, 0x08, 0x62, 0x08, 0x62, 0x08, 0x62, 0x08, 0x62, 0x08, 
0x62, 0x08, 0x62, 0x08, 0x62, 0x08, 0x62, 0x08, 0x62, 0x08, 0x62, 0x08, 0x62, 0x08, 0x62, 0x08, 
0x62, 0x08, 0x62, 0x08, 0x62, 0x08, 0x62, 0x08, 0x42, 0x08, 0x62, 0x08, 0x42, 0x08, 0x42, 0x08, 
0x62, 0x08, 0x62, 0x08, 0x62, 0x08, 0x62, 0x08, 0x42, 0x08, 0x62, 0x08, 0x62, 0x08, 0x62, 0x08, 
0x62, 0x08, 0x62, 0x08, 0x62, 0x08, 0x62, 0x08, 0x62, 0x08, 0x62, 0x08, 0x62, 0x08, 0x62, 0x08, 
0x62, 0x08, 0x62, 0x08, 0x62, 0x08, 0x62, 0x08, 0x62, 0x08, 0x62, 0x08, 0x62, 0x08, 0x62, 0x08, 
0x62, 0x08, 0x62, 0x08, 0x62, 0x08, 0x42, 0x08, 0x62, 0x08, 0x62, 0x08, 0x42, 0x08, 0x62, 0x08, 
0x42, 0x08, 0x62, 0x08, 0x62, 0x08, 0x62, 0x08, 0x62, 0x08, 0x62, 0x08, 0x62, 0x08, 0x62, 0x08, 
0x62, 0x08, 0x62, 0x08, 0x62, 0x08, 0x62, 0x08, 0x62, 0x08, 0x62, 0x08, 0x62, 0x08, 0x62, 0x08, 
0x42, 0x08, 0x62, 0x08, 0x42, 0x08, 0x62, 0x08, 0x42, 0x08, 0x42, 0x08, 0x42, 0x08, 0x62, 0x08, 
0x62, 0x08, 0x62, 0x08, 0x62, 0x08, 0x42, 0x08, 0x62, 0x08, 0x62, 0x08, 0x62, 0x08, 0x62, 0x08, 
0x62, 0x08, 0x62, 0x08, 0x62, 0x08, 0x62, 0x08, 0x62, 0x08, 0x62, 0x08, 0x62, 0x08, 0x62, 0x08, 
0x62, 0x08, 0x62, 0x08, 0x62, 0x08, 0x62, 0x08, 0x62, 0x08, 0x62, 0x08, 0x62, 0x08, 0x62, 0x08, 
0x62, 0x08, 0x62, 0x08, 0x62, 0x08, 0x62, 0x08, 0x62, 0x08, 0x62, 0x08, 0x62, 0x08, 0x62, 0x08, 
0x62, 0x08, 0x62, 0x08, 0x62, 0x08, 0x62, 0x08, 0x62, 0x08, 0x62, 0x08, 0x62, 0x08, 0x62, 0x08, 
0x62, 0x08, 0x42, 0x08, 0x62, 0x08, 0x62, 0x08, 0x62, 0x08, 0x42, 0x08, 0x62, 0x08, 0x62, 0x08, 
0x62, 0x08, 0x42, 0x08, 0x62, 0x08, 0x62, 0x08, 0x62, 0x08, 0x62, 0x08, 0x62, 0x08, 0x62, 0x08, 
0x62, 0x08, 0x62, 0x08, 0x62, 0x08, 0x62, 0x08, 0x62, 0x08, 0x62, 0x08, 0x62, 0x08, 0x62, 0x08, 
0x62, 0x08, 0x62, 0x08, 0x62, 0x08, 0x62, 0x08, 0x62, 0x08, 0x62, 0x08, 0x62, 0x08, 0x62, 0x08, 
0x62, 0x08, 0x42, 0x08, 0x62, 0x08, 0x62, 0x08, 0x62, 0x08, 0x62, 0x08, 0x62, 0x08, 0x62, 0x08, 
0x62, 0x08, 0x62, 0x08, 0x62, 0x08, 0x62, 0x08, 0x62, 0x08, 0x62, 0x08, 0x62, 0x08, 0x62, 0x08, 
0x62, 0x08, 0x62, 0x08, 0x62, 0x08, 0x62, 0x08, 0x62, 0x08, 0x62, 0x08, 0x62, 0x08, 0x62, 0x08, 
0x62, 0x08, 0x62, 0x08, 0x62, 0x08, 0x62, 0x08, 0x62, 0x08, 0x62, 0x08, 0x62, 0x08, 0x62, 0x08, 
0x62, 0x08, 0x62, 0x08, 0x62, 0x08, 0x62, 0x08, 0x62, 0x08, 0x62, 0x08, 0x62, 0x08, 0x62, 0x08, 
0x62, 0x08, 0x62, 0x08, 0x62, 0x08, 0x62, 0x08, 0x62, 0x08, 0x62, 0x08, 0x62, 0x08, 0x62, 0x08, 
0x62, 0x08, 0x62, 0x08, 0x62, 0x08, 0x62, 0x08, 0x62, 0x08, 0x62, 0x08, 0x62, 0x08, 0x62, 0x08, 
0x62, 0x08, 0x62, 0x08, 0x62, 0x08, 0x62, 0x08, 0x62, 0x08, 0x62, 0x08, 0x62, 0x08, 0x62, 0x08, 
0x62, 0x08, 0x62, 0x08, 0x62, 0x08, 0x62, 0x08, 0x62, 0x08, 0x62, 0x08, 0x62, 0x08, 0x62, 0x08, 
0x62, 0x08, 0x62, 0x08, 0x62, 0x08, 0x62, 0x08, 0x62, 0x08, 0x62, 0x08, 0x62, 0x08, 0x62, 0x08, 
0x62, 0x08, 0x62, 0x08, 0x62, 0x08, 0x62, 0x08, 0x62, 0x08, 0x62, 0x08, 0x62, 0x08, 0x62, 0x08, 
0x62, 0x08, 0x62, 0x08, 0x62, 0x08, 0x62, 0x08, 0x62, 0x08, 0x62, 0x08, 0x62, 0x08, 0x62, 0x08, 
0x62, 0x08, 0x62, 0x08, 0x62, 0x08, 0x62, 0x08, 0x62, 0x08, 0x62, 0x08, 0x62, 0x08, 0x62, 0x08, 
0x62, 0x08, 0x62, 0x08, 0x62, 0x08, 0x62, 0x08, 0x62, 0x08, 0x62, 0x08, 0x62, 0x08, 0x62, 0x08, 
0x62, 0x08, 0x62, 0x08, 0x62, 0x08, 0x62, 0x08, 0x62, 0x08, 0x62, 0x08, 0x62, 0x08, 0x62, 0x08, 
0x62, 0x08, 0x62, 0x08, 0x62, 0x08, 0x62, 0x08, 0x62, 0x08, 0x62, 0x08, 0x62, 0x08, 0x62, 0x08, 
0x62, 0x08, 0x62, 0x08, 0x62, 0x08, 0x62, 0x08, 0x62, 0x08, 0x62, 0x08, 0x62, 0x08, 0x62, 0x08, 
0x62, 0x08, 0x62, 0x08, 0x62, 0x08, 0x62, 0x08, 0x62, 0x08, 0x62, 0x08, 0x62, 0x08, 0x62, 0x08, 
0x62, 0x08, 0x62, 0x08, 0x62, 0x08, 0x62, 0x08, 0x62, 0x08, 0x62, 0x08, 0x62, 0x08, 0x62, 0x08, 
0x62, 0x08, 0x62, 0x08, 0x62, 0x08, 0x62, 0x08, 0x62, 0x08, 0x62, 0x08, 0x62, 0x08, 0x62, 0x08, 
0x62, 0x08, 0x62, 0x08, 0x62, 0x08, 0x62, 0x08, 0x42, 0x08, 0x62, 0x08, 0x62, 0x08, 0x62, 0x08, 
0x62, 0x08, 0x62, 0x08, 0x62, 0x08, 0x62, 0x08, 0x62, 0x08, 0x62, 0x08, 0x62, 0x08, 0x62, 0x08, 
0x62, 0x08, 0x62, 0x08, 0x62, 0x08, 0x62, 0x08, 0x62, 0x08, 0x62, 0x08, 0x62, 0x08, 0x62, 0x08, 
0x62, 0x08, 0x62, 0x08, 0x62, 0x08, 0x62, 0x08, 0x62, 0x08, 0x62, 0x08, 0x62, 0x08, 0x62, 0x08, 
0x62, 0x08, 0x62, 0x08, 0x62, 0x08, 0x62, 0x08, 0x62, 0x08, 0x62, 0x08, 0x62, 0x08, 0x62, 0x08, 
0x62, 0x08, 0x62, 0x08, 0x62, 0x08, 0x62, 0x08, 0x62, 0x08, 0x62, 0x08, 0x62, 0x08, 0x62, 0x08, 
0x62, 0x08, 0x62, 0x08, 0x62, 0x08, 0x62, 0x08, 0x62, 0x08, 0x62, 0x08, 0x62, 0x08, 0x62, 0x08, 
0x62, 0x08, 0x62, 0x08, 0x62, 0x08, 0x42, 0x08, 0x42, 0x08, 0x62, 0x08, 0x62, 0x08, 0x62, 0x08, 
0x62, 0x08, 0x62, 0x08, 0x62, 0x08, 0x62, 0x08, 0x42, 0x08, 0x62, 0x08, 0x62, 0x08, 0x62, 0x08, 
0x62, 0x08, 0x62, 0x08, 0x62, 0x08, 0x62, 0x08, 0x62, 0x08, 0x62, 0x08, 0x62, 0x08, 0x62, 0x08, 
0x62, 0x08, 0x62, 0x08, 0x42, 0x08, 0x62, 0x08, 0x62, 0x08, 0x62, 0x08, 0x62, 0x08, 0x62, 0x08, 
0x62, 0x08, 0x62, 0x08, 0x62, 0x08, 0x62, 0x08, 0x62, 0x08, 0x62, 0x08, 0x62, 0x08, 0x62, 0x08, 
0x62, 0x08, 0x62, 0x08, 0x62, 0x08, 0x62, 0x08, 0x62, 0x08, 0x62, 0x08, 0x62, 0x08, 0x42, 0x08, 
0x62, 0x08, 0x62, 0x08, 0x62, 0x08, 0x62, 0x08, 0x62, 0x08, 0x62, 0x08, 0x62, 0x08, 0x62, 0x08, 
0x62, 0x08, 0x62, 0x08, 0x62, 0x08, 0x62, 0x08, 0x62, 0x08, 0x62, 0x08, 0x62, 0x08, 0x62, 0x08, 
0x62, 0x08, 0x62, 0x08, 0x62, 0x08, 0x62, 0x08, 0x62, 0x08, 0x62, 0x08, 0x62, 0x08, 0x62, 0x08, 
0x62, 0x08, 0x62, 0x08, 0x62, 0x08, 0x62, 0x08, 0x62, 0x08, 0x62, 0x08, 0x62, 0x08, 0x62, 0x08, 
0x62, 0x08, 0x62, 0x08, 0x62, 0x08, 0x62, 0x08, 0x62, 0x08, 0x62, 0x08, 0x62, 0x08, 0x62, 0x08, 
0x62, 0x08, 0x62, 0x08, 0x62, 0x08, 0x62, 0x08, 0x62, 0x08, 0x62, 0x08, 0x62, 0x08, 0x62, 0x08, 
0x62, 0x08, 0x62, 0x08, 0x62, 0x08, 0x62, 0x08, 0x62, 0x08, 0x62, 0x08, 0x62, 0x08, 0x62, 0x08, 
0x62, 0x08, 0x62, 0x08, 0x62, 0x08, 0x62, 0x08, 0x62, 0x08, 0x62, 0x08, 0x62, 0x08, 0x62, 0x08, 
0x62, 0x08, 0x62, 0x08, 0x62, 0x08, 0x62, 0x08, 0x62, 0x08, 0x62, 0x08, 0x62, 0x08, 0x62, 0x08, 
0x62, 0x08, 0x62, 0x08, 0x62, 0x08, 0x62, 0x08, 0x62, 0x08, 0x62, 0x08, 0x62, 0x08, 0x62, 0x08, 
0x62, 0x08, 0x62, 0x08, 0x62, 0x08, 0x62, 0x08, 0x62, 0x08, 0x62, 0x08, 0x62, 0x08, 0x62, 0x08, 
0x62, 0x08, 0x62, 0x08, 0x62, 0x08, 0x62, 0x08, 0x62, 0x08, 0x62, 0x08, 0x62, 0x08, 0x62, 0x08, 
0x62, 0x08, 0x62, 0x08, 0x62, 0x08, 0x62, 0x08, 0x62, 0x08, 0x62, 0x08, 0x62, 0x08, 0x62, 0x08, 
0x62, 0x08, 0x62, 0x08, 0x62, 0x08, 0x62, 0x08, 0x62, 0x08, 0x62, 0x08, 0x62, 0x08, 0x62, 0x08, 
0x62, 0x08, 0x62, 0x08, 0x62, 0x08, 0x62, 0x08, 0x62, 0x08, 0x62, 0x08, 0x62, 0x08, 0x62, 0x08, 
0x62, 0x08, 0x62, 0x08, 0x62, 0x08, 0x62, 0x08, 0x62, 0x08, 0x62, 0x08, 0x62, 0x08, 0x62, 0x08, 
0x62, 0x08, 0x62, 0x08, 0x62, 0x08, 0x62, 0x08, 0x62, 0x08, 0x62, 0x08, 0x62, 0x08, 0x62, 0x08, 
0x62, 0x08, 0x62, 0x08, 0x62, 0x08, 0x62, 0x08, 0x62, 0x08, 0x62, 0x08, 0x62, 0x08, 0x62, 0x08, 
0x62, 0x08, 0x62, 0x08, 0x62, 0x08, 0x62, 0x08, 0x62, 0x08, 0x62, 0x08, 0x62, 0x08, 0x62, 0x08, 
0x62, 0x08, 0x62, 0x08, 0x62, 0x08, 0x62, 0x08, 0x62, 0x08, 0x62, 0x08, 0x62, 0x08, 0x62, 0x08, 
0x62, 0x08, 0x62, 0x08, 0x62, 0x08, 0x62, 0x08, 0x62, 0x08, 0x62, 0x08, 0x62, 0x08, 0x62, 0x08, 
0x62, 0x08, 0x62, 0x08, 0x62, 0x08, 0x62, 0x08, 0x62, 0x08, 0x62, 0x08, 0x62, 0x08, 0x62, 0x08, 
0x62, 0x08, 0x62, 0x08, 0x62, 0x08, 0x62, 0x08, 0x62, 0x08, 0x62, 0x08, 0x62, 0x08, 0x62, 0x08, 
0x62, 0x08, 0x62, 0x08, 0x62, 0x08, 0x62, 0x08, 0x62, 0x08, 0x62, 0x08, 0x62, 0x08, 0x62, 0x08, 
0x62, 0x08, 0x62, 0x08, 0x62, 0x08, 0x62, 0x08, 0x62, 0x08, 0x62, 0x08, 0x62, 0x08, 0x62, 0x08, 
0x62, 0x08, 0x62, 0x08, 0x62, 0x08, 0x62, 0x08, 0x62, 0x08, 0x62, 0x08, 0x62, 0x08, 0x62, 0x08, 
0x62, 0x08, 0x62, 0x08, 0x62, 0x08, 0x62, 0x08, 0x62, 0x08, 0x62, 0x08, 0x62, 0x08, 0x62, 0x08, 
0x62, 0x08, 0x62, 0x08, 0x62, 0x08, 0x62, 0x08, 0x62, 0x08, 0x62, 0x08, 0x62, 0x08, 0x62, 0x08, 
0x62, 0x08, 0x62, 0x08, 0x62, 0x08, 0x62, 0x08, 0x62, 0x08, 0x62, 0x08, 0x62, 0x08, 0x62, 0x08, 
0x62, 0x08, 0x62, 0x08, 0x62, 0x08, 0x62, 0x08, 0x62, 0x08, 0x62, 0x08, 0x62, 0x08, 0x62, 0x08, 
0x62, 0x08, 0x62, 0x08, 0x62, 0x08, 0x62, 0x08, 0x62, 0x08, 0x62, 0x08, 0x62, 0x08, 0x62, 0x08, 
0x62, 0x08, 0x62, 0x08, 0x62, 0x08, 0x62, 0x08, 0x62, 0x08, 0x62, 0x08, 0x62, 0x08, 0x62, 0x08, 
0x62, 0x08, 0x62, 0x08, 0x62, 0x08, 0x62, 0x08, 0x62, 0x08, 0x62, 0x08, 0x62, 0x08, 0x62, 0x08, 
0x62, 0x08, 0x62, 0x08, 0x62, 0x08, 0x62, 0x08, 0x62, 0x08, 0x62, 0x08, 0x62, 0x08, 0x62, 0x08, 
0x62, 0x08, 0x62, 0x08, 0x62, 0x08, 0x62, 0x08, 0x62, 0x08, 0x62, 0x08, 0x62, 0x08, 0x62, 0x08, 
0x62, 0x08, 0x62, 0x08, 0x62, 0x08, 0x62, 0x08, 0x62, 0x08, 0x62, 0x08, 0x62, 0x08, 0x62, 0x08, 
0x62, 0x08, 0x62, 0x08, 0x62, 0x08, 0x62, 0x08, 0x62, 0x08, 0x62, 0x08, 0x62, 0x08, 0x62, 0x08, 
0x62, 0x08, 0x62, 0x08, 0x62, 0x08, 0x62, 0x08, 0x62, 0x08, 0x62, 0x08, 0x62, 0x08, 0x62, 0x08, 
0x62, 0x08, 0x62, 0x08, 0x62, 0x08, 0x62, 0x08, 0x62, 0x08, 0x62, 0x08, 0x62, 0x08, 0x62, 0x08, 
0x62, 0x08, 0x62, 0x08, 0x62, 0x08, 0x62, 0x08, 0x62, 0x08, 0x62, 0x08, 0x62, 0x08, 0x62, 0x08, 
0x62, 0x08, 0x62, 0x08, 0x62, 0x08, 0x62, 0x08, 0x62, 0x08, 0x62, 0x08, 0x62, 0x08, 0x62, 0x08, 
0x62, 0x08, 0x62, 0x08, 0x62, 0x08, 0x62, 0x08, 0x62, 0x08, 0x62, 0x08, 0x62, 0x08, 0x62, 0x08, 
0x62, 0x08, 0x62, 0x08, 0x62, 0x08, 0x62, 0x08, 0x62, 0x08, 0x62, 0x08, 0x62, 0x08, 0x62, 0x08, 
0x62, 0x08, 0x62, 0x08, 0x62, 0x08, 0x62, 0x08, 0x62, 0x08, 0x62, 0x08, 0x62, 0x08, 0x62, 0x08, 
0x62, 0x08, 0x62, 0x08, 0x62, 0x08, 0x62, 0x08, 0x62, 0x08, 0x62, 0x08, 0x62, 0x08, 0x62, 0x08, 
0x62, 0x08, 0x62, 0x08, 0x62, 0x08, 0x62, 0x08, 0x62, 0x08, 0x62, 0x08, 0x62, 0x08, 0x62, 0x08, 
0x62, 0x08, 0x62, 0x08, 0x62, 0x08, 0x62, 0x08, 0x62, 0x08, 0x62, 0x08, 0x62, 0x08, 0x62, 0x08, 
0x62, 0x08, 0x62, 0x08, 0x62, 0x08, 0x62, 0x08, 0x62, 0x08, 0x62, 0x08, 0x62, 0x08, 0x62, 0x08, 
0x62, 0x08, 0x62, 0x08, 0x62, 0x08, 0x62, 0x08, 0x62, 0x08, 0x62, 0x08, 0x62, 0x08, 0x62, 0x08, 
0x62, 0x08, 0x62, 0x08, 0x62, 0x08, 0x62, 0x08, 0x62, 0x08, 0x62, 0x08, 0x62, 0x08, 0x62, 0x08, 
0x62, 0x08, 0x62, 0x08, 0x62, 0x08, 0x62, 0x08, 0x62, 0x08, 0x62, 0x08, 0x62, 0x08, 0x62, 0x08, 
0x62, 0x08, 0x62, 0x08, 0x62, 0x08, 0x62, 0x08, 0x62, 0x08, 0x62, 0x08, 0x62, 0x08, 0x62, 0x08, 
0x62, 0x08, 0x62, 0x08, 0x62, 0x08, 0x62, 0x08, 0x62, 0x08, 0x62, 0x08, 0x62, 0x08, 0x62, 0x08, 
0x62, 0x08, 0x62, 0x08, 0x62, 0x08, 0x62, 0x08, 0x62, 0x08, 0x62, 0x08, 0x62, 0x08, 0x62, 0x08, 
0x62, 0x08, 0x62, 0x08, 0x62, 0x08, 0x62, 0x08, 0x62, 0x08, 0x62, 0x08, 0x62, 0x08, 0x62, 0x08, 
0x62, 0x08, 0x62, 0x08, 0x62, 0x08, 0x62, 0x08, 0x62, 0x08, 0x62, 0x08, 0x62, 0x08, 0x62, 0x08, 
0x62, 0x08, 0x62, 0x08, 0x62, 0x08, 0x62, 0x08, 0x62, 0x08, 0x62, 0x08, 0x62, 0x08, 0x62, 0x08, 
0x62, 0x08, 0x62, 0x08, 0x62, 0x08, 0x62, 0x08, 0x62, 0x08, 0x62, 0x08, 0x62, 0x08, 0x62, 0x08, 
0x42, 0x08, 0x62, 0x08, 0x62, 0x08, 0x62, 0x08, 0x62, 0x08, 0x62, 0x08, 0x62, 0x08, 0x62, 0x08, 
0x62, 0x08, 0x62, 0x08, 0x62, 0x08, 0x62, 0x08, 0x62, 0x08, 0x62, 0x08, 0x62, 0x08, 0x62, 0x08, 
0x62, 0x08, 0x62, 0x08, 0x62, 0x08, 0x62, 0x08, 0x62, 0x08, 0x62, 0x08, 0x62, 0x08, 0x62, 0x08, 
0x62, 0x08, 0x62, 0x08, 0x62, 0x08, 0x62, 0x08, 0x62, 0x08, 0x62, 0x08, 0x62, 0x08, 0x62, 0x08, 
0x62, 0x08, 0x62, 0x08, 0x62, 0x08, 0x62, 0x08, 0x62, 0x08, 0x62, 0x08, 0x62, 0x08, 0x62, 0x08, 
0x62, 0x08, 0x62, 0x08, 0x62, 0x08, 0x42, 0x08, 0x62, 0x08, 0x62, 0x08, 0x62, 0x08, 0x62, 0x08, 
0x62, 0x08, 0x62, 0x08, 0x62, 0x08, 0x62, 0x08, 0x62, 0x08, 0x62, 0x08, 0x62, 0x08, 0x62, 0x08, 
0x62, 0x08, 0x62, 0x08, 0x62, 0x08, 0x62, 0x08, 0x62, 0x08, 0x62, 0x08, 0x62, 0x08, 0x62, 0x08, 
0x62, 0x08, 0x62, 0x08, 0x62, 0x08, 0x62, 0x08, 0x62, 0x08, 0x62, 0x08, 0x62, 0x08, 0x62, 0x08, 
0x62, 0x08, 0x62, 0x08, 0x62, 0x08, 0x42, 0x08, 0x62, 0x08, 0x62, 0x08, 0x62, 0x08, 0x62, 0x08, 
0x62, 0x08, 0x62, 0x08, 0x62, 0x08, 0x62, 0x08, 0x62, 0x08, 0x62, 0x08, 0x62, 0x08, 0x62, 0x08, 
0x62, 0x08, 0x62, 0x08, 0x62, 0x08, 0x62, 0x08, 0x62, 0x08, 0x62, 0x08, 0x62, 0x08, 0x62, 0x08, 
0x62, 0x08, 0x62, 0x08, 0x62, 0x08, 0x62, 0x08, 0x62, 0x08, 0x62, 0x08, 0x42, 0x08, 0x62, 0x08, 
0x62, 0x08, 0x62, 0x08, 0x62, 0x08, 0x62, 0x08, 0x62, 0x08, 0x62, 0x08, 0x62, 0x08, 0x62, 0x08, 
0x62, 0x08, 0x62, 0x08, 0x62, 0x08, 0x62, 0x08, 0x62, 0x08, 0x62, 0x08, 0x62, 0x08, 0x62, 0x08, 
0x62, 0x08, 0x62, 0x08, 0x62, 0x08, 0x62, 0x08, 0x62, 0x08, 0x62, 0x08, 0x62, 0x08, 0x62, 0x08, 
0x62, 0x08, 0x42, 0x08, 0x62, 0x08, 0x62, 0x08, 0x62, 0x08, 0x62, 0x08, 0x62, 0x08, 0x62, 0x08, 
0x62, 0x08, 0x62, 0x08, 0x62, 0x08, 0x62, 0x08, 0x62, 0x08, 0x62, 0x08, 0x62, 0x08, 0x62, 0x08, 
0x62, 0x08, 0x62, 0x08, 0x62, 0x08, 0x62, 0x08, 0x62, 0x08, 0x62, 0x08, 0x62, 0x08, 0x62, 0x08, 
0x62, 0x08, 0x62, 0x08, 0x62, 0x08, 0x62, 0x08, 0x62, 0x08, 0x62, 0x08, 0x62, 0x08, 0x62, 0x08, 
0x62, 0x08, 0x62, 0x08, 0x62, 0x08, 0x62, 0x08, 0x62, 0x08, 0x62, 0x08, 0x62, 0x08, 0x62, 0x08, 
0x62, 0x08, 0x62, 0x08, 0x62, 0x08, 0x62, 0x08, 0x62, 0x08, 0x62, 0x08, 0x62, 0x08, 0x62, 0x08, 
0x62, 0x08, 0x62, 0x08, 0x62, 0x08, 0x62, 0x08, 0x62, 0x08, 0x42, 0x08, 0x62, 0x08, 0x62, 0x08, 
0x62, 0x08, 0x62, 0x08, 0x62, 0x08, 0x62, 0x08, 0x62, 0x08, 0x62, 0x08, 0x62, 0x08, 0x62, 0x08, 
0x62, 0x08, 0x62, 0x08, 0x62, 0x08, 0x62, 0x08, 0x62, 0x08, 0x62, 0x08, 0x62, 0x08, 0x62, 0x08, 
0x62, 0x08, 0x42, 0x08, 0x62, 0x08, 0x62, 0x08, 0x62, 0x08, 0x62, 0x08, 0x62, 0x08, 0x62, 0x08, 
0x62, 0x08, 0x62, 0x08, 0x62, 0x08, 0x62, 0x08, 0x62, 0x08, 0x62, 0x08, 0x62, 0x08, 0x62, 0x08, 
0x62, 0x08, 0x62, 0x08, 0x62, 0x08, 0x62, 0x08, 0x62, 0x08, 0x62, 0x08, 0x62, 0x08, 0x62, 0x08, 
0x62, 0x08, 0x42, 0x08, 0x62, 0x08, 0x62, 0x08, 0x62, 0x08, 0x62, 0x08, 0x62, 0x08, 0x62, 0x08, 
0x62, 0x08, 0x62, 0x08, 0x62, 0x08, 0x62, 0x08, 0x62, 0x08, 0x62, 0x08, 0x62, 0x08, 0x62, 0x08, 
0x62, 0x08, 0x62, 0x08, 0x62, 0x08, 0x62, 0x08, 0x62, 0x08, 0x62, 0x08, 0x62, 0x08, 0x62, 0x08, 
0x62, 0x08, 0x62, 0x08, 0x62, 0x08, 0x62, 0x08, 0x62, 0x08, 0x62, 0x08, 0x62, 0x08, 0x62, 0x08, 
0x62, 0x08, 0x62, 0x08, 0x62, 0x08, 0x62, 0x08, 0x62, 0x08, 0x62, 0x08, 0x62, 0x08, 0x62, 0x08, 
0x62, 0x08, 0x62, 0x08, 0x62, 0x08, 0x62, 0x08, 0x62, 0x08, 0x62, 0x08, 0x62, 0x08, 0x62, 0x08, 
0x62, 0x08, 0x62, 0x08, 0x62, 0x08, 0x62, 0x08, 0x62, 0x08, 0x62, 0x08, 0x62, 0x08, 0x62, 0x08, 
0x62, 0x08, 0x62, 0x08, 0x62, 0x08, 0x62, 0x08, 0x62, 0x08, 0x62, 0x08, 0x62, 0x08, 0x62, 0x08, 
0x62, 0x08, 0x62, 0x08, 0x62, 0x08, 0x62, 0x08, 0x62, 0x08, 0x62, 0x08, 0x62, 0x08, 0x62, 0x08, 
0x62, 0x08, 0x62, 0x08, 0x62, 0x08, 0x62, 0x08, 0x62, 0x08, 0x62, 0x08, 0x62, 0x08, 0x62, 0x08, 
0x62, 0x08, 0x62, 0x08, 0x62, 0x08, 0x62, 0x08, 0x62, 0x08, 0x62, 0x08, 0x62, 0x08, 0x62, 0x08, 
0x62, 0x08, 0x62, 0x08, 0x62, 0x08, 0x62, 0x08, 0x62, 0x08, 0x62, 0x08, 0x62, 0x08, 0x62, 0x08, 
0x62, 0x08, 0x62, 0x08, 0x62, 0x08, 0x62, 0x08, 0x62, 0x08, 0x62, 0x08, 0x62, 0x08, 0x62, 0x08, 
0x62, 0x08, 0x62, 0x08, 0x62, 0x08, 0x62, 0x08, 0x62, 0x08, 0x62, 0x08, 0x62, 0x08, 0x62, 0x08, 
0x62, 0x08, 0x62, 0x08, 0x62, 0x08, 0x62, 0x08, 0x62, 0x08, 0x62, 0x08, 0x62, 0x08, 0x62, 0x08, 
0x62, 0x08, 0x62, 0x08, 0x62, 0x08, 0x62, 0x08, 0x62, 0x08, 0x62, 0x08, 0x62, 0x08, 0x62, 0x08, 
0x62, 0x08, 0x62, 0x08, 0x62, 0x08, 0x62, 0x08, 0x62, 0x08, 0x62, 0x08, 0x62, 0x08, 0x62, 0x08, 
0x62, 0x08, 0x62, 0x08, 0x62, 0x08, 0x62, 0x08, 0x62, 0x08, 0x62, 0x08, 0x62, 0x08, 0x62, 0x08, 
0x62, 0x08, 0x62, 0x08, 0x62, 0x08, 0x62, 0x08, 0x62, 0x08, 0x62, 0x08, 0x62, 0x08, 0x62, 0x08, 
0x62, 0x08, 0x62, 0x08, 0x62, 0x08, 0x62, 0x08, 0x62, 0x08, 0x62, 0x08, 0x62, 0x08, 0x62, 0x08, 
0x62, 0x08, 0x62, 0x08, 0x62, 0x08, 0x62, 0x08, 0x62, 0x08, 0x62, 0x08, 0x62, 0x08, 0x62, 0x08, 
0x62, 0x08, 0x62, 0x08, 0x62, 0x08, 0x62, 0x08, 0x62, 0x08, 0x62, 0x08, 0x62, 0x08, 0x62, 0x08, 
0x62, 0x08, 0x62, 0x08, 0x62, 0x08, 0x62, 0x08, 0x62, 0x08, 0x62, 0x08, 0x62, 0x08, 0x62, 0x08, 
0x62, 0x08, 0x62, 0x08, 0x62, 0x08, 0x62, 0x08, 0x62, 0x08, 0x62, 0x08, 0x62, 0x08, 0x62, 0x08, 
0x62, 0x08, 0x62, 0x08, 0x62, 0x08, 0x42, 0x08, 0x62, 0x08, 0x62, 0x08, 0x62, 0x08, 0x62, 0x08, 
0x62, 0x08, 0x62, 0x08, 0x62, 0x08, 0x62, 0x08, 0x62, 0x08, 0x62, 0x08, 0x62, 0x08, 0x62, 0x08, 
0x62, 0x08, 0x62, 0x08, 0x62, 0x08, 0x62, 0x08, 0x62, 0x08, 0x62, 0x08, 0x62, 0x08, 0x62, 0x08, 
0x62, 0x08, 0x62, 0x08, 0x62, 0x08, 0x62, 0x08, 0x62, 0x08, 0x62, 0x08, 0x62, 0x08, 0x62, 0x08, 
0x62, 0x08, 0x62, 0x08, 0x62, 0x08, 0x62, 0x08, 0x62, 0x08, 0x62, 0x08, 0x62, 0x08, 0x62, 0x08, 
0x62, 0x08, 0x42, 0x08, 0x62, 0x08, 0x62, 0x08, 0x62, 0x08, 0x62, 0x08, 0x62, 0x08, 0x62, 0x08, 
0x62, 0x08, 0x62, 0x08, 0x62, 0x08, 0x62, 0x08, 0x62, 0x08, 0x62, 0x08, 0x62, 0x08, 0x62, 0x08, 
0x62, 0x08, 0x62, 0x08, 0x62, 0x08, 0x62, 0x08, 0x62, 0x08, 0x62, 0x08, 0x62, 0x08, 0x62, 0x08, 
0x62, 0x08, 0x62, 0x08, 0x62, 0x08, 0x62, 0x08, 0x62, 0x08, 0x62, 0x08, 0x62, 0x08, 0x62, 0x08, 
0x62, 0x08, 0x62, 0x08, 0x62, 0x08, 0x62, 0x08, 0x62, 0x08, 0x62, 0x08, 0x62, 0x08, 0x62, 0x08, 
0x62, 0x08, 0x62, 0x08, 0x62, 0x08, 0x62, 0x08, 0x62, 0x08, 0x62, 0x08, 0x62, 0x08, 0x62, 0x08, 
0x62, 0x08, 0x42, 0x08, 0x62, 0x08, 0x62, 0x08, 0x62, 0x08, 0x62, 0x08, 0x62, 0x08, 0x62, 0x08, 
0x62, 0x08, 0x62, 0x08, 0x62, 0x08, 0x62, 0x08, 0x62, 0x08, 0x42, 0x08, 0x62, 0x08, 0x62, 0x08, 
0x62, 0x08, 0x62, 0x08, 0x62, 0x08, 0x62, 0x08, 0x62, 0x08, 0x62, 0x08, 0x62, 0x08, 0x62, 0x08, 
0x62, 0x08, 0x62, 0x08, 0x62, 0x08, 0x62, 0x08, 0x62, 0x08, 0x62, 0x08, 0x62, 0x08, 0x62, 0x08, 
0x62, 0x08, 0x62, 0x08, 0x62, 0x08, 0x62, 0x08, 0x62, 0x08, 0x62, 0x08, 0x62, 0x08, 0x62, 0x08, 
0x62, 0x08, 0x62, 0x08, 0x62, 0x08, 0x62, 0x08, 0x62, 0x08, 0x62, 0x08, 0x62, 0x08, 0x62, 0x08, 
0x62, 0x08, 0x62, 0x08, 0x62, 0x08, 0x62, 0x08, 0x62, 0x08, 0x62, 0x08, 0x62, 0x08, 0x62, 0x08, 
0x62, 0x08, 0x62, 0x08, 0x62, 0x08, 0x62, 0x08, 0x62, 0x08, 0x62, 0x08, 0x62, 0x08, 0x62, 0x08, 
0x62, 0x08, 0x62, 0x08, 0x62, 0x08, 0x62, 0x08, 0x62, 0x08, 0x62, 0x08, 0x62, 0x08, 0x62, 0x08, 
0x62, 0x08, 0x62, 0x08, 0x62, 0x08, 0x62, 0x08, 0x62, 0x08, 0x62, 0x08, 0x62, 0x08, 0x62, 0x08, 
0x62, 0x08, 0x62, 0x08, 0x62, 0x08, 0x62, 0x08, 0x62, 0x08, 0x62, 0x08, 0x62, 0x08, 0x62, 0x08, 
0x62, 0x08, 0x62, 0x08, 0x62, 0x08, 0x62, 0x08, 0x62, 0x08, 0x62, 0x08, 0x62, 0x08, 0x62, 0x08, 
0x62, 0x08, 0x62, 0x08, 0x62, 0x08, 0x62, 0x08, 0x62, 0x08, 0x62, 0x08, 0x62, 0x08, 0x62, 0x08, 
0x62, 0x08, 0x62, 0x08, 0x62, 0x08, 0x62, 0x08, 0x62, 0x08, 0x62, 0x08, 0x62, 0x08, 0x62, 0x08, 
0x62, 0x08, 0x62, 0x08, 0x62, 0x08, 0x62, 0x08, 0x62, 0x08, 0x62, 0x08, 0x62, 0x08, 0x62, 0x08, 
0x62, 0x08, 0x62, 0x08, 0x62, 0x08, 0x62, 0x08, 0x62, 0x08, 0x62, 0x08, 0x62, 0x08, 0x62, 0x08, 
0x62, 0x08, 0x62, 0x08, 0x62, 0x08, 0x62, 0x08, 0x62, 0x08, 0x62, 0x08, 0x62, 0x08, 0x62, 0x08, 
0x62, 0x08, 0x62, 0x08, 0x62, 0x08, 0x62, 0x08, 0x62, 0x08, 0x62, 0x08, 0x62, 0x08, 0x62, 0x08, 
0x62, 0x08, 0x62, 0x08, 0x62, 0x08, 0x62, 0x08, 0x62, 0x08, 0x62, 0x08, 0x62, 0x08, 0x62, 0x08, 
0x62, 0x08, 0x62, 0x08, 0x62, 0x08, 0x62, 0x08, 0x62, 0x08, 0x62, 0x08, 0x62, 0x08, 0x62, 0x08, 
0x62, 0x08, 0x62, 0x08, 0x62, 0x08, 0x62, 0x08, 0x62, 0x08, 0x62, 0x08, 0x62, 0x08, 0x62, 0x08, 
0x62, 0x08, 0x62, 0x08, 0x62, 0x08, 0x62, 0x08, 0x62, 0x08, 0x62, 0x08, 0x62, 0x08, 0x62, 0x08, 
0x62, 0x08, 0x62, 0x08, 0x62, 0x08, 0x62, 0x08, 0x62, 0x08, 0x62, 0x08, 0x62, 0x08, 0x62, 0x08, 
0x62, 0x08, 0x62, 0x08, 0x62, 0x08, 0x62, 0x08, 0x62, 0x08, 0x62, 0x08, 0x62, 0x08, 0x62, 0x08, 
0x62, 0x08, 0x62, 0x08, 0x62, 0x08, 0x62, 0x08, 0x62, 0x08, 0x62, 0x08, 0x62, 0x08, 0x62, 0x08, 
0x62, 0x08, 0x62, 0x08, 0x62, 0x08, 0x62, 0x08, 0x62, 0x08, 0x62, 0x08, 0x62, 0x08, 0x62, 0x08, 
0x62, 0x08, 0x62, 0x08, 0x62, 0x08, 0x62, 0x08, 0x62, 0x08, 0x62, 0x08, 0x62, 0x08, 0x62, 0x08, 
0x62, 0x08, 0x62, 0x08, 0x62, 0x08, 0x62, 0x08, 0x62, 0x08, 0x62, 0x08, 0x62, 0x08, 0x62, 0x08, 
0x62, 0x08, 0x62, 0x08, 0x62, 0x08, 0x62, 0x08, 0x62, 0x08, 0x62, 0x08, 0x62, 0x08, 0x62, 0x08, 
0x62, 0x08, 0x62, 0x08, 0x62, 0x08, 0x62, 0x08, 0x62, 0x08, 0x62, 0x08, 0x62, 0x08, 0x62, 0x08, 
0x62, 0x08, 0x62, 0x08, 0x62, 0x08, 0x62, 0x08, 0x62, 0x08, 0x62, 0x08, 0x62, 0x08, 0x62, 0x08, 
0x62, 0x08, 0x62, 0x08, 0x62, 0x08, 0x62, 0x08, 0x62, 0x08, 0x62, 0x08, 0x62, 0x08, 0x62, 0x08, 
0x62, 0x08, 0x62, 0x08, 0x62, 0x08, 0x62, 0x08, 0x62, 0x08, 0x62, 0x08, 0x62, 0x08, 0x62, 0x08, 
0x62, 0x08, 0x62, 0x08, 0x62, 0x08, 0x62, 0x08, 0x62, 0x08, 0x62, 0x08, 0x62, 0x08, 0x62, 0x08, 
0x62, 0x08, 0x62, 0x08, 0x62, 0x08, 0x62, 0x08, 0x62, 0x08, 0x62, 0x08, 0x62, 0x08, 0x62, 0x08, 
0x62, 0x08, 0x62, 0x08, 0x62, 0x08, 0x62, 0x08, 0x62, 0x08, 0x62, 0x08, 0x62, 0x08, 0x62, 0x08, 
0x62, 0x08, 0x62, 0x08, 0x62, 0x08, 0x62, 0x08, 0x62, 0x08, 0x62, 0x08, 0x62, 0x08, 0x62, 0x08, 
0x62, 0x08, 0x62, 0x08, 0x62, 0x08, 0x62, 0x08, 0x62, 0x08, 0x62, 0x08, 0x62, 0x08, 0x62, 0x08, 
0x62, 0x08, 0x62, 0x08, 0x62, 0x08, 0x62, 0x08, 0x62, 0x08, 0x62, 0x08, 0x62, 0x08, 0x62, 0x08, 
0x62, 0x08, 0x62, 0x08, 0x62, 0x08, 0x62, 0x08, 0x62, 0x08, 0x62, 0x08, 0x62, 0x08, 0x62, 0x08, 
0x62, 0x08, 0x62, 0x08, 0x62, 0x08, 0x62, 0x08, 0x62, 0x08, 0x62, 0x08, 0x62, 0x08, 0x62, 0x08, 
0x62, 0x08, 0x62, 0x08, 0x62, 0x08, 0x62, 0x08, 0x62, 0x08, 0x62, 0x08, 0x62, 0x08, 0x62, 0x08, 
0x62, 0x08, 0x62, 0x08, 0x62, 0x08, 0x62, 0x08, 0x62, 0x08, 0x62, 0x08, 0x62, 0x08, 0x62, 0x08, 
0x62, 0x08, 0x62, 0x08, 0x62, 0x08, 0x62, 0x08, 0x62, 0x08, 0x62, 0x08, 0x62, 0x08, 0x62, 0x08, 
0x62, 0x08, 0x62, 0x08, 0x62, 0x08, 0x62, 0x08, 0x62, 0x08, 0x62, 0x08, 0x62, 0x08, 0x62, 0x08, 
0x42, 0x08, 0x62, 0x08, 0x62, 0x08, 0x62, 0x08, 0x62, 0x08, 0x62, 0x08, 0x62, 0x08, 0x62, 0x08, 
0x62, 0x08, 0x62, 0x08, 0x62, 0x08, 0x62, 0x08, 0x62, 0x08, 0x62, 0x08, 0x62, 0x08, 0x62, 0x08, 
0x62, 0x08, 0x62, 0x08, 0x62, 0x08, 0x62, 0x08, 0x62, 0x08, 0x62, 0x08, 0x62, 0x08, 0x62, 0x08, 
0x62, 0x08, 0x62, 0x08, 0x62, 0x08, 0x62, 0x08, 0x62, 0x08, 0x62, 0x08, 0x62, 0x08, 0x62, 0x08, 
0x62, 0x08, 0x62, 0x08, 0x62, 0x08, 0x62, 0x08, 0x62, 0x08, 0x62, 0x08, 0x62, 0x08, 0x62, 0x08, 
0x62, 0x08, 0x62, 0x08, 0x62, 0x08, 0x62, 0x08, 0x62, 0x08, 0x62, 0x08, 0x62, 0x08, 0x62, 0x08, 
0x62, 0x08, 0x62, 0x08, 0x62, 0x08, 0x62, 0x08, 0x62, 0x08, 0x62, 0x08, 0x62, 0x08, 0x62, 0x08, 
0x62, 0x08, 0x62, 0x08, 0x62, 0x08, 0x62, 0x08, 0x62, 0x08, 0x62, 0x08, 0x62, 0x08, 0x62, 0x08, 
0x62, 0x08, 0x62, 0x08, 0x62, 0x08, 0x62, 0x08, 0x62, 0x08, 0x62, 0x08, 0x62, 0x08, 0x62, 0x08, 
0x62, 0x08, 0x62, 0x08, 0x62, 0x08, 0x62, 0x08, 0x62, 0x08, 0x62, 0x08, 0x62, 0x08, 0x62, 0x08, 
0x62, 0x08, 0x62, 0x08, 0x62, 0x08, 0x62, 0x08, 0x62, 0x08, 0x62, 0x08, 0x62, 0x08, 0x62, 0x08, 
0x62, 0x08, 0x62, 0x08, 0x62, 0x08, 0x62, 0x08, 0x62, 0x08, 0x62, 0x08, 0x62, 0x08, 0x62, 0x08, 
0x62, 0x08, 0x62, 0x08, 0x62, 0x08, 0x62, 0x08, 0x62, 0x08, 0x62, 0x08, 0x62, 0x08, 0x62, 0x08, 
0x62, 0x08, 0x62, 0x08, 0x62, 0x08, 0x62, 0x08, 0x62, 0x08, 0x62, 0x08, 0x62, 0x08, 0x62, 0x08, 
0x62, 0x08, 0x62, 0x08, 0x62, 0x08, 0x62, 0x08, 0x62, 0x08, 0x62, 0x08, 0x62, 0x08, 0x62, 0x08, 
0x62, 0x08, 0x62, 0x08, 0x62, 0x08, 0x62, 0x08, 0x62, 0x08, 0x62, 0x08, 0x62, 0x08, 0x62, 0x08, 
0x62, 0x08, 0x62, 0x08, 0x62, 0x08, 0x62, 0x08, 0x62, 0x08, 0x62, 0x08, 0x62, 0x08, 0x62, 0x08, 
0x62, 0x08, 0x62, 0x08, 0x62, 0x08, 0x62, 0x08, 0x62, 0x08, 0x62, 0x08, 0x62, 0x08, 0x62, 0x08, 
0x62, 0x08, 0x62, 0x08, 0x62, 0x08, 0x62, 0x08, 0x62, 0x08, 0x62, 0x08, 0x62, 0x08, 0x62, 0x08, 
0x62, 0x08, 0x62, 0x08, 0x62, 0x08, 0x62, 0x08, 0x62, 0x08, 0x62, 0x08, 0x62, 0x08, 0x62, 0x08, 
0x62, 0x08, 0x62, 0x08, 0x62, 0x08, 0x62, 0x08, 0x62, 0x08, 0x62, 0x08, 0x62, 0x08, 0x62, 0x08, 
0x62, 0x08, 0x62, 0x08, 0x62, 0x08, 0x62, 0x08, 0x62, 0x08, 0x62, 0x08, 0x62, 0x08, 0x62, 0x08, 
0x62, 0x08, 0x62, 0x08, 0x62, 0x08, 0x62, 0x08, 0x62, 0x08, 0x42, 0x08, 0x62, 0x08, 0x62, 0x08, 
0x62, 0x08, 0x62, 0x08, 0x62, 0x08, 0x62, 0x08, 0x62, 0x08, 0x62, 0x08, 0x62, 0x08, 0x62, 0x08, 
0x62, 0x08, 0x62, 0x08, 0x62, 0x08, 0x62, 0x08, 0x62, 0x08, 0x62, 0x08, 0x62, 0x08, 0x62, 0x08, 
0x62, 0x08, 0x62, 0x08, 0x62, 0x08, 0x62, 0x08, 0x62, 0x08, 0x62, 0x08, 0x62, 0x08, 0x62, 0x08, 
0x62, 0x08, 0x62, 0x08, 0x62, 0x08, 0x62, 0x08, 0x62, 0x08, 0x62, 0x08, 0x62, 0x08, 0x62, 0x08, 
0x62, 0x08, 0x62, 0x08, 0x62, 0x08, 0x62, 0x08, 0x62, 0x08, 0x62, 0x08, 0x62, 0x08, 0x62, 0x08, 
0x62, 0x08, 0x62, 0x08, 0x62, 0x08, 0x62, 0x08, 0x62, 0x08, 0x62, 0x08, 0x62, 0x08, 0x62, 0x08, 
0x62, 0x08, 0x62, 0x08, 0x62, 0x08, 0x62, 0x08, 0x62, 0x08, 0x62, 0x08, 0x62, 0x08, 0x62, 0x08, 
0x62, 0x08, 0x62, 0x08, 0x62, 0x08, 0x62, 0x08, 0x62, 0x08, 0x62, 0x08, 0x62, 0x08, 0x62, 0x08, 
0x62, 0x08, 0x62, 0x08, 0x62, 0x08, 0x62, 0x08, 0x62, 0x08, 0x62, 0x08, 0x62, 0x08, 0x62, 0x08, 
0x62, 0x08, 0x62, 0x08, 0x62, 0x08, 0x62, 0x08, 0x42, 0x08, 0x62, 0x08, 0x62, 0x08, 0x62, 0x08, 
0x62, 0x08, 0x62, 0x08, 0x62, 0x08, 0x62, 0x08, 0x62, 0x08, 0x62, 0x08, 0x62, 0x08, 0x62, 0x08, 
0x62, 0x08, 0x62, 0x08, 0x62, 0x08, 0x62, 0x08, 0x62, 0x08, 0x62, 0x08, 0x62, 0x08, 0x62, 0x08, 
0x62, 0x08, 0x62, 0x08, 0x62, 0x08, 0x62, 0x08, 0x62, 0x08, 0x62, 0x08, 0x62, 0x08, 0x62, 0x08, 
0x62, 0x08, 0x62, 0x08, 0x62, 0x08, 0x62, 0x08, 0x62, 0x08, 0x62, 0x08, 0x62, 0x08, 0x62, 0x08, 
0x62, 0x08, 0x62, 0x08, 0x62, 0x08, 0x62, 0x08, 0x62, 0x08, 0x62, 0x08, 0x62, 0x08, 0x62, 0x08, 
0x62, 0x08, 0x62, 0x08, 0x62, 0x08, 0x62, 0x08, 0x42, 0x08, 0x62, 0x08, 0x62, 0x08, 0x62, 0x08, 
0x62, 0x08, 0x62, 0x08, 0x62, 0x08, 0x62, 0x08, 0x62, 0x08, 0x62, 0x08, 0x62, 0x08, 0x62, 0x08, 
0x62, 0x08, 0x62, 0x08, 0x62, 0x08, 0x62, 0x08, 0x62, 0x08, 0x62, 0x08, 0x62, 0x08, 0x62, 0x08, 
0x62, 0x08, 0x62, 0x08, 0x62, 0x08, 0x62, 0x08, 0x62, 0x08, 0x62, 0x08, 0x62, 0x08, 0x62, 0x08, 
0x62, 0x08, 0x62, 0x08, 0x62, 0x08, 0x62, 0x08, 0x62, 0x08, 0x62, 0x08, 0x62, 0x08, 0x62, 0x08, 
0x62, 0x08, 0x62, 0x08, 0x62, 0x08, 0x62, 0x08, 0x62, 0x08, 0x62, 0x08, 0x62, 0x08, 0x62, 0x08, 
0x62, 0x08, 0x62, 0x08, 0x62, 0x08, 0x62, 0x08, 0x62, 0x08, 0x62, 0x08, 0x62, 0x08, 0x62, 0x08, 
0x62, 0x08, 0x62, 0x08, 0x62, 0x08, 0x62, 0x08, 0x62, 0x08, 0x62, 0x08, 0x62, 0x08, 0x62, 0x08, 
0x62, 0x08, 0x62, 0x08, 0x62, 0x08, 0x62, 0x08, 0x62, 0x08, 0x62, 0x08, 0x62, 0x08, 0x62, 0x08, 
0x62, 0x08, 0x62, 0x08, 0x62, 0x08, 0x62, 0x08, 0x62, 0x08, 0x62, 0x08, 0x62, 0x08, 0x62, 0x08, 
0x62, 0x08, 0x62, 0x08, 0x62, 0x08, 0x62, 0x08, 0x62, 0x08, 0x62, 0x08, 0x62, 0x08, 0x62, 0x08, 
0x62, 0x08, 0x62, 0x08, 0x62, 0x08, 0x62, 0x08, 0x62, 0x08, 0x62, 0x08, 0x62, 0x08, 0x62, 0x08, 
0x62, 0x08, 0x62, 0x08, 0x62, 0x08, 0x62, 0x08, 0x62, 0x08, 0x62, 0x08, 0x62, 0x08, 0x62, 0x08, 
0x62, 0x08, 0x62, 0x08, 0x62, 0x08, 0x62, 0x08, 0x62, 0x08, 0x62, 0x08, 0x62, 0x08, 0x62, 0x08, 
0x62, 0x08, 0x62, 0x08, 0x62, 0x08, 0x62, 0x08, 0x62, 0x08, 0x62, 0x08, 0x62, 0x08, 0x62, 0x08, 
0x62, 0x08, 0x62, 0x08, 0x62, 0x08, 0x62, 0x08, 0x62, 0x08, 0x62, 0x08, 0x62, 0x08, 0x62, 0x08, 
0x62, 0x08, 0x62, 0x08, 0x62, 0x08, 0x62, 0x08, 0x62, 0x08, 0x62, 0x08, 0x62, 0x08, 0x62, 0x08, 
0x62, 0x08, 0x62, 0x08, 0x62, 0x08, 0x62, 0x08, 0x62, 0x08, 0x62, 0x08, 0x62, 0x08, 0x62, 0x08, 
0x62, 0x08, 0x62, 0x08, 0x62, 0x08, 0x62, 0x08, 0x62, 0x08, 0x62, 0x08, 0x62, 0x08, 0x62, 0x08, 
0x62, 0x08, 0x62, 0x08, 0x62, 0x08, 0x62, 0x08, 0x62, 0x08, 0x62, 0x08, 0x62, 0x08, 0x62, 0x08, 
0x62, 0x08, 0x62, 0x08, 0x62, 0x08, 0x62, 0x08, 0x62, 0x08, 0x62, 0x08, 0x62, 0x08, 0x62, 0x08, 
0x62, 0x08, 0x62, 0x08, 0x62, 0x08, 0x62, 0x08, 0x62, 0x08, 0x62, 0x08, 0x62, 0x08, 0x62, 0x08, 
0x62, 0x08, 0x62, 0x08, 0x62, 0x08, 0x62, 0x08, 0x62, 0x08, 0x62, 0x08, 0x62, 0x08, 0x62, 0x08, 
0x62, 0x08, 0x62, 0x08, 0x62, 0x08, 0x62, 0x08, 0x62, 0x08, 0x62, 0x08, 0x62, 0x08, 0x62, 0x08, 
0x62, 0x08, 0x62, 0x08, 0x62, 0x08, 0x62, 0x08, 0x62, 0x08, 0x62, 0x08, 0x62, 0x08, 0x62, 0x08, 
0x62, 0x08, 0x62, 0x08, 0x62, 0x08, 0x62, 0x08, 0x62, 0x08, 0x62, 0x08, 0x62, 0x08, 0x62, 0x08, 
0x62, 0x08, 0x62, 0x08, 0x62, 0x08, 0x62, 0x08, 0x62, 0x08, 0x62, 0x08, 0x62, 0x08, 0x62, 0x08, 
0x62, 0x08, 0x62, 0x08, 0x62, 0x08, 0x62, 0x08, 0x62, 0x08, 0x62, 0x08, 0x62, 0x08, 0x62, 0x08, 
0x62, 0x08, 0x62, 0x08, 0x62, 0x08, 0x62, 0x08, 0x62, 0x08, 0x62, 0x08, 0x62, 0x08, 0x62, 0x08, 
0x62, 0x08, 0x62, 0x08, 0x62, 0x08, 0x62, 0x08, 0x62, 0x08, 0x62, 0x08, 0x62, 0x08, 0x62, 0x08, 
0x62, 0x08, 0x62, 0x08, 0x62, 0x08, 0x62, 0x08, 0x62, 0x08, 0x62, 0x08, 0x62, 0x08, 0x62, 0x08, 
0x62, 0x08, 0x62, 0x08, 0x62, 0x08, 0x62, 0x08, 0x62, 0x08, 0x62, 0x08, 0x62, 0x08, 0x62, 0x08, 
0x62, 0x08, 0x62, 0x08, 0x62, 0x08, 0x62, 0x08, 0x62, 0x08, 0x62, 0x08, 0x62, 0x08, 0x62, 0x08, 
0x62, 0x08, 0x62, 0x08, 0x62, 0x08, 0x62, 0x08, 0x62, 0x08, 0x62, 0x08, 0x62, 0x08, 0x62, 0x08, 
0x62, 0x08, 0x62, 0x08, 0x62, 0x08, 0x62, 0x08, 0x62, 0x08, 0x62, 0x08, 0x62, 0x08, 0x62, 0x08, 
0x62, 0x08, 0x62, 0x08, 0x62, 0x08, 0x62, 0x08, 0x62, 0x08, 0x62, 0x08, 0x62, 0x08, 0x62, 0x08, 
0x62, 0x08, 0x62, 0x08, 0x62, 0x08, 0x62, 0x08, 0x62, 0x08, 0x62, 0x08, 0x62, 0x08, 0x62, 0x08, 
0x62, 0x08, 0x62, 0x08, 0x62, 0x08, 0x62, 0x08, 0x62, 0x08, 0x62, 0x08, 0x62, 0x08, 0x62, 0x08, 
0x62, 0x08, 0x62, 0x08, 0x62, 0x08, 0x62, 0x08, 0x62, 0x08, 0x62, 0x08, 0x62, 0x08, 0x62, 0x08, 
0x62, 0x08, 0x62, 0x08, 0x62, 0x08, 0x62, 0x08, 0x62, 0x08, 0x62, 0x08, 0x62, 0x08, 0x62, 0x08, 
0x62, 0x08, 0x62, 0x08, 0x62, 0x08, 0x62, 0x08, 0x62, 0x08, 0x62, 0x08, 0x62, 0x08, 0x62, 0x08, 
0x62, 0x08, 0x62, 0x08, 0x62, 0x08, 0x62, 0x08, 0x62, 0x08, 0x62, 0x08, 0x62, 0x08, 0x62, 0x08, 
0x62, 0x08, 0x62, 0x08, 0x62, 0x08, 0x62, 0x08, 0x62, 0x08, 0x62, 0x08, 0x62, 0x08, 0x62, 0x08, 
0x62, 0x08, 0x62, 0x08, 0x62, 0x08, 0x62, 0x08, 0x62, 0x08, 0x62, 0x08, 0x62, 0x08, 0x62, 0x08, 
0x62, 0x08, 0x62, 0x08, 0x62, 0x08, 0x62, 0x08, 0x62, 0x08, 0x62, 0x08, 0x62, 0x08, 0x62, 0x08, 
0x62, 0x08, 0x62, 0x08, 0x62, 0x08, 0x62, 0x08, 0x62, 0x08, 0x62, 0x08, 0x62, 0x08, 0x62, 0x08, 
0x62, 0x08, 0x62, 0x08, 0x62, 0x08, 0x62, 0x08, 0x62, 0x08, 0x62, 0x08, 0x62, 0x08, 0x62, 0x08, 
0x62, 0x08, 0x62, 0x08, 0x62, 0x08, 0x62, 0x08, 0x62, 0x08, 0x62, 0x08, 0x62, 0x08, 0x62, 0x08, 
0x62, 0x08, 0x62, 0x08, 0x62, 0x08, 0x62, 0x08, 0x62, 0x08, 0x62, 0x08, 0x62, 0x08, 0x62, 0x08, 
0x62, 0x08, 0x62, 0x08, 0x62, 0x08, 0x62, 0x08, 0x62, 0x08, 0x62, 0x08, 0x62, 0x08, 0x62, 0x08, 
0x62, 0x08, 0x62, 0x08, 0x62, 0x08, 0x62, 0x08, 0x62, 0x08, 0x62, 0x08, 0x62, 0x08, 0x62, 0x08, 
0x62, 0x08, 0x62, 0x08, 0x62, 0x08, 0x62, 0x08, 0x62, 0x08, 0x62, 0x08, 0x62, 0x08, 0x62, 0x08, 
0x62, 0x08, 0x62, 0x08, 0x62, 0x08, 0x62, 0x08, 0x62, 0x08, 0x62, 0x08, 0x62, 0x08, 0x62, 0x08, 
0x62, 0x08, 0x62, 0x08, 0x62, 0x08, 0x62, 0x08, 0x62, 0x08, 0x62, 0x08, 0x62, 0x08, 0x62, 0x08, 
0x62, 0x08, 0x62, 0x08, 0x62, 0x08, 0x62, 0x08, 0x62, 0x08, 0x62, 0x08, 0x62, 0x08, 0x62, 0x08, 
0x62, 0x08, 0x62, 0x08, 0x62, 0x08, 0x62, 0x08, 0x62, 0x08, 0x62, 0x08, 0x62, 0x08, 0x62, 0x08, 
0x62, 0x08, 0x62, 0x08, 0x62, 0x08, 0x62, 0x08, 0x62, 0x08, 0x62, 0x08, 0x62, 0x08, 0x62, 0x08, 
0x62, 0x08, 0x62, 0x08, 0x62, 0x08, 0x62, 0x08, 0x62, 0x08, 0x62, 0x08, 0x62, 0x08, 0x62, 0x08, 
0x62, 0x08, 0x62, 0x08, 0x62, 0x08, 0x62, 0x08, 0x62, 0x08, 0x62, 0x08, 0x62, 0x08, 0x62, 0x08, 
0x42, 0x08, 0x62, 0x08, 0x62, 0x08, 0x62, 0x08, 0x62, 0x08, 0x62, 0x08, 0x62, 0x08, 0x62, 0x08, 
0x42, 0x08, 0x62, 0x08, 0x42, 0x08, 0x62, 0x08, 0x42, 0x08, 0x42, 0x08, 0x42, 0x08, 0x42, 0x08, 
0x42, 0x08, 0x42, 0x08, 0x42, 0x08, 0x62, 0x08, 0x42, 0x08, 0x42, 0x08, 0x42, 0x08, 0x42, 0x08, 
0x42, 0x08, 0x62, 0x08, 0x42, 0x08, 0x42, 0x08, 0x42, 0x08, 0x42, 0x08, 0x62, 0x08, 0x62, 0x08, 
0x42, 0x08, 0x42, 0x08, 0x42, 0x08, 0x42, 0x08, 0x42, 0x08, 0x42, 0x08, 0x62, 0x08, 0x42, 0x08, 
0x42, 0x08, 0x42, 0x08, 0x42, 0x08, 0x62, 0x08, 0x62, 0x08, 0x62, 0x08, 0x62, 0x08, 0x42, 0x08, 
0x42, 0x08, 0x42, 0x08, 0x42, 0x08, 0x42, 0x08, 0x42, 0x08, 0x42, 0x08, 0x42, 0x08, 0x42, 0x08, 
0x42, 0x08, 0x42, 0x08, 0x42, 0x08, 0x42, 0x08, 0x62, 0x08, 0x62, 0x08, 0x42, 0x08, 0x62, 0x08, 
0x42, 0x08, 0x42, 0x08, 0x42, 0x08, 0x62, 0x08, 0x42, 0x08, 0x42, 0x08, 0x42, 0x08, 0x42, 0x08, 
0x42, 0x08, 0x42, 0x08, 0x42, 0x08, 0x62, 0x08, 0x42, 0x08, 0x42, 0x08, 0x42, 0x08, 0x42, 0x08, 
0x42, 0x08, 0x42, 0x08, 0x42, 0x08, 0x42, 0x08, 0x42, 0x08, 0x42, 0x08, 0x42, 0x08, 0x42, 0x08, 
0x42, 0x08, 0x42, 0x08, 0x42, 0x08, 0x42, 0x08, 0x42, 0x08, 0x42, 0x08, 0x42, 0x08, 0x42, 0x08, 
0x62, 0x08, 0x42, 0x08, 0x62, 0x08, 0x42, 0x08, 0x42, 0x08, 0x42, 0x08, 0x62, 0x08, 0x62, 0x08, 
0x42, 0x08, 0x42, 0x08, 0x42, 0x08, 0x42, 0x08, 0x42, 0x08, 0x42, 0x08, 0x42, 0x08, 0x42, 0x08, 
0x62, 0x08, 0x42, 0x08, 0x42, 0x08, 0x42, 0x08, 0x42, 0x08, 0x62, 0x08, 0x62, 0x08, 0x42, 0x08, 
0x42, 0x08, 0x42, 0x08, 0x42, 0x08, 0x42, 0x08, 0x42, 0x08, 0x62, 0x08, 0x42, 0x08, 0x42, 0x08, 
0x42, 0x08, 0x42, 0x08, 0x42, 0x08, 0x42, 0x08, 0x62, 0x08, 0x42, 0x08, 0x42, 0x08, 0x42, 0x08, 
0x42, 0x08, 0x42, 0x08, 0x42, 0x08, 0x42, 0x08, 0x42, 0x08, 0x42, 0x08, 0x42, 0x08, 0x42, 0x08, 
0x42, 0x08, 0x42, 0x08, 0x42, 0x08, 0x42, 0x08, 0x42, 0x08, 0x42, 0x08, 0x42, 0x08, 0x42, 0x08, 
0x42, 0x08, 0x42, 0x08, 0x42, 0x08, 0x42, 0x08, 0x42, 0x08, 0x42, 0x08, 0x62, 0x08, 0x42, 0x08, 
0x42, 0x08, 0x42, 0x08, 0x42, 0x08, 0x42, 0x08, 0x42, 0x08, 0x42, 0x08, 0x42, 0x08, 0x42, 0x08, 
0x42, 0x08, 0x42, 0x08, 0x62, 0x08, 0x42, 0x08, 0x42, 0x08, 0x42, 0x08, 0x62, 0x08, 0x42, 0x08, 
0x42, 0x08, 0x42, 0x08, 0x42, 0x08, 0x42, 0x08, 0x42, 0x08, 0x42, 0x08, 0x42, 0x08, 0x42, 0x08, 
0x62, 0x08, 0x42, 0x08, 0x42, 0x08, 0x42, 0x08, 0x62, 0x08, 0x42, 0x08, 0x42, 0x08, 0x42, 0x08, 
0x41, 0x08, 0x42, 0x08, 0x42, 0x08, 0x42, 0x08, 0x42, 0x08, 0x42, 0x08, 0x42, 0x08, 0x42, 0x08, 
0x62, 0x08, 0x62, 0x08, 0x62, 0x08, 0x62, 0x08, 0x62, 0x08, 0x62, 0x08, 0x62, 0x08, 0x62, 0x08, 
0x62, 0x08, 0x62, 0x08, 0x62, 0x08, 0x62, 0x08, 0x62, 0x08, 0x62, 0x08, 0x62, 0x08, 0x62, 0x08, 
0x62, 0x08, 0x62, 0x08, 0x62, 0x08, 0x62, 0x08, 0x62, 0x08, 0x62, 0x08, 0x62, 0x08, 0x62, 0x08, 
0x62, 0x08, 0x62, 0x08, 0x62, 0x08, 0x62, 0x08, 0x62, 0x08, 0x62, 0x08, 0x62, 0x08, 0x62, 0x08, 
0x62, 0x08, 0x62, 0x08, 0x62, 0x08, 0x62, 0x08, 0x62, 0x08, 0x62, 0x08, 0x62, 0x08, 0x62, 0x08, 
0x62, 0x08, 0x62, 0x08, 0x62, 0x08, 0x62, 0x08, 0x62, 0x08, 0x62, 0x08, 0x62, 0x08, 0x62, 0x08, 
0x62, 0x08, 0x62, 0x08, 0x62, 0x08, 0x62, 0x08, 0x62, 0x08, 0x62, 0x08, 0x62, 0x08, 0x62, 0x08, 
0x62, 0x08, 0x62, 0x08, 0x62, 0x08, 0x62, 0x08, 0x62, 0x08, 0x62, 0x08, 0x62, 0x08, 0x62, 0x08, 
0x62, 0x08, 0x62, 0x08, 0x62, 0x08, 0x62, 0x08, 0x62, 0x08, 0x62, 0x08, 0x62, 0x08, 0x62, 0x08, 
0x62, 0x08, 0x62, 0x08, 0x62, 0x08, 0x62, 0x08, 0x62, 0x08, 0x62, 0x08, 0x62, 0x08, 0x62, 0x08, 
0x62, 0x08, 0x62, 0x08, 0x62, 0x08, 0x62, 0x08, 0x62, 0x08, 0x62, 0x08, 0x62, 0x08, 0x62, 0x08, 
0x62, 0x08, 0x62, 0x08, 0x62, 0x08, 0x62, 0x08, 0x62, 0x08, 0x62, 0x08, 0x62, 0x08, 0x62, 0x08, 
0x62, 0x08, 0x62, 0x08, 0x62, 0x08, 0x62, 0x08, 0x62, 0x08, 0x62, 0x08, 0x62, 0x08, 0x62, 0x08, 
0x62, 0x08, 0x62, 0x08, 0x62, 0x08, 0x62, 0x08, 0x62, 0x08, 0x62, 0x08, 0x62, 0x08, 0x62, 0x08, 
0x62, 0x08, 0x62, 0x08, 0x62, 0x08, 0x62, 0x08, 0x62, 0x08, 0x62, 0x08, 0x62, 0x08, 0x62, 0x08, 
0x42, 0x08, 0x62, 0x08, 0x62, 0x08, 0x42, 0x08, 0x62, 0x08, 0x62, 0x08, 0x62, 0x08, 0x62, 0x08, 
0x62, 0x08, 0x62, 0x08, 0x62, 0x08, 0x42, 0x08, 0x42, 0x08, 0x42, 0x08, 0x42, 0x08, 0x42, 0x08, 
0x42, 0x08, 0x42, 0x08, 0x42, 0x08, 0x42, 0x08, 0x42, 0x08, 0x42, 0x08, 0x42, 0x08, 0x42, 0x08, 
0x42, 0x08, 0x42, 0x08, 0x42, 0x00, 0x42, 0x08, 0x42, 0x08, 0x42, 0x08, 0x62, 0x08, 0x42, 0x08, 
0x42, 0x08, 0x42, 0x08, 0x42, 0x08, 0x42, 0x08, 0x42, 0x08, 0x42, 0x08, 0x42, 0x08, 0x42, 0x08, 
0x42, 0x08, 0x42, 0x08, 0x42, 0x08, 0x62, 0x08, 0x62, 0x08, 0x62, 0x08, 0x62, 0x08, 0x42, 0x08, 
0x42, 0x08, 0x42, 0x08, 0x42, 0x08, 0x42, 0x08, 0x42, 0x08, 0x62, 0x08, 0x42, 0x08, 0x42, 0x08, 
0x42, 0x08, 0x42, 0x08, 0x42, 0x08, 0x42, 0x08, 0x42, 0x08, 0x62, 0x08, 0x42, 0x08, 0x42, 0x08, 
0x42, 0x00, 0x42, 0x08, 0x42, 0x08, 0x42, 0x08, 0x42, 0x08, 0x42, 0x08, 0x42, 0x08, 0x42, 0x08, 
0x42, 0x08, 0x42, 0x08, 0x42, 0x08, 0x42, 0x08, 0x42, 0x00, 0x42, 0x08, 0x42, 0x08, 0x42, 0x08, 
0x62, 0x08, 0x42, 0x08, 0x42, 0x08, 0x42, 0x08, 0x42, 0x08, 0x42, 0x08, 0x42, 0x08, 0x42, 0x08, 
0x42, 0x08, 0x42, 0x08, 0x42, 0x08, 0x42, 0x08, 0x62, 0x08, 0x62, 0x08, 0x62, 0x08, 0x62, 0x08, 
0x62, 0x08, 0x42, 0x08, 0x42, 0x08, 0x42, 0x08, 0x42, 0x08, 0x42, 0x08, 0x42, 0x08, 0x42, 0x08, 
0x42, 0x00, 0x42, 0x08, 0x42, 0x08, 0x42, 0x08, 0x42, 0x08, 0x42, 0x08, 0x42, 0x08, 0x42, 0x08, 
0x42, 0x08, 0x41, 0x08, 0x41, 0x08, 0x42, 0x08, 0x42, 0x08, 0x42, 0x08, 0x42, 0x08, 0x42, 0x08, 
0x42, 0x08, 0x42, 0x08, 0x42, 0x08, 0x42, 0x08, 0x42, 0x08, 0x42, 0x08, 0x42, 0x08, 0x42, 0x08, 
0x42, 0x08, 0x42, 0x00, 0x42, 0x08, 0x42, 0x00, 0x42, 0x08, 0x42, 0x08, 0x42, 0x08, 0x42, 0x08, 
0x42, 0x08, 0x42, 0x08, 0x42, 0x08, 0x42, 0x08, 0x42, 0x08, 0x42, 0x08, 0x42, 0x08, 0x42, 0x08, 
0x42, 0x08, 0x42, 0x08, 0x42, 0x00, 0x42, 0x08, 0x42, 0x08, 0x42, 0x08, 0x42, 0x08, 0x42, 0x08, 
0x42, 0x08, 0x42, 0x08, 0x42, 0x00, 0x42, 0x00, 0x42, 0x08, 0x42, 0x08, 0x42, 0x08, 0x42, 0x08, 
0x42, 0x08, 0x42, 0x08, 0x42, 0x08, 0x42, 0x08, 0x42, 0x08, 0x42, 0x08, 0x42, 0x08, 0x42, 0x08, 
0x42, 0x08, 0x42, 0x08, 0x42, 0x08, 0x42, 0x08, 0x42, 0x08, 0x42, 0x08, 0x41, 0x00, 0x42, 0x08, 
0x42, 0x08, 0x42, 0x08, 0x42, 0x08, 0x42, 0x08, 0x42, 0x08, 0x42, 0x08, 0x42, 0x08, 0x42, 0x08, 
0x42, 0x08, 0x42, 0x08, 0x42, 0x08, 0x42, 0x08, 0x42, 0x08, 0x42, 0x08, 0x42, 0x08, 0x42, 0x08, 
0x41, 0x00, 0x42, 0x08, 0x41, 0x00, 0x41, 0x00, 0x42, 0x08, 0x42, 0x08, 0x42, 0x08, 0x42, 0x08, 
0x62, 0x08, 0x62, 0x08, 0x62, 0x08, 0x62, 0x08, 0x62, 0x08, 0x62, 0x08, 0x62, 0x08, 0x62, 0x08, 
0x62, 0x08, 0x62, 0x08, 0x62, 0x08, 0x62, 0x08, 0x62, 0x08, 0x62, 0x08, 0x62, 0x08, 0x62, 0x08, 
0x62, 0x08, 0x62, 0x08, 0x62, 0x08, 0x62, 0x08, 0x62, 0x08, 0x62, 0x08, 0x62, 0x08, 0x62, 0x08, 
0x62, 0x08, 0x62, 0x08, 0x62, 0x08, 0x62, 0x08, 0x62, 0x08, 0x62, 0x08, 0x62, 0x08, 0x62, 0x08, 
0x62, 0x08, 0x62, 0x08, 0x62, 0x08, 0x62, 0x08, 0x62, 0x08, 0x62, 0x08, 0x62, 0x08, 0x62, 0x08, 
0x62, 0x08, 0x62, 0x08, 0x62, 0x08, 0x62, 0x08, 0x62, 0x08, 0x62, 0x08, 0x62, 0x08, 0x62, 0x08, 
0x62, 0x08, 0x62, 0x08, 0x62, 0x08, 0x62, 0x08, 0x62, 0x08, 0x62, 0x08, 0x62, 0x08, 0x62, 0x08, 
0x62, 0x08, 0x62, 0x08, 0x62, 0x08, 0x62, 0x08, 0x62, 0x08, 0x62, 0x08, 0x62, 0x08, 0x62, 0x08, 
0x62, 0x08, 0x62, 0x08, 0x62, 0x08, 0x62, 0x08, 0x62, 0x08, 0x62, 0x08, 0x62, 0x08, 0x62, 0x08, 
0x62, 0x08, 0x62, 0x08, 0x62, 0x08, 0x62, 0x08, 0x62, 0x08, 0x62, 0x08, 0x62, 0x08, 0x62, 0x08, 
0x62, 0x08, 0x62, 0x08, 0x62, 0x08, 0x62, 0x08, 0x62, 0x08, 0x62, 0x08, 0x62, 0x08, 0x62, 0x08, 
0x62, 0x08, 0x62, 0x08, 0x62, 0x08, 0x62, 0x08, 0x62, 0x08, 0x62, 0x08, 0x62, 0x08, 0x62, 0x08, 
0x62, 0x08, 0x62, 0x08, 0x62, 0x08, 0x62, 0x08, 0x62, 0x08, 0x62, 0x08, 0x62, 0x08, 0x62, 0x08, 
0x62, 0x08, 0x62, 0x08, 0x62, 0x08, 0x62, 0x08, 0x62, 0x08, 0x62, 0x08, 0x62, 0x08, 0x62, 0x08, 
0x62, 0x08, 0x62, 0x08, 0x62, 0x08, 0x62, 0x08, 0x62, 0x08, 0x62, 0x08, 0x62, 0x08, 0x62, 0x08, 
0x62, 0x08, 0x62, 0x08, 0x62, 0x08, 0x62, 0x08, 0x62, 0x08, 0x62, 0x08, 0x62, 0x08, 0x62, 0x08, 
0x42, 0x08, 0x62, 0x08, 0x62, 0x08, 0x62, 0x08, 0x62, 0x08, 0x42, 0x08, 0x42, 0x08, 0x42, 0x08, 
0x42, 0x08, 0x42, 0x08, 0x41, 0x08, 0x42, 0x00, 0x42, 0x08, 0x42, 0x08, 0x42, 0x08, 0x42, 0x08, 
0x42, 0x08, 0x62, 0x08, 0x42, 0x08, 0x42, 0x08, 0x42, 0x08, 0x42, 0x08, 0x42, 0x08, 0x42, 0x08, 
0x42, 0x08, 0x42, 0x08, 0x62, 0x08, 0x62, 0x08, 0x62, 0x08, 0x42, 0x08, 0x42, 0x08, 0x62, 0x08, 
0x62, 0x08, 0x62, 0x08, 0x62, 0x08, 0x62, 0x08, 0x62, 0x08, 0x62, 0x08, 0x62, 0x08, 0x42, 0x08, 
0x42, 0x08, 0x42, 0x00, 0x42, 0x08, 0x62, 0x08, 0x62, 0x08, 0x62, 0x08, 0x62, 0x08, 0x42, 0x08, 
0x42, 0x08, 0x62, 0x08, 0x62, 0x08, 0x62, 0x08, 0x62, 0x08, 0x62, 0x08, 0x62, 0x08, 0x62, 0x08, 
0x62, 0x08, 0x62, 0x08, 0x62, 0x08, 0x62, 0x08, 0x62, 0x08, 0x62, 0x08, 0x62, 0x08, 0x62, 0x08, 
0x62, 0x08, 0x62, 0x08, 0x62, 0x08, 0x42, 0x08, 0x62, 0x08, 0x62, 0x08, 0x42, 0x08, 0x62, 0x08, 
0x62, 0x08, 0x62, 0x08, 0x62, 0x08, 0x62, 0x08, 0x62, 0x08, 0x62, 0x08, 0x62, 0x08, 0x62, 0x08, 
0x62, 0x08, 0x62, 0x08, 0x42, 0x08, 0x42, 0x08, 0x62, 0x08, 0x62, 0x08, 0x62, 0x08, 0x62, 0x08, 
0x62, 0x08, 0x42, 0x08, 0x42, 0x00, 0x62, 0x08, 0x62, 0x08, 0x42, 0x08, 0x42, 0x08, 0x42, 0x08, 
0x42, 0x08, 0x62, 0x08, 0x62, 0x08, 0x62, 0x08, 0x42, 0x08, 0x62, 0x08, 0x62, 0x08, 0x62, 0x08, 
0x62, 0x08, 0x42, 0x08, 0x42, 0x08, 0x62, 0x08, 0x42, 0x08, 0x42, 0x08, 0x42, 0x08, 0x62, 0x08, 
0x62, 0x08, 0x62, 0x08, 0x62, 0x08, 0x42, 0x08, 0x62, 0x08, 0x42, 0x08, 0x42, 0x08, 0x42, 0x08, 
0x42, 0x08, 0x62, 0x08, 0x62, 0x08, 0x62, 0x08, 0x62, 0x08, 0x62, 0x08, 0x62, 0x08, 0x62, 0x08, 
0x62, 0x08, 0x62, 0x08, 0x62, 0x08, 0x62, 0x08, 0x62, 0x08, 0x62, 0x08, 0x62, 0x08, 0x62, 0x08, 
0x62, 0x08, 0x62, 0x08, 0x42, 0x08, 0x62, 0x08, 0x42, 0x08, 0x62, 0x08, 0x41, 0x08, 0x42, 0x08, 
0x42, 0x08, 0x42, 0x00, 0x42, 0x08, 0x42, 0x08, 0x42, 0x08, 0x42, 0x08, 0x42, 0x08, 0x42, 0x08, 
0x42, 0x08, 0x42, 0x08, 0x42, 0x08, 0x42, 0x08, 0x42, 0x08, 0x42, 0x08, 0x42, 0x00, 0x42, 0x08, 
0x42, 0x08, 0x42, 0x08, 0x42, 0x08, 0x42, 0x08, 0x42, 0x08, 0x42, 0x08, 0x41, 0x00, 0x42, 0x08, 
0x42, 0x08, 0x42, 0x08, 0x42, 0x08, 0x42, 0x08, 0x42, 0x08, 0x42, 0x08, 0x42, 0x08, 0x42, 0x08, 
0x42, 0x08, 0x42, 0x08, 0x42, 0x08, 0x42, 0x08, 0x42, 0x08, 0x41, 0x08, 0x42, 0x08, 0x42, 0x08, 
0x42, 0x08, 0x42, 0x08, 0x42, 0x08, 0x41, 0x00, 0x42, 0x08, 0x42, 0x08, 0x42, 0x08, 0x42, 0x08, 
0x62, 0x08, 0x62, 0x08, 0x62, 0x08, 0x62, 0x08, 0x62, 0x08, 0x62, 0x08, 0x62, 0x08, 0x62, 0x08, 
0x62, 0x08, 0x62, 0x08, 0x62, 0x08, 0x62, 0x08, 0x62, 0x08, 0x62, 0x08, 0x62, 0x08, 0x62, 0x08, 
0x62, 0x08, 0x62, 0x08, 0x62, 0x08, 0x62, 0x08, 0x62, 0x08, 0x62, 0x08, 0x62, 0x08, 0x62, 0x08, 
0x62, 0x08, 0x62, 0x08, 0x62, 0x08, 0x62, 0x08, 0x62, 0x08, 0x62, 0x08, 0x62, 0x08, 0x62, 0x08, 
0x62, 0x08, 0x62, 0x08, 0x62, 0x08, 0x62, 0x08, 0x62, 0x08, 0x62, 0x08, 0x62, 0x08, 0x62, 0x08, 
0x62, 0x08, 0x62, 0x08, 0x62, 0x08, 0x62, 0x08, 0x62, 0x08, 0x62, 0x08, 0x62, 0x08, 0x62, 0x08, 
0x62, 0x08, 0x62, 0x08, 0x62, 0x08, 0x62, 0x08, 0x62, 0x08, 0x62, 0x08, 0x62, 0x08, 0x62, 0x08, 
0x62, 0x08, 0x62, 0x08, 0x62, 0x08, 0x62, 0x08, 0x62, 0x08, 0x62, 0x08, 0x62, 0x08, 0x62, 0x08, 
0x62, 0x08, 0x62, 0x08, 0x62, 0x08, 0x62, 0x08, 0x62, 0x08, 0x62, 0x08, 0x62, 0x08, 0x62, 0x08, 
0x62, 0x08, 0x62, 0x08, 0x62, 0x08, 0x62, 0x08, 0x62, 0x08, 0x62, 0x08, 0x62, 0x08, 0x62, 0x08, 
0x62, 0x08, 0x62, 0x08, 0x62, 0x08, 0x62, 0x08, 0x62, 0x08, 0x62, 0x08, 0x62, 0x08, 0x62, 0x08, 
0x62, 0x08, 0x62, 0x08, 0x62, 0x08, 0x62, 0x08, 0x62, 0x08, 0x62, 0x08, 0x62, 0x08, 0x62, 0x08, 
0x62, 0x08, 0x62, 0x08, 0x62, 0x08, 0x62, 0x08, 0x62, 0x08, 0x62, 0x08, 0x62, 0x08, 0x62, 0x08, 
0x62, 0x08, 0x62, 0x08, 0x62, 0x08, 0x62, 0x08, 0x62, 0x08, 0x62, 0x08, 0x62, 0x08, 0x62, 0x08, 
0x62, 0x08, 0x62, 0x08, 0x62, 0x08, 0x42, 0x08, 0x62, 0x08, 0x42, 0x08, 0x42, 0x08, 0x42, 0x08, 
0x42, 0x08, 0x41, 0x00, 0x62, 0x08, 0x62, 0x08, 0x42, 0x08, 0x42, 0x08, 0x42, 0x08, 0x62, 0x08, 
0x42, 0x08, 0x42, 0x08, 0x42, 0x08, 0x42, 0x08, 0x42, 0x08, 0x42, 0x08, 0x42, 0x08, 0x42, 0x08, 
0x41, 0x08, 0x42, 0x08, 0x42, 0x08, 0x42, 0x08, 0x41, 0x08, 0x42, 0x08, 0x42, 0x08, 0x41, 0x00, 
0x42, 0x08, 0x62, 0x08, 0x62, 0x08, 0x42, 0x08, 0x62, 0x08, 0x62, 0x08, 0x62, 0x08, 0x62, 0x08, 
0x42, 0x08, 0x42, 0x08, 0x62, 0x08, 0x62, 0x08, 0x62, 0x08, 0x62, 0x08, 0x62, 0x08, 0x62, 0x08, 
0x62, 0x08, 0x62, 0x08, 0x62, 0x08, 0x62, 0x08, 0x62, 0x08, 0x62, 0x08, 0x62, 0x08, 0x62, 0x08, 
0x42, 0x08, 0x42, 0x08, 0x62, 0x08, 0x62, 0x08, 0x62, 0x08, 0x62, 0x08, 0x62, 0x08, 0x62, 0x08, 
0x62, 0x08, 0x62, 0x08, 0x62, 0x08, 0x62, 0x08, 0x62, 0x08, 0x62, 0x08, 0x62, 0x08, 0x62, 0x08, 
0x62, 0x08, 0x62, 0x08, 0x62, 0x08, 0x62, 0x08, 0x62, 0x08, 0x62, 0x08, 0x62, 0x08, 0x62, 0x08, 
0x62, 0x08, 0x62, 0x08, 0x42, 0x08, 0x62, 0x08, 0x62, 0x08, 0x62, 0x08, 0x62, 0x08, 0x62, 0x08, 
0x62, 0x08, 0x62, 0x08, 0x62, 0x08, 0x62, 0x08, 0x62, 0x08, 0x62, 0x08, 0x62, 0x08, 0x62, 0x08, 
0x62, 0x08, 0x62, 0x08, 0x62, 0x08, 0x62, 0x08, 0x62, 0x08, 0x62, 0x08, 0x62, 0x08, 0x62, 0x08, 
0x62, 0x08, 0x62, 0x08, 0x42, 0x00, 0x42, 0x08, 0x62, 0x08, 0x62, 0x08, 0x62, 0x08, 0x62, 0x08, 
0x62, 0x08, 0x62, 0x08, 0x62, 0x08, 0x62, 0x08, 0x42, 0x08, 0x62, 0x08, 0x62, 0x08, 0x62, 0x08, 
0x62, 0x08, 0x62, 0x08, 0x62, 0x08, 0x62, 0x08, 0x62, 0x08, 0x62, 0x08, 0x42, 0x08, 0x62, 0x08, 
0x62, 0x08, 0x62, 0x08, 0x62, 0x08, 0x62, 0x08, 0x62, 0x08, 0x62, 0x08, 0x42, 0x08, 0x42, 0x08, 
0x42, 0x08, 0x62, 0x08, 0x62, 0x08, 0x62, 0x08, 0x62, 0x08, 0x62, 0x08, 0x62, 0x08, 0x62, 0x08, 
0x62, 0x08, 0x62, 0x08, 0x62, 0x08, 0x62, 0x08, 0x62, 0x08, 0x62, 0x08, 0x62, 0x08, 0x62, 0x08, 
0x62, 0x08, 0x62, 0x08, 0x62, 0x08, 0x62, 0x08, 0x62, 0x08, 0x62, 0x08, 0x42, 0x00, 0x42, 0x08, 
0x42, 0x08, 0x41, 0x08, 0x42, 0x00, 0x42, 0x08, 0x42, 0x08, 0x42, 0x08, 0x42, 0x08, 0x42, 0x08, 
0x42, 0x08, 0x42, 0x08, 0x42, 0x08, 0x42, 0x08, 0x42, 0x08, 0x42, 0x08, 0x42, 0x08, 0x42, 0x08, 
0x42, 0x08, 0x42, 0x08, 0x42, 0x08, 0x42, 0x08, 0x42, 0x08, 0x41, 0x00, 0x42, 0x08, 0x42, 0x08, 
0x42, 0x00, 0x42, 0x08, 0x42, 0x00, 0x42, 0x08, 0x42, 0x08, 0x42, 0x08, 0x42, 0x08, 0x42, 0x08, 
0x42, 0x08, 0x42, 0x08, 0x42, 0x08, 0x42, 0x00, 0x42, 0x08, 0x42, 0x08, 0x42, 0x08, 0x42, 0x08, 
0x42, 0x08, 0x42, 0x08, 0x42, 0x00, 0x41, 0x00, 0x41, 0x00, 0x41, 0x00, 0x42, 0x08, 0x42, 0x08, 
0x62, 0x08, 0x62, 0x08, 0x62, 0x08, 0x62, 0x08, 0x62, 0x08, 0x62, 0x08, 0x62, 0x08, 0x62, 0x08, 
0x62, 0x08, 0x62, 0x08, 0x62, 0x08, 0x62, 0x08, 0x62, 0x08, 0x62, 0x08, 0x62, 0x08, 0x62, 0x08, 
0x62, 0x08, 0x62, 0x08, 0x62, 0x08, 0x62, 0x08, 0x62, 0x08, 0x62, 0x08, 0x62, 0x08, 0x62, 0x08, 
0x62, 0x08, 0x62, 0x08, 0x62, 0x08, 0x62, 0x08, 0x62, 0x08, 0x62, 0x08, 0x62, 0x08, 0x62, 0x08, 
0x62, 0x08, 0x62, 0x08, 0x62, 0x08, 0x62, 0x08, 0x62, 0x08, 0x62, 0x08, 0x62, 0x08, 0x62, 0x08, 
0x62, 0x08, 0x62, 0x08, 0x62, 0x08, 0x62, 0x08, 0x62, 0x08, 0x62, 0x08, 0x62, 0x08, 0x62, 0x08, 
0x62, 0x08, 0x62, 0x08, 0x62, 0x08, 0x62, 0x08, 0x62, 0x08, 0x62, 0x08, 0x62, 0x08, 0x62, 0x08, 
0x62, 0x08, 0x62, 0x08, 0x62, 0x08, 0x62, 0x08, 0x62, 0x08, 0x62, 0x08, 0x62, 0x08, 0x62, 0x08, 
0x62, 0x08, 0x62, 0x08, 0x62, 0x08, 0x62, 0x08, 0x62, 0x08, 0x62, 0x08, 0x62, 0x08, 0x62, 0x08, 
0x62, 0x08, 0x62, 0x08, 0x62, 0x08, 0x62, 0x08, 0x62, 0x08, 0x62, 0x08, 0x62, 0x08, 0x62, 0x08, 
0x62, 0x08, 0x62, 0x08, 0x62, 0x08, 0x62, 0x08, 0x62, 0x08, 0x62, 0x08, 0x62, 0x08, 0x62, 0x08, 
0x42, 0x08, 0x62, 0x08, 0x62, 0x08, 0x62, 0x08, 0x42, 0x08, 0x62, 0x08, 0x62, 0x08, 0x42, 0x08, 
0x62, 0x08, 0x62, 0x08, 0x62, 0x08, 0x62, 0x08, 0x62, 0x08, 0x62, 0x08, 0x62, 0x08, 0x62, 0x08, 
0x62, 0x08, 0x62, 0x08, 0x62, 0x08, 0x62, 0x08, 0x62, 0x08, 0x62, 0x08, 0x62, 0x08, 0x62, 0x08, 
0x62, 0x08, 0x62, 0x08, 0x62, 0x08, 0x42, 0x08, 0x62, 0x08, 0x42, 0x08, 0x42, 0x08, 0x62, 0x08, 
0x42, 0x08, 0x41, 0x00, 0x62, 0x08, 0x62, 0x08, 0x62, 0x08, 0x42, 0x08, 0x42, 0x08, 0x62, 0x08, 
0x62, 0x08, 0x62, 0x08, 0x42, 0x08, 0x42, 0x08, 0x42, 0x08, 0x62, 0x08, 0x62, 0x08, 0x62, 0x08, 
0x42, 0x08, 0x62, 0x08, 0x62, 0x08, 0x62, 0x08, 0x62, 0x08, 0x62, 0x08, 0x62, 0x08, 0x42, 0x08, 
0x62, 0x08, 0x62, 0x08, 0x62, 0x08, 0x62, 0x08, 0x62, 0x08, 0x62, 0x08, 0x62, 0x08, 0x62, 0x08, 
0x62, 0x08, 0x62, 0x08, 0x62, 0x08, 0x62, 0x08, 0x62, 0x08, 0x62, 0x08, 0x62, 0x08, 0x62, 0x08, 
0x62, 0x08, 0x62, 0x08, 0x62, 0x08, 0x62, 0x08, 0x62, 0x08, 0x62, 0x08, 0x62, 0x08, 0x62, 0x08, 
0x62, 0x08, 0x62, 0x08, 0x62, 0x08, 0x62, 0x08, 0x62, 0x08, 0x62, 0x08, 0x62, 0x08, 0x62, 0x08, 
0x62, 0x08, 0x62, 0x08, 0x62, 0x08, 0x62, 0x08, 0x62, 0x08, 0x62, 0x08, 0x62, 0x08, 0x62, 0x08, 
0x62, 0x08, 0x62, 0x08, 0x62, 0x08, 0x62, 0x08, 0x42, 0x08, 0x62, 0x08, 0x62, 0x08, 0x62, 0x08, 
0x62, 0x08, 0x42, 0x08, 0x42, 0x00, 0x62, 0x08, 0x62, 0x08, 0x62, 0x08, 0x62, 0x08, 0x62, 0x08, 
0x62, 0x08, 0x62, 0x08, 0x62, 0x08, 0x62, 0x08, 0x62, 0x08, 0x62, 0x08, 0x62, 0x08, 0x62, 0x08, 
0x62, 0x08, 0x62, 0x08, 0x62, 0x08, 0x62, 0x08, 0x62, 0x08, 0x62, 0x08, 0x42, 0x08, 0x62, 0x08, 
0x62, 0x08, 0x42, 0x08, 0x62, 0x08, 0x62, 0x08, 0x62, 0x08, 0x62, 0x08, 0x62, 0x08, 0x62, 0x08, 
0x62, 0x08, 0x62, 0x08, 0x62, 0x08, 0x62, 0x08, 0x62, 0x08, 0x62, 0x08, 0x62, 0x08, 0x62, 0x08, 
0x62, 0x08, 0x62, 0x08, 0x62, 0x08, 0x42, 0x08, 0x62, 0x08, 0x62, 0x08, 0x62, 0x08, 0x62, 0x08, 
0x62, 0x08, 0x62, 0x08, 0x62, 0x08, 0x62, 0x08, 0x62, 0x08, 0x62, 0x08, 0x42, 0x08, 0x41, 0x08, 
0x41, 0x00, 0x62, 0x08, 0x62, 0x08, 0x62, 0x08, 0x62, 0x08, 0x41, 0x00, 0x42, 0x08, 0x62, 0x08, 
0x62, 0x08, 0x62, 0x08, 0x62, 0x08, 0x62, 0x08, 0x62, 0x08, 0x62, 0x08, 0x62, 0x08, 0x62, 0x08, 
0x62, 0x08, 0x62, 0x08, 0x62, 0x08, 0x42, 0x08, 0x62, 0x08, 0x62, 0x08, 0x62, 0x08, 0x42, 0x08, 
0x41, 0x00, 0x42, 0x08, 0x42, 0x00, 0x42, 0x08, 0x62, 0x08, 0x62, 0x08, 0x62, 0x08, 0x62, 0x08, 
0x62, 0x08, 0x62, 0x08, 0x62, 0x08, 0x62, 0x08, 0x62, 0x08, 0x62, 0x08, 0x62, 0x08, 0x62, 0x08, 
0x62, 0x08, 0x62, 0x08, 0x62, 0x08, 0x62, 0x08, 0x41, 0x00, 0x42, 0x00, 0x62, 0x08, 0x42, 0x08, 
0x42, 0x08, 0x62, 0x08, 0x62, 0x08, 0x62, 0x08, 0x62, 0x08, 0x62, 0x08, 0x62, 0x08, 0x62, 0x08, 
0x62, 0x08, 0x62, 0x08, 0x42, 0x08, 0x41, 0x00, 0x42, 0x08, 0x42, 0x08, 0x42, 0x08, 0x42, 0x08, 
0x42, 0x08, 0x41, 0x08, 0x42, 0x00, 0x42, 0x00, 0x42, 0x00, 0x41, 0x00, 0x42, 0x08, 0x42, 0x08, 
0x62, 0x08, 0x62, 0x08, 0x62, 0x08, 0x62, 0x08, 0x62, 0x08, 0x62, 0x08, 0x62, 0x08, 0x62, 0x08, 
0x62, 0x08, 0x62, 0x08, 0x62, 0x08, 0x62, 0x08, 0x62, 0x08, 0x62, 0x08, 0x62, 0x08, 0x62, 0x08, 
0x62, 0x08, 0x62, 0x08, 0x62, 0x08, 0x62, 0x08, 0x62, 0x08, 0x62, 0x08, 0x62, 0x08, 0x62, 0x08, 
0x62, 0x08, 0x62, 0x08, 0x62, 0x08, 0x62, 0x08, 0x62, 0x08, 0x62, 0x08, 0x62, 0x08, 0x62, 0x08, 
0x62, 0x08, 0x62, 0x08, 0x62, 0x08, 0x62, 0x08, 0x62, 0x08, 0x62, 0x08, 0x62, 0x08, 0x62, 0x08, 
0x62, 0x08, 0x62, 0x08, 0x62, 0x08, 0x62, 0x08, 0x62, 0x08, 0x62, 0x08, 0x62, 0x08, 0x62, 0x08, 
0x62, 0x08, 0x62, 0x08, 0x62, 0x08, 0x62, 0x08, 0x62, 0x08, 0x62, 0x08, 0x62, 0x08, 0x62, 0x08, 
0x62, 0x08, 0x62, 0x08, 0x62, 0x08, 0x62, 0x08, 0x62, 0x08, 0x62, 0x08, 0x62, 0x08, 0x62, 0x08, 
0x62, 0x08, 0x62, 0x08, 0x62, 0x08, 0x62, 0x08, 0x62, 0x08, 0x62, 0x08, 0x62, 0x08, 0x62, 0x08, 
0x62, 0x08, 0x62, 0x08, 0x62, 0x08, 0x62, 0x08, 0x62, 0x08, 0x62, 0x08, 0x62, 0x08, 0x62, 0x08, 
0x62, 0x08, 0x62, 0x08, 0x62, 0x08, 0x62, 0x08, 0x62, 0x08, 0x42, 0x08, 0x42, 0x08, 0x62, 0x08, 
0x62, 0x08, 0x42, 0x08, 0x41, 0x08, 0x42, 0x08, 0x42, 0x00, 0x41, 0x00, 0x42, 0x08, 0x42, 0x08, 
0x42, 0x08, 0x42, 0x08, 0x42, 0x08, 0x42, 0x08, 0x42, 0x08, 0x42, 0x08, 0x42, 0x08, 0x42, 0x08, 
0x42, 0x08, 0x42, 0x08, 0x42, 0x08, 0x42, 0x08, 0x42, 0x08, 0x42, 0x08, 0x42, 0x00, 0x42, 0x00, 
0x42, 0x08, 0x42, 0x08, 0x42, 0x08, 0x42, 0x08, 0x42, 0x08, 0x42, 0x08, 0x42, 0x08, 0x62, 0x08, 
0x62, 0x08, 0x42, 0x08, 0x62, 0x08, 0x62, 0x08, 0x62, 0x08, 0x62, 0x08, 0x42, 0x08, 0x62, 0x08, 
0x62, 0x08, 0x62, 0x08, 0x62, 0x08, 0x62, 0x08, 0x62, 0x08, 0x62, 0x08, 0x62, 0x08, 0x42, 0x08, 
0x62, 0x08, 0x42, 0x08, 0x42, 0x08, 0x42, 0x08, 0x42, 0x08, 0x42, 0x08, 0x42, 0x08, 0x42, 0x08, 
0x62, 0x08, 0x62, 0x08, 0x62, 0x08, 0x62, 0x08, 0x62, 0x08, 0x62, 0x08, 0x62, 0x08, 0x62, 0x08, 
0x62, 0x08, 0x42, 0x08, 0x42, 0x08, 0x62, 0x08, 0x62, 0x08, 0x62, 0x08, 0x62, 0x08, 0x62, 0x08, 
0x62, 0x08, 0x62, 0x08, 0x62, 0x08, 0x62, 0x08, 0x62, 0x08, 0x62, 0x08, 0x62, 0x08, 0x42, 0x08, 
0x42, 0x08, 0x42, 0x08, 0x62, 0x08, 0x42, 0x08, 0x42, 0x00, 0x42, 0x08, 0x42, 0x08, 0x42, 0x08, 
0x42, 0x08, 0x42, 0x08, 0x42, 0x00, 0x42, 0x08, 0x62, 0x08, 0x62, 0x08, 0x62, 0x08, 0x62, 0x08, 
0x42, 0x08, 0x42, 0x08, 0x42, 0x08, 0x42, 0x08, 0x42, 0x08, 0x42, 0x08, 0x62, 0x08, 0x42, 0x08, 
0x42, 0x08, 0x42, 0x08, 0x42, 0x00, 0x42, 0x08, 0x42, 0x08, 0x62, 0x08, 0x62, 0x08, 0x62, 0x08, 
0x62, 0x08, 0x42, 0x08, 0x62, 0x08, 0x42, 0x08, 0x62, 0x08, 0x62, 0x08, 0x62, 0x08, 0x42, 0x08, 
0x42, 0x08, 0x42, 0x08, 0x42, 0x08, 0x42, 0x00, 0x62, 0x08, 0x42, 0x08, 0x42, 0x08, 0x42, 0x08, 
0x42, 0x08, 0x42, 0x08, 0x42, 0x08, 0x42, 0x08, 0x42, 0x08, 0x42, 0x00, 0x42, 0x08, 0x62, 0x08, 
0x62, 0x08, 0x42, 0x00, 0x42, 0x08, 0x62, 0x08, 0x62, 0x08, 0x62, 0x08, 0x62, 0x08, 0x42, 0x08, 
0x62, 0x08, 0x62, 0x08, 0x42, 0x08, 0x62, 0x08, 0x62, 0x08, 0x62, 0x08, 0x42, 0x08, 0x42, 0x08, 
0x42, 0x08, 0x42, 0x08, 0x42, 0x08, 0x62, 0x08, 0x42, 0x08, 0x42, 0x08, 0x62, 0x08, 0x42, 0x08, 
0x42, 0x08, 0x62, 0x08, 0x62, 0x08, 0x62, 0x08, 0x62, 0x08, 0x42, 0x00, 0x42, 0x08, 0x62, 0x08, 
0x62, 0x08, 0x62, 0x08, 0x62, 0x08, 0x62, 0x08, 0x62, 0x08, 0x62, 0x08, 0x62, 0x08, 0x42, 0x08, 
0x42, 0x08, 0x42, 0x08, 0x62, 0x08, 0x42, 0x08, 0x42, 0x08, 0x42, 0x08, 0x42, 0x08, 0x42, 0x08, 
0x42, 0x08, 0x42, 0x08, 0x42, 0x08, 0x42, 0x08, 0x41, 0x00, 0x42, 0x08, 0x62, 0x08, 0x62, 0x08, 
0x62, 0x08, 0x62, 0x08, 0x62, 0x08, 0x62, 0x08, 0x62, 0x08, 0x62, 0x08, 0x62, 0x08, 0x62, 0x08, 
0x42, 0x08, 0x42, 0x08, 0x41, 0x08, 0x42, 0x08, 0x42, 0x08, 0x42, 0x08, 0x42, 0x08, 0x42, 0x08, 
0x42, 0x08, 0x62, 0x08, 0x42, 0x00, 0x42, 0x08, 0x62, 0x08, 0x62, 0x08, 0x62, 0x08, 0x62, 0x08, 
0x62, 0x08, 0x42, 0x08, 0x42, 0x08, 0x62, 0x08, 0x62, 0x08, 0x62, 0x08, 0x62, 0x08, 0x62, 0x08, 
0x62, 0x08, 0x62, 0x08, 0x62, 0x08, 0x42, 0x08, 0x42, 0x08, 0x41, 0x08, 0x42, 0x00, 0x41, 0x00, 
0x62, 0x08, 0x62, 0x08, 0x62, 0x08, 0x62, 0x08, 0x62, 0x08, 0x62, 0x08, 0x62, 0x08, 0x62, 0x08, 
0x62, 0x08, 0x62, 0x08, 0x62, 0x08, 0x62, 0x08, 0x62, 0x08, 0x62, 0x08, 0x62, 0x08, 0x62, 0x08, 
0x62, 0x08, 0x62, 0x08, 0x62, 0x08, 0x62, 0x08, 0x62, 0x08, 0x62, 0x08, 0x62, 0x08, 0x62, 0x08, 
0x62, 0x08, 0x62, 0x08, 0x62, 0x08, 0x62, 0x08, 0x62, 0x08, 0x62, 0x08, 0x62, 0x08, 0x62, 0x08, 
0x62, 0x08, 0x62, 0x08, 0x62, 0x08, 0x62, 0x08, 0x62, 0x08, 0x42, 0x08, 0x62, 0x08, 0x62, 0x08, 
0x62, 0x08, 0x62, 0x08, 0x62, 0x08, 0x62, 0x08, 0x62, 0x08, 0x62, 0x08, 0x62, 0x08, 0x62, 0x08, 
0x62, 0x08, 0x62, 0x08, 0x62, 0x08, 0x62, 0x08, 0x62, 0x08, 0x62, 0x08, 0x62, 0x08, 0x62, 0x08, 
0x62, 0x08, 0x62, 0x08, 0x62, 0x08, 0x62, 0x08, 0x42, 0x08, 0x62, 0x08, 0x62, 0x08, 0x62, 0x08, 
0x62, 0x08, 0x62, 0x08, 0x62, 0x08, 0x62, 0x08, 0x62, 0x08, 0x62, 0x08, 0x62, 0x08, 0x62, 0x08, 
0x62, 0x08, 0x62, 0x08, 0x62, 0x08, 0x62, 0x08, 0x62, 0x08, 0x62, 0x08, 0x62, 0x08, 0x62, 0x08, 
0x62, 0x08, 0x62, 0x08, 0x62, 0x08, 0x62, 0x08, 0x62, 0x08, 0x62, 0x08, 0x62, 0x08, 0x62, 0x08, 
0x62, 0x08, 0x42, 0x08, 0x42, 0x08, 0x42, 0x08, 0x42, 0x08, 0x42, 0x08, 0x42, 0x08, 0x62, 0x08, 
0x42, 0x08, 0x42, 0x08, 0x42, 0x08, 0x62, 0x08, 0x62, 0x08, 0x42, 0x08, 0x42, 0x08, 0x42, 0x08, 
0x42, 0x08, 0x62, 0x08, 0x42, 0x08, 0x42, 0x08, 0x42, 0x08, 0x42, 0x08, 0x42, 0x08, 0x42, 0x08, 
0x42, 0x08, 0x42, 0x08, 0x42, 0x08, 0x62, 0x08, 0x62, 0x08, 0x42, 0x08, 0x62, 0x08, 0x62, 0x08, 
0x42, 0x08, 0x42, 0x08, 0x62, 0x08, 0x62, 0x08, 0x62, 0x08, 0x62, 0x08, 0x62, 0x08, 0x62, 0x08, 
0x62, 0x08, 0x62, 0x08, 0x62, 0x08, 0x62, 0x08, 0x62, 0x08, 0x62, 0x08, 0x62, 0x08, 0x42, 0x08, 
0x62, 0x08, 0x42, 0x08, 0x62, 0x08, 0x62, 0x08, 0x42, 0x08, 0x42, 0x08, 0x62, 0x08, 0x42, 0x08, 
0x62, 0x08, 0x62, 0x08, 0x62, 0x08, 0x62, 0x08, 0x62, 0x08, 0x62, 0x08, 0x62, 0x08, 0x42, 0x08, 
0x42, 0x08, 0x42, 0x08, 0x42, 0x08, 0x62, 0x08, 0x62, 0x08, 0x62, 0x08, 0x62, 0x08, 0x62, 0x08, 
0x62, 0x08, 0x62, 0x08, 0x62, 0x08, 0x62, 0x08, 0x62, 0x08, 0x62, 0x08, 0x62, 0x08, 0x62, 0x08, 
0x62, 0x08, 0x62, 0x08, 0x62, 0x08, 0x42, 0x08, 0x42, 0x08, 0x62, 0x08, 0x62, 0x08, 0x62, 0x08, 
0x41, 0x08, 0x42, 0x08, 0x41, 0x00, 0x42, 0x00, 0x62, 0x08, 0x62, 0x08, 0x62, 0x08, 0x62, 0x08, 
0x42, 0x08, 0x42, 0x08, 0x62, 0x08, 0x42, 0x08, 0x42, 0x08, 0x42, 0x08, 0x62, 0x08, 0x62, 0x08, 
0x62, 0x08, 0x62, 0x08, 0x62, 0x08, 0x62, 0x08, 0x42, 0x08, 0x42, 0x08, 0x62, 0x08, 0x62, 0x08, 
0x62, 0x08, 0x62, 0x08, 0x62, 0x08, 0x62, 0x08, 0x62, 0x08, 0x62, 0x08, 0x62, 0x08, 0x62, 0x08, 
0x62, 0x08, 0x42, 0x08, 0x42, 0x08, 0x42, 0x08, 0x62, 0x08, 0x62, 0x08, 0x62, 0x08, 0x62, 0x08, 
0x62, 0x08, 0x42, 0x08, 0x42, 0x08, 0x42, 0x08, 0x42, 0x08, 0x42, 0x08, 0x42, 0x08, 0x62, 0x08, 
0x62, 0x08, 0x42, 0x08, 0x42, 0x08, 0x62, 0x08, 0x62, 0x08, 0x62, 0x08, 0x42, 0x08, 0x42, 0x08, 
0x42, 0x08, 0x42, 0x08, 0x42, 0x08, 0x62, 0x08, 0x62, 0x08, 0x62, 0x08, 0x62, 0x08, 0x62, 0x08, 
0x42, 0x08, 0x62, 0x08, 0x62, 0x08, 0x62, 0x08, 0x62, 0x08, 0x42, 0x08, 0x62, 0x08, 0x42, 0x08, 
0x62, 0x08, 0x62, 0x08, 0x62, 0x08, 0x62, 0x08, 0x62, 0x08, 0x42, 0x08, 0x62, 0x08, 0x62, 0x08, 
0x62, 0x08, 0x62, 0x08, 0x62, 0x08, 0x62, 0x08, 0x62, 0x08, 0x62, 0x08, 0x62, 0x08, 0x62, 0x08, 
0x42, 0x08, 0x62, 0x08, 0x62, 0x08, 0x62, 0x08, 0x62, 0x08, 0x62, 0x08, 0x62, 0x08, 0x62, 0x08, 
0x62, 0x08, 0x62, 0x08, 0x62, 0x08, 0x62, 0x08, 0x42, 0x08, 0x42, 0x08, 0x42, 0x08, 0x62, 0x08, 
0x62, 0x08, 0x62, 0x08, 0x62, 0x08, 0x62, 0x08, 0x62, 0x08, 0x62, 0x08, 0x62, 0x08, 0x42, 0x08, 
0x42, 0x08, 0x42, 0x08, 0x41, 0x08, 0x42, 0x08, 0x42, 0x08, 0x42, 0x08, 0x62, 0x08, 0x62, 0x08, 
0x62, 0x08, 0x62, 0x08, 0x42, 0x08, 0x42, 0x08, 0x62, 0x08, 0x62, 0x08, 0x62, 0x08, 0x42, 0x08, 
0x42, 0x08, 0x42, 0x08, 0x42, 0x08, 0x62, 0x08, 0x62, 0x08, 0x62, 0x08, 0x62, 0x08, 0x62, 0x08, 
0x62, 0x08, 0x62, 0x08, 0x42, 0x08, 0x42, 0x00, 0x42, 0x08, 0x42, 0x08, 0x42, 0x08, 0x42, 0x08, 
0x62, 0x08, 0x62, 0x08, 0x62, 0x08, 0x62, 0x08, 0x62, 0x08, 0x62, 0x08, 0x62, 0x08, 0x62, 0x08, 
0x62, 0x08, 0x62, 0x08, 0x62, 0x08, 0x62, 0x08, 0x62, 0x08, 0x62, 0x08, 0x62, 0x08, 0x62, 0x08, 
0x62, 0x08, 0x62, 0x08, 0x62, 0x08, 0x62, 0x08, 0x62, 0x08, 0x62, 0x08, 0x62, 0x08, 0x62, 0x08, 
0x62, 0x08, 0x62, 0x08, 0x62, 0x08, 0x62, 0x08, 0x62, 0x08, 0x62, 0x08, 0x62, 0x08, 0x62, 0x08, 
0x62, 0x08, 0x62, 0x08, 0x62, 0x08, 0x62, 0x08, 0x62, 0x08, 0x62, 0x08, 0x62, 0x08, 0x62, 0x08, 
0x62, 0x08, 0x62, 0x08, 0x62, 0x08, 0x62, 0x08, 0x62, 0x08, 0x62, 0x08, 0x62, 0x08, 0x62, 0x08, 
0x62, 0x08, 0x62, 0x08, 0x62, 0x08, 0x62, 0x08, 0x62, 0x08, 0x62, 0x08, 0x62, 0x08, 0x62, 0x08, 
0x62, 0x08, 0x62, 0x08, 0x62, 0x08, 0x62, 0x08, 0x62, 0x08, 0x62, 0x08, 0x62, 0x08, 0x62, 0x08, 
0x62, 0x08, 0x62, 0x08, 0x62, 0x08, 0x62, 0x08, 0x62, 0x08, 0x62, 0x08, 0x62, 0x08, 0x62, 0x08, 
0x62, 0x08, 0x62, 0x08, 0x62, 0x08, 0x62, 0x08, 0x62, 0x08, 0x62, 0x08, 0x62, 0x08, 0x62, 0x08, 
0x62, 0x08, 0x62, 0x08, 0x62, 0x08, 0x62, 0x08, 0x42, 0x08, 0x42, 0x08, 0x42, 0x08, 0x62, 0x08, 
0x42, 0x08, 0x42, 0x08, 0x42, 0x08, 0x42, 0x08, 0x42, 0x08, 0x42, 0x08, 0x62, 0x08, 0x62, 0x08, 
0x62, 0x08, 0x42, 0x08, 0x42, 0x08, 0x42, 0x08, 0x42, 0x08, 0x42, 0x08, 0x41, 0x08, 0x42, 0x08, 
0x42, 0x08, 0x62, 0x08, 0x62, 0x08, 0x62, 0x08, 0x42, 0x08, 0x42, 0x08, 0x62, 0x08, 0x62, 0x08, 
0x62, 0x08, 0x62, 0x08, 0x42, 0x08, 0x62, 0x08, 0x62, 0x08, 0x42, 0x08, 0x62, 0x08, 0x62, 0x08, 
0x62, 0x08, 0x62, 0x08, 0x62, 0x08, 0x62, 0x08, 0x62, 0x08, 0x62, 0x08, 0x62, 0x08, 0x62, 0x08, 
0x62, 0x08, 0x62, 0x08, 0x62, 0x08, 0x62, 0x08, 0x62, 0x08, 0x42, 0x08, 0x42, 0x08, 0x62, 0x08, 
0x42, 0x08, 0x62, 0x08, 0x62, 0x08, 0x42, 0x08, 0x62, 0x08, 0x62, 0x08, 0x62, 0x08, 0x42, 0x00, 
0x42, 0x08, 0x62, 0x08, 0x62, 0x08, 0x62, 0x08, 0x62, 0x08, 0x62, 0x08, 0x62, 0x08, 0x62, 0x08, 
0x62, 0x08, 0x62, 0x08, 0x62, 0x08, 0x62, 0x08, 0x62, 0x08, 0x62, 0x08, 0x62, 0x08, 0x62, 0x08, 
0x62, 0x08, 0x62, 0x08, 0x62, 0x08, 0x62, 0x08, 0x62, 0x08, 0x62, 0x08, 0x62, 0x08, 0x62, 0x08, 
0x62, 0x08, 0x62, 0x08, 0x62, 0x08, 0x42, 0x08, 0x42, 0x08, 0x62, 0x08, 0x42, 0x08, 0x42, 0x08, 
0x42, 0x08, 0x42, 0x08, 0x42, 0x08, 0x42, 0x08, 0x62, 0x08, 0x62, 0x08, 0x62, 0x08, 0x62, 0x08, 
0x62, 0x08, 0x42, 0x08, 0x42, 0x08, 0x62, 0x08, 0x62, 0x08, 0x42, 0x08, 0x62, 0x08, 0x42, 0x08, 
0x42, 0x08, 0x62, 0x08, 0x62, 0x08, 0x62, 0x08, 0x42, 0x08, 0x42, 0x08, 0x42, 0x08, 0x62, 0x08, 
0x62, 0x08, 0x42, 0x08, 0x62, 0x08, 0x62, 0x08, 0x62, 0x08, 0x62, 0x08, 0x62, 0x08, 0x62, 0x08, 
0x42, 0x08, 0x62, 0x08, 0x42, 0x08, 0x42, 0x08, 0x62, 0x08, 0x62, 0x08, 0x62, 0x08, 0x62, 0x08, 
0x62, 0x08, 0x42, 0x08, 0x42, 0x08, 0x42, 0x08, 0x42, 0x08, 0x62, 0x08, 0x42, 0x08, 0x62, 0x08, 
0x62, 0x08, 0x62, 0x08, 0x62, 0x08, 0x62, 0x08, 0x62, 0x08, 0x42, 0x08, 0x42, 0x08, 0x62, 0x08, 
0x42, 0x08, 0x42, 0x08, 0x42, 0x08, 0x42, 0x08, 0x62, 0x08, 0x62, 0x08, 0x62, 0x08, 0x62, 0x08, 
0x42, 0x08, 0x62, 0x08, 0x62, 0x08, 0x62, 0x08, 0x62, 0x08, 0x62, 0x08, 0x62, 0x08, 0x42, 0x08, 
0x62, 0x08, 0x42, 0x08, 0x62, 0x08, 0x62, 0x08, 0x62, 0x08, 0x62, 0x08, 0x62, 0x08, 0x62, 0x08, 
0x42, 0x08, 0x42, 0x08, 0x62, 0x08, 0x62, 0x08, 0x62, 0x08, 0x62, 0x08, 0x62, 0x08, 0x42, 0x08, 
0x62, 0x08, 0x42, 0x08, 0x42, 0x08, 0x62, 0x08, 0x62, 0x08, 0x62, 0x08, 0x62, 0x08, 0x62, 0x08, 
0x62, 0x08, 0x62, 0x08, 0x62, 0x08, 0x62, 0x08, 0x42, 0x08, 0x41, 0x00, 0x42, 0x08, 0x62, 0x08, 
0x62, 0x08, 0x62, 0x08, 0x62, 0x08, 0x42, 0x08, 0x42, 0x08, 0x42, 0x08, 0x62, 0x08, 0x42, 0x08, 
0x42, 0x08, 0x42, 0x08, 0x41, 0x08, 0x41, 0x08, 0x42, 0x08, 0x42, 0x08, 0x42, 0x08, 0x62, 0x08, 
0x62, 0x08, 0x62, 0x08, 0x42, 0x08, 0x42, 0x08, 0x42, 0x08, 0x42, 0x08, 0x42, 0x00, 0x42, 0x00, 
0x62, 0x08, 0x62, 0x08, 0x62, 0x08, 0x62, 0x08, 0x62, 0x08, 0x62, 0x08, 0x42, 0x08, 0x62, 0x08, 
0x62, 0x08, 0x62, 0x08, 0x62, 0x08, 0x42, 0x08, 0x42, 0x08, 0x42, 0x08, 0x42, 0x08, 0x42, 0x00, 
0x62, 0x08, 0x62, 0x08, 0x62, 0x08, 0x62, 0x08, 0x62, 0x08, 0x62, 0x08, 0x62, 0x08, 0x62, 0x08, 
0x62, 0x08, 0x62, 0x08, 0x62, 0x08, 0x62, 0x08, 0x62, 0x08, 0x62, 0x08, 0x62, 0x08, 0x62, 0x08, 
0x62, 0x08, 0x62, 0x08, 0x62, 0x08, 0x62, 0x08, 0x62, 0x08, 0x62, 0x08, 0x62, 0x08, 0x62, 0x08, 
0x62, 0x08, 0x62, 0x08, 0x62, 0x08, 0x62, 0x08, 0x62, 0x08, 0x62, 0x08, 0x62, 0x08, 0x62, 0x08, 
0x62, 0x08, 0x62, 0x08, 0x62, 0x08, 0x62, 0x08, 0x62, 0x08, 0x62, 0x08, 0x62, 0x08, 0x62, 0x08, 
0x62, 0x08, 0x62, 0x08, 0x62, 0x08, 0x62, 0x08, 0x62, 0x08, 0x62, 0x08, 0x62, 0x08, 0x62, 0x08, 
0x62, 0x08, 0x62, 0x08, 0x62, 0x08, 0x62, 0x08, 0x62, 0x08, 0x62, 0x08, 0x62, 0x08, 0x62, 0x08, 
0x62, 0x08, 0x62, 0x08, 0x62, 0x08, 0x62, 0x08, 0x62, 0x08, 0x62, 0x08, 0x62, 0x08, 0x62, 0x08, 
0x62, 0x08, 0x62, 0x08, 0x62, 0x08, 0x62, 0x08, 0x62, 0x08, 0x62, 0x08, 0x62, 0x08, 0x62, 0x08, 
0x62, 0x08, 0x62, 0x08, 0x62, 0x08, 0x62, 0x08, 0x62, 0x08, 0x62, 0x08, 0x62, 0x08, 0x62, 0x08, 
0x62, 0x08, 0x42, 0x08, 0x62, 0x08, 0x62, 0x08, 0x62, 0x08, 0x42, 0x08, 0x62, 0x08, 0x62, 0x08, 
0x62, 0x08, 0x62, 0x08, 0x62, 0x08, 0x62, 0x08, 0x62, 0x08, 0x42, 0x08, 0x62, 0x08, 0x62, 0x08, 
0x62, 0x08, 0x42, 0x08, 0x42, 0x08, 0x62, 0x08, 0x62, 0x08, 0x62, 0x08, 0x62, 0x08, 0x62, 0x08, 
0x62, 0x08, 0x62, 0x08, 0x62, 0x08, 0x62, 0x08, 0x42, 0x08, 0x42, 0x08, 0x62, 0x08, 0x62, 0x08, 
0x62, 0x08, 0x62, 0x08, 0x62, 0x08, 0x62, 0x08, 0x62, 0x08, 0x62, 0x08, 0x62, 0x08, 0x62, 0x08, 
0x62, 0x08, 0x62, 0x08, 0x62, 0x08, 0x62, 0x08, 0x62, 0x08, 0x62, 0x08, 0x62, 0x08, 0x62, 0x08, 
0x62, 0x08, 0x62, 0x08, 0x62, 0x08, 0x62, 0x08, 0x62, 0x08, 0x62, 0x08, 0x62, 0x08, 0x42, 0x08, 
0x42, 0x08, 0x62, 0x08, 0x62, 0x08, 0x62, 0x08, 0x62, 0x08, 0x62, 0x08, 0x62, 0x08, 0x62, 0x08, 
0x62, 0x08, 0x42, 0x08, 0x62, 0x08, 0x42, 0x08, 0x62, 0x08, 0x62, 0x08, 0x62, 0x08, 0x62, 0x08, 
0x62, 0x08, 0x62, 0x08, 0x62, 0x08, 0x62, 0x08, 0x62, 0x08, 0x62, 0x08, 0x62, 0x08, 0x62, 0x08, 
0x62, 0x08, 0x62, 0x08, 0x62, 0x08, 0x62, 0x08, 0x62, 0x08, 0x62, 0x08, 0x62, 0x08, 0x62, 0x08, 
0x62, 0x08, 0x62, 0x08, 0x62, 0x08, 0x62, 0x08, 0x62, 0x08, 0x62, 0x08, 0x42, 0x08, 0x42, 0x08, 
0x42, 0x08, 0x42, 0x08, 0x42, 0x08, 0x42, 0x08, 0x62, 0x08, 0x62, 0x08, 0x62, 0x08, 0x62, 0x08, 
0x62, 0x08, 0x62, 0x08, 0x42, 0x08, 0x62, 0x08, 0x62, 0x08, 0x62, 0x08, 0x62, 0x08, 0x62, 0x08, 
0x62, 0x08, 0x62, 0x08, 0x62, 0x08, 0x62, 0x08, 0x62, 0x08, 0x62, 0x08, 0x62, 0x08, 0x62, 0x08, 
0x62, 0x08, 0x62, 0x08, 0x62, 0x08, 0x62, 0x08, 0x62, 0x08, 0x62, 0x08, 0x62, 0x08, 0x42, 0x08, 
0x42, 0x00, 0x42, 0x08, 0x42, 0x08, 0x41, 0x00, 0x62, 0x08, 0x62, 0x08, 0x42, 0x08, 0x62, 0x08, 
0x42, 0x08, 0x42, 0x08, 0x42, 0x00, 0x42, 0x08, 0x41, 0x08, 0x42, 0x00, 0x42, 0x08, 0x42, 0x08, 
0x42, 0x08, 0x62, 0x08, 0x62, 0x08, 0x62, 0x08, 0x62, 0x08, 0x62, 0x08, 0x42, 0x08, 0x42, 0x08, 
0x42, 0x08, 0x42, 0x08, 0x42, 0x08, 0x62, 0x08, 0x62, 0x08, 0x62, 0x08, 0x62, 0x08, 0x62, 0x08, 
0x42, 0x08, 0x62, 0x08, 0x62, 0x08, 0x62, 0x08, 0x62, 0x08, 0x62, 0x08, 0x42, 0x08, 0x42, 0x08, 
0x62, 0x08, 0x62, 0x08, 0x62, 0x08, 0x62, 0x08, 0x62, 0x08, 0x62, 0x08, 0x62, 0x08, 0x62, 0x08, 
0x62, 0x08, 0x42, 0x08, 0x62, 0x08, 0x62, 0x08, 0x62, 0x08, 0x62, 0x08, 0x62, 0x08, 0x42, 0x08, 
0x42, 0x08, 0x62, 0x08, 0x62, 0x08, 0x42, 0x08, 0x62, 0x08, 0x62, 0x08, 0x62, 0x08, 0x62, 0x08, 
0x62, 0x08, 0x62, 0x08, 0x62, 0x08, 0x62, 0x08, 0x42, 0x08, 0x62, 0x08, 0x62, 0x08, 0x62, 0x08, 
0x62, 0x08, 0x42, 0x00, 0x42, 0x08, 0x42, 0x08, 0x41, 0x00, 0x42, 0x08, 0x42, 0x08, 0x42, 0x08, 
0x42, 0x08, 0x42, 0x08, 0x42, 0x08, 0x42, 0x08, 0x42, 0x08, 0x42, 0x00, 0x42, 0x08, 0x62, 0x08, 
0x62, 0x08, 0x62, 0x08, 0x42, 0x08, 0x42, 0x08, 0x42, 0x08, 0x42, 0x08, 0x62, 0x08, 0x62, 0x08, 
0x62, 0x08, 0x62, 0x08, 0x62, 0x08, 0x62, 0x08, 0x62, 0x08, 0x62, 0x08, 0x62, 0x08, 0x62, 0x08, 
0x62, 0x08, 0x62, 0x08, 0x62, 0x08, 0x42, 0x08, 0x42, 0x08, 0x62, 0x08, 0x42, 0x08, 0x42, 0x08, 
0x62, 0x08, 0x62, 0x08, 0x62, 0x08, 0x62, 0x08, 0x62, 0x08, 0x62, 0x08, 0x62, 0x08, 0x62, 0x08, 
0x62, 0x08, 0x62, 0x08, 0x62, 0x08, 0x62, 0x08, 0x42, 0x08, 0x62, 0x08, 0x62, 0x08, 0x62, 0x08, 
0x62, 0x08, 0x62, 0x08, 0x62, 0x08, 0x62, 0x08, 0x62, 0x08, 0x62, 0x08, 0x62, 0x08, 0x62, 0x08, 
0x62, 0x08, 0x62, 0x08, 0x62, 0x08, 0x62, 0x08, 0x62, 0x08, 0x62, 0x08, 0x62, 0x08, 0x62, 0x08, 
0x42, 0x08, 0x62, 0x08, 0x62, 0x08, 0x42, 0x08, 0x62, 0x08, 0x62, 0x08, 0x62, 0x08, 0x62, 0x08, 
0x62, 0x08, 0x62, 0x08, 0x62, 0x08, 0x62, 0x08, 0x62, 0x08, 0x62, 0x08, 0x62, 0x08, 0x62, 0x08, 
0x62, 0x08, 0x42, 0x08, 0x42, 0x08, 0x62, 0x08, 0x42, 0x08, 0x42, 0x08, 0x62, 0x08, 0x42, 0x08, 
0x42, 0x08, 0x62, 0x08, 0x42, 0x08, 0x42, 0x08, 0x42, 0x08, 0x62, 0x08, 0x62, 0x08, 0x62, 0x08, 
0x62, 0x08, 0x62, 0x08, 0x62, 0x08, 0x62, 0x08, 0x62, 0x08, 0x62, 0x08, 0x42, 0x08, 0x62, 0x08, 
0x62, 0x08, 0x62, 0x08, 0x62, 0x08, 0x62, 0x08, 0x62, 0x08, 0x62, 0x08, 0x62, 0x08, 0x62, 0x08, 
0x42, 0x08, 0x62, 0x08, 0x62, 0x08, 0x62, 0x08, 0x42, 0x08, 0x62, 0x08, 0x62, 0x08, 0x62, 0x08, 
0x62, 0x08, 0x62, 0x08, 0x62, 0x08, 0x62, 0x08, 0x62, 0x08, 0x42, 0x08, 0x62, 0x08, 0x62, 0x08, 
0x42, 0x08, 0x42, 0x08, 0x62, 0x08, 0x62, 0x08, 0x62, 0x08, 0x62, 0x08, 0x42, 0x08, 0x42, 0x08, 
0x62, 0x08, 0x62, 0x08, 0x42, 0x08, 0x42, 0x08, 0x42, 0x08, 0x42, 0x08, 0x42, 0x08, 0x62, 0x08, 
0x62, 0x08, 0x62, 0x08, 0x62, 0x08, 0x62, 0x08, 0x62, 0x08, 0x62, 0x08, 0x62, 0x08, 0x62, 0x08, 
0x62, 0x08, 0x62, 0x08, 0x62, 0x08, 0x62, 0x08, 0x62, 0x08, 0x62, 0x08, 0x62, 0x08, 0x62, 0x08, 
0x62, 0x08, 0x62, 0x08, 0x62, 0x08, 0x62, 0x08, 0x62, 0x08, 0x62, 0x08, 0x62, 0x08, 0x62, 0x08, 
0x62, 0x08, 0x42, 0x08, 0x62, 0x08, 0x62, 0x08, 0x62, 0x08, 0x62, 0x08, 0x62, 0x08, 0x62, 0x08, 
0x62, 0x08, 0x62, 0x08, 0x62, 0x08, 0x62, 0x08, 0x62, 0x08, 0x62, 0x08, 0x62, 0x08, 0x62, 0x08, 
0x62, 0x08, 0x62, 0x08, 0x62, 0x08, 0x42, 0x08, 0x42, 0x08, 0x62, 0x08, 0x62, 0x08, 0x62, 0x08, 
0x62, 0x08, 0x62, 0x08, 0x42, 0x08, 0x62, 0x08, 0x62, 0x08, 0x62, 0x08, 0x62, 0x08, 0x62, 0x08, 
0x62, 0x08, 0x62, 0x08, 0x62, 0x08, 0x62, 0x08, 0x62, 0x08, 0x62, 0x08, 0x42, 0x08, 0x42, 0x08, 
0x42, 0x08, 0x42, 0x08, 0x62, 0x08, 0x42, 0x08, 0x62, 0x08, 0x62, 0x08, 0x62, 0x08, 0x62, 0x08, 
0x62, 0x08, 0x62, 0x08, 0x62, 0x08, 0x42, 0x08, 0x62, 0x08, 0x62, 0x08, 0x62, 0x08, 0x62, 0x08, 
0x62, 0x08, 0x62, 0x08, 0x62, 0x08, 0x62, 0x08, 0x62, 0x08, 0x42, 0x08, 0x62, 0x08, 0x62, 0x08, 
0x62, 0x08, 0x62, 0x08, 0x62, 0x08, 0x62, 0x08, 0x62, 0x08, 0x62, 0x08, 0x62, 0x08, 0x62, 0x08, 
0x42, 0x08, 0x42, 0x08, 0x42, 0x08, 0x42, 0x00, 0x42, 0x08, 0x62, 0x08, 0x62, 0x08, 0x62, 0x08, 
0x62, 0x08, 0x62, 0x08, 0x42, 0x08, 0x42, 0x08, 0x42, 0x08, 0x42, 0x08, 0x62, 0x08, 0x42, 0x08, 
0x42, 0x08, 0x62, 0x08, 0x62, 0x08, 0x62, 0x08, 0x62, 0x08, 0x62, 0x08, 0x42, 0x08, 0x42, 0x00, 
0x42, 0x08, 0x42, 0x00, 0x42, 0x08, 0x62, 0x08, 0x62, 0x08, 0x42, 0x08, 0x62, 0x08, 0x42, 0x08, 
0x41, 0x00, 0x42, 0x08, 0x42, 0x08, 0x62, 0x08, 0x62, 0x08, 0x62, 0x08, 0x42, 0x08, 0x42, 0x08, 
0x62, 0x08, 0x62, 0x08, 0x62, 0x08, 0x62, 0x08, 0x62, 0x08, 0x62, 0x08, 0x62, 0x08, 0x62, 0x08, 
0x62, 0x08, 0x62, 0x08, 0x62, 0x08, 0x62, 0x08, 0x62, 0x08, 0x62, 0x08, 0x62, 0x08, 0x42, 0x08, 
0x42, 0x08, 0x42, 0x08, 0x42, 0x08, 0x62, 0x08, 0x62, 0x08, 0x62, 0x08, 0x62, 0x08, 0x62, 0x08, 
0x62, 0x08, 0x62, 0x08, 0x62, 0x08, 0x62, 0x08, 0x62, 0x08, 0x62, 0x08, 0x62, 0x08, 0x62, 0x08, 
0x62, 0x08, 0x42, 0x08, 0x42, 0x08, 0x42, 0x08, 0x41, 0x00, 0x42, 0x08, 0x42, 0x08, 0x42, 0x08, 
0x42, 0x08, 0x42, 0x08, 0x42, 0x08, 0x42, 0x08, 0x42, 0x08, 0x42, 0x08, 0x62, 0x08, 0x62, 0x08, 
0x62, 0x08, 0x62, 0x08, 0x62, 0x08, 0x62, 0x08, 0x42, 0x08, 0x42, 0x08, 0x62, 0x08, 0x62, 0x08, 
0x62, 0x08, 0x62, 0x08, 0x62, 0x08, 0x62, 0x08, 0x62, 0x08, 0x62, 0x08, 0x62, 0x08, 0x62, 0x08, 
0x62, 0x08, 0x62, 0x08, 0x62, 0x08, 0x62, 0x08, 0x42, 0x08, 0x62, 0x08, 0x42, 0x08, 0x62, 0x08, 
0x42, 0x08, 0x62, 0x08, 0x62, 0x08, 0x62, 0x08, 0x62, 0x08, 0x62, 0x08, 0x62, 0x08, 0x62, 0x08, 
0x62, 0x08, 0x62, 0x08, 0x62, 0x08, 0x62, 0x08, 0x62, 0x08, 0x62, 0x08, 0x62, 0x08, 0x62, 0x08, 
0x62, 0x08, 0x62, 0x08, 0x62, 0x08, 0x62, 0x08, 0x62, 0x08, 0x62, 0x08, 0x62, 0x08, 0x62, 0x08, 
0x62, 0x08, 0x62, 0x08, 0x62, 0x08, 0x62, 0x08, 0x62, 0x08, 0x62, 0x08, 0x62, 0x08, 0x62, 0x08, 
0x62, 0x08, 0x62, 0x08, 0x62, 0x08, 0x62, 0x08, 0x62, 0x08, 0x62, 0x08, 0x62, 0x08, 0x62, 0x08, 
0x62, 0x08, 0x62, 0x08, 0x62, 0x08, 0x62, 0x08, 0x62, 0x08, 0x62, 0x08, 0x62, 0x08, 0x62, 0x08, 
0x62, 0x08, 0x42, 0x08, 0x42, 0x08, 0x42, 0x08, 0x42, 0x08, 0x42, 0x08, 0x62, 0x08, 0x42, 0x08, 
0x62, 0x08, 0x62, 0x08, 0x42, 0x08, 0x62, 0x08, 0x62, 0x08, 0x62, 0x08, 0x62, 0x08, 0x62, 0x08, 
0x62, 0x08, 0x62, 0x08, 0x62, 0x08, 0x62, 0x08, 0x42, 0x08, 0x42, 0x08, 0x42, 0x08, 0x62, 0x08, 
0x42, 0x08, 0x42, 0x08, 0x42, 0x08, 0x42, 0x08, 0x62, 0x08, 0x42, 0x08, 0x62, 0x08, 0x42, 0x08, 
0x42, 0x08, 0x62, 0x08, 0x42, 0x08, 0x62, 0x08, 0x62, 0x08, 0x62, 0x08, 0x62, 0x08, 0x62, 0x08, 
0x62, 0x08, 0x62, 0x08, 0x62, 0x08, 0x62, 0x08, 0x62, 0x08, 0x62, 0x08, 0x62, 0x08, 0x62, 0x08, 
0x42, 0x08, 0x42, 0x08, 0x62, 0x08, 0x62, 0x08, 0x62, 0x08, 0x42, 0x08, 0x42, 0x00, 0x42, 0x08, 
0x62, 0x08, 0x62, 0x08, 0x62, 0x08, 0x62, 0x08, 0x62, 0x08, 0x62, 0x08, 0x62, 0x08, 0x42, 0x08, 
0x62, 0x08, 0x62, 0x08, 0x62, 0x08, 0x62, 0x08, 0x62, 0x08, 0x62, 0x08, 0x62, 0x08, 0x62, 0x08, 
0x62, 0x08, 0x62, 0x08, 0x62, 0x08, 0x62, 0x08, 0x62, 0x08, 0x62, 0x08, 0x62, 0x08, 0x62, 0x08, 
0x62, 0x08, 0x62, 0x08, 0x62, 0x08, 0x62, 0x08, 0x42, 0x08, 0x42, 0x08, 0x62, 0x08, 0x42, 0x08, 
0x62, 0x08, 0x62, 0x08, 0x62, 0x08, 0x62, 0x08, 0x62, 0x08, 0x62, 0x08, 0x62, 0x08, 0x62, 0x08, 
0x62, 0x08, 0x62, 0x08, 0x62, 0x08, 0x62, 0x08, 0x62, 0x08, 0x62, 0x08, 0x62, 0x08, 0x62, 0x08, 
0x62, 0x08, 0x62, 0x08, 0x62, 0x08, 0x62, 0x08, 0x62, 0x08, 0x62, 0x08, 0x62, 0x08, 0x62, 0x08, 
0x62, 0x08, 0x42, 0x08, 0x62, 0x08, 0x62, 0x08, 0x62, 0x08, 0x62, 0x08, 0x42, 0x08, 0x62, 0x08, 
0x62, 0x08, 0x62, 0x08, 0x62, 0x08, 0x62, 0x08, 0x62, 0x08, 0x62, 0x08, 0x62, 0x08, 0x42, 0x08, 
0x42, 0x00, 0x62, 0x08, 0x62, 0x08, 0x62, 0x08, 0x62, 0x08, 0x62, 0x08, 0x62, 0x08, 0x62, 0x08, 
0x62, 0x08, 0x62, 0x08, 0x62, 0x08, 0x62, 0x08, 0x62, 0x08, 0x62, 0x08, 0x62, 0x08, 0x62, 0x08, 
0x62, 0x08, 0x62, 0x08, 0x62, 0x08, 0x62, 0x08, 0x62, 0x08, 0x42, 0x08, 0x62, 0x08, 0x62, 0x08, 
0x62, 0x08, 0x62, 0x08, 0x62, 0x08, 0x62, 0x08, 0x62, 0x08, 0x62, 0x08, 0x62, 0x08, 0x62, 0x08, 
0x62, 0x08, 0x62, 0x08, 0x42, 0x08, 0x42, 0x08, 0x62, 0x08, 0x62, 0x08, 0x62, 0x08, 0x62, 0x08, 
0x62, 0x08, 0x62, 0x08, 0x62, 0x08, 0x62, 0x08, 0x62, 0x08, 0x62, 0x08, 0x62, 0x08, 0x62, 0x08, 
0x62, 0x08, 0x62, 0x08, 0x62, 0x08, 0x62, 0x08, 0x62, 0x08, 0x62, 0x08, 0x42, 0x08, 0x42, 0x08, 
0x62, 0x08, 0x62, 0x08, 0x62, 0x08, 0x62, 0x08, 0x62, 0x08, 0x62, 0x08, 0x62, 0x08, 0x62, 0x08, 
0x42, 0x08, 0x41, 0x08, 0x42, 0x08, 0x62, 0x08, 0x62, 0x08, 0x62, 0x08, 0x62, 0x08, 0x62, 0x08, 
0x62, 0x08, 0x62, 0x08, 0x62, 0x08, 0x62, 0x08, 0x62, 0x08, 0x62, 0x08, 0x62, 0x08, 0x42, 0x08, 
0x62, 0x08, 0x62, 0x08, 0x62, 0x08, 0x62, 0x08, 0x62, 0x08, 0x62, 0x08, 0x62, 0x08, 0x62, 0x08, 
0x42, 0x08, 0x42, 0x08, 0x42, 0x08, 0x62, 0x08, 0x62, 0x08, 0x62, 0x08, 0x62, 0x08, 0x62, 0x08, 
0x62, 0x08, 0x42, 0x08, 0x62, 0x08, 0x62, 0x08, 0x62, 0x08, 0x62, 0x08, 0x62, 0x08, 0x62, 0x08, 
0x62, 0x08, 0x62, 0x08, 0x62, 0x08, 0x62, 0x08, 0x62, 0x08, 0x62, 0x08, 0x42, 0x08, 0x62, 0x08, 
0x62, 0x08, 0x62, 0x08, 0x62, 0x08, 0x62, 0x08, 0x62, 0x08, 0x62, 0x08, 0x62, 0x08, 0x62, 0x08, 
0x62, 0x08, 0x62, 0x08, 0x62, 0x08, 0x42, 0x08, 0x42, 0x08, 0x42, 0x08, 0x42, 0x08, 0x62, 0x08, 
0x62, 0x08, 0x62, 0x08, 0x62, 0x08, 0x62, 0x08, 0x62, 0x08, 0x62, 0x08, 0x62, 0x08, 0x62, 0x08, 
0x62, 0x08, 0x62, 0x08, 0x62, 0x08, 0x62, 0x08, 0x62, 0x08, 0x62, 0x08, 0x62, 0x08, 0x62, 0x08, 
0x62, 0x08, 0x62, 0x08, 0x62, 0x08, 0x62, 0x08, 0x62, 0x08, 0x62, 0x08, 0x62, 0x08, 0x62, 0x08, 
0x62, 0x08, 0x62, 0x08, 0x62, 0x08, 0x62, 0x08, 0x62, 0x08, 0x62, 0x08, 0x62, 0x08, 0x62, 0x08, 
0x62, 0x08, 0x62, 0x08, 0x62, 0x08, 0x62, 0x08, 0x62, 0x08, 0x62, 0x08, 0x62, 0x08, 0x62, 0x08, 
0x62, 0x08, 0x62, 0x08, 0x62, 0x08, 0x62, 0x08, 0x62, 0x08, 0x62, 0x08, 0x62, 0x08, 0x62, 0x08, 
0x62, 0x08, 0x62, 0x08, 0x62, 0x08, 0x62, 0x08, 0x62, 0x08, 0x62, 0x08, 0x62, 0x08, 0x62, 0x08, 
0x62, 0x08, 0x62, 0x08, 0x62, 0x08, 0x62, 0x08, 0x62, 0x08, 0x62, 0x08, 0x62, 0x08, 0x62, 0x08, 
0x62, 0x08, 0x42, 0x08, 0x42, 0x08, 0x42, 0x08, 0x62, 0x08, 0x42, 0x08, 0x62, 0x08, 0x62, 0x08, 
0x62, 0x08, 0x62, 0x08, 0x42, 0x08, 0x62, 0x08, 0x62, 0x08, 0x62, 0x08, 0x62, 0x08, 0x62, 0x08, 
0x62, 0x08, 0x62, 0x08, 0x62, 0x08, 0x62, 0x08, 0x42, 0x08, 0x42, 0x08, 0x42, 0x08, 0x42, 0x08, 
0x62, 0x08, 0x62, 0x08, 0x62, 0x08, 0x62, 0x08, 0x62, 0x08, 0x62, 0x08, 0x62, 0x08, 0x62, 0x08, 
0x62, 0x08, 0x62, 0x08, 0x62, 0x08, 0x62, 0x08, 0x62, 0x08, 0x62, 0x08, 0x62, 0x08, 0x62, 0x08, 
0x62, 0x08, 0x62, 0x08, 0x62, 0x08, 0x62, 0x08, 0x62, 0x08, 0x62, 0x08, 0x62, 0x08, 0x62, 0x08, 
0x62, 0x08, 0x62, 0x08, 0x62, 0x08, 0x62, 0x08, 0x62, 0x08, 0x62, 0x08, 0x42, 0x08, 0x42, 0x08, 
0x62, 0x08, 0x62, 0x08, 0x62, 0x08, 0x62, 0x08, 0x62, 0x08, 0x62, 0x08, 0x62, 0x08, 0x62, 0x08, 
0x62, 0x08, 0x62, 0x08, 0x62, 0x08, 0x62, 0x08, 0x62, 0x08, 0x62, 0x08, 0x62, 0x08, 0x62, 0x08, 
0x62, 0x08, 0x62, 0x08, 0x62, 0x08, 0x62, 0x08, 0x62, 0x08, 0x62, 0x08, 0x62, 0x08, 0x62, 0x08, 
0x62, 0x08, 0x62, 0x08, 0x42, 0x08, 0x42, 0x08, 0x42, 0x08, 0x42, 0x08, 0x42, 0x08, 0x42, 0x08, 
0x42, 0x08, 0x62, 0x08, 0x62, 0x08, 0x62, 0x08, 0x62, 0x08, 0x62, 0x08, 0x62, 0x08, 0x62, 0x08, 
0x62, 0x08, 0x62, 0x08, 0x62, 0x08, 0x62, 0x08, 0x62, 0x08, 0x62, 0x08, 0x62, 0x08, 0x62, 0x08, 
0x62, 0x08, 0x42, 0x00, 0x42, 0x08, 0x62, 0x08, 0x62, 0x08, 0x62, 0x08, 0x62, 0x08, 0x62, 0x08, 
0x62, 0x08, 0x62, 0x08, 0x62, 0x08, 0x62, 0x08, 0x62, 0x08, 0x62, 0x08, 0x62, 0x08, 0x42, 0x08, 
0x62, 0x08, 0x62, 0x08, 0x62, 0x08, 0x62, 0x08, 0x62, 0x08, 0x62, 0x08, 0x62, 0x08, 0x62, 0x08, 
0x62, 0x08, 0x62, 0x08, 0x62, 0x08, 0x62, 0x08, 0x62, 0x08, 0x42, 0x08, 0x42, 0x08, 0x62, 0x08, 
0x62, 0x08, 0x62, 0x08, 0x62, 0x08, 0x62, 0x08, 0x62, 0x08, 0x62, 0x08, 0x62, 0x08, 0x62, 0x08, 
0x62, 0x08, 0x62, 0x08, 0x62, 0x08, 0x62, 0x08, 0x62, 0x08, 0x62, 0x08, 0x62, 0x08, 0x62, 0x08, 
0x62, 0x08, 0x62, 0x08, 0x62, 0x08, 0x62, 0x08, 0x62, 0x08, 0x62, 0x08, 0x62, 0x08, 0x62, 0x08, 
0x62, 0x08, 0x62, 0x08, 0x62, 0x08, 0x42, 0x08, 0x62, 0x08, 0x62, 0x08, 0x62, 0x08, 0x62, 0x08, 
0x62, 0x08, 0x62, 0x08, 0x62, 0x08, 0x62, 0x08, 0x62, 0x08, 0x62, 0x08, 0x62, 0x08, 0x62, 0x08, 
0x62, 0x08, 0x62, 0x08, 0x62, 0x08, 0x62, 0x08, 0x62, 0x08, 0x62, 0x08, 0x62, 0x08, 0x62, 0x08, 
0x62, 0x08, 0x62, 0x08, 0x62, 0x08, 0x62, 0x08, 0x62, 0x08, 0x62, 0x08, 0x62, 0x08, 0x62, 0x08, 
0x62, 0x08, 0x62, 0x08, 0x42, 0x08, 0x62, 0x08, 0x62, 0x08, 0x62, 0x08, 0x62, 0x08, 0x62, 0x08, 
0x62, 0x08, 0x62, 0x08, 0x62, 0x08, 0x62, 0x08, 0x62, 0x08, 0x62, 0x08, 0x62, 0x08, 0x62, 0x08, 
0x62, 0x08, 0x62, 0x08, 0x62, 0x08, 0x62, 0x08, 0x62, 0x08, 0x62, 0x08, 0x62, 0x08, 0x62, 0x08, 
0x62, 0x08, 0x62, 0x08, 0x62, 0x08, 0x62, 0x08, 0x62, 0x08, 0x62, 0x08, 0x62, 0x08, 0x62, 0x08, 
0x62, 0x08, 0x62, 0x08, 0x62, 0x08, 0x62, 0x08, 0x62, 0x08, 0x62, 0x08, 0x62, 0x08, 0x62, 0x08, 
0x62, 0x08, 0x62, 0x08, 0x62, 0x08, 0x42, 0x08, 0x62, 0x08, 0x62, 0x08, 0x62, 0x08, 0x41, 0x08, 
0x42, 0x08, 0x62, 0x08, 0x62, 0x08, 0x62, 0x08, 0x62, 0x08, 0x62, 0x08, 0x62, 0x08, 0x62, 0x08, 
0x62, 0x08, 0x62, 0x08, 0x42, 0x08, 0x42, 0x08, 0x42, 0x08, 0x42, 0x08, 0x42, 0x08, 0x42, 0x08, 
0x62, 0x08, 0x62, 0x08, 0x62, 0x08, 0x62, 0x08, 0x62, 0x08, 0x62, 0x08, 0x62, 0x08, 0x42, 0x08, 
0x62, 0x08, 0x62, 0x08, 0x62, 0x08, 0x62, 0x08, 0x62, 0x08, 0x62, 0x08, 0x62, 0x08, 0x62, 0x08, 
0x62, 0x08, 0x62, 0x08, 0x62, 0x08, 0x62, 0x08, 0x62, 0x08, 0x62, 0x08, 0x62, 0x08, 0x62, 0x08, 
0x62, 0x08, 0x62, 0x08, 0x62, 0x08, 0x62, 0x08, 0x42, 0x08, 0x62, 0x08, 0x62, 0x08, 0x62, 0x08, 
0x62, 0x08, 0x62, 0x08, 0x62, 0x08, 0x62, 0x08, 0x62, 0x08, 0x62, 0x08, 0x62, 0x08, 0x62, 0x08, 
0x62, 0x08, 0x62, 0x08, 0x62, 0x08, 0x62, 0x08, 0x62, 0x08, 0x62, 0x08, 0x62, 0x08, 0x62, 0x08, 
0x62, 0x08, 0x62, 0x08, 0x62, 0x08, 0x62, 0x08, 0x62, 0x08, 0x62, 0x08, 0x62, 0x08, 0x62, 0x08, 
0x62, 0x08, 0x62, 0x08, 0x62, 0x08, 0x62, 0x08, 0x62, 0x08, 0x62, 0x08, 0x62, 0x08, 0x62, 0x08, 
0x42, 0x08, 0x42, 0x08, 0x42, 0x08, 0x42, 0x08, 0x42, 0x08, 0x42, 0x08, 0x42, 0x08, 0x62, 0x08, 
0x62, 0x08, 0x62, 0x08, 0x62, 0x08, 0x62, 0x08, 0x62, 0x08, 0x62, 0x08, 0x62, 0x08, 0x62, 0x08, 
0x62, 0x08, 0x62, 0x08, 0x62, 0x08, 0x62, 0x08, 0x62, 0x08, 0x62, 0x08, 0x42, 0x08, 0x62, 0x08, 
0x62, 0x08, 0x62, 0x08, 0x62, 0x08, 0x62, 0x08, 0x62, 0x08, 0x62, 0x08, 0x62, 0x08, 0x62, 0x08, 
0x62, 0x08, 0x62, 0x08, 0x62, 0x08, 0x62, 0x08, 0x62, 0x08, 0x62, 0x08, 0x62, 0x08, 0x62, 0x08, 
0x62, 0x08, 0x62, 0x08, 0x62, 0x08, 0x62, 0x08, 0x62, 0x08, 0x62, 0x08, 0x62, 0x08, 0x62, 0x08, 
0x62, 0x08, 0x62, 0x08, 0x62, 0x08, 0x62, 0x08, 0x62, 0x08, 0x62, 0x08, 0x62, 0x08, 0x42, 0x08, 
0x62, 0x08, 0x62, 0x08, 0x62, 0x08, 0x62, 0x08, 0x62, 0x08, 0x62, 0x08, 0x62, 0x08, 0x62, 0x08, 
0x62, 0x08, 0x62, 0x08, 0x62, 0x08, 0x62, 0x08, 0x62, 0x08, 0x62, 0x08, 0x62, 0x08, 0x62, 0x08, 
0x62, 0x08, 0x62, 0x08, 0x62, 0x08, 0x62, 0x08, 0x62, 0x08, 0x62, 0x08, 0x62, 0x08, 0x62, 0x08, 
0x62, 0x08, 0x42, 0x08, 0x42, 0x08, 0x62, 0x08, 0x42, 0x08, 0x42, 0x08, 0x62, 0x08, 0x42, 0x08, 
0x42, 0x08, 0x42, 0x08, 0x62, 0x08, 0x62, 0x08, 0x62, 0x08, 0x62, 0x08, 0x62, 0x08, 0x62, 0x08, 
0x62, 0x08, 0x62, 0x08, 0x62, 0x08, 0x62, 0x08, 0x62, 0x08, 0x62, 0x08, 0x62, 0x08, 0x62, 0x08, 
0x62, 0x08, 0x42, 0x08, 0x42, 0x08, 0x42, 0x08, 0x62, 0x08, 0x62, 0x08, 0x62, 0x08, 0x62, 0x08, 
0x62, 0x08, 0x62, 0x08, 0x62, 0x08, 0x62, 0x08, 0x62, 0x08, 0x62, 0x08, 0x62, 0x08, 0x62, 0x08, 
0x62, 0x08, 0x62, 0x08, 0x62, 0x08, 0x62, 0x08, 0x62, 0x08, 0x62, 0x08, 0x62, 0x08, 0x62, 0x08, 
0x62, 0x08, 0x62, 0x08, 0x62, 0x08, 0x62, 0x08, 0x62, 0x08, 0x62, 0x08, 0x42, 0x08, 0x62, 0x08, 
0x62, 0x08, 0x62, 0x08, 0x42, 0x08, 0x42, 0x00, 0x42, 0x08, 0x62, 0x08, 0x62, 0x08, 0x62, 0x08, 
0x62, 0x08, 0x62, 0x08, 0x62, 0x08, 0x62, 0x08, 0x62, 0x08, 0x62, 0x08, 0x62, 0x08, 0x62, 0x08, 
0x62, 0x08, 0x42, 0x08, 0x62, 0x08, 0x62, 0x08, 0x62, 0x08, 0x62, 0x08, 0x62, 0x08, 0x62, 0x08, 
0x42, 0x08, 0x62, 0x08, 0x42, 0x08, 0x42, 0x08, 0x42, 0x08, 0x42, 0x08, 0x62, 0x08, 0x62, 0x08, 
0x62, 0x08, 0x62, 0x08, 0x42, 0x08, 0x62, 0x08, 0x62, 0x08, 0x62, 0x08, 0x42, 0x08, 0x62, 0x08, 
0x62, 0x08, 0x62, 0x08, 0x62, 0x08, 0x62, 0x08, 0x62, 0x08, 0x62, 0x08, 0x62, 0x08, 0x62, 0x08, 
0x62, 0x08, 0x62, 0x08, 0x62, 0x08, 0x62, 0x08, 0x62, 0x08, 0x62, 0x08, 0x62, 0x08, 0x62, 0x08, 
0x62, 0x08, 0x62, 0x08, 0x62, 0x08, 0x62, 0x08, 0x62, 0x08, 0x62, 0x08, 0x62, 0x08, 0x42, 0x08, 
0x62, 0x08, 0x62, 0x08, 0x62, 0x08, 0x62, 0x08, 0x62, 0x08, 0x62, 0x08, 0x62, 0x08, 0x62, 0x08, 
0x62, 0x08, 0x62, 0x08, 0x62, 0x08, 0x42, 0x08, 0x62, 0x08, 0x62, 0x08, 0x62, 0x08, 0x62, 0x08, 
0x62, 0x08, 0x62, 0x08, 0x62, 0x08, 0x62, 0x08, 0x62, 0x08, 0x62, 0x08, 0x62, 0x08, 0x62, 0x08, 
0x62, 0x08, 0x62, 0x08, 0x62, 0x08, 0x62, 0x08, 0x62, 0x08, 0x62, 0x08, 0x62, 0x08, 0x62, 0x08, 
0x62, 0x08, 0x62, 0x08, 0x62, 0x08, 0x42, 0x08, 0x62, 0x08, 0x62, 0x08, 0x62, 0x08, 0x42, 0x08, 
0x62, 0x08, 0x62, 0x08, 0x62, 0x08, 0x62, 0x08, 0x62, 0x08, 0x62, 0x08, 0x62, 0x08, 0x62, 0x08, 
0x62, 0x08, 0x62, 0x08, 0x42, 0x08, 0x42, 0x08, 0x42, 0x08, 0x42, 0x08, 0x42, 0x08, 0x42, 0x08, 
0x62, 0x08, 0x62, 0x08, 0x62, 0x08, 0x62, 0x08, 0x62, 0x08, 0x62, 0x08, 0x62, 0x08, 0x62, 0x08, 
0x62, 0x08, 0x62, 0x08, 0x62, 0x08, 0x62, 0x08, 0x62, 0x08, 0x62, 0x08, 0x62, 0x08, 0x62, 0x08, 
0x62, 0x08, 0x62, 0x08, 0x62, 0x08, 0x62, 0x08, 0x62, 0x08, 0x62, 0x08, 0x62, 0x08, 0x62, 0x08, 
0x62, 0x08, 0x62, 0x08, 0x62, 0x08, 0x62, 0x08, 0x62, 0x08, 0x62, 0x08, 0x62, 0x08, 0x62, 0x08, 
0x62, 0x08, 0x62, 0x08, 0x62, 0x08, 0x62, 0x08, 0x62, 0x08, 0x62, 0x08, 0x62, 0x08, 0x62, 0x08, 
0x62, 0x08, 0x62, 0x08, 0x62, 0x08, 0x62, 0x08, 0x62, 0x08, 0x62, 0x08, 0x62, 0x08, 0x62, 0x08, 
0x62, 0x08, 0x62, 0x08, 0x62, 0x08, 0x62, 0x08, 0x62, 0x08, 0x62, 0x08, 0x62, 0x08, 0x62, 0x08, 
0x62, 0x08, 0x62, 0x08, 0x62, 0x08, 0x62, 0x08, 0x62, 0x08, 0x42, 0x08, 0x62, 0x08, 0x62, 0x08, 
0x42, 0x08, 0x42, 0x08, 0x42, 0x08, 0x42, 0x08, 0x42, 0x08, 0x42, 0x08, 0x42, 0x08, 0x62, 0x08, 
0x62, 0x08, 0x62, 0x08, 0x62, 0x08, 0x62, 0x08, 0x62, 0x08, 0x62, 0x08, 0x62, 0x08, 0x62, 0x08, 
0x62, 0x08, 0x62, 0x08, 0x62, 0x08, 0x62, 0x08, 0x62, 0x08, 0x62, 0x08, 0x62, 0x08, 0x62, 0x08, 
0x62, 0x08, 0x62, 0x08, 0x62, 0x08, 0x62, 0x08, 0x62, 0x08, 0x62, 0x08, 0x62, 0x08, 0x62, 0x08, 
0x62, 0x08, 0x62, 0x08, 0x62, 0x08, 0x62, 0x08, 0x62, 0x08, 0x62, 0x08, 0x62, 0x08, 0x62, 0x08, 
0x62, 0x08, 0x62, 0x08, 0x62, 0x08, 0x62, 0x08, 0x62, 0x08, 0x62, 0x08, 0x42, 0x08, 0x62, 0x08, 
0x62, 0x08, 0x62, 0x08, 0x62, 0x08, 0x62, 0x08, 0x62, 0x08, 0x62, 0x08, 0x62, 0x08, 0x62, 0x08, 
0x62, 0x08, 0x62, 0x08, 0x62, 0x08, 0x62, 0x08, 0x62, 0x08, 0x62, 0x08, 0x62, 0x08, 0x62, 0x08, 
0x42, 0x08, 0x62, 0x08, 0x62, 0x08, 0x62, 0x08, 0x62, 0x08, 0x62, 0x08, 0x62, 0x08, 0x62, 0x08, 
0x62, 0x08, 0x62, 0x08, 0x62, 0x08, 0x62, 0x08, 0x62, 0x08, 0x62, 0x08, 0x62, 0x08, 0x62, 0x08, 
0x62, 0x08, 0x62, 0x08, 0x62, 0x08, 0x62, 0x08, 0x42, 0x08, 0x62, 0x08, 0x62, 0x08, 0x42, 0x08, 
0x42, 0x08, 0x42, 0x08, 0x62, 0x08, 0x62, 0x08, 0x62, 0x08, 0x62, 0x08, 0x62, 0x08, 0x62, 0x08, 
0x62, 0x08, 0x62, 0x08, 0x62, 0x08, 0x62, 0x08, 0x62, 0x08, 0x62, 0x08, 0x62, 0x08, 0x62, 0x08, 
0x62, 0x08, 0x62, 0x08, 0x62, 0x08, 0x62, 0x08, 0x62, 0x08, 0x62, 0x08, 0x62, 0x08, 0x62, 0x08, 
0x62, 0x08, 0x62, 0x08, 0x62, 0x08, 0x62, 0x08, 0x62, 0x08, 0x62, 0x08, 0x62, 0x08, 0x62, 0x08, 
0x62, 0x08, 0x62, 0x08, 0x62, 0x08, 0x62, 0x08, 0x62, 0x08, 0x62, 0x08, 0x62, 0x08, 0x62, 0x08, 
0x62, 0x08, 0x62, 0x08, 0x62, 0x08, 0x62, 0x08, 0x42, 0x08, 0x62, 0x08, 0x62, 0x08, 0x62, 0x08, 
0x42, 0x08, 0x62, 0x08, 0x42, 0x08, 0x42, 0x08, 0x42, 0x08, 0x62, 0x08, 0x62, 0x08, 0x62, 0x08, 
0x62, 0x08, 0x62, 0x08, 0x42, 0x08, 0x42, 0x08, 0x62, 0x08, 0x62, 0x08, 0x62, 0x08, 0x62, 0x08, 
0x62, 0x08, 0x42, 0x08, 0x62, 0x08, 0x62, 0x08, 0x62, 0x08, 0x62, 0x08, 0x62, 0x08, 0x62, 0x08, 
0x42, 0x08, 0x62, 0x08, 0x62, 0x08, 0x62, 0x08, 0x42, 0x08, 0x62, 0x08, 0x62, 0x08, 0x62, 0x08, 
0x62, 0x08, 0x62, 0x08, 0x42, 0x08, 0x62, 0x08, 0x62, 0x08, 0x62, 0x08, 0x42, 0x08, 0x62, 0x08, 
0x62, 0x08, 0x62, 0x08, 0x62, 0x08, 0x62, 0x08, 0x62, 0x08, 0x62, 0x08, 0x62, 0x08, 0x62, 0x08, 
0x62, 0x08, 0x62, 0x08, 0x62, 0x08, 0x62, 0x08, 0x62, 0x08, 0x62, 0x08, 0x42, 0x08, 0x62, 0x08, 
0x62, 0x08, 0x42, 0x08, 0x62, 0x08, 0x62, 0x08, 0x62, 0x08, 0x62, 0x08, 0x62, 0x08, 0x62, 0x08, 
0x62, 0x08, 0x62, 0x08, 0x62, 0x08, 0x62, 0x08, 0x62, 0x08, 0x42, 0x08, 0x62, 0x08, 0x62, 0x08, 
0x62, 0x08, 0x62, 0x08, 0x62, 0x08, 0x62, 0x08, 0x62, 0x08, 0x62, 0x08, 0x62, 0x08, 0x62, 0x08, 
0x62, 0x08, 0x62, 0x08, 0x62, 0x08, 0x62, 0x08, 0x62, 0x08, 0x62, 0x08, 0x62, 0x08, 0x62, 0x08, 
0x62, 0x08, 0x62, 0x08, 0x62, 0x08, 0x62, 0x08, 0x62, 0x08, 0x62, 0x08, 0x62, 0x08, 0x62, 0x08, 
0x62, 0x08, 0x62, 0x08, 0x62, 0x08, 0x62, 0x08, 0x62, 0x08, 0x62, 0x08, 0x62, 0x08, 0x62, 0x08, 
0x62, 0x08, 0x62, 0x08, 0x62, 0x08, 0x62, 0x08, 0x42, 0x08, 0x62, 0x08, 0x62, 0x08, 0x62, 0x08, 
0x62, 0x08, 0x42, 0x08, 0x62, 0x08, 0x42, 0x08, 0x42, 0x08, 0x42, 0x08, 0x42, 0x08, 0x62, 0x08, 
0x42, 0x08, 0x62, 0x08, 0x62, 0x08, 0x62, 0x08, 0x62, 0x08, 0x62, 0x08, 0x62, 0x08, 0x62, 0x08, 
0x62, 0x08, 0x62, 0x08, 0x62, 0x08, 0x62, 0x08, 0x62, 0x08, 0x62, 0x08, 0x62, 0x08, 0x62, 0x08, 
0x42, 0x08, 0x42, 0x08, 0x42, 0x08, 0x42, 0x08, 0x62, 0x08, 0x62, 0x08, 0x62, 0x08, 0x62, 0x08, 
0x42, 0x08, 0x42, 0x08, 0x42, 0x08, 0x42, 0x08, 0x42, 0x08, 0x62, 0x08, 0x62, 0x08, 0x62, 0x08, 
0x62, 0x08, 0x62, 0x08, 0x62, 0x08, 0x62, 0x08, 0x42, 0x08, 0x42, 0x08, 0x42, 0x08, 0x42, 0x08, 
0x42, 0x08, 0x62, 0x08, 0x42, 0x08, 0x42, 0x08, 0x42, 0x08, 0x42, 0x08, 0x42, 0x08, 0x62, 0x08, 
0x62, 0x08, 0x62, 0x08, 0x62, 0x08, 0x62, 0x08, 0x62, 0x08, 0x42, 0x08, 0x42, 0x08, 0x62, 0x08, 
0x62, 0x08, 0x62, 0x08, 0x62, 0x08, 0x62, 0x08, 0x62, 0x08, 0x62, 0x08, 0x42, 0x08, 0x42, 0x08, 
0x42, 0x08, 0x62, 0x08, 0x62, 0x08, 0x62, 0x08, 0x62, 0x08, 0x62, 0x08, 0x62, 0x08, 0x62, 0x08, 
0x62, 0x08, 0x62, 0x08, 0x62, 0x08, 0x62, 0x08, 0x62, 0x08, 0x62, 0x08, 0x62, 0x08, 0x62, 0x08, 
0x62, 0x08, 0x62, 0x08, 0x62, 0x08, 0x62, 0x08, 0x62, 0x08, 0x62, 0x08, 0x62, 0x08, 0x62, 0x08, 
0x62, 0x08, 0x62, 0x08, 0x42, 0x08, 0x42, 0x08, 0x62, 0x08, 0x62, 0x08, 0x62, 0x08, 0x62, 0x08, 
0x62, 0x08, 0x62, 0x08, 0x62, 0x08, 0x62, 0x08, 0x62, 0x08, 0x62, 0x08, 0x62, 0x08, 0x62, 0x08, 
0x62, 0x08, 0x62, 0x08, 0x62, 0x08, 0x62, 0x08, 0x62, 0x08, 0x62, 0x08, 0x42, 0x08, 0x42, 0x08, 
0x62, 0x08, 0x62, 0x08, 0x62, 0x08, 0x62, 0x08, 0x62, 0x08, 0x62, 0x08, 0x62, 0x08, 0x62, 0x08, 
0x62, 0x08, 0x62, 0x08, 0x62, 0x08, 0x62, 0x08, 0x62, 0x08, 0x62, 0x08, 0x62, 0x08, 0x62, 0x08, 
0x62, 0x08, 0x62, 0x08, 0x62, 0x08, 0x62, 0x08, 0x62, 0x08, 0x62, 0x08, 0x62, 0x08, 0x62, 0x08, 
0x62, 0x08, 0x62, 0x08, 0x62, 0x08, 0x62, 0x08, 0x62, 0x08, 0x62, 0x08, 0x62, 0x08, 0x42, 0x08, 
0x42, 0x08, 0x62, 0x08, 0x62, 0x08, 0x62, 0x08, 0x62, 0x08, 0x62, 0x08, 0x62, 0x08, 0x62, 0x08, 
0x62, 0x08, 0x62, 0x08, 0x62, 0x08, 0x62, 0x08, 0x62, 0x08, 0x62, 0x08, 0x62, 0x08, 0x62, 0x08, 
0x62, 0x08, 0x62, 0x08, 0x62, 0x08, 0x62, 0x08, 0x62, 0x08, 0x62, 0x08, 0x62, 0x08, 0x62, 0x08, 
0x62, 0x08, 0x62, 0x08, 0x62, 0x08, 0x62, 0x08, 0x42, 0x08, 0x62, 0x08, 0x62, 0x08, 0x62, 0x08, 
0x62, 0x08, 0x42, 0x08, 0x62, 0x08, 0x62, 0x08, 0x62, 0x08, 0x62, 0x08, 0x62, 0x08, 0x62, 0x08, 
0x62, 0x08, 0x62, 0x08, 0x62, 0x08, 0x62, 0x08, 0x62, 0x08, 0x62, 0x08, 0x62, 0x08, 0x62, 0x08, 
0x62, 0x08, 0x62, 0x08, 0x62, 0x08, 0x62, 0x08, 0x42, 0x08, 0x62, 0x08, 0x62, 0x08, 0x62, 0x08, 
0x62, 0x08, 0x42, 0x00, 0x42, 0x00, 0x62, 0x08, 0x62, 0x08, 0x62, 0x08, 0x62, 0x08, 0x62, 0x08, 
0x62, 0x08, 0x62, 0x08, 0x62, 0x08, 0x62, 0x08, 0x62, 0x08, 0x62, 0x08, 0x62, 0x08, 0x62, 0x08, 
0x62, 0x08, 0x62, 0x08, 0x62, 0x08, 0x62, 0x08, 0x62, 0x08, 0x62, 0x08, 0x62, 0x08, 0x62, 0x08, 
0x62, 0x08, 0x62, 0x08, 0x62, 0x08, 0x42, 0x08, 0x62, 0x08, 0x62, 0x08, 0x62, 0x08, 0x62, 0x08, 
0x62, 0x08, 0x62, 0x08, 0x62, 0x08, 0x62, 0x08, 0x62, 0x08, 0x62, 0x08, 0x62, 0x08, 0x62, 0x08, 
0x62, 0x08, 0x62, 0x08, 0x62, 0x08, 0x62, 0x08, 0x62, 0x08, 0x62, 0x08, 0x62, 0x08, 0x62, 0x08, 
0x62, 0x08, 0x62, 0x08, 0x62, 0x08, 0x62, 0x08, 0x62, 0x08, 0x42, 0x08, 0x42, 0x08, 0x62, 0x08, 
0x62, 0x08, 0x62, 0x08, 0x42, 0x08, 0x62, 0x08, 0x62, 0x08, 0x62, 0x08, 0x62, 0x08, 0x62, 0x08, 
0x62, 0x08, 0x62, 0x08, 0x62, 0x08, 0x62, 0x08, 0x62, 0x08, 0x42, 0x08, 0x62, 0x08, 0x62, 0x08, 
0x62, 0x08, 0x62, 0x08, 0x62, 0x08, 0x62, 0x08, 0x62, 0x08, 0x62, 0x08, 0x62, 0x08, 0x62, 0x08, 
0x62, 0x08, 0x62, 0x08, 0x62, 0x08, 0x62, 0x08, 0x62, 0x08, 0x62, 0x08, 0x62, 0x08, 0x62, 0x08, 
0x62, 0x08, 0x62, 0x08, 0x62, 0x08, 0x62, 0x08, 0x62, 0x08, 0x62, 0x08, 0x62, 0x08, 0x62, 0x08, 
0x62, 0x08, 0x62, 0x08, 0x42, 0x08, 0x42, 0x08, 0x62, 0x08, 0x62, 0x08, 0x62, 0x08, 0x62, 0x08, 
0x62, 0x08, 0x62, 0x08, 0x62, 0x08, 0x62, 0x08, 0x62, 0x08, 0x62, 0x08, 0x62, 0x08, 0x62, 0x08, 
0x62, 0x08, 0x62, 0x08, 0x62, 0x08, 0x62, 0x08, 0x62, 0x08, 0x62, 0x08, 0x62, 0x08, 0x42, 0x08, 
0x42, 0x00, 0x42, 0x08, 0x42, 0x08, 0x62, 0x08, 0x62, 0x08, 0x62, 0x08, 0x62, 0x08, 0x62, 0x08, 
0x62, 0x08, 0x62, 0x08, 0x62, 0x08, 0x42, 0x08, 0x62, 0x08, 0x62, 0x08, 0x62, 0x08, 0x62, 0x08, 
0x42, 0x08, 0x62, 0x08, 0x42, 0x08, 0x42, 0x08, 0x62, 0x08, 0x62, 0x08, 0x62, 0x08, 0x62, 0x08, 
0x42, 0x08, 0x42, 0x08, 0x42, 0x08, 0x42, 0x08, 0x42, 0x08, 0x62, 0x08, 0x62, 0x08, 0x62, 0x08, 
0x62, 0x08, 0x62, 0x08, 0x62, 0x08, 0x62, 0x08, 0x42, 0x08, 0x42, 0x08, 0x42, 0x08, 0x62, 0x08, 
0x42, 0x08, 0x62, 0x08, 0x42, 0x08, 0x42, 0x08, 0x42, 0x08, 0x42, 0x08, 0x42, 0x08, 0x62, 0x08, 
0x62, 0x08, 0x62, 0x08, 0x62, 0x08, 0x62, 0x08, 0x42, 0x08, 0x42, 0x08, 0x62, 0x08, 0x62, 0x08, 
0x62, 0x08, 0x62, 0x08, 0x62, 0x08, 0x62, 0x08, 0x62, 0x08, 0x62, 0x08, 0x62, 0x08, 0x62, 0x08, 
0x62, 0x08, 0x62, 0x08, 0x62, 0x08, 0x62, 0x08, 0x62, 0x08, 0x62, 0x08, 0x62, 0x08, 0x62, 0x08, 
0x42, 0x08, 0x62, 0x08, 0x62, 0x08, 0x62, 0x08, 0x62, 0x08, 0x62, 0x08, 0x62, 0x08, 0x62, 0x08, 
0x62, 0x08, 0x62, 0x08, 0x62, 0x08, 0x62, 0x08, 0x62, 0x08, 0x62, 0x08, 0x62, 0x08, 0x62, 0x08, 
0x62, 0x08, 0x62, 0x08, 0x62, 0x08, 0x62, 0x08, 0x62, 0x08, 0x62, 0x08, 0x62, 0x08, 0x62, 0x08, 
0x62, 0x08, 0x62, 0x08, 0x62, 0x08, 0x62, 0x08, 0x62, 0x08, 0x62, 0x08, 0x62, 0x08, 0x62, 0x08, 
0x62, 0x08, 0x62, 0x08, 0x62, 0x08, 0x62, 0x08, 0x62, 0x08, 0x62, 0x08, 0x62, 0x08, 0x62, 0x08, 
0x62, 0x08, 0x62, 0x08, 0x62, 0x08, 0x62, 0x08, 0x62, 0x08, 0x62, 0x08, 0x62, 0x08, 0x62, 0x08, 
0x62, 0x08, 0x62, 0x08, 0x62, 0x08, 0x62, 0x08, 0x62, 0x08, 0x62, 0x08, 0x62, 0x08, 0x62, 0x08, 
0x62, 0x08, 0x62, 0x08, 0x62, 0x08, 0x62, 0x08, 0x62, 0x08, 0x62, 0x08, 0x62, 0x08, 0x62, 0x08, 
0x62, 0x08, 0x62, 0x08, 0x42, 0x08, 0x62, 0x08, 0x62, 0x08, 0x62, 0x08, 0x62, 0x08, 0x62, 0x08, 
0x62, 0x08, 0x62, 0x08, 0x62, 0x08, 0x62, 0x08, 0x62, 0x08, 0x42, 0x08, 0x42, 0x08, 0x62, 0x08, 
0x62, 0x08, 0x62, 0x08, 0x42, 0x08, 0x62, 0x08, 0x42, 0x08, 0x42, 0x08, 0x62, 0x08, 0x62, 0x08, 
0x62, 0x08, 0x62, 0x08, 0x62, 0x08, 0x62, 0x08, 0x62, 0x08, 0x62, 0x08, 0x62, 0x08, 0x62, 0x08, 
0x62, 0x08, 0x62, 0x08, 0x62, 0x08, 0x42, 0x08, 0x42, 0x08, 0x62, 0x08, 0x62, 0x08, 0x62, 0x08, 
0x62, 0x08, 0x42, 0x08, 0x42, 0x08, 0x62, 0x08, 0x62, 0x08, 0x62, 0x08, 0x62, 0x08, 0x62, 0x08, 
0x62, 0x08, 0x62, 0x08, 0x62, 0x08, 0x62, 0x08, 0x62, 0x08, 0x62, 0x08, 0x62, 0x08, 0x42, 0x08, 
0x42, 0x08, 0x62, 0x08, 0x62, 0x08, 0x62, 0x08, 0x42, 0x08, 0x62, 0x08, 0x62, 0x08, 0x62, 0x08, 
0x62, 0x08, 0x62, 0x08, 0x62, 0x00, 0x62, 0x08, 0x42, 0x08, 0x42, 0x08, 0x62, 0x08, 0x62, 0x08, 
0x62, 0x08, 0x62, 0x08, 0x42, 0x08, 0x62, 0x08, 0x62, 0x08, 0x62, 0x08, 0x62, 0x08, 0x62, 0x08, 
0x62, 0x08, 0x62, 0x08, 0x62, 0x08, 0x42, 0x08, 0x62, 0x08, 0x62, 0x08, 0x62, 0x08, 0x62, 0x08, 
0x62, 0x08, 0x62, 0x08, 0x62, 0x08, 0x42, 0x08, 0x42, 0x08, 0x42, 0x08, 0x62, 0x08, 0x62, 0x08, 
0x62, 0x08, 0x62, 0x08, 0x62, 0x08, 0x42, 0x08, 0x42, 0x08, 0x62, 0x08, 0x62, 0x08, 0x62, 0x08, 
0x62, 0x08, 0x62, 0x08, 0x62, 0x08, 0x62, 0x08, 0x62, 0x08, 0x62, 0x08, 0x62, 0x08, 0x62, 0x08, 
0x62, 0x08, 0x62, 0x08, 0x62, 0x08, 0x62, 0x08, 0x62, 0x08, 0x62, 0x08, 0x62, 0x08, 0x62, 0x08, 
0x62, 0x08, 0x62, 0x08, 0x62, 0x08, 0x62, 0x08, 0x62, 0x08, 0x62, 0x08, 0x62, 0x08, 0x62, 0x08, 
0x62, 0x08, 0x62, 0x08, 0x62, 0x08, 0x62, 0x08, 0x62, 0x08, 0x62, 0x08, 0x62, 0x08, 0x62, 0x08, 
0x62, 0x08, 0x62, 0x08, 0x62, 0x08, 0x62, 0x08, 0x62, 0x08, 0x62, 0x08, 0x42, 0x08, 0x62, 0x08, 
0x62, 0x08, 0x62, 0x08, 0x62, 0x08, 0x62, 0x08, 0x62, 0x08, 0x62, 0x08, 0x62, 0x08, 0x62, 0x08, 
0x62, 0x08, 0x62, 0x08, 0x42, 0x08, 0x62, 0x08, 0x62, 0x08, 0x62, 0x08, 0x62, 0x08, 0x62, 0x08, 
0x62, 0x08, 0x42, 0x08, 0x42, 0x08, 0x62, 0x08, 0x42, 0x08, 0x62, 0x08, 0x62, 0x08, 0x62, 0x08, 
0x62, 0x08, 0x62, 0x08, 0x62, 0x08, 0x62, 0x08, 0x62, 0x08, 0x62, 0x08, 0x42, 0x00, 0x62, 0x08, 
0x62, 0x08, 0x62, 0x08, 0x62, 0x08, 0x62, 0x08, 0x62, 0x08, 0x62, 0x08, 0x62, 0x08, 0x42, 0x08, 
0x62, 0x08, 0x62, 0x08, 0x62, 0x08, 0x62, 0x08, 0x62, 0x08, 0x62, 0x08, 0x62, 0x08, 0x62, 0x08, 
0x62, 0x08, 0x62, 0x08, 0x62, 0x08, 0x62, 0x08, 0x62, 0x08, 0x62, 0x08, 0x42, 0x08, 0x62, 0x08, 
0x42, 0x08, 0x42, 0x08, 0x42, 0x08, 0x42, 0x08, 0x62, 0x08, 0x62, 0x08, 0x62, 0x08, 0x62, 0x08, 
0x42, 0x08, 0x42, 0x08, 0x42, 0x08, 0x42, 0x08, 0x42, 0x08, 0x62, 0x08, 0x62, 0x08, 0x42, 0x08, 
0x42, 0x08, 0x62, 0x08, 0x62, 0x08, 0x62, 0x08, 0x42, 0x08, 0x42, 0x08, 0x62, 0x08, 0x62, 0x08, 
0x62, 0x08, 0x42, 0x08, 0x42, 0x08, 0x42, 0x08, 0x42, 0x08, 0x42, 0x08, 0x62, 0x08, 0x62, 0x08, 
0x62, 0x08, 0x62, 0x08, 0x62, 0x08, 0x62, 0x08, 0x62, 0x08, 0x62, 0x08, 0x62, 0x08, 0x62, 0x08, 
0x62, 0x08, 0x62, 0x08, 0x62, 0x08, 0x62, 0x08, 0x62, 0x08, 0x62, 0x08, 0x62, 0x08, 0x62, 0x08, 
0x62, 0x08, 0x62, 0x08, 0x42, 0x08, 0x42, 0x08, 0x62, 0x08, 0x62, 0x08, 0x62, 0x08, 0x62, 0x08, 
0x62, 0x08, 0x62, 0x08, 0x62, 0x08, 0x62, 0x08, 0x62, 0x08, 0x62, 0x08, 0x62, 0x08, 0x62, 0x08, 
0x62, 0x08, 0x62, 0x08, 0x62, 0x08, 0x62, 0x08, 0x62, 0x08, 0x62, 0x08, 0x62, 0x08, 0x62, 0x08, 
0x62, 0x08, 0x62, 0x08, 0x62, 0x08, 0x62, 0x08, 0x62, 0x08, 0x62, 0x08, 0x62, 0x08, 0x62, 0x08, 
0x62, 0x08, 0x62, 0x08, 0x62, 0x08, 0x62, 0x08, 0x62, 0x08, 0x62, 0x08, 0x62, 0x08, 0x62, 0x08, 
0x62, 0x08, 0x62, 0x08, 0x62, 0x08, 0x62, 0x08, 0x62, 0x08, 0x62, 0x08, 0x62, 0x08, 0x62, 0x08, 
0x62, 0x08, 0x62, 0x08, 0x62, 0x08, 0x62, 0x08, 0x62, 0x08, 0x62, 0x08, 0x62, 0x08, 0x62, 0x08, 
0x62, 0x08, 0x62, 0x08, 0x62, 0x08, 0x62, 0x08, 0x62, 0x08, 0x62, 0x08, 0x62, 0x08, 0x62, 0x08, 
0x62, 0x08, 0x62, 0x08, 0x62, 0x08, 0x62, 0x08, 0x62, 0x08, 0x62, 0x08, 0x62, 0x08, 0x62, 0x08, 
0x42, 0x08, 0x62, 0x08, 0x42, 0x08, 0x62, 0x08, 0x62, 0x08, 0x62, 0x08, 0x62, 0x08, 0x62, 0x08, 
0x62, 0x08, 0x62, 0x08, 0x62, 0x08, 0x62, 0x08, 0x62, 0x08, 0x42, 0x08, 0x42, 0x08, 0x62, 0x08, 
0x62, 0x08, 0x62, 0x08, 0x62, 0x08, 0x62, 0x08, 0x62, 0x08, 0x42, 0x08, 0x62, 0x08, 0x62, 0x08, 
0x62, 0x08, 0x62, 0x08, 0x62, 0x08, 0x62, 0x08, 0x62, 0x08, 0x62, 0x08, 0x62, 0x08, 0x62, 0x08, 
0x62, 0x08, 0x62, 0x08, 0x62, 0x08, 0x62, 0x08, 0x42, 0x08, 0x62, 0x08, 0x62, 0x08, 0x62, 0x08, 
0x62, 0x08, 0x62, 0x08, 0x62, 0x08, 0x62, 0x08, 0x62, 0x08, 0x62, 0x08, 0x62, 0x08, 0x62, 0x08, 
0x62, 0x08, 0x62, 0x08, 0x62, 0x08, 0x62, 0x08, 0x62, 0x08, 0x62, 0x08, 0x62, 0x08, 0x62, 0x08, 
0x62, 0x08, 0x62, 0x08, 0x42, 0x08, 0x42, 0x08, 0x42, 0x08, 0x62, 0x08, 0x62, 0x08, 0x62, 0x08, 
0x62, 0x08, 0x62, 0x08, 0x42, 0x08, 0x42, 0x08, 0x42, 0x08, 0x42, 0x08, 0x62, 0x08, 0x62, 0x08, 
0x62, 0x08, 0x62, 0x08, 0x62, 0x08, 0x62, 0x08, 0x62, 0x08, 0x62, 0x08, 0x42, 0x08, 0x62, 0x08, 
0x62, 0x08, 0x62, 0x08, 0x62, 0x08, 0x62, 0x08, 0x62, 0x08, 0x62, 0x08, 0x62, 0x08, 0x62, 0x08, 
0x62, 0x08, 0x62, 0x08, 0x62, 0x08, 0x42, 0x08, 0x42, 0x08, 0x62, 0x08, 0x62, 0x08, 0x62, 0x08, 
0x62, 0x08, 0x62, 0x08, 0x62, 0x08, 0x42, 0x08, 0x42, 0x08, 0x62, 0x08, 0x42, 0x08, 0x62, 0x08, 
0x62, 0x08, 0x62, 0x08, 0x62, 0x08, 0x62, 0x08, 0x62, 0x08, 0x62, 0x08, 0x62, 0x08, 0x62, 0x08, 
0x62, 0x08, 0x62, 0x08, 0x62, 0x08, 0x62, 0x08, 0x62, 0x08, 0x62, 0x08, 0x62, 0x08, 0x62, 0x08, 
0x62, 0x08, 0x62, 0x08, 0x62, 0x08, 0x62, 0x08, 0x62, 0x08, 0x62, 0x08, 0x62, 0x08, 0x62, 0x08, 
0x62, 0x08, 0x62, 0x08, 0x62, 0x08, 0x62, 0x08, 0x62, 0x08, 0x62, 0x08, 0x62, 0x08, 0x62, 0x08, 
0x62, 0x08, 0x62, 0x08, 0x62, 0x08, 0x62, 0x08, 0x62, 0x08, 0x62, 0x08, 0x62, 0x08, 0x62, 0x08, 
0x62, 0x08, 0x62, 0x08, 0x62, 0x08, 0x62, 0x08, 0x62, 0x08, 0x62, 0x08, 0x62, 0x08, 0x62, 0x08, 
0x62, 0x08, 0x62, 0x08, 0x62, 0x08, 0x62, 0x08, 0x62, 0x08, 0x42, 0x08, 0x62, 0x08, 0x62, 0x08, 
0x62, 0x08, 0x62, 0x08, 0x62, 0x08, 0x62, 0x08, 0x62, 0x08, 0x62, 0x08, 0x62, 0x08, 0x62, 0x08, 
0x62, 0x08, 0x62, 0x08, 0x62, 0x08, 0x62, 0x08, 0x62, 0x08, 0x62, 0x08, 0x42, 0x08, 0x62, 0x08, 
0x62, 0x08, 0x62, 0x08, 0x42, 0x08, 0x62, 0x08, 0x62, 0x08, 0x62, 0x08, 0x62, 0x08, 0x62, 0x08, 
0x62, 0x08, 0x62, 0x08, 0x62, 0x08, 0x62, 0x08, 0x62, 0x08, 0x62, 0x08, 0x62, 0x08, 0x62, 0x08, 
0x62, 0x08, 0x62, 0x08, 0x62, 0x08, 0x62, 0x08, 0x62, 0x08, 0x62, 0x08, 0x42, 0x08, 0x62, 0x08, 
0x42, 0x08, 0x42, 0x08, 0x42, 0x08, 0x42, 0x08, 0x62, 0x08, 0x62, 0x08, 0x62, 0x08, 0x62, 0x08, 
0x42, 0x08, 0x42, 0x00, 0x42, 0x08, 0x42, 0x08, 0x62, 0x08, 0x62, 0x08, 0x42, 0x08, 0x62, 0x08, 
0x42, 0x08, 0x62, 0x08, 0x62, 0x08, 0x62, 0x08, 0x42, 0x08, 0x42, 0x08, 0x62, 0x08, 0x62, 0x08, 
0x62, 0x08, 0x42, 0x08, 0x62, 0x08, 0x62, 0x08, 0x62, 0x08, 0x62, 0x08, 0x62, 0x08, 0x62, 0x08, 
0x62, 0x08, 0x62, 0x08, 0x62, 0x08, 0x62, 0x08, 0x62, 0x08, 0x62, 0x08, 0x62, 0x08, 0x62, 0x08, 
0x62, 0x08, 0x62, 0x08, 0x62, 0x08, 0x62, 0x08, 0x62, 0x08, 0x62, 0x08, 0x62, 0x08, 0x62, 0x08, 
0x62, 0x08, 0x62, 0x08, 0x42, 0x08, 0x42, 0x08, 0x62, 0x08, 0x42, 0x08, 0x62, 0x08, 0x62, 0x08, 
0x62, 0x08, 0x62, 0x08, 0x62, 0x08, 0x62, 0x08, 0x62, 0x08, 0x62, 0x08, 0x62, 0x08, 0x62, 0x08, 
0x62, 0x08, 0x62, 0x08, 0x62, 0x08, 0x62, 0x08, 0x62, 0x08, 0x62, 0x08, 0x62, 0x08, 0x62, 0x08, 
0x62, 0x08, 0x62, 0x08, 0x62, 0x08, 0x62, 0x08, 0x62, 0x08, 0x62, 0x08, 0x62, 0x08, 0x62, 0x08, 
0x62, 0x08, 0x62, 0x08, 0x62, 0x08, 0x62, 0x08, 0x62, 0x08, 0x62, 0x08, 0x62, 0x08, 0x62, 0x08, 
0x62, 0x08, 0x62, 0x08, 0x62, 0x08, 0x62, 0x08, 0x62, 0x08, 0x62, 0x08, 0x62, 0x08, 0x62, 0x08, 
0x62, 0x08, 0x62, 0x08, 0x62, 0x08, 0x62, 0x08, 0x62, 0x08, 0x62, 0x08, 0x62, 0x08, 0x62, 0x08, 
0x62, 0x08, 0x62, 0x08, 0x62, 0x08, 0x62, 0x08, 0x62, 0x08, 0x62, 0x08, 0x62, 0x08, 0x62, 0x08, 
0x62, 0x08, 0x62, 0x08, 0x62, 0x08, 0x62, 0x08, 0x62, 0x08, 0x42, 0x08, 0x62, 0x08, 0x42, 0x08, 
0x42, 0x08, 0x42, 0x08, 0x62, 0x08, 0x62, 0x08, 0x62, 0x08, 0x62, 0x08, 0x62, 0x08, 0x62, 0x08, 
0x42, 0x08, 0x62, 0x08, 0x62, 0x08, 0x62, 0x08, 0x62, 0x08, 0x62, 0x08, 0x62, 0x08, 0x42, 0x08, 
0x42, 0x08, 0x62, 0x08, 0x62, 0x08, 0x62, 0x08, 0x62, 0x08, 0x62, 0x08, 0x62, 0x08, 0x42, 0x08, 
0x42, 0x08, 0x42, 0x08, 0x42, 0x08, 0x62, 0x08, 0x62, 0x08, 0x42, 0x08, 0x42, 0x08, 0x42, 0x08, 
0x62, 0x08, 0x62, 0x08, 0x62, 0x08, 0x62, 0x08, 0x42, 0x08, 0x42, 0x08, 0x42, 0x08, 0x42, 0x08, 
0x41, 0x00, 0x42, 0x00, 0x42, 0x08, 0x62, 0x08, 0x62, 0x08, 0x62, 0x08, 0x62, 0x08, 0x62, 0x08, 
0x62, 0x08, 0x62, 0x08, 0x62, 0x08, 0x62, 0x08, 0x62, 0x08, 0x62, 0x08, 0x62, 0x08, 0x62, 0x08, 
0x42, 0x08, 0x62, 0x08, 0x62, 0x08, 0x42, 0x08, 0x42, 0x08, 0x62, 0x08, 0x62, 0x08, 0x62, 0x08, 
0x62, 0x08, 0x42, 0x08, 0x41, 0x00, 0x41, 0x00, 0x42, 0x08, 0x42, 0x08, 0x62, 0x08, 0x62, 0x08, 
0x62, 0x08, 0x62, 0x08, 0x62, 0x08, 0x62, 0x08, 0x62, 0x08, 0x62, 0x08, 0x62, 0x08, 0x62, 0x08, 
0x62, 0x08, 0x62, 0x08, 0x62, 0x08, 0x42, 0x08, 0x62, 0x08, 0x62, 0x08, 0x62, 0x08, 0x62, 0x08, 
0x42, 0x08, 0x62, 0x08, 0x62, 0x08, 0x42, 0x08, 0x42, 0x08, 0x62, 0x08, 0x62, 0x08, 0x62, 0x08, 
0x62, 0x08, 0x62, 0x08, 0x42, 0x08, 0x62, 0x08, 0x62, 0x08, 0x62, 0x08, 0x42, 0x08, 0x42, 0x08, 
0x62, 0x08, 0x62, 0x08, 0x62, 0x08, 0x62, 0x08, 0x62, 0x08, 0x62, 0x08, 0x62, 0x08, 0x62, 0x08, 
0x42, 0x08, 0x62, 0x08, 0x62, 0x08, 0x62, 0x08, 0x62, 0x08, 0x62, 0x08, 0x42, 0x08, 0x62, 0x08, 
0x62, 0x08, 0x62, 0x08, 0x62, 0x08, 0x62, 0x08, 0x62, 0x08, 0x62, 0x08, 0x62, 0x08, 0x62, 0x08, 
0x62, 0x08, 0x62, 0x08, 0x62, 0x08, 0x62, 0x08, 0x62, 0x08, 0x62, 0x08, 0x62, 0x08, 0x62, 0x08, 
0x62, 0x08, 0x62, 0x08, 0x62, 0x08, 0x62, 0x08, 0x62, 0x08, 0x62, 0x08, 0x62, 0x08, 0x62, 0x08, 
0x62, 0x08, 0x62, 0x08, 0x62, 0x08, 0x42, 0x08, 0x62, 0x08, 0x62, 0x08, 0x62, 0x08, 0x62, 0x08, 
0x62, 0x08, 0x62, 0x08, 0x62, 0x08, 0x62, 0x08, 0x62, 0x08, 0x62, 0x08, 0x62, 0x08, 0x62, 0x08, 
0x62, 0x08, 0x62, 0x08, 0x62, 0x08, 0x62, 0x08, 0x62, 0x08, 0x62, 0x08, 0x62, 0x08, 0x62, 0x08, 
0x62, 0x08, 0x42, 0x08, 0x62, 0x08, 0x62, 0x08, 0x62, 0x08, 0x42, 0x08, 0x62, 0x08, 0x62, 0x08, 
0x62, 0x08, 0x62, 0x08, 0x42, 0x08, 0x42, 0x08, 0x62, 0x08, 0x62, 0x08, 0x62, 0x08, 0x62, 0x08, 
0x62, 0x08, 0x62, 0x08, 0x62, 0x08, 0x62, 0x08, 0x42, 0x08, 0x62, 0x08, 0x62, 0x08, 0x62, 0x08, 
0x62, 0x08, 0x62, 0x08, 0x62, 0x08, 0x42, 0x08, 0x42, 0x08, 0x62, 0x08, 0x62, 0x08, 0x42, 0x08, 
0x42, 0x08, 0x62, 0x08, 0x42, 0x08, 0x42, 0x08, 0x42, 0x08, 0x42, 0x08, 0x42, 0x08, 0x62, 0x08, 
0x42, 0x08, 0x42, 0x08, 0x42, 0x08, 0x42, 0x08, 0x62, 0x08, 0x62, 0x08, 0x42, 0x08, 0x42, 0x08, 
0x42, 0x08, 0x42, 0x08, 0x42, 0x08, 0x62, 0x08, 0x62, 0x08, 0x42, 0x08, 0x62, 0x08, 0x62, 0x08, 
0x62, 0x08, 0x42, 0x08, 0x62, 0x08, 0x62, 0x08, 0x62, 0x08, 0x62, 0x08, 0x62, 0x08, 0x62, 0x08, 
0x62, 0x08, 0x62, 0x08, 0x62, 0x08, 0x62, 0x08, 0x62, 0x08, 0x62, 0x08, 0x62, 0x08, 0x62, 0x08, 
0x62, 0x08, 0x62, 0x08, 0x62, 0x08, 0x62, 0x08, 0x62, 0x08, 0x62, 0x08, 0x62, 0x08, 0x42, 0x08, 
0x62, 0x08, 0x62, 0x08, 0x62, 0x08, 0x62, 0x08, 0x62, 0x08, 0x62, 0x08, 0x62, 0x08, 0x62, 0x08, 
0x62, 0x08, 0x62, 0x08, 0x62, 0x08, 0x62, 0x08, 0x62, 0x08, 0x62, 0x08, 0x62, 0x08, 0x62, 0x08, 
0x62, 0x08, 0x62, 0x08, 0x62, 0x08, 0x62, 0x08, 0x62, 0x08, 0x62, 0x08, 0x62, 0x08, 0x62, 0x08, 
0x62, 0x08, 0x62, 0x08, 0x62, 0x08, 0x62, 0x08, 0x62, 0x08, 0x62, 0x08, 0x62, 0x08, 0x62, 0x08, 
0x62, 0x08, 0x62, 0x08, 0x62, 0x08, 0x62, 0x08, 0x62, 0x08, 0x62, 0x08, 0x62, 0x08, 0x62, 0x08, 
0x62, 0x08, 0x62, 0x08, 0x62, 0x08, 0x62, 0x08, 0x62, 0x08, 0x62, 0x08, 0x62, 0x08, 0x62, 0x08, 
0x62, 0x08, 0x62, 0x08, 0x62, 0x08, 0x62, 0x08, 0x62, 0x08, 0x62, 0x08, 0x62, 0x08, 0x62, 0x08, 
0x62, 0x08, 0x62, 0x08, 0x62, 0x08, 0x62, 0x08, 0x62, 0x08, 0x62, 0x08, 0x62, 0x08, 0x62, 0x08, 
0x62, 0x08, 0x62, 0x08, 0x62, 0x08, 0x62, 0x08, 0x42, 0x08, 0x42, 0x08, 0x62, 0x08, 0x62, 0x08, 
0x62, 0x08, 0x62, 0x08, 0x62, 0x08, 0x62, 0x08, 0x62, 0x08, 0x62, 0x08, 0x42, 0x08, 0x62, 0x08, 
0x62, 0x08, 0x62, 0x08, 0x62, 0x08, 0x62, 0x08, 0x62, 0x08, 0x62, 0x08, 0x62, 0x08, 0x62, 0x08, 
0x62, 0x08, 0x62, 0x08, 0x62, 0x08, 0x62, 0x08, 0x62, 0x08, 0x42, 0x08, 0x42, 0x08, 0x42, 0x08, 
0x42, 0x08, 0x42, 0x08, 0x42, 0x00, 0x42, 0x08, 0x62, 0x08, 0x42, 0x08, 0x42, 0x08, 0x42, 0x08, 
0x62, 0x08, 0x62, 0x08, 0x62, 0x08, 0x42, 0x08, 0x42, 0x08, 0x62, 0x08, 0x62, 0x08, 0x62, 0x08, 
0x62, 0x08, 0x62, 0x08, 0x62, 0x08, 0x62, 0x08, 0x62, 0x08, 0x62, 0x08, 0x62, 0x08, 0x62, 0x08, 
0x62, 0x08, 0x62, 0x08, 0x62, 0x08, 0x42, 0x08, 0x62, 0x08, 0x62, 0x08, 0x62, 0x08, 0x62, 0x08, 
0x62, 0x08, 0x42, 0x08, 0x62, 0x08, 0x42, 0x08, 0x42, 0x08, 0x62, 0x08, 0x62, 0x08, 0x62, 0x08, 
0x62, 0x08, 0x62, 0x08, 0x62, 0x08, 0x62, 0x08, 0x42, 0x08, 0x62, 0x08, 0x62, 0x08, 0x62, 0x08, 
0x62, 0x08, 0x62, 0x08, 0x62, 0x08, 0x62, 0x08, 0x62, 0x08, 0x42, 0x08, 0x62, 0x08, 0x42, 0x08, 
0x62, 0x08, 0x62, 0x08, 0x62, 0x08, 0x42, 0x08, 0x62, 0x08, 0x42, 0x08, 0x42, 0x08, 0x42, 0x08, 
0x62, 0x08, 0x42, 0x08, 0x42, 0x08, 0x42, 0x08, 0x42, 0x00, 0x62, 0x08, 0x62, 0x08, 0x42, 0x00, 
0x42, 0x08, 0x42, 0x08, 0x62, 0x08, 0x42, 0x08, 0x42, 0x08, 0x42, 0x08, 0x62, 0x08, 0x42, 0x08, 
0x42, 0x08, 0x42, 0x08, 0x42, 0x08, 0x42, 0x08, 0x62, 0x08, 0x62, 0x08, 0x42, 0x08, 0x42, 0x08, 
0x42, 0x08, 0x62, 0x08, 0x62, 0x08, 0x62, 0x08, 0x62, 0x08, 0x62, 0x08, 0x62, 0x08, 0x62, 0x08, 
0x62, 0x08, 0x62, 0x08, 0x62, 0x08, 0x62, 0x08, 0x62, 0x08, 0x62, 0x08, 0x62, 0x08, 0x62, 0x08, 
0x62, 0x08, 0x62, 0x08, 0x62, 0x08, 0x62, 0x08, 0x62, 0x08, 0x42, 0x08, 0x62, 0x08, 0x62, 0x08, 
0x62, 0x08, 0x62, 0x08, 0x62, 0x08, 0x62, 0x08, 0x62, 0x08, 0x62, 0x08, 0x62, 0x08, 0x62, 0x08, 
0x62, 0x08, 0x62, 0x08, 0x62, 0x08, 0x42, 0x08, 0x62, 0x08, 0x62, 0x08, 0x62, 0x08, 0x62, 0x08, 
0x62, 0x08, 0x62, 0x08, 0x62, 0x08, 0x62, 0x08, 0x42, 0x08, 0x62, 0x08, 0x62, 0x08, 0x62, 0x08, 
0x62, 0x08, 0x62, 0x08, 0x62, 0x08, 0x62, 0x08, 0x62, 0x08, 0x62, 0x08, 0x62, 0x08, 0x62, 0x08, 
0x62, 0x08, 0x62, 0x08, 0x42, 0x08, 0x42, 0x08, 0x42, 0x08, 0x42, 0x08, 0x42, 0x08, 0x62, 0x08, 
0x62, 0x08, 0x62, 0x08, 0x62, 0x08, 0x42, 0x00, 0x41, 0x08, 0x42, 0x08, 0x62, 0x08, 0x62, 0x08, 
0x62, 0x08, 0x62, 0x08, 0x62, 0x08, 0x62, 0x08, 0x62, 0x08, 0x42, 0x08, 0x42, 0x08, 0x62, 0x08, 
0x62, 0x08, 0x62, 0x08, 0x62, 0x08, 0x62, 0x08, 0x62, 0x08, 0x62, 0x08, 0x62, 0x08, 0x62, 0x08, 
0x62, 0x08, 0x42, 0x08, 0x42, 0x08, 0x61, 0x08, 0x42, 0x08, 0x62, 0x08, 0x62, 0x08, 0x62, 0x08, 
0x42, 0x08, 0x42, 0x08, 0x42, 0x08, 0x42, 0x08, 0x62, 0x08, 0x62, 0x08, 0x62, 0x08, 0x62, 0x08, 
0x42, 0x08, 0x42, 0x08, 0x42, 0x08, 0x42, 0x08, 0x62, 0x08, 0x62, 0x08, 0x62, 0x08, 0x62, 0x08, 
0x62, 0x08, 0x62, 0x08, 0x62, 0x08, 0x62, 0x08, 0x62, 0x08, 0x62, 0x08, 0x62, 0x08, 0x62, 0x08, 
0x62, 0x08, 0x62, 0x08, 0x62, 0x08, 0x62, 0x08, 0x62, 0x08, 0x62, 0x08, 0x62, 0x08, 0x62, 0x08, 
0x62, 0x08, 0x62, 0x08, 0x62, 0x08, 0x62, 0x08, 0x62, 0x08, 0x62, 0x08, 0x62, 0x08, 0x62, 0x08, 
0x62, 0x08, 0x62, 0x08, 0x62, 0x08, 0x62, 0x08, 0x62, 0x08, 0x62, 0x08, 0x62, 0x08, 0x62, 0x08, 
0x62, 0x08, 0x62, 0x08, 0x62, 0x08, 0x62, 0x08, 0x62, 0x08, 0x62, 0x08, 0x62, 0x08, 0x62, 0x08, 
0x62, 0x08, 0x62, 0x08, 0x62, 0x08, 0x62, 0x08, 0x62, 0x08, 0x62, 0x08, 0x42, 0x08, 0x62, 0x08, 
0x62, 0x08, 0x62, 0x08, 0x42, 0x08, 0x62, 0x08, 0x62, 0x08, 0x62, 0x08, 0x42, 0x08, 0x62, 0x08, 
0x62, 0x08, 0x62, 0x08, 0x42, 0x08, 0x62, 0x08, 0x62, 0x08, 0x62, 0x08, 0x62, 0x08, 0x62, 0x08, 
0x62, 0x08, 0x62, 0x08, 0x62, 0x08, 0x62, 0x08, 0x62, 0x08, 0x62, 0x08, 0x62, 0x08, 0x62, 0x08, 
0x62, 0x08, 0x62, 0x08, 0x42, 0x08, 0x62, 0x08, 0x62, 0x08, 0x62, 0x08, 0x62, 0x08, 0x62, 0x08, 
0x62, 0x08, 0x62, 0x08, 0x62, 0x08, 0x62, 0x08, 0x62, 0x08, 0x62, 0x08, 0x62, 0x08, 0x62, 0x08, 
0x62, 0x08, 0x62, 0x08, 0x62, 0x08, 0x62, 0x08, 0x42, 0x08, 0x42, 0x08, 0x62, 0x08, 0x62, 0x08, 
0x62, 0x08, 0x62, 0x08, 0x62, 0x08, 0x62, 0x08, 0x62, 0x08, 0x62, 0x08, 0x62, 0x08, 0x62, 0x08, 
0x62, 0x08, 0x62, 0x08, 0x62, 0x08, 0x62, 0x08, 0x62, 0x08, 0x62, 0x08, 0x42, 0x08, 0x62, 0x08, 
0x62, 0x08, 0x62, 0x08, 0x42, 0x08, 0x62, 0x08, 0x42, 0x08, 0x62, 0x08, 0x62, 0x08, 0x42, 0x08, 
0x42, 0x08, 0x42, 0x08, 0x41, 0x08, 0x41, 0x08, 0x42, 0x08, 0x42, 0x08, 0x62, 0x08, 0x62, 0x08, 
0x62, 0x08, 0x62, 0x08, 0x62, 0x08, 0x42, 0x08, 0x42, 0x08, 0x62, 0x08, 0x62, 0x08, 0x62, 0x08, 
0x42, 0x08, 0x62, 0x08, 0x62, 0x08, 0x62, 0x08, 0x62, 0x08, 0x62, 0x08, 0x62, 0x08, 0x62, 0x08, 
0x62, 0x08, 0x62, 0x08, 0x62, 0x08, 0x62, 0x08, 0x62, 0x08, 0x62, 0x08, 0x62, 0x08, 0x62, 0x08, 
0x62, 0x08, 0x62, 0x08, 0x62, 0x08, 0x62, 0x08, 0x62, 0x08, 0x62, 0x08, 0x62, 0x08, 0x62, 0x08, 
0x62, 0x08, 0x62, 0x08, 0x62, 0x08, 0x42, 0x08, 0x42, 0x08, 0x62, 0x08, 0x62, 0x08, 0x62, 0x08, 
0x62, 0x08, 0x62, 0x08, 0x62, 0x08, 0x42, 0x08, 0x62, 0x08, 0x62, 0x08, 0x62, 0x08, 0x62, 0x08, 
0x62, 0x08, 0x62, 0x08, 0x62, 0x08, 0x42, 0x00, 0x42, 0x08, 0x42, 0x08, 0x42, 0x08, 0x42, 0x08, 
0x42, 0x08, 0x42, 0x08, 0x42, 0x08, 0x42, 0x08, 0x42, 0x08, 0x42, 0x08, 0x42, 0x08, 0x42, 0x08, 
0x42, 0x08, 0x42, 0x08, 0x42, 0x08, 0x42, 0x08, 0x42, 0x08, 0x42, 0x08, 0x42, 0x08, 0x42, 0x08, 
0x42, 0x08, 0x42, 0x08, 0x42, 0x08, 0x42, 0x08, 0x42, 0x08, 0x62, 0x00, 0x42, 0x08, 0x42, 0x08, 
0x42, 0x08, 0x62, 0x08, 0x62, 0x08, 0x62, 0x08, 0x42, 0x08, 0x42, 0x08, 0x62, 0x08, 0x42, 0x08, 
0x42, 0x08, 0x62, 0x08, 0x62, 0x08, 0x62, 0x08, 0x62, 0x08, 0x62, 0x08, 0x62, 0x08, 0x62, 0x08, 
0x62, 0x08, 0x62, 0x08, 0x62, 0x08, 0x62, 0x08, 0x62, 0x08, 0x62, 0x08, 0x62, 0x08, 0x62, 0x08, 
0x62, 0x08, 0x62, 0x08, 0x62, 0x08, 0x62, 0x08, 0x62, 0x08, 0x62, 0x08, 0x42, 0x08, 0x62, 0x08, 
0x62, 0x08, 0x62, 0x08, 0x62, 0x08, 0x42, 0x08, 0x62, 0x08, 0x62, 0x08, 0x62, 0x08, 0x62, 0x08, 
0x62, 0x08, 0x62, 0x08, 0x62, 0x08, 0x62, 0x08, 0x62, 0x08, 0x62, 0x08, 0x62, 0x08, 0x62, 0x08, 
0x62, 0x08, 0x62, 0x08, 0x62, 0x08, 0x62, 0x08, 0x62, 0x08, 0x62, 0x08, 0x62, 0x08, 0x62, 0x08, 
0x62, 0x08, 0x62, 0x08, 0x62, 0x08, 0x62, 0x08, 0x42, 0x08, 0x42, 0x08, 0x42, 0x08, 0x42, 0x08, 
0x62, 0x08, 0x42, 0x08, 0x42, 0x08, 0x42, 0x08, 0x42, 0x08, 0x62, 0x08, 0x62, 0x08, 0x62, 0x08, 
0x62, 0x08, 0x62, 0x08, 0x62, 0x08, 0x62, 0x08, 0x62, 0x08, 0x62, 0x08, 0x42, 0x08, 0x62, 0x08, 
0x62, 0x08, 0x62, 0x08, 0x62, 0x08, 0x62, 0x08, 0x62, 0x08, 0x62, 0x08, 0x62, 0x08, 0x62, 0x08, 
0x62, 0x08, 0x42, 0x08, 0x42, 0x08, 0x42, 0x08, 0x42, 0x08, 0x62, 0x08, 0x62, 0x08, 0x62, 0x08, 
0x62, 0x08, 0x42, 0x08, 0x42, 0x08, 0x62, 0x08, 0x42, 0x08, 0x62, 0x08, 0x62, 0x08, 0x62, 0x08, 
0x42, 0x08, 0x62, 0x08, 0x42, 0x08, 0x42, 0x08, 0x42, 0x08, 0x62, 0x08, 0x62, 0x08, 0x62, 0x08, 
0x62, 0x08, 0x62, 0x08, 0x62, 0x08, 0x62, 0x08, 0x62, 0x08, 0x62, 0x08, 0x62, 0x08, 0x62, 0x08, 
0x62, 0x08, 0x62, 0x08, 0x62, 0x08, 0x62, 0x08, 0x62, 0x08, 0x62, 0x08, 0x62, 0x08, 0x62, 0x08, 
0x62, 0x08, 0x62, 0x08, 0x62, 0x08, 0x62, 0x08, 0x62, 0x08, 0x62, 0x08, 0x62, 0x08, 0x62, 0x08, 
0x62, 0x08, 0x62, 0x08, 0x62, 0x08, 0x62, 0x08, 0x62, 0x08, 0x62, 0x08, 0x62, 0x08, 0x62, 0x08, 
0x62, 0x08, 0x62, 0x08, 0x62, 0x08, 0x62, 0x08, 0x62, 0x08, 0x62, 0x08, 0x62, 0x08, 0x62, 0x08, 
0x62, 0x08, 0x62, 0x08, 0x62, 0x08, 0x62, 0x08, 0x62, 0x08, 0x42, 0x08, 0x62, 0x08, 0x62, 0x08, 
0x62, 0x08, 0x62, 0x08, 0x62, 0x08, 0x62, 0x08, 0x62, 0x08, 0x62, 0x08, 0x62, 0x08, 0x42, 0x08, 
0x62, 0x08, 0x62, 0x08, 0x62, 0x08, 0x62, 0x08, 0x62, 0x08, 0x62, 0x08, 0x62, 0x08, 0x62, 0x08, 
0x62, 0x08, 0x62, 0x08, 0x62, 0x08, 0x62, 0x08, 0x62, 0x08, 0x62, 0x08, 0x62, 0x08, 0x62, 0x08, 
0x62, 0x08, 0x62, 0x08, 0x42, 0x08, 0x62, 0x08, 0x62, 0x08, 0x62, 0x08, 0x62, 0x08, 0x62, 0x08, 
0x62, 0x08, 0x62, 0x08, 0x62, 0x08, 0x62, 0x08, 0x62, 0x08, 0x62, 0x08, 0x62, 0x08, 0x62, 0x08, 
0x62, 0x08, 0x62, 0x08, 0x62, 0x08, 0x62, 0x08, 0x42, 0x08, 0x42, 0x08, 0x62, 0x08, 0x62, 0x08, 
0x62, 0x08, 0x62, 0x08, 0x62, 0x08, 0x62, 0x08, 0x62, 0x08, 0x62, 0x08, 0x62, 0x08, 0x62, 0x08, 
0x62, 0x08, 0x62, 0x08, 0x62, 0x08, 0x62, 0x08, 0x62, 0x08, 0x62, 0x08, 0x42, 0x08, 0x62, 0x08, 
0x42, 0x08, 0x62, 0x08, 0x62, 0x08, 0x42, 0x08, 0x62, 0x08, 0x42, 0x08, 0x62, 0x08, 0x42, 0x08, 
0x41, 0x08, 0x42, 0x08, 0x42, 0x08, 0x42, 0x08, 0x42, 0x08, 0x42, 0x08, 0x62, 0x08, 0x62, 0x08, 
0x62, 0x08, 0x62, 0x08, 0x62, 0x08, 0x62, 0x08, 0x62, 0x08, 0x62, 0x08, 0x62, 0x08, 0x42, 0x08, 
0x62, 0x08, 0x62, 0x08, 0x62, 0x08, 0x62, 0x08, 0x62, 0x08, 0x62, 0x08, 0x62, 0x08, 0x62, 0x08, 
0x62, 0x08, 0x62, 0x08, 0x42, 0x08, 0x62, 0x08, 0x62, 0x08, 0x62, 0x08, 0x62, 0x08, 0x62, 0x08, 
0x62, 0x08, 0x62, 0x08, 0x62, 0x08, 0x62, 0x08, 0x62, 0x08, 0x62, 0x08, 0x62, 0x08, 0x62, 0x08, 
0x62, 0x08, 0x62, 0x08, 0x62, 0x08, 0x62, 0x08, 0x62, 0x08, 0x62, 0x08, 0x62, 0x08, 0x62, 0x08, 
0x62, 0x08, 0x42, 0x08, 0x62, 0x08, 0x42, 0x08, 0x62, 0x08, 0x62, 0x08, 0x62, 0x08, 0x62, 0x08, 
0x62, 0x08, 0x62, 0x08, 0x62, 0x08, 0x42, 0x08, 0x42, 0x08, 0x42, 0x08, 0x42, 0x08, 0x42, 0x08, 
0x42, 0x08, 0x42, 0x08, 0x42, 0x08, 0x42, 0x08, 0x42, 0x08, 0x42, 0x08, 0x42, 0x08, 0x42, 0x08, 
0x42, 0x08, 0x42, 0x08, 0x42, 0x08, 0x42, 0x08, 0x42, 0x08, 0x42, 0x08, 0x42, 0x08, 0x42, 0x08, 
0x42, 0x08, 0x42, 0x08, 0x41, 0x08, 0x42, 0x08, 0x42, 0x08, 0x62, 0x00, 0x42, 0x08, 0x42, 0x08, 
0x62, 0x08, 0x62, 0x08, 0x62, 0x08, 0x62, 0x08, 0x42, 0x08, 0x42, 0x08, 0x62, 0x08, 0x42, 0x08, 
0x42, 0x08, 0x62, 0x08, 0x62, 0x08, 0x62, 0x08, 0x62, 0x08, 0x62, 0x08, 0x42, 0x08, 0x62, 0x08, 
0x62, 0x08, 0x62, 0x08, 0x62, 0x08, 0x62, 0x08, 0x62, 0x08, 0x62, 0x08, 0x62, 0x08, 0x62, 0x08, 
0x62, 0x08, 0x62, 0x08, 0x62, 0x08, 0x62, 0x08, 0x62, 0x08, 0x62, 0x08, 0x62, 0x08, 0x62, 0x08, 
0x62, 0x08, 0x62, 0x08, 0x62, 0x08, 0x62, 0x08, 0x62, 0x08, 0x42, 0x08, 0x42, 0x08, 0x62, 0x08, 
0x62, 0x08, 0x42, 0x08, 0x62, 0x08, 0x62, 0x08, 0x62, 0x08, 0x62, 0x08, 0x62, 0x08, 0x62, 0x08, 
0x62, 0x08, 0x62, 0x08, 0x62, 0x08, 0x62, 0x08, 0x62, 0x08, 0x62, 0x08, 0x62, 0x08, 0x62, 0x08, 
0x62, 0x08, 0x62, 0x08, 0x62, 0x08, 0x62, 0x08, 0x42, 0x08, 0x42, 0x08, 0x62, 0x08, 0x42, 0x08, 
0x42, 0x08, 0x42, 0x08, 0x62, 0x08, 0x62, 0x08, 0x42, 0x08, 0x62, 0x08, 0x62, 0x08, 0x62, 0x08, 
0x62, 0x08, 0x62, 0x08, 0x62, 0x08, 0x62, 0x08, 0x42, 0x08, 0x62, 0x08, 0x62, 0x08, 0x42, 0x08, 
0x62, 0x08, 0x62, 0x08, 0x62, 0x08, 0x62, 0x08, 0x62, 0x08, 0x62, 0x08, 0x62, 0x08, 0x62, 0x08, 
0x42, 0x08, 0x42, 0x08, 0x42, 0x08, 0x42, 0x08, 0x42, 0x08, 0x42, 0x08, 0x42, 0x08, 0x62, 0x08, 
0x42, 0x08, 0x62, 0x08, 0x62, 0x08, 0x62, 0x08, 0x62, 0x08, 0x62, 0x08, 0x62, 0x08, 0x62, 0x08, 
0x42, 0x08, 0x62, 0x08, 0x62, 0x08, 0x62, 0x08, 0x62, 0x08, 0x62, 0x08, 0x62, 0x08, 0x62, 0x08, 
0x62, 0x08, 0x62, 0x08, 0x62, 0x08, 0x62, 0x08, 0x62, 0x08, 0x62, 0x08, 0x62, 0x08, 0x62, 0x08, 
0x62, 0x08, 0x62, 0x08, 0x62, 0x08, 0x62, 0x08, 0x62, 0x08, 0x62, 0x08, 0x62, 0x08, 0x62, 0x08, 
0x62, 0x08, 0x62, 0x08, 0x62, 0x08, 0x62, 0x08, 0x62, 0x08, 0x62, 0x08, 0x62, 0x08, 0x62, 0x08, 
0x62, 0x08, 0x62, 0x08, 0x62, 0x08, 0x62, 0x08, 0x62, 0x08, 0x42, 0x08, 0x62, 0x08, 0x62, 0x08, 
0x62, 0x08, 0x62, 0x08, 0x62, 0x08, 0x62, 0x08, 0x62, 0x08, 0x62, 0x08, 0x62, 0x08, 0x62, 0x08, 
0x62, 0x08, 0x62, 0x08, 0x62, 0x08, 0x62, 0x08, 0x62, 0x08, 0x62, 0x08, 0x62, 0x08, 0x62, 0x08, 
0x62, 0x08, 0x62, 0x08, 0x62, 0x08, 0x62, 0x08, 0x62, 0x08, 0x62, 0x08, 0x62, 0x08, 0x62, 0x08, 
0x62, 0x08, 0x62, 0x08, 0x62, 0x08, 0x62, 0x08, 0x62, 0x08, 0x62, 0x08, 0x62, 0x08, 0x62, 0x08, 
0x62, 0x08, 0x62, 0x08, 0x62, 0x08, 0x62, 0x08, 0x62, 0x08, 0x62, 0x08, 0x62, 0x08, 0x62, 0x08, 
0x62, 0x08, 0x62, 0x08, 0x62, 0x08, 0x62, 0x08, 0x62, 0x08, 0x62, 0x08, 0x62, 0x08, 0x62, 0x08, 
0x62, 0x08, 0x62, 0x08, 0x62, 0x08, 0x62, 0x08, 0x62, 0x08, 0x62, 0x08, 0x62, 0x08, 0x62, 0x08, 
0x62, 0x08, 0x62, 0x08, 0x62, 0x08, 0x62, 0x08, 0x42, 0x08, 0x42, 0x08, 0x42, 0x08, 0x62, 0x08, 
0x62, 0x08, 0x62, 0x08, 0x62, 0x08, 0x62, 0x08, 0x62, 0x08, 0x62, 0x08, 0x62, 0x08, 0x62, 0x08, 
0x42, 0x08, 0x62, 0x08, 0x62, 0x08, 0x42, 0x08, 0x41, 0x00, 0x42, 0x08, 0x42, 0x08, 0x42, 0x08, 
0x62, 0x08, 0x42, 0x08, 0x42, 0x08, 0x62, 0x08, 0x62, 0x08, 0x62, 0x08, 0x42, 0x08, 0x42, 0x08, 
0x42, 0x08, 0x42, 0x08, 0x42, 0x08, 0x62, 0x08, 0x42, 0x08, 0x62, 0x08, 0x42, 0x08, 0x62, 0x08, 
0x62, 0x08, 0x62, 0x08, 0x62, 0x08, 0x62, 0x08, 0x62, 0x08, 0x42, 0x08, 0x42, 0x08, 0x62, 0x08, 
0x62, 0x08, 0x62, 0x08, 0x62, 0x08, 0x62, 0x08, 0x62, 0x08, 0x62, 0x08, 0x42, 0x08, 0x62, 0x08, 
0x62, 0x08, 0x62, 0x08, 0x62, 0x08, 0x62, 0x08, 0x62, 0x08, 0x62, 0x08, 0x62, 0x08, 0x62, 0x08, 
0x42, 0x08, 0x42, 0x08, 0x62, 0x08, 0x62, 0x08, 0x62, 0x08, 0x62, 0x08, 0x62, 0x08, 0x62, 0x08, 
0x62, 0x08, 0x62, 0x08, 0x62, 0x08, 0x62, 0x08, 0x62, 0x08, 0x62, 0x08, 0x62, 0x08, 0x42, 0x08, 
0x62, 0x08, 0x62, 0x08, 0x62, 0x08, 0x62, 0x08, 0x62, 0x08, 0x62, 0x08, 0x62, 0x08, 0x62, 0x08, 
0x62, 0x08, 0x62, 0x08, 0x62, 0x08, 0x42, 0x08, 0x42, 0x08, 0x42, 0x08, 0x42, 0x08, 0x42, 0x08, 
0x42, 0x08, 0x42, 0x08, 0x42, 0x08, 0x42, 0x08, 0x42, 0x08, 0x42, 0x08, 0x42, 0x08, 0x42, 0x08, 
0x42, 0x08, 0x42, 0x08, 0x42, 0x08, 0x42, 0x08, 0x42, 0x08, 0x42, 0x08, 0x42, 0x08, 0x42, 0x08, 
0x42, 0x08, 0x42, 0x08, 0x42, 0x08, 0x42, 0x08, 0x42, 0x08, 0x42, 0x08, 0x42, 0x08, 0x41, 0x08, 
0x42, 0x08, 0x62, 0x08, 0x42, 0x08, 0x42, 0x08, 0x41, 0x08, 0x42, 0x08, 0x42, 0x00, 0x62, 0x08, 
0x62, 0x08, 0x62, 0x08, 0x62, 0x08, 0x62, 0x08, 0x62, 0x08, 0x62, 0x08, 0x42, 0x08, 0x62, 0x08, 
0x62, 0x08, 0x62, 0x08, 0x62, 0x08, 0x62, 0x08, 0x62, 0x08, 0x62, 0x08, 0x62, 0x08, 0x62, 0x08, 
0x62, 0x08, 0x62, 0x08, 0x62, 0x08, 0x62, 0x08, 0x62, 0x08, 0x62, 0x08, 0x62, 0x08, 0x62, 0x08, 
0x62, 0x08, 0x62, 0x08, 0x42, 0x08, 0x62, 0x08, 0x62, 0x08, 0x62, 0x08, 0x62, 0x08, 0x62, 0x08, 
0x62, 0x08, 0x62, 0x08, 0x62, 0x08, 0x62, 0x08, 0x62, 0x08, 0x42, 0x08, 0x42, 0x08, 0x62, 0x08, 
0x62, 0x08, 0x62, 0x08, 0x62, 0x08, 0x62, 0x08, 0x62, 0x08, 0x62, 0x08, 0x62, 0x08, 0x62, 0x08, 
0x62, 0x08, 0x62, 0x08, 0x62, 0x08, 0x62, 0x08, 0x62, 0x08, 0x42, 0x08, 0x42, 0x08, 0x62, 0x08, 
0x62, 0x08, 0x42, 0x08, 0x62, 0x08, 0x62, 0x08, 0x62, 0x08, 0x42, 0x08, 0x62, 0x08, 0x62, 0x08, 
0x42, 0x08, 0x42, 0x08, 0x62, 0x08, 0x62, 0x08, 0x62, 0x08, 0x62, 0x08, 0x62, 0x08, 0x62, 0x08, 
0x62, 0x08, 0x62, 0x08, 0x62, 0x08, 0x42, 0x08, 0x62, 0x08, 0x62, 0x08, 0x62, 0x08, 0x62, 0x08, 
0x62, 0x08, 0x42, 0x08, 0x42, 0x08, 0x62, 0x08, 0x62, 0x08, 0x62, 0x08, 0x62, 0x08, 0x62, 0x08, 
0x62, 0x08, 0x42, 0x08, 0x42, 0x08, 0x62, 0x08, 0x42, 0x08, 0x62, 0x08, 0x62, 0x08, 0x42, 0x08, 
0x62, 0x08, 0x62, 0x08, 0x62, 0x08, 0x62, 0x08, 0x62, 0x08, 0x62, 0x08, 0x62, 0x08, 0x62, 0x08, 
0x62, 0x08, 0x62, 0x08, 0x62, 0x08, 0x62, 0x08, 0x62, 0x08, 0x62, 0x08, 0x62, 0x08, 0x62, 0x08, 
0x62, 0x08, 0x62, 0x08, 0x62, 0x08, 0x62, 0x08, 0x62, 0x08, 0x62, 0x08, 0x62, 0x08, 0x62, 0x08, 
0x62, 0x08, 0x62, 0x08, 0x62, 0x08, 0x62, 0x08, 0x62, 0x08, 0x62, 0x08, 0x62, 0x08, 0x62, 0x08, 
0x62, 0x08, 0x62, 0x08, 0x62, 0x08, 0x62, 0x08, 0x62, 0x08, 0x42, 0x08, 0x62, 0x08, 0x62, 0x08, 
0x62, 0x08, 0x62, 0x08, 0x42, 0x08, 0x42, 0x08, 0x62, 0x08, 0x62, 0x08, 0x62, 0x08, 0x62, 0x08, 
0x62, 0x08, 0x62, 0x08, 0x62, 0x08, 0x62, 0x08, 0x62, 0x08, 0x62, 0x08, 0x62, 0x08, 0x62, 0x08, 
0x62, 0x08, 0x62, 0x08, 0x62, 0x08, 0x62, 0x08, 0x62, 0x08, 0x62, 0x08, 0x62, 0x08, 0x62, 0x08, 
0x42, 0x08, 0x62, 0x08, 0x62, 0x08, 0x42, 0x08, 0x42, 0x08, 0x62, 0x08, 0x62, 0x08, 0x62, 0x08, 
0x62, 0x08, 0x62, 0x08, 0x42, 0x08, 0x62, 0x08, 0x62, 0x08, 0x62, 0x08, 0x62, 0x08, 0x62, 0x08, 
0x62, 0x08, 0x62, 0x08, 0x62, 0x08, 0x62, 0x08, 0x62, 0x08, 0x62, 0x08, 0x62, 0x08, 0x62, 0x08, 
0x62, 0x08, 0x62, 0x08, 0x62, 0x08, 0x42, 0x08, 0x62, 0x08, 0x62, 0x08, 0x42, 0x08, 0x42, 0x08, 
0x42, 0x08, 0x62, 0x08, 0x42, 0x08, 0x42, 0x08, 0x62, 0x08, 0x42, 0x08, 0x42, 0x08, 0x42, 0x08, 
0x62, 0x08, 0x62, 0x08, 0x62, 0x08, 0x62, 0x08, 0x42, 0x08, 0x42, 0x08, 0x42, 0x08, 0x42, 0x08, 
0x42, 0x08, 0x42, 0x08, 0x42, 0x08, 0x41, 0x00, 0x42, 0x08, 0x41, 0x08, 0x42, 0x00, 0x42, 0x08, 
0x42, 0x08, 0x42, 0x08, 0x42, 0x08, 0x42, 0x08, 0x42, 0x08, 0x62, 0x08, 0x42, 0x08, 0x42, 0x08, 
0x62, 0x08, 0x42, 0x08, 0x42, 0x08, 0x42, 0x08, 0x62, 0x08, 0x62, 0x08, 0x42, 0x08, 0x62, 0x08, 
0x62, 0x08, 0x62, 0x08, 0x62, 0x08, 0x62, 0x08, 0x62, 0x08, 0x62, 0x08, 0x62, 0x08, 0x62, 0x08, 
0x62, 0x08, 0x62, 0x08, 0x42, 0x08, 0x42, 0x08, 0x62, 0x08, 0x42, 0x08, 0x42, 0x08, 0x62, 0x08, 
0x42, 0x08, 0x42, 0x08, 0x62, 0x08, 0x62, 0x08, 0x62, 0x08, 0x62, 0x08, 0x62, 0x08, 0x62, 0x08, 
0x62, 0x08, 0x62, 0x08, 0x62, 0x08, 0x62, 0x08, 0x62, 0x08, 0x62, 0x08, 0x62, 0x08, 0x62, 0x08, 
0x62, 0x08, 0x62, 0x08, 0x62, 0x08, 0x42, 0x08, 0x42, 0x08, 0x42, 0x08, 0x62, 0x08, 0x42, 0x08, 
0x42, 0x08, 0x42, 0x08, 0x42, 0x08, 0x62, 0x08, 0x62, 0x08, 0x62, 0x08, 0x62, 0x08, 0x62, 0x08, 
0x62, 0x08, 0x62, 0x08, 0x62, 0x08, 0x62, 0x08, 0x42, 0x08, 0x42, 0x08, 0x42, 0x08, 0x42, 0x08, 
0x42, 0x08, 0x62, 0x08, 0x42, 0x08, 0x42, 0x08, 0x42, 0x08, 0x41, 0x00, 0x42, 0x08, 0x41, 0x08, 
0x42, 0x08, 0x42, 0x08, 0x42, 0x08, 0x42, 0x08, 0x42, 0x00, 0x42, 0x08, 0x42, 0x08, 0x41, 0x08, 
0x42, 0x08, 0x42, 0x08, 0x42, 0x08, 0x42, 0x08, 0x42, 0x08, 0x42, 0x08, 0x42, 0x08, 0x42, 0x08, 
0x41, 0x00, 0x42, 0x08, 0x42, 0x08, 0x42, 0x08, 0x41, 0x08, 0x42, 0x08, 0x42, 0x08, 0x42, 0x08, 
0x42, 0x08, 0x62, 0x08, 0x62, 0x08, 0x42, 0x08, 0x42, 0x08, 0x42, 0x08, 0x42, 0x08, 0x42, 0x08, 
0x42, 0x08, 0x62, 0x08, 0x62, 0x08, 0x62, 0x08, 0x62, 0x08, 0x42, 0x08, 0x42, 0x08, 0x62, 0x08, 
0x41, 0x08, 0x62, 0x08, 0x62, 0x08, 0x42, 0x08, 0x62, 0x08, 0x42, 0x08, 0x42, 0x08, 0x42, 0x08, 
0x42, 0x08, 0x62, 0x08, 0x62, 0x08, 0x62, 0x08, 0x62, 0x08, 0x62, 0x08, 0x62, 0x08, 0x62, 0x08, 
0x62, 0x08, 0x62, 0x08, 0x62, 0x08, 0x62, 0x08, 0x62, 0x08, 0x62, 0x08, 0x62, 0x08, 0x62, 0x08, 
0x62, 0x08, 0x62, 0x08, 0x62, 0x08, 0x62, 0x08, 0x62, 0x08, 0x62, 0x08, 0x62, 0x08, 0x62, 0x08, 
0x42, 0x08, 0x42, 0x08, 0x62, 0x08, 0x62, 0x08, 0x42, 0x08, 0x42, 0x08, 0x42, 0x08, 0x62, 0x08, 
0x42, 0x08, 0x42, 0x08, 0x42, 0x08, 0x42, 0x08, 0x42, 0x08, 0x42, 0x08, 0x42, 0x08, 0x62, 0x08, 
0x62, 0x08, 0x62, 0x08, 0x62, 0x08, 0x62, 0x08, 0x62, 0x08, 0x62, 0x08, 0x62, 0x08, 0x62, 0x08, 
0x62, 0x08, 0x62, 0x08, 0x42, 0x08, 0x42, 0x08, 0x42, 0x08, 0x62, 0x08, 0x42, 0x08, 0x62, 0x08, 
0x62, 0x08, 0x42, 0x08, 0x62, 0x08, 0x62, 0x08, 0x62, 0x08, 0x42, 0x08, 0x62, 0x08, 0x62, 0x08, 
0x62, 0x08, 0x42, 0x08, 0x42, 0x08, 0x62, 0x08, 0x62, 0x08, 0x62, 0x08, 0x62, 0x08, 0x62, 0x08, 
0x62, 0x08, 0x62, 0x08, 0x62, 0x08, 0x62, 0x08, 0x62, 0x08, 0x62, 0x08, 0x62, 0x08, 0x62, 0x08, 
0x62, 0x08, 0x62, 0x08, 0x62, 0x08, 0x62, 0x08, 0x62, 0x08, 0x62, 0x08, 0x62, 0x08, 0x62, 0x08, 
0x62, 0x08, 0x62, 0x08, 0x62, 0x08, 0x62, 0x08, 0x62, 0x08, 0x62, 0x08, 0x62, 0x08, 0x62, 0x08, 
0x62, 0x08, 0x62, 0x08, 0x62, 0x08, 0x62, 0x08, 0x62, 0x08, 0x62, 0x08, 0x62, 0x08, 0x62, 0x08, 
0x62, 0x08, 0x62, 0x08, 0x62, 0x08, 0x62, 0x08, 0x62, 0x08, 0x42, 0x08, 0x42, 0x08, 0x62, 0x08, 
0x62, 0x08, 0x62, 0x08, 0x62, 0x08, 0x42, 0x08, 0x62, 0x08, 0x62, 0x08, 0x62, 0x08, 0x62, 0x08, 
0x62, 0x08, 0x62, 0x08, 0x62, 0x08, 0x62, 0x08, 0x62, 0x08, 0x62, 0x08, 0x62, 0x08, 0x62, 0x08, 
0x62, 0x08, 0x62, 0x08, 0x62, 0x08, 0x62, 0x08, 0x62, 0x08, 0x62, 0x08, 0x62, 0x08, 0x62, 0x08, 
0x42, 0x08, 0x62, 0x08, 0x62, 0x08, 0x42, 0x08, 0x62, 0x08, 0x62, 0x08, 0x62, 0x08, 0x62, 0x08, 
0x62, 0x08, 0x62, 0x08, 0x62, 0x08, 0x62, 0x08, 0x62, 0x08, 0x62, 0x08, 0x62, 0x08, 0x62, 0x08, 
0x62, 0x08, 0x62, 0x08, 0x62, 0x08, 0x62, 0x08, 0x62, 0x08, 0x62, 0x08, 0x62, 0x08, 0x62, 0x08, 
0x62, 0x08, 0x62, 0x08, 0x62, 0x08, 0x42, 0x08, 0x62, 0x08, 0x62, 0x08, 0x42, 0x08, 0x42, 0x08, 
0x62, 0x08, 0x62, 0x08, 0x42, 0x08, 0x42, 0x08, 0x62, 0x08, 0x62, 0x08, 0x62, 0x08, 0x62, 0x08, 
0x42, 0x08, 0x62, 0x08, 0x62, 0x08, 0x62, 0x08, 0x42, 0x08, 0x42, 0x08, 0x42, 0x08, 0x42, 0x08, 
0x42, 0x08, 0x42, 0x08, 0x42, 0x08, 0x42, 0x08, 0x62, 0x08, 0x42, 0x08, 0x42, 0x00, 0x62, 0x08, 
0x42, 0x08, 0x42, 0x08, 0x42, 0x08, 0x42, 0x08, 0x42, 0x08, 0x62, 0x08, 0x62, 0x08, 0x42, 0x08, 
0x62, 0x08, 0x42, 0x08, 0x42, 0x08, 0x62, 0x08, 0x62, 0x08, 0x62, 0x08, 0x62, 0x08, 0x62, 0x08, 
0x62, 0x08, 0x62, 0x08, 0x62, 0x08, 0x62, 0x08, 0x62, 0x08, 0x62, 0x08, 0x62, 0x08, 0x62, 0x08, 
0x62, 0x08, 0x42, 0x08, 0x42, 0x08, 0x62, 0x08, 0x62, 0x08, 0x42, 0x08, 0x62, 0x08, 0x62, 0x08, 
0x62, 0x08, 0x62, 0x08, 0x42, 0x08, 0x42, 0x08, 0x62, 0x08, 0x62, 0x08, 0x62, 0x08, 0x62, 0x08, 
0x62, 0x08, 0x62, 0x08, 0x62, 0x08, 0x62, 0x08, 0x62, 0x08, 0x62, 0x08, 0x62, 0x08, 0x62, 0x08, 
0x62, 0x08, 0x62, 0x08, 0x62, 0x08, 0x42, 0x08, 0x42, 0x08, 0x62, 0x08, 0x62, 0x08, 0x62, 0x08, 
0x62, 0x08, 0x62, 0x08, 0x62, 0x08, 0x62, 0x08, 0x62, 0x08, 0x62, 0x08, 0x62, 0x08, 0x62, 0x08, 
0x62, 0x08, 0x62, 0x08, 0x62, 0x08, 0x62, 0x08, 0x62, 0x08, 0x62, 0x08, 0x62, 0x08, 0x62, 0x08, 
0x62, 0x08, 0x62, 0x08, 0x62, 0x08, 0x62, 0x08, 0x42, 0x08, 0x42, 0x08, 0x42, 0x08, 0x42, 0x08, 
0x62, 0x08, 0x62, 0x08, 0x62, 0x08, 0x62, 0x08, 0x42, 0x08, 0x62, 0x08, 0x42, 0x08, 0x42, 0x08, 
0x42, 0x08, 0x62, 0x08, 0x62, 0x08, 0x42, 0x08, 0x62, 0x08, 0x62, 0x08, 0x62, 0x08, 0x42, 0x08, 
0x42, 0x08, 0x42, 0x08, 0x42, 0x08, 0x42, 0x08, 0x62, 0x08, 0x42, 0x08, 0x42, 0x08, 0x42, 0x00, 
0x62, 0x08, 0x42, 0x08, 0x42, 0x08, 0x42, 0x08, 0x42, 0x08, 0x42, 0x08, 0x42, 0x08, 0x42, 0x08, 
0x42, 0x00, 0x62, 0x08, 0x42, 0x08, 0x62, 0x08, 0x42, 0x08, 0x42, 0x08, 0x42, 0x00, 0x41, 0x00, 
0x42, 0x00, 0x62, 0x08, 0x62, 0x08, 0x42, 0x08, 0x62, 0x08, 0x62, 0x08, 0x62, 0x08, 0x42, 0x08, 
0x42, 0x08, 0x62, 0x08, 0x42, 0x08, 0x42, 0x08, 0x62, 0x08, 0x62, 0x08, 0x62, 0x08, 0x62, 0x08, 
0x62, 0x08, 0x62, 0x08, 0x42, 0x08, 0x62, 0x08, 0x62, 0x08, 0x62, 0x08, 0x62, 0x08, 0x62, 0x08, 
0x62, 0x08, 0x62, 0x08, 0x62, 0x08, 0x62, 0x08, 0x62, 0x08, 0x62, 0x08, 0x62, 0x08, 0x42, 0x08, 
0x62, 0x08, 0x62, 0x08, 0x62, 0x08, 0x42, 0x08, 0x62, 0x08, 0x62, 0x08, 0x62, 0x08, 0x62, 0x08, 
0x62, 0x08, 0x42, 0x08, 0x42, 0x08, 0x42, 0x08, 0x42, 0x08, 0x42, 0x08, 0x62, 0x08, 0x62, 0x08, 
0x42, 0x08, 0x62, 0x08, 0x62, 0x08, 0x62, 0x08, 0x62, 0x08, 0x62, 0x08, 0x62, 0x08, 0x62, 0x08, 
0x42, 0x08, 0x42, 0x08, 0x62, 0x08, 0x62, 0x08, 0x62, 0x08, 0x62, 0x08, 0x42, 0x08, 0x62, 0x08, 
0x62, 0x08, 0x62, 0x08, 0x62, 0x08, 0x62, 0x08, 0x62, 0x08, 0x62, 0x08, 0x62, 0x08, 0x62, 0x08, 
0x62, 0x08, 0x62, 0x08, 0x62, 0x08, 0x62, 0x08, 0x62, 0x08, 0x62, 0x08, 0x62, 0x08, 0x42, 0x08, 
0x42, 0x08, 0x42, 0x08, 0x42, 0x08, 0x62, 0x08, 0x62, 0x08, 0x62, 0x08, 0x62, 0x08, 0x62, 0x08, 
0x62, 0x08, 0x62, 0x08, 0x62, 0x08, 0x62, 0x08, 0x62, 0x08, 0x62, 0x08, 0x62, 0x08, 0x62, 0x08, 
0x62, 0x08, 0x62, 0x08, 0x62, 0x08, 0x62, 0x08, 0x62, 0x08, 0x62, 0x08, 0x62, 0x08, 0x62, 0x08, 
0x62, 0x08, 0x62, 0x08, 0x62, 0x08, 0x62, 0x08, 0x62, 0x08, 0x62, 0x08, 0x62, 0x08, 0x62, 0x08, 
0x62, 0x08, 0x62, 0x08, 0x62, 0x08, 0x62, 0x08, 0x62, 0x08, 0x62, 0x08, 0x62, 0x08, 0x62, 0x08, 
0x62, 0x08, 0x62, 0x08, 0x42, 0x08, 0x62, 0x08, 0x42, 0x08, 0x42, 0x08, 0x62, 0x08, 0x62, 0x08, 
0x62, 0x08, 0x62, 0x08, 0x62, 0x08, 0x62, 0x08, 0x62, 0x08, 0x62, 0x08, 0x62, 0x08, 0x62, 0x08, 
0x62, 0x08, 0x62, 0x08, 0x62, 0x08, 0x62, 0x08, 0x62, 0x08, 0x62, 0x08, 0x62, 0x08, 0x62, 0x08, 
0x62, 0x08, 0x62, 0x08, 0x62, 0x08, 0x42, 0x08, 0x42, 0x08, 0x62, 0x08, 0x62, 0x08, 0x62, 0x08, 
0x62, 0x08, 0x62, 0x08, 0x42, 0x08, 0x42, 0x08, 0x62, 0x08, 0x62, 0x08, 0x62, 0x08, 0x42, 0x08, 
0x42, 0x08, 0x62, 0x08, 0x62, 0x08, 0x62, 0x08, 0x62, 0x08, 0x62, 0x08, 0x62, 0x08, 0x62, 0x08, 
0x62, 0x08, 0x62, 0x08, 0x62, 0x08, 0x42, 0x08, 0x42, 0x08, 0x62, 0x08, 0x42, 0x08, 0x42, 0x08, 
0x42, 0x08, 0x42, 0x08, 0x42, 0x08, 0x62, 0x08, 0x62, 0x08, 0x42, 0x08, 0x42, 0x08, 0x42, 0x08, 
0x42, 0x08, 0x62, 0x08, 0x42, 0x08, 0x62, 0x08, 0x42, 0x08, 0x42, 0x08, 0x42, 0x08, 0x42, 0x08, 
0x42, 0x08, 0x42, 0x08, 0x42, 0x00, 0x42, 0x08, 0x42, 0x08, 0x42, 0x08, 0x41, 0x08, 0x42, 0x08, 
0x42, 0x08, 0x41, 0x08, 0x42, 0x08, 0x42, 0x08, 0x42, 0x08, 0x42, 0x08, 0x62, 0x08, 0x62, 0x08, 
0x62, 0x08, 0x62, 0x08, 0x62, 0x08, 0x62, 0x08, 0x62, 0x08, 0x62, 0x08, 0x62, 0x08, 0x62, 0x08, 
0x62, 0x08, 0x62, 0x08, 0x62, 0x08, 0x62, 0x08, 0x62, 0x08, 0x62, 0x08, 0x62, 0x08, 0x42, 0x08, 
0x42, 0x08, 0x42, 0x08, 0x62, 0x08, 0x62, 0x08, 0x42, 0x08, 0x62, 0x08, 0x42, 0x08, 0x42, 0x08, 
0x42, 0x08, 0x62, 0x08, 0x62, 0x08, 0x62, 0x08, 0x62, 0x08, 0x62, 0x08, 0x62, 0x08, 0x62, 0x08, 
0x62, 0x08, 0x62, 0x08, 0x62, 0x08, 0x62, 0x08, 0x62, 0x08, 0x62, 0x08, 0x42, 0x08, 0x62, 0x08, 
0x62, 0x08, 0x62, 0x08, 0x42, 0x08, 0x62, 0x08, 0x62, 0x08, 0x62, 0x08, 0x62, 0x08, 0x42, 0x08, 
0x62, 0x08, 0x62, 0x08, 0x42, 0x08, 0x62, 0x08, 0x62, 0x08, 0x62, 0x08, 0x62, 0x08, 0x62, 0x08, 
0x62, 0x08, 0x62, 0x08, 0x62, 0x08, 0x62, 0x08, 0x62, 0x08, 0x62, 0x08, 0x62, 0x08, 0x62, 0x08, 
0x62, 0x08, 0x62, 0x08, 0x62, 0x08, 0x62, 0x08, 0x62, 0x08, 0x62, 0x08, 0x62, 0x08, 0x62, 0x08, 
0x62, 0x08, 0x62, 0x08, 0x62, 0x08, 0x62, 0x08, 0x42, 0x08, 0x62, 0x08, 0x62, 0x08, 0x62, 0x08, 
0x62, 0x08, 0x62, 0x08, 0x62, 0x08, 0x62, 0x08, 0x62, 0x08, 0x62, 0x08, 0x62, 0x08, 0x62, 0x08, 
0x62, 0x08, 0x42, 0x08, 0x62, 0x08, 0x42, 0x08, 0x42, 0x08, 0x42, 0x08, 0x42, 0x08, 0x42, 0x08, 
0x42, 0x08, 0x42, 0x00, 0x42, 0x08, 0x42, 0x08, 0x41, 0x08, 0x41, 0x08, 0x42, 0x08, 0x41, 0x08, 
0x42, 0x08, 0x42, 0x08, 0x42, 0x08, 0x42, 0x08, 0x42, 0x08, 0x42, 0x08, 0x42, 0x08, 0x42, 0x08, 
0x41, 0x08, 0x42, 0x08, 0x62, 0x08, 0x62, 0x08, 0x62, 0x08, 0x42, 0x08, 0x42, 0x08, 0x42, 0x08, 
0x42, 0x08, 0x42, 0x08, 0x42, 0x08, 0x42, 0x00, 0x42, 0x08, 0x62, 0x08, 0x62, 0x08, 0x62, 0x08, 
0x62, 0x08, 0x62, 0x08, 0x62, 0x08, 0x62, 0x08, 0x62, 0x08, 0x62, 0x08, 0x62, 0x08, 0x62, 0x08, 
0x62, 0x08, 0x62, 0x08, 0x62, 0x08, 0x42, 0x08, 0x62, 0x08, 0x62, 0x08, 0x62, 0x08, 0x62, 0x08, 
0x62, 0x08, 0x62, 0x08, 0x42, 0x08, 0x42, 0x08, 0x42, 0x08, 0x62, 0x08, 0x62, 0x08, 0x62, 0x08, 
0x62, 0x08, 0x62, 0x08, 0x62, 0x08, 0x62, 0x08, 0x62, 0x08, 0x62, 0x08, 0x62, 0x08, 0x62, 0x08, 
0x62, 0x08, 0x62, 0x08, 0x62, 0x08, 0x62, 0x08, 0x62, 0x08, 0x42, 0x08, 0x62, 0x08, 0x62, 0x08, 
0x62, 0x08, 0x42, 0x08, 0x42, 0x08, 0x42, 0x08, 0x42, 0x08, 0x62, 0x08, 0x42, 0x08, 0x42, 0x08, 
0x62, 0x08, 0x62, 0x08, 0x62, 0x08, 0x62, 0x08, 0x62, 0x08, 0x62, 0x08, 0x62, 0x08, 0x62, 0x08, 
0x62, 0x08, 0x62, 0x08, 0x62, 0x08, 0x62, 0x08, 0x62, 0x08, 0x62, 0x08, 0x42, 0x08, 0x62, 0x08, 
0x62, 0x08, 0x62, 0x08, 0x42, 0x08, 0x62, 0x08, 0x62, 0x08, 0x62, 0x08, 0x62, 0x08, 0x62, 0x08, 
0x62, 0x08, 0x62, 0x08, 0x62, 0x08, 0x62, 0x08, 0x62, 0x08, 0x62, 0x08, 0x62, 0x08, 0x62, 0x08, 
0x62, 0x08, 0x62, 0x08, 0x62, 0x08, 0x62, 0x08, 0x62, 0x08, 0x62, 0x08, 0x62, 0x08, 0x62, 0x08, 
0x62, 0x08, 0x62, 0x08, 0x62, 0x08, 0x62, 0x08, 0x62, 0x08, 0x62, 0x08, 0x62, 0x08, 0x62, 0x08, 
0x62, 0x08, 0x62, 0x08, 0x62, 0x08, 0x62, 0x08, 0x62, 0x08, 0x42, 0x08, 0x62, 0x08, 0x62, 0x08, 
0x62, 0x08, 0x62, 0x08, 0x62, 0x08, 0x42, 0x08, 0x42, 0x08, 0x42, 0x08, 0x42, 0x08, 0x62, 0x08, 
0x62, 0x08, 0x62, 0x08, 0x62, 0x08, 0x62, 0x08, 0x62, 0x08, 0x62, 0x08, 0x62, 0x08, 0x62, 0x08, 
0x62, 0x08, 0x62, 0x08, 0x62, 0x08, 0x62, 0x08, 0x62, 0x08, 0x62, 0x08, 0x62, 0x08, 0x62, 0x08, 
0x62, 0x08, 0x62, 0x08, 0x62, 0x08, 0x42, 0x08, 0x42, 0x08, 0x62, 0x08, 0x62, 0x08, 0x62, 0x08, 
0x62, 0x08, 0x62, 0x08, 0x62, 0x08, 0x62, 0x08, 0x62, 0x08, 0x62, 0x08, 0x42, 0x08, 0x62, 0x08, 
0x62, 0x08, 0x42, 0x08, 0x62, 0x08, 0x62, 0x08, 0x62, 0x08, 0x62, 0x08, 0x62, 0x08, 0x62, 0x08, 
0x62, 0x08, 0x62, 0x08, 0x62, 0x08, 0x42, 0x00, 0x42, 0x08, 0x62, 0x08, 0x62, 0x08, 0x62, 0x08, 
0x42, 0x08, 0x42, 0x08, 0x41, 0x08, 0x42, 0x08, 0x62, 0x08, 0x62, 0x08, 0x42, 0x08, 0x42, 0x08, 
0x42, 0x08, 0x42, 0x08, 0x42, 0x08, 0x42, 0x08, 0x42, 0x08, 0x42, 0x08, 0x42, 0x08, 0x42, 0x08, 
0x42, 0x08, 0x42, 0x08, 0x42, 0x08, 0x42, 0x08, 0x42, 0x08, 0x42, 0x08, 0x42, 0x08, 0x42, 0x08, 
0x42, 0x08, 0x41, 0x08, 0x42, 0x08, 0x42, 0x08, 0x42, 0x08, 0x42, 0x08, 0x62, 0x08, 0x62, 0x08, 
0x62, 0x08, 0x62, 0x08, 0x62, 0x08, 0x62, 0x08, 0x62, 0x08, 0x62, 0x08, 0x62, 0x08, 0x62, 0x08, 
0x62, 0x08, 0x62, 0x08, 0x62, 0x08, 0x62, 0x08, 0x62, 0x08, 0x62, 0x08, 0x62, 0x08, 0x42, 0x08, 
0x62, 0x08, 0x62, 0x08, 0x62, 0x08, 0x62, 0x08, 0x42, 0x08, 0x62, 0x08, 0x42, 0x08, 0x62, 0x08, 
0x62, 0x08, 0x62, 0x08, 0x62, 0x08, 0x62, 0x08, 0x62, 0x08, 0x62, 0x08, 0x62, 0x08, 0x62, 0x08, 
0x62, 0x08, 0x62, 0x08, 0x62, 0x08, 0x62, 0x08, 0x62, 0x08, 0x62, 0x08, 0x42, 0x08, 0x42, 0x08, 
0x62, 0x08, 0x42, 0x08, 0x42, 0x08, 0x42, 0x08, 0x42, 0x08, 0x62, 0x08, 0x62, 0x08, 0x62, 0x08, 
0x62, 0x08, 0x42, 0x08, 0x62, 0x08, 0x62, 0x08, 0x62, 0x08, 0x42, 0x08, 0x62, 0x08, 0x62, 0x08, 
0x42, 0x08, 0x42, 0x08, 0x62, 0x08, 0x62, 0x08, 0x62, 0x08, 0x62, 0x08, 0x62, 0x08, 0x42, 0x08, 
0x62, 0x08, 0x42, 0x08, 0x42, 0x08, 0x42, 0x08, 0x42, 0x08, 0x42, 0x08, 0x62, 0x08, 0x42, 0x08, 
0x42, 0x08, 0x42, 0x08, 0x42, 0x08, 0x42, 0x08, 0x42, 0x08, 0x62, 0x08, 0x62, 0x08, 0x62, 0x08, 
0x42, 0x08, 0x62, 0x08, 0x42, 0x08, 0x62, 0x08, 0x62, 0x08, 0x62, 0x08, 0x62, 0x08, 0x62, 0x08, 
0x62, 0x08, 0x62, 0x08, 0x62, 0x08, 0x62, 0x08, 0x42, 0x08, 0x42, 0x08, 0x42, 0x08, 0x42, 0x08, 
0x42, 0x08, 0x42, 0x08, 0x42, 0x08, 0x42, 0x08, 0x42, 0x08, 0x42, 0x08, 0x42, 0x08, 0x42, 0x08, 
0x41, 0x08, 0x42, 0x08, 0x42, 0x08, 0x42, 0x08, 0x42, 0x08, 0x42, 0x08, 0x42, 0x08, 0x42, 0x08, 
0x42, 0x08, 0x42, 0x08, 0x42, 0x08, 0x42, 0x08, 0x42, 0x08, 0x42, 0x00, 0x42, 0x08, 0x42, 0x08, 
0x42, 0x00, 0x42, 0x08, 0x42, 0x08, 0x62, 0x08, 0x62, 0x08, 0x62, 0x08, 0x42, 0x08, 0x42, 0x08, 
0x42, 0x08, 0x42, 0x08, 0x42, 0x08, 0x42, 0x08, 0x42, 0x08, 0x62, 0x08, 0x62, 0x08, 0x42, 0x08, 
0x42, 0x08, 0x62, 0x08, 0x62, 0x08, 0x62, 0x08, 0x42, 0x08, 0x42, 0x08, 0x62, 0x08, 0x62, 0x08, 
0x62, 0x08, 0x42, 0x08, 0x62, 0x08, 0x62, 0x08, 0x62, 0x08, 0x62, 0x08, 0x62, 0x08, 0x62, 0x08, 
0x62, 0x08, 0x62, 0x08, 0x62, 0x08, 0x62, 0x08, 0x62, 0x08, 0x62, 0x08, 0x62, 0x08, 0x62, 0x08, 
0x62, 0x08, 0x62, 0x08, 0x42, 0x08, 0x62, 0x08, 0x62, 0x08, 0x42, 0x08, 0x42, 0x00, 0x62, 0x08, 
0x62, 0x08, 0x42, 0x08, 0x42, 0x08, 0x62, 0x08, 0x42, 0x08, 0x62, 0x08, 0x42, 0x08, 0x62, 0x08, 
0x62, 0x08, 0x62, 0x08, 0x62, 0x08, 0x62, 0x08, 0x62, 0x08, 0x62, 0x08, 0x62, 0x08, 0x62, 0x08, 
0x62, 0x08, 0x62, 0x08, 0x62, 0x08, 0x62, 0x08, 0x62, 0x08, 0x62, 0x08, 0x62, 0x08, 0x62, 0x08, 
0x62, 0x08, 0x62, 0x08, 0x62, 0x08, 0x62, 0x08, 0x62, 0x08, 0x62, 0x08, 0x62, 0x08, 0x62, 0x08, 
0x62, 0x08, 0x62, 0x08, 0x62, 0x08, 0x62, 0x08, 0x62, 0x08, 0x62, 0x08, 0x62, 0x08, 0x62, 0x08, 
0x62, 0x08, 0x62, 0x08, 0x62, 0x08, 0x62, 0x08, 0x62, 0x08, 0x62, 0x08, 0x62, 0x08, 0x62, 0x08, 
0x62, 0x08, 0x62, 0x08, 0x62, 0x08, 0x62, 0x08, 0x62, 0x08, 0x62, 0x08, 0x62, 0x08, 0x62, 0x08, 
0x62, 0x08, 0x62, 0x08, 0x62, 0x08, 0x62, 0x08, 0x62, 0x08, 0x62, 0x08, 0x42, 0x08, 0x42, 0x08, 
0x62, 0x08, 0x42, 0x08, 0x42, 0x08, 0x62, 0x08, 0x62, 0x08, 0x62, 0x08, 0x62, 0x08, 0x62, 0x08, 
0x62, 0x08, 0x62, 0x08, 0x62, 0x08, 0x62, 0x08, 0x62, 0x08, 0x62, 0x08, 0x62, 0x08, 0x62, 0x08, 
0x62, 0x08, 0x62, 0x08, 0x62, 0x08, 0x62, 0x08, 0x62, 0x08, 0x62, 0x08, 0x62, 0x08, 0x62, 0x08, 
0x42, 0x08, 0x62, 0x08, 0x62, 0x08, 0x62, 0x08, 0x62, 0x08, 0x62, 0x08, 0x62, 0x08, 0x62, 0x08, 
0x62, 0x08, 0x62, 0x08, 0x62, 0x08, 0x62, 0x08, 0x62, 0x08, 0x62, 0x08, 0x42, 0x08, 0x42, 0x08, 
0x62, 0x08, 0x62, 0x08, 0x62, 0x08, 0x62, 0x08, 0x62, 0x08, 0x62, 0x08, 0x62, 0x08, 0x62, 0x08, 
0x42, 0x08, 0x42, 0x08, 0x41, 0x08, 0x42, 0x00, 0x42, 0x00, 0x42, 0x08, 0x42, 0x08, 0x42, 0x08, 
0x42, 0x08, 0x42, 0x08, 0x42, 0x08, 0x42, 0x08, 0x42, 0x08, 0x42, 0x08, 0x42, 0x08, 0x42, 0x08, 
0x42, 0x08, 0x42, 0x08, 0x41, 0x08, 0x42, 0x08, 0x42, 0x08, 0x42, 0x08, 0x42, 0x08, 0x42, 0x08, 
0x42, 0x08, 0x42, 0x08, 0x42, 0x08, 0x42, 0x08, 0x41, 0x08, 0x42, 0x08, 0x42, 0x08, 0x42, 0x08, 
0x42, 0x00, 0x42, 0x08, 0x42, 0x08, 0x42, 0x08, 0x62, 0x08, 0x62, 0x08, 0x62, 0x08, 0x62, 0x08, 
0x62, 0x08, 0x62, 0x08, 0x62, 0x08, 0x62, 0x08, 0x62, 0x08, 0x62, 0x08, 0x62, 0x08, 0x62, 0x08, 
0x42, 0x08, 0x42, 0x08, 0x62, 0x08, 0x42, 0x08, 0x62, 0x08, 0x62, 0x08, 0x62, 0x08, 0x62, 0x08, 
0x62, 0x08, 0x62, 0x08, 0x42, 0x08, 0x42, 0x08, 0x62, 0x08, 0x62, 0x08, 0x62, 0x08, 0x62, 0x08, 
0x62, 0x08, 0x62, 0x08, 0x62, 0x08, 0x62, 0x08, 0x62, 0x08, 0x62, 0x08, 0x62, 0x08, 0x62, 0x08, 
0x62, 0x08, 0x62, 0x08, 0x62, 0x08, 0x62, 0x08, 0x62, 0x08, 0x62, 0x08, 0x62, 0x08, 0x62, 0x08, 
0x62, 0x08, 0x62, 0x08, 0x62, 0x08, 0x62, 0x08, 0x62, 0x08, 0x62, 0x08, 0x62, 0x08, 0x62, 0x08, 
0x62, 0x08, 0x62, 0x08, 0x62, 0x08, 0x62, 0x08, 0x62, 0x08, 0x62, 0x08, 0x62, 0x08, 0x62, 0x08, 
0x62, 0x08, 0x62, 0x08, 0x62, 0x08, 0x62, 0x08, 0x62, 0x08, 0x62, 0x08, 0x62, 0x08, 0x62, 0x08, 
0x62, 0x08, 0x62, 0x08, 0x42, 0x08, 0x62, 0x08, 0x42, 0x08, 0x42, 0x08, 0x42, 0x08, 0x42, 0x08, 
0x42, 0x08, 0x62, 0x08, 0x62, 0x08, 0x62, 0x08, 0x62, 0x08, 0x62, 0x08, 0x62, 0x08, 0x62, 0x08, 
0x42, 0x08, 0x42, 0x08, 0x62, 0x08, 0x62, 0x08, 0x62, 0x08, 0x42, 0x08, 0x62, 0x08, 0x42, 0x08, 
0x42, 0x08, 0x42, 0x08, 0x42, 0x08, 0x42, 0x08, 0x42, 0x08, 0x42, 0x08, 0x42, 0x08, 0x42, 0x00, 
0x42, 0x08, 0x42, 0x08, 0x42, 0x08, 0x42, 0x08, 0x42, 0x08, 0x42, 0x08, 0x42, 0x08, 0x42, 0x08, 
0x42, 0x08, 0x42, 0x08, 0x62, 0x08, 0x42, 0x08, 0x42, 0x00, 0x42, 0x08, 0x42, 0x08, 0x42, 0x08, 
0x42, 0x08, 0x42, 0x08, 0x42, 0x08, 0x42, 0x08, 0x42, 0x08, 0x42, 0x00, 0x42, 0x08, 0x42, 0x08, 
0x42, 0x00, 0x42, 0x08, 0x42, 0x08, 0x42, 0x08, 0x42, 0x08, 0x62, 0x08, 0x42, 0x08, 0x42, 0x08, 
0x42, 0x08, 0x42, 0x08, 0x42, 0x08, 0x42, 0x08, 0x42, 0x00, 0x42, 0x08, 0x62, 0x08, 0x42, 0x08, 
0x42, 0x08, 0x42, 0x08, 0x42, 0x08, 0x42, 0x08, 0x42, 0x08, 0x42, 0x08, 0x42, 0x08, 0x42, 0x08, 
0x42, 0x08, 0x41, 0x08, 0x42, 0x08, 0x42, 0x08, 0x42, 0x08, 0x42, 0x08, 0x42, 0x08, 0x62, 0x08, 
0x62, 0x08, 0x42, 0x08, 0x42, 0x08, 0x42, 0x08, 0x42, 0x08, 0x62, 0x08, 0x42, 0x08, 0x62, 0x08, 
0x42, 0x08, 0x42, 0x08, 0x42, 0x08, 0x42, 0x08, 0x62, 0x08, 0x42, 0x08, 0x42, 0x08, 0x42, 0x08, 
0x42, 0x08, 0x41, 0x08, 0x41, 0x00, 0x42, 0x08, 0x62, 0x08, 0x62, 0x08, 0x62, 0x08, 0x62, 0x08, 
0x62, 0x08, 0x62, 0x08, 0x62, 0x08, 0x62, 0x08, 0x62, 0x08, 0x62, 0x08, 0x62, 0x08, 0x62, 0x08, 
0x62, 0x08, 0x62, 0x08, 0x62, 0x08, 0x62, 0x08, 0x62, 0x08, 0x62, 0x08, 0x62, 0x08, 0x62, 0x08, 
0x62, 0x08, 0x62, 0x08, 0x62, 0x08, 0x62, 0x08, 0x62, 0x08, 0x62, 0x08, 0x62, 0x08, 0x62, 0x08, 
0x62, 0x08, 0x62, 0x08, 0x62, 0x08, 0x62, 0x08, 0x62, 0x08, 0x62, 0x08, 0x62, 0x08, 0x62, 0x08, 
0x62, 0x08, 0x62, 0x08, 0x62, 0x08, 0x62, 0x08, 0x62, 0x08, 0x62, 0x08, 0x62, 0x08, 0x62, 0x08, 
0x62, 0x08, 0x62, 0x08, 0x62, 0x08, 0x62, 0x08, 0x62, 0x08, 0x62, 0x08, 0x62, 0x08, 0x62, 0x08, 
0x62, 0x08, 0x62, 0x08, 0x62, 0x08, 0x62, 0x08, 0x62, 0x08, 0x62, 0x08, 0x62, 0x08, 0x62, 0x08, 
0x62, 0x08, 0x62, 0x08, 0x62, 0x08, 0x62, 0x08, 0x42, 0x08, 0x62, 0x08, 0x62, 0x08, 0x62, 0x08, 
0x62, 0x08, 0x62, 0x08, 0x62, 0x08, 0x62, 0x08, 0x62, 0x08, 0x62, 0x08, 0x62, 0x08, 0x62, 0x08, 
0x62, 0x08, 0x62, 0x08, 0x62, 0x08, 0x62, 0x08, 0x42, 0x08, 0x62, 0x08, 0x62, 0x08, 0x62, 0x08, 
0x62, 0x08, 0x62, 0x08, 0x62, 0x08, 0x62, 0x08, 0x62, 0x08, 0x62, 0x08, 0x62, 0x08, 0x62, 0x08, 
0x62, 0x08, 0x62, 0x08, 0x62, 0x08, 0x42, 0x08, 0x62, 0x08, 0x62, 0x08, 0x62, 0x08, 0x62, 0x08, 
0x62, 0x08, 0x62, 0x08, 0x62, 0x08, 0x62, 0x08, 0x62, 0x08, 0x62, 0x08, 0x62, 0x08, 0x62, 0x08, 
0x42, 0x08, 0x42, 0x08, 0x42, 0x08, 0x42, 0x08, 0x41, 0x08, 0x42, 0x08, 0x41, 0x08, 0x41, 0x08, 
0x42, 0x08, 0x42, 0x08, 0x42, 0x08, 0x42, 0x08, 0x42, 0x08, 0x62, 0x08, 0x42, 0x08, 0x42, 0x08, 
0x42, 0x08, 0x42, 0x08, 0x42, 0x08, 0x42, 0x08, 0x42, 0x08, 0x42, 0x08, 0x42, 0x08, 0x42, 0x08, 
0x42, 0x08, 0x42, 0x08, 0x42, 0x08, 0x42, 0x08, 0x42, 0x08, 0x42, 0x08, 0x42, 0x08, 0x42, 0x00, 
0x42, 0x08, 0x42, 0x08, 0x42, 0x08, 0x42, 0x08, 0x42, 0x08, 0x42, 0x08, 0x62, 0x08, 0x42, 0x08, 
0x62, 0x08, 0x62, 0x08, 0x62, 0x08, 0x62, 0x08, 0x62, 0x08, 0x62, 0x08, 0x62, 0x08, 0x62, 0x08, 
0x42, 0x08, 0x42, 0x08, 0x42, 0x08, 0x62, 0x08, 0x62, 0x08, 0x62, 0x08, 0x62, 0x08, 0x62, 0x08, 
0x42, 0x08, 0x62, 0x08, 0x62, 0x08, 0x62, 0x08, 0x62, 0x08, 0x62, 0x08, 0x62, 0x08, 0x62, 0x08, 
0x62, 0x08, 0x62, 0x08, 0x62, 0x08, 0x62, 0x08, 0x62, 0x08, 0x62, 0x08, 0x62, 0x08, 0x62, 0x08, 
0x62, 0x08, 0x62, 0x08, 0x62, 0x08, 0x62, 0x08, 0x62, 0x08, 0x62, 0x08, 0x42, 0x08, 0x42, 0x08, 
0x42, 0x08, 0x41, 0x08, 0x41, 0x00, 0x41, 0x08, 0x41, 0x08, 0x41, 0x00, 0x41, 0x00, 0x41, 0x00, 
0x21, 0x00, 0x21, 0x00, 0x41, 0x00, 0x41, 0x00, 0x41, 0x00, 0x41, 0x00, 0x41, 0x00, 0x41, 0x00, 
0x41, 0x00, 0x41, 0x00, 0x41, 0x00, 0x41, 0x00, 0x21, 0x00, 0x21, 0x00, 0x21, 0x00, 0x41, 0x00, 
0x41, 0x00, 0x41, 0x00, 0x41, 0x00, 0x41, 0x00, 0x41, 0x08, 0x41, 0x08, 0x62, 0x08, 0x42, 0x08, 
0x41, 0x08, 0x62, 0x08, 0x42, 0x08, 0x41, 0x08, 0x41, 0x00, 0x41, 0x00, 0x41, 0x00, 0x41, 0x00, 
0x41, 0x08, 0x41, 0x08, 0x61, 0x08, 0x62, 0x08, 0x42, 0x08, 0x62, 0x08, 0x62, 0x08, 0x62, 0x08, 
0x42, 0x08, 0x42, 0x08, 0x41, 0x08, 0x41, 0x08, 0x42, 0x08, 0x42, 0x08, 0x42, 0x08, 0x42, 0x08, 
0x42, 0x08, 0x42, 0x08, 0x42, 0x08, 0x42, 0x08, 0x42, 0x08, 0x62, 0x08, 0x62, 0x08, 0x62, 0x08, 
0x42, 0x08, 0x42, 0x08, 0x42, 0x08, 0x42, 0x08, 0x42, 0x08, 0x42, 0x08, 0x42, 0x00, 0x42, 0x08, 
0x42, 0x08, 0x42, 0x08, 0x42, 0x08, 0x42, 0x08, 0x42, 0x08, 0x42, 0x08, 0x42, 0x08, 0x42, 0x00, 
0x42, 0x00, 0x42, 0x08, 0x42, 0x08, 0x42, 0x08, 0x42, 0x08, 0x42, 0x08, 0x42, 0x08, 0x42, 0x08, 
0x42, 0x08, 0x42, 0x08, 0x42, 0x08, 0x62, 0x08, 0x42, 0x08, 0x42, 0x08, 0x42, 0x08, 0x42, 0x08, 
0x42, 0x08, 0x42, 0x08, 0x42, 0x08, 0x42, 0x08, 0x42, 0x08, 0x42, 0x08, 0x42, 0x08, 0x41, 0x08, 
0x41, 0x08, 0x42, 0x08, 0x42, 0x08, 0x42, 0x08, 0x42, 0x08, 0x42, 0x08, 0x42, 0x08, 0x42, 0x08, 
0x42, 0x08, 0x42, 0x08, 0x42, 0x08, 0x42, 0x08, 0x42, 0x08, 0x42, 0x08, 0x42, 0x08, 0x42, 0x08, 
0x41, 0x08, 0x42, 0x08, 0x41, 0x08, 0x41, 0x08, 0x41, 0x08, 0x42, 0x08, 0x42, 0x00, 0x42, 0x00, 
0x41, 0x00, 0x41, 0x00, 0x41, 0x00, 0x41, 0x08, 0x42, 0x08, 0x62, 0x08, 0x62, 0x08, 0x62, 0x08, 
0x62, 0x08, 0x62, 0x08, 0x62, 0x08, 0x62, 0x08, 0x62, 0x08, 0x62, 0x08, 0x62, 0x08, 0x62, 0x08, 
0x62, 0x08, 0x62, 0x08, 0x62, 0x08, 0x42, 0x08, 0x62, 0x08, 0x62, 0x08, 0x62, 0x08, 0x62, 0x08, 
0x62, 0x08, 0x62, 0x08, 0x62, 0x08, 0x62, 0x08, 0x62, 0x08, 0x62, 0x08, 0x62, 0x08, 0x62, 0x08, 
0x62, 0x08, 0x62, 0x08, 0x62, 0x08, 0x62, 0x08, 0x62, 0x08, 0x62, 0x08, 0x62, 0x08, 0x62, 0x08, 
0x62, 0x08, 0x62, 0x08, 0x62, 0x08, 0x62, 0x08, 0x62, 0x08, 0x62, 0x08, 0x62, 0x08, 0x62, 0x08, 
0x62, 0x08, 0x62, 0x08, 0x62, 0x08, 0x62, 0x08, 0x62, 0x08, 0x62, 0x08, 0x62, 0x08, 0x62, 0x08, 
0x62, 0x08, 0x62, 0x08, 0x62, 0x08, 0x62, 0x08, 0x62, 0x08, 0x62, 0x08, 0x62, 0x08, 0x62, 0x08, 
0x62, 0x08, 0x62, 0x08, 0x62, 0x08, 0x62, 0x08, 0x62, 0x08, 0x62, 0x08, 0x62, 0x08, 0x62, 0x08, 
0x62, 0x08, 0x62, 0x08, 0x62, 0x08, 0x62, 0x08, 0x62, 0x08, 0x62, 0x08, 0x62, 0x08, 0x62, 0x08, 
0x62, 0x08, 0x62, 0x08, 0x62, 0x08, 0x62, 0x08, 0x62, 0x08, 0x62, 0x08, 0x62, 0x08, 0x62, 0x08, 
0x62, 0x08, 0x62, 0x08, 0x62, 0x08, 0x62, 0x08, 0x62, 0x08, 0x62, 0x08, 0x62, 0x08, 0x62, 0x08, 
0x42, 0x08, 0x42, 0x08, 0x62, 0x08, 0x62, 0x08, 0x62, 0x08, 0x62, 0x08, 0x42, 0x08, 0x42, 0x08, 
0x62, 0x08, 0x62, 0x08, 0x42, 0x08, 0x42, 0x08, 0x41, 0x08, 0x42, 0x08, 0x42, 0x08, 0x42, 0x08, 
0x62, 0x08, 0x62, 0x08, 0x42, 0x08, 0x42, 0x08, 0x42, 0x08, 0x42, 0x08, 0x42, 0x08, 0x42, 0x08, 
0x42, 0x08, 0x42, 0x08, 0x62, 0x08, 0x42, 0x08, 0x62, 0x08, 0x42, 0x08, 0x42, 0x08, 0x42, 0x08, 
0x42, 0x08, 0x42, 0x08, 0x42, 0x08, 0x42, 0x08, 0x42, 0x08, 0x62, 0x08, 0x62, 0x08, 0x62, 0x08, 
0x62, 0x08, 0x62, 0x08, 0x62, 0x08, 0x42, 0x08, 0x62, 0x08, 0x42, 0x08, 0x42, 0x08, 0x42, 0x08, 
0x42, 0x08, 0x42, 0x08, 0x42, 0x08, 0x42, 0x08, 0x42, 0x00, 0x42, 0x08, 0x42, 0x08, 0x42, 0x08, 
0x62, 0x08, 0x62, 0x08, 0x62, 0x08, 0x62, 0x08, 0x62, 0x08, 0x62, 0x08, 0x62, 0x08, 0x62, 0x08, 
0x62, 0x08, 0x42, 0x08, 0x42, 0x08, 0x62, 0x08, 0x62, 0x08, 0x62, 0x08, 0x62, 0x08, 0x62, 0x08, 
0x62, 0x08, 0x62, 0x08, 0x62, 0x08, 0x62, 0x08, 0x62, 0x08, 0x62, 0x08, 0x62, 0x08, 0x62, 0x08, 
0x42, 0x08, 0x42, 0x00, 0x42, 0x00, 0x41, 0x00, 0x41, 0x00, 0x21, 0x00, 0x21, 0x00, 0x21, 0x00, 
0x21, 0x00, 0x41, 0x00, 0x41, 0x00, 0x41, 0x00, 0x42, 0x00, 0x42, 0x00, 0x62, 0x08, 0x62, 0x08, 
0x83, 0x08, 0x83, 0x08, 0xA3, 0x08, 0xA3, 0x10, 0xC3, 0x10, 0xC4, 0x10, 0xE4, 0x10, 0xE4, 0x10, 
0xE4, 0x10, 0x04, 0x19, 0x05, 0x19, 0x05, 0x19, 0x05, 0x19, 0x05, 0x19, 0x25, 0x19, 0x25, 0x19, 
0x25, 0x19, 0x25, 0x19, 0x25, 0x19, 0x25, 0x19, 0x25, 0x19, 0x25, 0x19, 0x05, 0x19, 0xE4, 0x10, 
0xC4, 0x10, 0xC4, 0x10, 0x05, 0x19, 0x05, 0x19, 0x25, 0x19, 0x46, 0x19, 0x66, 0x21, 0x66, 0x21, 
0x66, 0x21, 0x46, 0x21, 0x25, 0x19, 0x05, 0x19, 0x05, 0x19, 0xE4, 0x10, 0xC4, 0x10, 0xA3, 0x08, 
0x83, 0x08, 0x62, 0x08, 0x62, 0x00, 0x42, 0x00, 0x21, 0x00, 0x41, 0x00, 0x41, 0x00, 0x41, 0x00, 
0x42, 0x08, 0x42, 0x08, 0x62, 0x08, 0x62, 0x08, 0x62, 0x08, 0x42, 0x08, 0x62, 0x08, 0x42, 0x08, 
0x42, 0x08, 0x42, 0x00, 0x42, 0x08, 0x42, 0x08, 0x42, 0x08, 0x62, 0x08, 0x62, 0x08, 0x42, 0x08, 
0x42, 0x08, 0x42, 0x08, 0x42, 0x00, 0x42, 0x08, 0x42, 0x08, 0x42, 0x08, 0x42, 0x08, 0x42, 0x00, 
0x42, 0x08, 0x42, 0x08, 0x42, 0x08, 0x42, 0x08, 0x42, 0x08, 0x42, 0x08, 0x42, 0x08, 0x42, 0x08, 
0x42, 0x08, 0x42, 0x08, 0x42, 0x08, 0x42, 0x08, 0x42, 0x08, 0x42, 0x08, 0x42, 0x08, 0x42, 0x08, 
0x42, 0x08, 0x42, 0x00, 0x42, 0x08, 0x42, 0x08, 0x42, 0x08, 0x42, 0x08, 0x42, 0x08, 0x41, 0x08, 
0x42, 0x08, 0x42, 0x08, 0x42, 0x08, 0x42, 0x08, 0x42, 0x08, 0x41, 0x08, 0x42, 0x08, 0x41, 0x08, 
0x42, 0x08, 0x42, 0x08, 0x42, 0x08, 0x42, 0x08, 0x42, 0x08, 0x42, 0x08, 0x42, 0x08, 0x42, 0x08, 
0x42, 0x00, 0x42, 0x08, 0x42, 0x08, 0x42, 0x00, 0x42, 0x08, 0x42, 0x00, 0x42, 0x08, 0x41, 0x00, 
0x41, 0x08, 0x42, 0x08, 0x41, 0x08, 0x41, 0x08, 0x41, 0x08, 0x41, 0x08, 0x42, 0x08, 0x42, 0x08, 
0x41, 0x00, 0x41, 0x00, 0x41, 0x08, 0x41, 0x00, 0x42, 0x00, 0x42, 0x08, 0x42, 0x08, 0x42, 0x08, 
0x62, 0x08, 0x62, 0x08, 0x62, 0x08, 0x62, 0x08, 0x62, 0x08, 0x62, 0x08, 0x62, 0x08, 0x62, 0x08, 
0x62, 0x08, 0x62, 0x08, 0x62, 0x08, 0x62, 0x08, 0x62, 0x08, 0x62, 0x08, 0x62, 0x08, 0x62, 0x08, 
0x42, 0x08, 0x42, 0x08, 0x62, 0x08, 0x62, 0x08, 0x62, 0x08, 0x62, 0x08, 0x42, 0x08, 0x62, 0x08, 
0x62, 0x08, 0x62, 0x08, 0x62, 0x08, 0x62, 0x08, 0x62, 0x08, 0x62, 0x08, 0x62, 0x08, 0x62, 0x08, 
0x62, 0x08, 0x62, 0x08, 0x62, 0x08, 0x62, 0x08, 0x62, 0x08, 0x62, 0x08, 0x62, 0x08, 0x62, 0x08, 
0x62, 0x08, 0x62, 0x08, 0x62, 0x08, 0x62, 0x08, 0x62, 0x08, 0x62, 0x08, 0x62, 0x08, 0x62, 0x08, 
0x62, 0x08, 0x62, 0x08, 0x62, 0x08, 0x62, 0x08, 0x62, 0x08, 0x62, 0x08, 0x62, 0x08, 0x62, 0x08, 
0x62, 0x08, 0x62, 0x08, 0x62, 0x08, 0x62, 0x08, 0x62, 0x08, 0x62, 0x08, 0x62, 0x08, 0x62, 0x08, 
0x62, 0x08, 0x62, 0x08, 0x62, 0x08, 0x62, 0x08, 0x62, 0x08, 0x62, 0x08, 0x62, 0x08, 0x62, 0x08, 
0x62, 0x08, 0x62, 0x08, 0x62, 0x08, 0x62, 0x08, 0x62, 0x08, 0x42, 0x08, 0x42, 0x08, 0x62, 0x08, 
0x62, 0x08, 0x62, 0x08, 0x62, 0x08, 0x62, 0x08, 0x62, 0x08, 0x62, 0x08, 0x62, 0x08, 0x62, 0x08, 
0x62, 0x08, 0x62, 0x08, 0x62, 0x08, 0x42, 0x08, 0x42, 0x08, 0x42, 0x08, 0x42, 0x08, 0x42, 0x08, 
0x42, 0x08, 0x42, 0x08, 0x42, 0x08, 0x42, 0x08, 0x42, 0x08, 0x42, 0x00, 0x42, 0x08, 0x42, 0x08, 
0x42, 0x08, 0x42, 0x08, 0x42, 0x00, 0x42, 0x08, 0x42, 0x08, 0x42, 0x08, 0x42, 0x08, 0x42, 0x08, 
0x42, 0x08, 0x42, 0x08, 0x42, 0x08, 0x42, 0x08, 0x42, 0x08, 0x42, 0x08, 0x42, 0x08, 0x42, 0x08, 
0x42, 0x08, 0x42, 0x08, 0x41, 0x08, 0x42, 0x08, 0x42, 0x08, 0x42, 0x08, 0x42, 0x08, 0x42, 0x08, 
0x42, 0x08, 0x62, 0x08, 0x62, 0x08, 0x42, 0x08, 0x42, 0x08, 0x42, 0x08, 0x42, 0x08, 0x42, 0x08, 
0x42, 0x00, 0x42, 0x08, 0x42, 0x08, 0x42, 0x00, 0x42, 0x00, 0x42, 0x00, 0x42, 0x08, 0x42, 0x08, 
0x42, 0x08, 0x62, 0x08, 0x62, 0x08, 0x62, 0x08, 0x62, 0x08, 0x62, 0x08, 0x62, 0x08, 0x62, 0x08, 
0x42, 0x08, 0x62, 0x08, 0x42, 0x08, 0x62, 0x08, 0x62, 0x08, 0x62, 0x08, 0x62, 0x08, 0x62, 0x08, 
0x62, 0x08, 0x41, 0x00, 0x41, 0x00, 0x21, 0x00, 0x21, 0x00, 0x21, 0x00, 0x21, 0x00, 0x41, 0x00, 
0x62, 0x00, 0x82, 0x08, 0xA3, 0x10, 0xC4, 0x10, 0xE4, 0x10, 0x05, 0x19, 0x25, 0x19, 0x46, 0x21, 
0x66, 0x21, 0x87, 0x21, 0x87, 0x29, 0xA7, 0x29, 0xA8, 0x29, 0xC8, 0x29, 0xA8, 0x29, 0xC8, 0x29, 
0xA8, 0x29, 0xA8, 0x29, 0xA8, 0x29, 0xA7, 0x29, 0x87, 0x29, 0x87, 0x21, 0x87, 0x21, 0x87, 0x21, 
0x87, 0x21, 0x67, 0x21, 0x66, 0x21, 0x46, 0x21, 0x46, 0x21, 0x46, 0x21, 0x46, 0x19, 0x46, 0x19, 
0x46, 0x19, 0x26, 0x19, 0x26, 0x19, 0x26, 0x19, 0x26, 0x19, 0x26, 0x19, 0x26, 0x19, 0x26, 0x19, 
0x26, 0x19, 0x26, 0x19, 0x26, 0x19, 0x26, 0x19, 0x25, 0x19, 0x26, 0x19, 0x26, 0x19, 0x25, 0x19, 
0x05, 0x11, 0xE5, 0x10, 0xE5, 0x10, 0x05, 0x19, 0x25, 0x19, 0x26, 0x19, 0x26, 0x19, 0x46, 0x19, 
0x46, 0x21, 0x46, 0x21, 0x66, 0x21, 0x46, 0x21, 0x25, 0x19, 0x05, 0x11, 0xC4, 0x10, 0xA3, 0x08, 
0x62, 0x08, 0x62, 0x00, 0x42, 0x00, 0x41, 0x00, 0x41, 0x00, 0x41, 0x08, 0x42, 0x08, 0x62, 0x08, 
0x62, 0x08, 0x62, 0x08, 0x62, 0x08, 0x62, 0x08, 0x62, 0x08, 0x62, 0x08, 0x62, 0x08, 0x62, 0x08, 
0x62, 0x08, 0x62, 0x08, 0x62, 0x08, 0x42, 0x08, 0x42, 0x08, 0x62, 0x08, 0x62, 0x08, 0x62, 0x08, 
0x42, 0x08, 0x42, 0x08, 0x42, 0x08, 0x42, 0x08, 0x42, 0x08, 0x42, 0x08, 0x42, 0x08, 0x62, 0x08, 
0x62, 0x08, 0x42, 0x08, 0x62, 0x08, 0x62, 0x08, 0x62, 0x08, 0x62, 0x08, 0x62, 0x08, 0x62, 0x08, 
0x62, 0x08, 0x62, 0x08, 0x62, 0x08, 0x62, 0x08, 0x42, 0x08, 0x42, 0x08, 0x42, 0x08, 0x42, 0x08, 
0x62, 0x08, 0x62, 0x08, 0x41, 0x08, 0x42, 0x08, 0x42, 0x08, 0x42, 0x08, 0x42, 0x08, 0x42, 0x08, 
0x42, 0x08, 0x42, 0x08, 0x62, 0x08, 0x42, 0x08, 0x42, 0x08, 0x42, 0x00, 0x42, 0x08, 0x42, 0x08, 
0x42, 0x00, 0x42, 0x00, 0x41, 0x00, 0x42, 0x00, 0x42, 0x08, 0x42, 0x08, 0x42, 0x08, 0x42, 0x08, 
0x42, 0x08, 0x42, 0x08, 0x41, 0x08, 0x41, 0x08, 0x42, 0x08, 0x42, 0x08, 0x41, 0x08, 0x41, 0x00, 
0x41, 0x00, 0x41, 0x00, 0x41, 0x00, 0x41, 0x00, 0x42, 0x08, 0x42, 0x08, 0x42, 0x08, 0x42, 0x08, 
0x62, 0x08, 0x62, 0x08, 0x62, 0x08, 0x62, 0x08, 0x62, 0x08, 0x62, 0x08, 0x62, 0x08, 0x62, 0x08, 
0x62, 0x08, 0x62, 0x08, 0x62, 0x08, 0x62, 0x08, 0x62, 0x08, 0x62, 0x08, 0x62, 0x08, 0x62, 0x08, 
0x62, 0x08, 0x42, 0x08, 0x62, 0x08, 0x62, 0x08, 0x62, 0x08, 0x62, 0x08, 0x62, 0x08, 0x62, 0x08, 
0x62, 0x08, 0x62, 0x08, 0x62, 0x08, 0x62, 0x08, 0x62, 0x08, 0x62, 0x08, 0x62, 0x08, 0x62, 0x08, 
0x62, 0x08, 0x62, 0x08, 0x62, 0x08, 0x62, 0x08, 0x62, 0x08, 0x62, 0x08, 0x62, 0x08, 0x62, 0x08, 
0x62, 0x08, 0x62, 0x08, 0x62, 0x08, 0x62, 0x08, 0x62, 0x08, 0x62, 0x08, 0x62, 0x08, 0x62, 0x08, 
0x62, 0x08, 0x62, 0x08, 0x62, 0x08, 0x62, 0x08, 0x62, 0x08, 0x62, 0x08, 0x62, 0x08, 0x62, 0x08, 
0x62, 0x08, 0x62, 0x08, 0x62, 0x08, 0x62, 0x08, 0x62, 0x08, 0x62, 0x08, 0x62, 0x08, 0x62, 0x08, 
0x62, 0x08, 0x62, 0x08, 0x62, 0x08, 0x62, 0x08, 0x62, 0x08, 0x62, 0x08, 0x62, 0x08, 0x62, 0x08, 
0x62, 0x08, 0x62, 0x08, 0x62, 0x08, 0x62, 0x08, 0x62, 0x08, 0x42, 0x08, 0x62, 0x08, 0x62, 0x08, 
0x62, 0x08, 0x62, 0x08, 0x42, 0x08, 0x42, 0x08, 0x62, 0x08, 0x62, 0x08, 0x42, 0x08, 0x62, 0x08, 
0x62, 0x08, 0x42, 0x08, 0x42, 0x08, 0x42, 0x08, 0x42, 0x08, 0x42, 0x08, 0x42, 0x08, 0x42, 0x08, 
0x42, 0x08, 0x42, 0x08, 0x42, 0x08, 0x42, 0x08, 0x42, 0x08, 0x42, 0x08, 0x42, 0x08, 0x42, 0x08, 
0x42, 0x08, 0x42, 0x08, 0x42, 0x08, 0x42, 0x08, 0x42, 0x08, 0x42, 0x08, 0x42, 0x08, 0x42, 0x08, 
0x42, 0x08, 0x42, 0x08, 0x42, 0x08, 0x42, 0x08, 0x42, 0x08, 0x42, 0x08, 0x42, 0x08, 0x42, 0x08, 
0x42, 0x08, 0x42, 0x08, 0x42, 0x08, 0x42, 0x08, 0x42, 0x08, 0x42, 0x08, 0x42, 0x08, 0x42, 0x08, 
0x62, 0x08, 0x62, 0x08, 0x42, 0x08, 0x62, 0x08, 0x42, 0x08, 0x42, 0x08, 0x62, 0x08, 0x62, 0x08, 
0x42, 0x08, 0x62, 0x08, 0x62, 0x08, 0x62, 0x08, 0x62, 0x08, 0x62, 0x08, 0x42, 0x08, 0x62, 0x08, 
0x62, 0x08, 0x62, 0x08, 0x62, 0x08, 0x62, 0x08, 0x62, 0x08, 0x62, 0x08, 0x62, 0x08, 0x62, 0x08, 
0x62, 0x08, 0x62, 0x08, 0x62, 0x08, 0x41, 0x00, 0x21, 0x00, 0x21, 0x00, 0x21, 0x00, 0x42, 0x00, 
0x83, 0x08, 0xC4, 0x10, 0x05, 0x19, 0x46, 0x21, 0x87, 0x29, 0xC8, 0x29, 0x09, 0x32, 0x2A, 0x32, 
0x2A, 0x3A, 0x4A, 0x3A, 0x4A, 0x3A, 0x2A, 0x32, 0x0A, 0x32, 0xE9, 0x31, 0xE9, 0x31, 0xC9, 0x29, 
0xA8, 0x21, 0x87, 0x21, 0x67, 0x21, 0x46, 0x21, 0x46, 0x19, 0x26, 0x19, 0x26, 0x19, 0x05, 0x11, 
0x05, 0x11, 0xE5, 0x10, 0xE5, 0x10, 0xE4, 0x10, 0xC4, 0x10, 0xC4, 0x10, 0xA4, 0x08, 0xA4, 0x08, 
0xA4, 0x08, 0xA3, 0x08, 0xA3, 0x08, 0x83, 0x08, 0x83, 0x08, 0x83, 0x08, 0x83, 0x08, 0x83, 0x08, 
0x83, 0x08, 0x83, 0x08, 0x83, 0x08, 0x83, 0x08, 0x83, 0x08, 0x83, 0x08, 0x83, 0x08, 0x83, 0x08, 
0x83, 0x08, 0x83, 0x08, 0x83, 0x08, 0x83, 0x08, 0x83, 0x08, 0x83, 0x08, 0x83, 0x08, 0x83, 0x08, 
0x83, 0x08, 0x83, 0x08, 0x83, 0x08, 0x83, 0x08, 0x83, 0x08, 0x83, 0x08, 0x83, 0x08, 0x83, 0x08, 
0x83, 0x08, 0xA4, 0x08, 0xE4, 0x10, 0xE5, 0x10, 0x05, 0x19, 0x26, 0x19, 0x66, 0x21, 0x67, 0x21, 
0x66, 0x21, 0x66, 0x21, 0x26, 0x19, 0xE4, 0x10, 0xA4, 0x10, 0x83, 0x08, 0x62, 0x08, 0x42, 0x00, 
0x41, 0x00, 0x41, 0x00, 0x41, 0x08, 0x62, 0x08, 0x62, 0x08, 0x62, 0x08, 0x62, 0x08, 0x62, 0x08, 
0x62, 0x08, 0x62, 0x08, 0x62, 0x08, 0x62, 0x08, 0x62, 0x08, 0x62, 0x08, 0x62, 0x08, 0x62, 0x08, 
0x62, 0x08, 0x62, 0x08, 0x62, 0x08, 0x62, 0x08, 0x62, 0x08, 0x62, 0x08, 0x62, 0x08, 0x62, 0x08, 
0x62, 0x08, 0x42, 0x08, 0x62, 0x08, 0x62, 0x08, 0x62, 0x08, 0x62, 0x08, 0x62, 0x08, 0x62, 0x08, 
0x62, 0x08, 0x62, 0x08, 0x62, 0x08, 0x62, 0x08, 0x62, 0x08, 0x62, 0x08, 0x42, 0x08, 0x42, 0x08, 
0x62, 0x08, 0x62, 0x08, 0x62, 0x08, 0x62, 0x08, 0x62, 0x08, 0x42, 0x08, 0x62, 0x08, 0x62, 0x08, 
0x62, 0x08, 0x62, 0x08, 0x62, 0x08, 0x62, 0x08, 0x62, 0x08, 0x42, 0x08, 0x42, 0x08, 0x42, 0x08, 
0x42, 0x08, 0x42, 0x00, 0x42, 0x08, 0x42, 0x08, 0x42, 0x08, 0x62, 0x08, 0x42, 0x08, 0x42, 0x08, 
0x62, 0x08, 0x42, 0x08, 0x41, 0x00, 0x41, 0x00, 0x42, 0x08, 0x42, 0x08, 0x42, 0x08, 0x42, 0x08, 
0x41, 0x00, 0x41, 0x00, 0x41, 0x00, 0x41, 0x00, 0x41, 0x00, 0x42, 0x08, 0x42, 0x08, 0x42, 0x08, 
0x62, 0x08, 0x62, 0x08, 0x62, 0x08, 0x62, 0x08, 0x62, 0x08, 0x62, 0x08, 0x62, 0x08, 0x62, 0x08, 
0x62, 0x08, 0x62, 0x08, 0x62, 0x08, 0x62, 0x08, 0x62, 0x08, 0x62, 0x08, 0x62, 0x08, 0x62, 0x08, 
0x62, 0x08, 0x62, 0x08, 0x62, 0x08, 0x62, 0x08, 0x62, 0x08, 0x62, 0x08, 0x62, 0x08, 0x62, 0x08, 
0x62, 0x08, 0x62, 0x08, 0x62, 0x08, 0x62, 0x08, 0x62, 0x08, 0x62, 0x08, 0x62, 0x08, 0x62, 0x08, 
0x62, 0x08, 0x62, 0x08, 0x62, 0x08, 0x62, 0x08, 0x62, 0x08, 0x62, 0x08, 0x62, 0x08, 0x62, 0x08, 
0x62, 0x08, 0x62, 0x08, 0x62, 0x08, 0x62, 0x08, 0x62, 0x08, 0x62, 0x08, 0x62, 0x08, 0x62, 0x08, 
0x62, 0x08, 0x62, 0x08, 0x62, 0x08, 0x62, 0x08, 0x62, 0x08, 0x62, 0x08, 0x62, 0x08, 0x62, 0x08, 
0x62, 0x08, 0x62, 0x08, 0x62, 0x08, 0x62, 0x08, 0x42, 0x08, 0x42, 0x08, 0x62, 0x08, 0x62, 0x08, 
0x62, 0x08, 0x62, 0x08, 0x62, 0x08, 0x62, 0x08, 0x62, 0x08, 0x62, 0x08, 0x62, 0x08, 0x62, 0x08, 
0x42, 0x08, 0x62, 0x08, 0x42, 0x08, 0x42, 0x08, 0x62, 0x08, 0x62, 0x08, 0x62, 0x08, 0x62, 0x08, 
0x42, 0x08, 0x42, 0x08, 0x42, 0x08, 0x42, 0x08, 0x42, 0x08, 0x42, 0x08, 0x62, 0x08, 0x62, 0x08, 
0x42, 0x08, 0x42, 0x08, 0x42, 0x08, 0x42, 0x08, 0x42, 0x08, 0x42, 0x08, 0x42, 0x08, 0x42, 0x08, 
0x42, 0x08, 0x42, 0x08, 0x42, 0x08, 0x42, 0x08, 0x42, 0x08, 0x42, 0x08, 0x42, 0x08, 0x42, 0x08, 
0x42, 0x08, 0x42, 0x08, 0x42, 0x08, 0x42, 0x08, 0x42, 0x08, 0x42, 0x08, 0x42, 0x08, 0x42, 0x08, 
0x42, 0x08, 0x42, 0x08, 0x42, 0x08, 0x42, 0x08, 0x42, 0x08, 0x42, 0x08, 0x42, 0x08, 0x42, 0x08, 
0x42, 0x08, 0x42, 0x08, 0x42, 0x08, 0x42, 0x08, 0x42, 0x08, 0x42, 0x08, 0x42, 0x00, 0x42, 0x08, 
0x62, 0x08, 0x42, 0x08, 0x42, 0x08, 0x62, 0x08, 0x62, 0x08, 0x62, 0x08, 0x62, 0x08, 0x62, 0x08, 
0x62, 0x08, 0x62, 0x08, 0x62, 0x08, 0x62, 0x08, 0x62, 0x08, 0x62, 0x08, 0x62, 0x08, 0x62, 0x08, 
0x62, 0x08, 0x62, 0x08, 0x62, 0x08, 0x62, 0x08, 0x62, 0x08, 0x42, 0x08, 0x21, 0x00, 0x21, 0x00, 
0x21, 0x00, 0x42, 0x00, 0xA3, 0x10, 0x25, 0x19, 0xA8, 0x29, 0x09, 0x3A, 0x6B, 0x42, 0xAC, 0x42, 
0xCC, 0x4A, 0xCC, 0x4A, 0xAC, 0x42, 0x8B, 0x3A, 0x6B, 0x3A, 0x2A, 0x32, 0xE9, 0x29, 0xC8, 0x29, 
0xA8, 0x21, 0x88, 0x21, 0x67, 0x19, 0x46, 0x19, 0x26, 0x19, 0x06, 0x19, 0x05, 0x11, 0xE5, 0x10, 
0xE5, 0x10, 0xC4, 0x10, 0xC4, 0x10, 0xC4, 0x10, 0xC4, 0x10, 0xA4, 0x10, 0xA4, 0x10, 0xC4, 0x10, 
0xA4, 0x08, 0xA4, 0x08, 0xA3, 0x08, 0xA3, 0x08, 0xA3, 0x08, 0xA3, 0x08, 0x83, 0x08, 0x83, 0x08, 
0x83, 0x08, 0x83, 0x08, 0x83, 0x08, 0x83, 0x08, 0x83, 0x08, 0x83, 0x08, 0x83, 0x08, 0x83, 0x08, 
0x83, 0x08, 0x83, 0x08, 0x83, 0x08, 0x83, 0x08, 0x83, 0x08, 0x83, 0x08, 0x83, 0x08, 0x82, 0x08, 
0x82, 0x08, 0x82, 0x08, 0x82, 0x08, 0x82, 0x08, 0x82, 0x08, 0x82, 0x08, 0x82, 0x08, 0x82, 0x08, 
0x82, 0x08, 0x62, 0x08, 0x62, 0x08, 0x62, 0x00, 0x62, 0x08, 0x62, 0x08, 0x62, 0x08, 0x82, 0x08, 
0x82, 0x08, 0x82, 0x08, 0x83, 0x08, 0x83, 0x08, 0x83, 0x08, 0x83, 0x08, 0xA3, 0x08, 0xA4, 0x08, 
0xC4, 0x10, 0xE4, 0x10, 0x05, 0x11, 0x05, 0x11, 0x26, 0x19, 0x26, 0x19, 0x25, 0x19, 0x25, 0x19, 
0xE4, 0x10, 0xC4, 0x10, 0x83, 0x08, 0x62, 0x08, 0x42, 0x00, 0x42, 0x00, 0x41, 0x08, 0x62, 0x08, 
0x62, 0x08, 0x62, 0x08, 0x62, 0x08, 0x62, 0x08, 0x62, 0x08, 0x62, 0x08, 0x62, 0x08, 0x62, 0x08, 
0x62, 0x08, 0x62, 0x08, 0x62, 0x08, 0x62, 0x08, 0x62, 0x08, 0x62, 0x08, 0x42, 0x08, 0x42, 0x08, 
0x62, 0x08, 0x42, 0x08, 0x42, 0x08, 0x62, 0x08, 0x62, 0x08, 0x62, 0x08, 0x62, 0x08, 0x62, 0x08, 
0x62, 0x08, 0x62, 0x08, 0x62, 0x08, 0x62, 0x08, 0x62, 0x08, 0x62, 0x08, 0x42, 0x08, 0x41, 0x08, 
0x62, 0x08, 0x42, 0x08, 0x62, 0x08, 0x62, 0x08, 0x62, 0x08, 0x62, 0x08, 0x62, 0x08, 0x62, 0x08, 
0x42, 0x08, 0x62, 0x08, 0x62, 0x08, 0x62, 0x08, 0x62, 0x08, 0x62, 0x08, 0x62, 0x08, 0x42, 0x08, 
0x62, 0x08, 0x62, 0x08, 0x62, 0x08, 0x62, 0x08, 0x62, 0x08, 0x62, 0x08, 0x62, 0x08, 0x62, 0x08, 
0x42, 0x08, 0x62, 0x08, 0x62, 0x08, 0x62, 0x08, 0x42, 0x08, 0x41, 0x08, 0x42, 0x08, 0x41, 0x08, 
0x41, 0x00, 0x41, 0x00, 0x41, 0x00, 0x41, 0x00, 0x41, 0x08, 0x42, 0x08, 0x42, 0x08, 0x42, 0x08, 
0x62, 0x08, 0x62, 0x08, 0x62, 0x08, 0x62, 0x08, 0x62, 0x08, 0x62, 0x08, 0x62, 0x08, 0x62, 0x08, 
0x62, 0x08, 0x62, 0x08, 0x62, 0x08, 0x62, 0x08, 0x62, 0x08, 0x62, 0x08, 0x62, 0x08, 0x62, 0x08, 
0x62, 0x08, 0x62, 0x08, 0x62, 0x08, 0x62, 0x08, 0x62, 0x08, 0x62, 0x08, 0x62, 0x08, 0x62, 0x08, 
0x62, 0x08, 0x62, 0x08, 0x62, 0x08, 0x62, 0x08, 0x62, 0x08, 0x62, 0x08, 0x62, 0x08, 0x62, 0x08, 
0x62, 0x08, 0x42, 0x08, 0x62, 0x08, 0x62, 0x08, 0x62, 0x08, 0x62, 0x08, 0x62, 0x08, 0x62, 0x08, 
0x62, 0x08, 0x62, 0x08, 0x62, 0x08, 0x62, 0x08, 0x62, 0x08, 0x62, 0x08, 0x62, 0x08, 0x62, 0x08, 
0x62, 0x08, 0x62, 0x08, 0x62, 0x08, 0x62, 0x08, 0x62, 0x08, 0x62, 0x08, 0x62, 0x08, 0x62, 0x08, 
0x62, 0x08, 0x62, 0x08, 0x62, 0x08, 0x62, 0x08, 0x62, 0x08, 0x62, 0x08, 0x42, 0x00, 0x62, 0x08, 
0x62, 0x08, 0x62, 0x08, 0x62, 0x08, 0x62, 0x08, 0x42, 0x08, 0x42, 0x08, 0x42, 0x08, 0x42, 0x08, 
0x42, 0x08, 0x42, 0x08, 0x42, 0x08, 0x42, 0x08, 0x42, 0x08, 0x42, 0x08, 0x42, 0x08, 0x42, 0x08, 
0x42, 0x08, 0x42, 0x08, 0x42, 0x08, 0x42, 0x08, 0x42, 0x08, 0x42, 0x08, 0x62, 0x08, 0x42, 0x08, 
0x42, 0x08, 0x42, 0x08, 0x42, 0x08, 0x42, 0x08, 0x42, 0x08, 0x42, 0x08, 0x42, 0x08, 0x42, 0x08, 
0x42, 0x08, 0x42, 0x08, 0x42, 0x08, 0x42, 0x08, 0x42, 0x08, 0x42, 0x08, 0x42, 0x08, 0x42, 0x08, 
0x42, 0x08, 0x42, 0x08, 0x42, 0x08, 0x42, 0x08, 0x42, 0x08, 0x42, 0x08, 0x41, 0x00, 0x42, 0x08, 
0x41, 0x00, 0x42, 0x08, 0x42, 0x08, 0x42, 0x08, 0x42, 0x08, 0x42, 0x08, 0x42, 0x08, 0x42, 0x08, 
0x42, 0x08, 0x42, 0x08, 0x42, 0x00, 0x42, 0x08, 0x62, 0x08, 0x62, 0x08, 0x62, 0x08, 0x62, 0x08, 
0x62, 0x08, 0x62, 0x08, 0x62, 0x08, 0x62, 0x08, 0x62, 0x08, 0x62, 0x08, 0x62, 0x08, 0x62, 0x08, 
0x62, 0x08, 0x62, 0x08, 0x62, 0x08, 0x62, 0x08, 0x62, 0x08, 0x62, 0x08, 0x42, 0x08, 0x62, 0x08, 
0x62, 0x08, 0x42, 0x08, 0x21, 0x00, 0x01, 0x00, 0x21, 0x00, 0x62, 0x08, 0xE5, 0x18, 0xA8, 0x29, 
0x4A, 0x3A, 0xCD, 0x4A, 0x2E, 0x5B, 0x2E, 0x53, 0x0E, 0x4B, 0xCD, 0x42, 0x8C, 0x42, 0x4A, 0x32, 
0x09, 0x2A, 0xC9, 0x29, 0x88, 0x21, 0x67, 0x19, 0x46, 0x19, 0x26, 0x19, 0x05, 0x11, 0x05, 0x11, 
0x05, 0x11, 0x05, 0x11, 0xE5, 0x10, 0xE4, 0x10, 0xC4, 0x10, 0xC4, 0x10, 0xC4, 0x10, 0xC4, 0x10, 
0xC4, 0x10, 0xC4, 0x10, 0xC4, 0x08, 0xC4, 0x10, 0xA4, 0x10, 0xA4, 0x08, 0xA4, 0x10, 0xA4, 0x10, 
0xA4, 0x10, 0xA3, 0x08, 0xA3, 0x08, 0xA3, 0x08, 0xA3, 0x08, 0xA3, 0x08, 0xA3, 0x08, 0xA3, 0x08, 
0xA3, 0x08, 0xA3, 0x08, 0xA3, 0x08, 0xA3, 0x08, 0x83, 0x08, 0xA3, 0x08, 0x83, 0x08, 0x83, 0x08, 
0x83, 0x08, 0x83, 0x08, 0x83, 0x08, 0x83, 0x08, 0x83, 0x08, 0x83, 0x08, 0x82, 0x08, 0x82, 0x08, 
0x83, 0x08, 0x83, 0x08, 0x83, 0x08, 0x82, 0x08, 0x82, 0x08, 0x82, 0x08, 0x82, 0x08, 0x82, 0x08, 
0x62, 0x08, 0x62, 0x08, 0x62, 0x08, 0x62, 0x08, 0x62, 0x08, 0x82, 0x08, 0x83, 0x08, 0x83, 0x08, 
0x83, 0x08, 0x83, 0x08, 0x83, 0x08, 0x83, 0x08, 0x83, 0x08, 0x83, 0x08, 0x83, 0x08, 0x83, 0x08, 
0x83, 0x08, 0x83, 0x08, 0xA3, 0x08, 0x83, 0x08, 0x83, 0x08, 0x83, 0x08, 0xA4, 0x08, 0xC4, 0x10, 
0x05, 0x11, 0x25, 0x19, 0x26, 0x19, 0x25, 0x19, 0xE5, 0x10, 0xC4, 0x10, 0x83, 0x08, 0x62, 0x08, 
0x42, 0x00, 0x41, 0x00, 0x41, 0x00, 0x42, 0x08, 0x62, 0x08, 0x62, 0x08, 0x62, 0x08, 0x62, 0x08, 
0x42, 0x08, 0x62, 0x08, 0x62, 0x08, 0x62, 0x08, 0x62, 0x08, 0x62, 0x08, 0x62, 0x08, 0x62, 0x08, 
0x62, 0x08, 0x62, 0x08, 0x62, 0x08, 0x42, 0x08, 0x62, 0x08, 0x62, 0x08, 0x62, 0x08, 0x62, 0x08, 
0x62, 0x08, 0x62, 0x08, 0x62, 0x08, 0x62, 0x08, 0x62, 0x08, 0x42, 0x08, 0x62, 0x08, 0x42, 0x08, 
0x42, 0x08, 0x42, 0x08, 0x62, 0x08, 0x62, 0x08, 0x62, 0x08, 0x62, 0x08, 0x62, 0x08, 0x62, 0x08, 
0x62, 0x08, 0x62, 0x08, 0x62, 0x08, 0x62, 0x08, 0x62, 0x08, 0x62, 0x08, 0x42, 0x08, 0x42, 0x08, 
0x62, 0x08, 0x62, 0x08, 0x62, 0x08, 0x62, 0x08, 0x62, 0x08, 0x62, 0x08, 0x62, 0x08, 0x62, 0x08, 
0x62, 0x08, 0x42, 0x08, 0x42, 0x08, 0x42, 0x08, 0x62, 0x08, 0x62, 0x08, 0x62, 0x08, 0x62, 0x08, 
0x42, 0x08, 0x42, 0x08, 0x42, 0x08, 0x42, 0x08, 0x62, 0x08, 0x42, 0x08, 0x42, 0x00, 0x42, 0x08, 
0x62, 0x08, 0x62, 0x08, 0x62, 0x08, 0x62, 0x08, 0x62, 0x08, 0x62, 0x08, 0x62, 0x08, 0x62, 0x08, 
0x62, 0x08, 0x62, 0x08, 0x62, 0x08, 0x62, 0x08, 0x62, 0x08, 0x62, 0x08, 0x62, 0x08, 0x62, 0x08, 
0x62, 0x08, 0x62, 0x08, 0x62, 0x08, 0x62, 0x08, 0x62, 0x08, 0x62, 0x08, 0x62, 0x08, 0x62, 0x08, 
0x62, 0x08, 0x62, 0x08, 0x62, 0x08, 0x62, 0x08, 0x62, 0x08, 0x62, 0x08, 0x62, 0x08, 0x62, 0x08, 
0x62, 0x08, 0x62, 0x08, 0x62, 0x08, 0x62, 0x08, 0x62, 0x08, 0x62, 0x08, 0x62, 0x08, 0x62, 0x08, 
0x62, 0x08, 0x62, 0x08, 0x62, 0x08, 0x62, 0x08, 0x62, 0x08, 0x62, 0x08, 0x62, 0x08, 0x62, 0x08, 
0x62, 0x08, 0x62, 0x08, 0x62, 0x08, 0x62, 0x08, 0x62, 0x08, 0x62, 0x08, 0x62, 0x08, 0x62, 0x08, 
0x62, 0x08, 0x62, 0x08, 0x62, 0x08, 0x62, 0x08, 0x62, 0x08, 0x42, 0x08, 0x42, 0x08, 0x62, 0x08, 
0x62, 0x08, 0x62, 0x08, 0x62, 0x08, 0x62, 0x08, 0x42, 0x08, 0x42, 0x08, 0x42, 0x08, 0x42, 0x08, 
0x42, 0x08, 0x42, 0x08, 0x42, 0x08, 0x42, 0x08, 0x42, 0x08, 0x42, 0x08, 0x42, 0x08, 0x42, 0x08, 
0x42, 0x08, 0x42, 0x08, 0x42, 0x08, 0x42, 0x08, 0x42, 0x08, 0x42, 0x08, 0x62, 0x08, 0x62, 0x08, 
0x62, 0x08, 0x42, 0x08, 0x42, 0x08, 0x42, 0x08, 0x42, 0x08, 0x42, 0x08, 0x42, 0x08, 0x42, 0x08, 
0x42, 0x08, 0x42, 0x08, 0x42, 0x08, 0x42, 0x08, 0x42, 0x08, 0x41, 0x00, 0x41, 0x00, 0x42, 0x08, 
0x42, 0x08, 0x42, 0x08, 0x42, 0x08, 0x42, 0x08, 0x42, 0x08, 0x42, 0x08, 0x42, 0x08, 0x42, 0x08, 
0x42, 0x08, 0x42, 0x08, 0x42, 0x08, 0x62, 0x08, 0x42, 0x08, 0x42, 0x08, 0x42, 0x08, 0x42, 0x08, 
0x42, 0x08, 0x42, 0x08, 0x62, 0x08, 0x42, 0x08, 0x62, 0x08, 0x62, 0x08, 0x62, 0x08, 0x62, 0x08, 
0x62, 0x08, 0x62, 0x08, 0x62, 0x08, 0x62, 0x08, 0x62, 0x08, 0x62, 0x08, 0x62, 0x08, 0x62, 0x08, 
0x62, 0x08, 0x62, 0x08, 0x62, 0x08, 0x62, 0x08, 0x62, 0x08, 0x62, 0x08, 0x62, 0x08, 0x41, 0x00, 
0x21, 0x00, 0x83, 0x08, 0x66, 0x21, 0x4A, 0x3A, 0xED, 0x4A, 0x4E, 0x5B, 0x6F, 0x63, 0x4F, 0x5B, 
0xED, 0x4A, 0x4B, 0x3A, 0x0A, 0x2A, 0xC9, 0x29, 0x88, 0x21, 0x67, 0x21, 0x67, 0x19, 0x47, 0x19, 
0x26, 0x19, 0x26, 0x19, 0x26, 0x19, 0x05, 0x19, 0x05, 0x19, 0x05, 0x19, 0xE5, 0x10, 0xE4, 0x10, 
0xE4, 0x10, 0xE4, 0x10, 0xC4, 0x10, 0xE4, 0x10, 0xC4, 0x10, 0xE4, 0x10, 0xC4, 0x10, 0xC4, 0x10, 
0xE4, 0x10, 0xE4, 0x10, 0xC4, 0x10, 0xC4, 0x10, 0xC4, 0x10, 0xC4, 0x10, 0xC4, 0x10, 0xC4, 0x10, 
0xC4, 0x10, 0xC4, 0x10, 0xC4, 0x10, 0xA4, 0x10, 0xA4, 0x08, 0xA3, 0x08, 0xA3, 0x08, 0xA3, 0x08, 
0xA3, 0x08, 0xA3, 0x08, 0xA3, 0x08, 0xA3, 0x08, 0xA3, 0x08, 0x83, 0x08, 0x83, 0x08, 0x83, 0x08, 
0x83, 0x08, 0x83, 0x08, 0x83, 0x08, 0x83, 0x08, 0x83, 0x08, 0x83, 0x08, 0x82, 0x08, 0x82, 0x08, 
0x83, 0x08, 0x83, 0x08, 0x83, 0x08, 0x83, 0x08, 0x82, 0x08, 0x82, 0x08, 0x82, 0x08, 0x62, 0x08, 
0x62, 0x08, 0x62, 0x08, 0x62, 0x08, 0x62, 0x08, 0x82, 0x08, 0x83, 0x08, 0x83, 0x08, 0x83, 0x08, 
0x83, 0x08, 0x83, 0x08, 0x83, 0x08, 0x83, 0x08, 0x83, 0x08, 0x83, 0x08, 0x83, 0x08, 0xA3, 0x10, 
0xA3, 0x08, 0xA3, 0x08, 0xA3, 0x08, 0xA3, 0x08, 0x83, 0x08, 0x83, 0x08, 0xA3, 0x08, 0xA3, 0x08, 
0xA3, 0x08, 0xA3, 0x08, 0xA4, 0x08, 0xC4, 0x10, 0xC4, 0x10, 0xE5, 0x18, 0x05, 0x19, 0x05, 0x19, 
0x05, 0x19, 0xE4, 0x10, 0xA3, 0x10, 0x62, 0x08, 0x42, 0x00, 0x42, 0x00, 0x62, 0x08, 0x62, 0x08, 
0x62, 0x08, 0x62, 0x08, 0x62, 0x08, 0x62, 0x08, 0x62, 0x08, 0x62, 0x08, 0x62, 0x08, 0x62, 0x08, 
0x62, 0x08, 0x62, 0x08, 0x62, 0x08, 0x62, 0x08, 0x62, 0x08, 0x62, 0x08, 0x62, 0x08, 0x62, 0x08, 
0x62, 0x08, 0x62, 0x08, 0x62, 0x08, 0x62, 0x08, 0x62, 0x08, 0x62, 0x08, 0x62, 0x08, 0x62, 0x08, 
0x62, 0x08, 0x62, 0x08, 0x62, 0x08, 0x62, 0x08, 0x62, 0x08, 0x62, 0x08, 0x62, 0x08, 0x62, 0x08, 
0x62, 0x08, 0x62, 0x08, 0x62, 0x08, 0x42, 0x08, 0x42, 0x08, 0x42, 0x08, 0x42, 0x08, 0x62, 0x08, 
0x62, 0x08, 0x62, 0x08, 0x62, 0x08, 0x62, 0x08, 0x62, 0x08, 0x62, 0x08, 0x62, 0x08, 0x62, 0x08, 
0x62, 0x08, 0x62, 0x08, 0x42, 0x08, 0x62, 0x08, 0x62, 0x08, 0x62, 0x08, 0x62, 0x08, 0x62, 0x08, 
0x42, 0x08, 0x62, 0x08, 0x62, 0x08, 0x62, 0x08, 0x62, 0x08, 0x62, 0x08, 0x62, 0x08, 0x62, 0x08, 
0x62, 0x08, 0x62, 0x08, 0x62, 0x08, 0x62, 0x08, 0x62, 0x08, 0x62, 0x08, 0x62, 0x08, 0x62, 0x08, 
0x62, 0x08, 0x62, 0x08, 0x62, 0x08, 0x62, 0x08, 0x62, 0x08, 0x62, 0x08, 0x62, 0x08, 0x62, 0x08, 
0x62, 0x08, 0x62, 0x08, 0x62, 0x08, 0x62, 0x08, 0x62, 0x08, 0x62, 0x08, 0x62, 0x08, 0x62, 0x08, 
0x62, 0x08, 0x62, 0x08, 0x62, 0x08, 0x62, 0x08, 0x62, 0x08, 0x62, 0x08, 0x62, 0x08, 0x62, 0x08, 
0x62, 0x08, 0x62, 0x08, 0x42, 0x08, 0x62, 0x08, 0x62, 0x08, 0x62, 0x08, 0x62, 0x08, 0x62, 0x08, 
0x62, 0x08, 0x62, 0x08, 0x62, 0x08, 0x62, 0x08, 0x62, 0x08, 0x62, 0x08, 0x62, 0x08, 0x62, 0x08, 
0x62, 0x08, 0x62, 0x08, 0x62, 0x08, 0x62, 0x08, 0x62, 0x08, 0x62, 0x08, 0x62, 0x08, 0x62, 0x08, 
0x62, 0x08, 0x62, 0x08, 0x62, 0x08, 0x42, 0x08, 0x42, 0x00, 0x42, 0x00, 0x42, 0x08, 0x42, 0x00, 
0x41, 0x00, 0x42, 0x08, 0x42, 0x08, 0x42, 0x08, 0x42, 0x08, 0x42, 0x08, 0x42, 0x08, 0x42, 0x08, 
0x42, 0x08, 0x42, 0x08, 0x42, 0x08, 0x42, 0x08, 0x42, 0x08, 0x42, 0x08, 0x42, 0x08, 0x42, 0x08, 
0x42, 0x08, 0x42, 0x08, 0x62, 0x08, 0x42, 0x08, 0x41, 0x08, 0x42, 0x08, 0x42, 0x08, 0x62, 0x08, 
0x62, 0x08, 0x42, 0x08, 0x42, 0x08, 0x42, 0x08, 0x42, 0x08, 0x42, 0x08, 0x42, 0x08, 0x42, 0x08, 
0x42, 0x08, 0x41, 0x08, 0x42, 0x08, 0x42, 0x08, 0x41, 0x00, 0x42, 0x08, 0x41, 0x00, 0x41, 0x00, 
0x42, 0x08, 0x42, 0x08, 0x42, 0x08, 0x42, 0x08, 0x42, 0x08, 0x42, 0x08, 0x42, 0x08, 0x41, 0x00, 
0x42, 0x08, 0x62, 0x08, 0x62, 0x08, 0x62, 0x08, 0x62, 0x08, 0x62, 0x08, 0x62, 0x08, 0x62, 0x08, 
0x62, 0x08, 0x62, 0x08, 0x62, 0x08, 0x62, 0x08, 0x62, 0x08, 0x62, 0x08, 0x62, 0x08, 0x62, 0x08, 
0x62, 0x08, 0x62, 0x08, 0x62, 0x08, 0x62, 0x08, 0x62, 0x08, 0x62, 0x08, 0x62, 0x08, 0x62, 0x08, 
0x62, 0x08, 0x62, 0x08, 0x62, 0x08, 0x62, 0x08, 0x62, 0x08, 0x42, 0x00, 0x83, 0x08, 0x46, 0x21, 
0x6B, 0x42, 0x4E, 0x5B, 0x8F, 0x5B, 0x4F, 0x53, 0xED, 0x4A, 0xAC, 0x42, 0x4B, 0x3A, 0x0A, 0x32, 
0x0A, 0x2A, 0xC9, 0x29, 0xA8, 0x21, 0x87, 0x21, 0x47, 0x19, 0x67, 0x19, 0x47, 0x19, 0x46, 0x21, 
0x46, 0x21, 0x46, 0x19, 0x26, 0x19, 0x26, 0x19, 0x26, 0x19, 0x26, 0x19, 0x05, 0x19, 0x05, 0x19, 
0xE5, 0x18, 0xE5, 0x10, 0xE5, 0x10, 0xE5, 0x10, 0xE5, 0x10, 0xE4, 0x10, 0xC4, 0x10, 0xC4, 0x10, 
0xE4, 0x10, 0xC4, 0x10, 0xC4, 0x10, 0xC4, 0x10, 0xC4, 0x10, 0xC4, 0x10, 0xC4, 0x10, 0xC4, 0x10, 
0xA4, 0x10, 0xA4, 0x10, 0xA3, 0x10, 0xA4, 0x10, 0xA4, 0x08, 0xA4, 0x08, 0xA3, 0x08, 0xA3, 0x08, 
0x83, 0x08, 0x83, 0x08, 0x83, 0x08, 0x83, 0x08, 0x83, 0x08, 0x83, 0x08, 0x82, 0x08, 0x83, 0x08, 
0x83, 0x08, 0x83, 0x08, 0x82, 0x08, 0x82, 0x08, 0x83, 0x08, 0x83, 0x08, 0x83, 0x08, 0x82, 0x08, 
0x82, 0x08, 0x82, 0x08, 0x82, 0x08, 0x82, 0x08, 0x62, 0x08, 0x62, 0x08, 0x62, 0x08, 0x62, 0x08, 
0x62, 0x08, 0x62, 0x08, 0x62, 0x08, 0x62, 0x08, 0x82, 0x08, 0x83, 0x08, 0x83, 0x08, 0x82, 0x08, 
0x82, 0x08, 0x62, 0x08, 0x62, 0x08, 0x62, 0x08, 0x62, 0x08, 0x62, 0x08, 0x82, 0x08, 0x82, 0x08, 
0x82, 0x08, 0x83, 0x08, 0x63, 0x08, 0x82, 0x08, 0x82, 0x08, 0x63, 0x08, 0x83, 0x08, 0xA3, 0x08, 
0x83, 0x08, 0xA3, 0x08, 0xA3, 0x08, 0xA3, 0x08, 0x83, 0x08, 0x83, 0x08, 0x83, 0x08, 0xA3, 0x08, 
0xC4, 0x10, 0x05, 0x19, 0x26, 0x21, 0x46, 0x21, 0xE5, 0x18, 0x83, 0x08, 0x42, 0x00, 0x41, 0x00, 
0x42, 0x08, 0x62, 0x08, 0x62, 0x08, 0x62, 0x08, 0x62, 0x08, 0x62, 0x08, 0x62, 0x08, 0x62, 0x08, 
0x62, 0x08, 0x62, 0x08, 0x62, 0x08, 0x62, 0x08, 0x62, 0x08, 0x62, 0x08, 0x62, 0x08, 0x62, 0x08, 
0x62, 0x08, 0x62, 0x08, 0x62, 0x08, 0x62, 0x08, 0x62, 0x08, 0x62, 0x08, 0x62, 0x08, 0x62, 0x08, 
0x62, 0x08, 0x62, 0x08, 0x62, 0x08, 0x62, 0x08, 0x62, 0x08, 0x62, 0x08, 0x62, 0x08, 0x62, 0x08, 
0x62, 0x08, 0x62, 0x08, 0x62, 0x08, 0x62, 0x08, 0x62, 0x08, 0x62, 0x08, 0x62, 0x08, 0x42, 0x08, 
0x62, 0x08, 0x62, 0x08, 0x42, 0x08, 0x42, 0x08, 0x62, 0x08, 0x62, 0x08, 0x42, 0x08, 0x62, 0x08, 
0x62, 0x08, 0x42, 0x08, 0x42, 0x08, 0x62, 0x08, 0x62, 0x08, 0x42, 0x08, 0x42, 0x08, 0x62, 0x08, 
0x42, 0x08, 0x42, 0x08, 0x42, 0x08, 0x42, 0x08, 0x42, 0x08, 0x62, 0x08, 0x62, 0x08, 0x42, 0x08, 
0x62, 0x08, 0x62, 0x08, 0x62, 0x08, 0x62, 0x08, 0x62, 0x08, 0x62, 0x08, 0x62, 0x08, 0x62, 0x08, 
0x62, 0x08, 0x62, 0x08, 0x62, 0x08, 0x62, 0x08, 0x62, 0x08, 0x62, 0x08, 0x62, 0x08, 0x62, 0x08, 
0x62, 0x08, 0x62, 0x08, 0x62, 0x08, 0x62, 0x08, 0x62, 0x08, 0x62, 0x08, 0x62, 0x08, 0x62, 0x08, 
0x62, 0x08, 0x62, 0x08, 0x62, 0x08, 0x62, 0x08, 0x62, 0x08, 0x62, 0x08, 0x62, 0x08, 0x62, 0x08, 
0x62, 0x08, 0x62, 0x08, 0x62, 0x08, 0x62, 0x08, 0x62, 0x08, 0x62, 0x08, 0x62, 0x08, 0x62, 0x08, 
0x62, 0x08, 0x62, 0x08, 0x62, 0x08, 0x62, 0x08, 0x42, 0x08, 0x42, 0x08, 0x62, 0x08, 0x42, 0x08, 
0x42, 0x08, 0x42, 0x08, 0x62, 0x08, 0x42, 0x08, 0x42, 0x08, 0x42, 0x08, 0x42, 0x08, 0x42, 0x08, 
0x42, 0x08, 0x42, 0x08, 0x42, 0x08, 0x42, 0x08, 0x42, 0x08, 0x42, 0x08, 0x42, 0x08, 0x42, 0x08, 
0x42, 0x08, 0x42, 0x08, 0x42, 0x08, 0x42, 0x08, 0x42, 0x08, 0x42, 0x08, 0x42, 0x08, 0x42, 0x08, 
0x42, 0x08, 0x42, 0x08, 0x42, 0x08, 0x42, 0x08, 0x42, 0x08, 0x42, 0x08, 0x42, 0x08, 0x42, 0x08, 
0x42, 0x08, 0x42, 0x08, 0x42, 0x08, 0x42, 0x08, 0x42, 0x08, 0x42, 0x08, 0x62, 0x08, 0x42, 0x08, 
0x42, 0x08, 0x42, 0x08, 0x42, 0x08, 0x42, 0x08, 0x42, 0x08, 0x42, 0x08, 0x42, 0x00, 0x42, 0x08, 
0x42, 0x08, 0x42, 0x08, 0x42, 0x08, 0x42, 0x08, 0x42, 0x08, 0x42, 0x08, 0x41, 0x00, 0x41, 0x00, 
0x41, 0x00, 0x62, 0x08, 0x62, 0x08, 0x62, 0x08, 0x62, 0x08, 0x62, 0x08, 0x62, 0x08, 0x62, 0x08, 
0x62, 0x08, 0x62, 0x08, 0x62, 0x08, 0x62, 0x08, 0x62, 0x08, 0x62, 0x08, 0x62, 0x08, 0x62, 0x08, 
0x42, 0x08, 0x62, 0x08, 0x62, 0x08, 0x62, 0x08, 0x62, 0x08, 0x62, 0x08, 0x62, 0x08, 0x62, 0x08, 
0x62, 0x08, 0x62, 0x08, 0x62, 0x08, 0x62, 0x08, 0x62, 0x08, 0x82, 0x08, 0x62, 0x08, 0x62, 0x08, 
0x62, 0x08, 0x62, 0x08, 0x82, 0x08, 0x62, 0x08, 0x83, 0x08, 0x66, 0x21, 0x8B, 0x42, 0x0E, 0x53, 
0x0E, 0x53, 0xCC, 0x42, 0x6B, 0x3A, 0x4B, 0x3A, 0x4B, 0x3A, 0x4B, 0x3A, 0x4A, 0x3A, 0x2A, 0x32, 
0x09, 0x32, 0xC9, 0x29, 0xA8, 0x29, 0x88, 0x21, 0x87, 0x21, 0x67, 0x21, 0x67, 0x21, 0x46, 0x19, 
0x46, 0x19, 0x46, 0x19, 0x26, 0x19, 0x26, 0x19, 0x25, 0x19, 0x05, 0x19, 0x05, 0x19, 0x05, 0x11, 
0xE5, 0x18, 0xE5, 0x10, 0xE4, 0x10, 0xC4, 0x10, 0xC4, 0x10, 0xC4, 0x10, 0xC4, 0x10, 0xC4, 0x10, 
0xC4, 0x10, 0xC4, 0x10, 0xC4, 0x10, 0xC4, 0x10, 0xC4, 0x10, 0xC4, 0x10, 0xC4, 0x10, 0xA3, 0x10, 
0xA4, 0x10, 0xA4, 0x08, 0xA3, 0x08, 0xA3, 0x08, 0xA3, 0x10, 0xA3, 0x08, 0xA3, 0x08, 0x83, 0x08, 
0x83, 0x08, 0x83, 0x08, 0x83, 0x08, 0x83, 0x08, 0x83, 0x08, 0x82, 0x08, 0x83, 0x08, 0x83, 0x08, 
0x83, 0x08, 0x82, 0x08, 0x82, 0x08, 0x82, 0x08, 0x82, 0x08, 0x82, 0x08, 0x82, 0x08, 0x82, 0x08, 
0x83, 0x08, 0x82, 0x08, 0x82, 0x08, 0x82, 0x08, 0x62, 0x08, 0x62, 0x08, 0x62, 0x08, 0x62, 0x08, 
0x62, 0x08, 0x62, 0x08, 0x62, 0x08, 0x62, 0x08, 0x82, 0x08, 0x83, 0x08, 0x83, 0x08, 0x82, 0x08, 
0x82, 0x08, 0x83, 0x08, 0x83, 0x08, 0x83, 0x08, 0x83, 0x08, 0x82, 0x08, 0x82, 0x08, 0x82, 0x08, 
0x62, 0x08, 0x62, 0x08, 0x62, 0x08, 0x62, 0x08, 0x82, 0x08, 0x82, 0x08, 0x62, 0x08, 0x83, 0x08, 
0x82, 0x08, 0x83, 0x08, 0x83, 0x08, 0x83, 0x08, 0x83, 0x08, 0x83, 0x08, 0x83, 0x08, 0x83, 0x08, 
0x83, 0x08, 0x83, 0x08, 0x83, 0x08, 0xA4, 0x08, 0xC4, 0x10, 0xE5, 0x18, 0xE5, 0x18, 0x83, 0x08, 
0x42, 0x08, 0x62, 0x08, 0x62, 0x08, 0x62, 0x08, 0x62, 0x08, 0x62, 0x08, 0x62, 0x08, 0x62, 0x08, 
0x62, 0x08, 0x62, 0x08, 0x62, 0x08, 0x62, 0x08, 0x62, 0x08, 0x62, 0x08, 0x62, 0x08, 0x62, 0x08, 
0x62, 0x08, 0x62, 0x08, 0x62, 0x08, 0x62, 0x08, 0x62, 0x08, 0x62, 0x08, 0x62, 0x08, 0x62, 0x08, 
0x62, 0x08, 0x62, 0x08, 0x62, 0x08, 0x62, 0x08, 0x62, 0x08, 0x62, 0x08, 0x62, 0x08, 0x62, 0x08, 
0x42, 0x08, 0x62, 0x08, 0x42, 0x08, 0x62, 0x08, 0x62, 0x08, 0x62, 0x08, 0x62, 0x08, 0x62, 0x08, 
0x42, 0x08, 0x42, 0x08, 0x42, 0x08, 0x42, 0x08, 0x42, 0x08, 0x42, 0x08, 0x42, 0x00, 0x41, 0x08, 
0x42, 0x08, 0x42, 0x08, 0x42, 0x08, 0x42, 0x08, 0x62, 0x08, 0x42, 0x08, 0x42, 0x08, 0x42, 0x08, 
0x42, 0x08, 0x42, 0x08, 0x42, 0x08, 0x42, 0x08, 0x42, 0x08, 0x62, 0x08, 0x62, 0x08, 0x62, 0x08, 
0x62, 0x08, 0x62, 0x08, 0x62, 0x08, 0x62, 0x08, 0x62, 0x08, 0x62, 0x08, 0x62, 0x08, 0x62, 0x08, 
0x62, 0x08, 0x62, 0x08, 0x62, 0x08, 0x42, 0x08, 0x62, 0x08, 0x62, 0x08, 0x62, 0x08, 0x62, 0x08, 
0x62, 0x08, 0x62, 0x08, 0x62, 0x08, 0x62, 0x08, 0x62, 0x08, 0x62, 0x08, 0x62, 0x08, 0x62, 0x08, 
0x62, 0x08, 0x62, 0x08, 0x62, 0x08, 0x62, 0x08, 0x62, 0x08, 0x62, 0x08, 0x62, 0x08, 0x42, 0x08, 
0x62, 0x08, 0x62, 0x08, 0x62, 0x08, 0x62, 0x08, 0x62, 0x08, 0x62, 0x08, 0x62, 0x08, 0x42, 0x08, 
0x42, 0x08, 0x42, 0x08, 0x42, 0x08, 0x42, 0x08, 0x42, 0x08, 0x42, 0x08, 0x62, 0x08, 0x42, 0x08, 
0x42, 0x08, 0x42, 0x08, 0x42, 0x08, 0x42, 0x08, 0x42, 0x08, 0x42, 0x08, 0x42, 0x08, 0x42, 0x08, 
0x42, 0x08, 0x42, 0x08, 0x42, 0x08, 0x42, 0x08, 0x42, 0x08, 0x42, 0x08, 0x42, 0x08, 0x42, 0x08, 
0x42, 0x08, 0x42, 0x08, 0x42, 0x08, 0x42, 0x08, 0x42, 0x08, 0x42, 0x08, 0x42, 0x08, 0x42, 0x08, 
0x41, 0x00, 0x62, 0x08, 0x42, 0x08, 0x42, 0x08, 0x42, 0x08, 0x42, 0x08, 0x42, 0x08, 0x42, 0x08, 
0x42, 0x08, 0x41, 0x08, 0x42, 0x08, 0x42, 0x08, 0x62, 0x08, 0x42, 0x08, 0x42, 0x08, 0x42, 0x08, 
0x42, 0x08, 0x42, 0x08, 0x42, 0x08, 0x42, 0x08, 0x42, 0x00, 0x42, 0x00, 0x42, 0x08, 0x42, 0x08, 
0x41, 0x00, 0x42, 0x08, 0x42, 0x08, 0x42, 0x08, 0x42, 0x08, 0x62, 0x08, 0x62, 0x08, 0x62, 0x08, 
0x62, 0x08, 0x62, 0x08, 0x62, 0x08, 0x62, 0x08, 0x62, 0x08, 0x62, 0x08, 0x62, 0x08, 0x62, 0x08, 
0x62, 0x08, 0x62, 0x08, 0x62, 0x08, 0x62, 0x08, 0x62, 0x08, 0x42, 0x08, 0x42, 0x08, 0x42, 0x08, 
0x42, 0x08, 0x42, 0x00, 0x62, 0x08, 0x62, 0x08, 0x62, 0x08, 0x62, 0x08, 0x62, 0x08, 0x62, 0x08, 
0x62, 0x08, 0x62, 0x08, 0x62, 0x08, 0x62, 0x08, 0x62, 0x08, 0x62, 0x08, 0x62, 0x08, 0x62, 0x08, 
0x62, 0x08, 0x83, 0x08, 0x83, 0x08, 0x46, 0x19, 0x8B, 0x42, 0x4E, 0x5B, 0x0E, 0x53, 0xCD, 0x4A, 
0xAC, 0x42, 0x8C, 0x42, 0x6B, 0x3A, 0x4B, 0x32, 0x0A, 0x32, 0x0A, 0x32, 0xE9, 0x29, 0xC9, 0x29, 
0xC9, 0x29, 0xA8, 0x21, 0x88, 0x21, 0x87, 0x21, 0x67, 0x19, 0x47, 0x19, 0x46, 0x19, 0x26, 0x19, 
0x26, 0x19, 0x25, 0x19, 0x05, 0x19, 0x05, 0x19, 0x05, 0x19, 0xE5, 0x18, 0xE5, 0x10, 0xE5, 0x10, 
0xE5, 0x10, 0xC4, 0x10, 0xC4, 0x10, 0xC4, 0x10, 0xC4, 0x10, 0xC4, 0x10, 0xA4, 0x10, 0xC4, 0x10, 
0xA4, 0x10, 0xC4, 0x10, 0xC4, 0x10, 0xC4, 0x10, 0xA4, 0x10, 0xA3, 0x10, 0xA3, 0x08, 0xA3, 0x08, 
0xA3, 0x08, 0xA3, 0x10, 0xA3, 0x08, 0x83, 0x08, 0x83, 0x08, 0x83, 0x08, 0x83, 0x08, 0x83, 0x08, 
0x83, 0x08, 0x83, 0x08, 0x83, 0x08, 0x83, 0x08, 0x83, 0x08, 0x83, 0x08, 0x82, 0x08, 0x82, 0x08, 
0x83, 0x08, 0x82, 0x08, 0x82, 0x08, 0x82, 0x08, 0x82, 0x08, 0x82, 0x08, 0x82, 0x08, 0x82, 0x08, 
0x82, 0x08, 0x82, 0x08, 0x82, 0x08, 0x62, 0x08, 0x62, 0x08, 0x62, 0x08, 0x62, 0x08, 0x62, 0x08, 
0x62, 0x08, 0x62, 0x08, 0x62, 0x08, 0x82, 0x08, 0x82, 0x08, 0x83, 0x08, 0x83, 0x08, 0x83, 0x08, 
0x83, 0x08, 0x82, 0x08, 0x83, 0x08, 0x83, 0x08, 0x83, 0x08, 0x83, 0x08, 0x83, 0x08, 0x83, 0x08, 
0x82, 0x08, 0x82, 0x08, 0x62, 0x08, 0x62, 0x08, 0x82, 0x08, 0x83, 0x08, 0x63, 0x08, 0x83, 0x08, 
0x83, 0x08, 0x62, 0x08, 0x62, 0x08, 0x62, 0x08, 0x62, 0x08, 0x62, 0x08, 0x82, 0x08, 0x83, 0x08, 
0x83, 0x08, 0xA3, 0x10, 0xA3, 0x10, 0xA3, 0x10, 0xA3, 0x08, 0xA3, 0x08, 0xA4, 0x08, 0x05, 0x19, 
0xC4, 0x10, 0x62, 0x08, 0x62, 0x08, 0x62, 0x08, 0x62, 0x08, 0x62, 0x08, 0x82, 0x08, 0x62, 0x08, 
0x62, 0x08, 0x62, 0x08, 0x62, 0x08, 0x62, 0x08, 0x62, 0x08, 0x62, 0x08, 0x62, 0x08, 0x62, 0x08, 
0x62, 0x08, 0x62, 0x08, 0x62, 0x08, 0x62, 0x08, 0x62, 0x08, 0x62, 0x08, 0x62, 0x08, 0x62, 0x08, 
0x62, 0x08, 0x62, 0x08, 0x62, 0x08, 0x62, 0x08, 0x62, 0x08, 0x62, 0x08, 0x62, 0x08, 0x62, 0x08, 
0x62, 0x08, 0x62, 0x08, 0x62, 0x08, 0x62, 0x08, 0x62, 0x08, 0x62, 0x08, 0x62, 0x08, 0x62, 0x08, 
0x62, 0x08, 0x62, 0x08, 0x62, 0x08, 0x62, 0x08, 0x62, 0x08, 0x62, 0x08, 0x62, 0x08, 0x62, 0x08, 
0x62, 0x08, 0x62, 0x08, 0x62, 0x08, 0x62, 0x08, 0x62, 0x08, 0x62, 0x08, 0x62, 0x08, 0x62, 0x08, 
0x62, 0x08, 0x62, 0x08, 0x62, 0x08, 0x62, 0x08, 0x62, 0x08, 0x62, 0x08, 0x62, 0x08, 0x62, 0x08, 
0x62, 0x08, 0x62, 0x08, 0x62, 0x08, 0x62, 0x08, 0x62, 0x08, 0x62, 0x08, 0x62, 0x08, 0x62, 0x08, 
0x62, 0x08, 0x62, 0x08, 0x62, 0x08, 0x42, 0x08, 0x42, 0x08, 0x62, 0x08, 0x62, 0x08, 0x62, 0x08, 
0x62, 0x08, 0x62, 0x08, 0x62, 0x08, 0x62, 0x08, 0x62, 0x08, 0x62, 0x08, 0x62, 0x08, 0x62, 0x08, 
0x62, 0x08, 0x62, 0x08, 0x62, 0x08, 0x62, 0x08, 0x62, 0x08, 0x62, 0x08, 0x62, 0x08, 0x42, 0x08, 
0x62, 0x08, 0x62, 0x08, 0x62, 0x08, 0x62, 0x08, 0x62, 0x08, 0x62, 0x08, 0x62, 0x08, 0x42, 0x08, 
0x41, 0x08, 0x42, 0x08, 0x41, 0x08, 0x42, 0x08, 0x62, 0x08, 0x42, 0x08, 0x42, 0x08, 0x42, 0x08, 
0x62, 0x08, 0x62, 0x08, 0x62, 0x08, 0x62, 0x08, 0x62, 0x08, 0x62, 0x08, 0x42, 0x08, 0x42, 0x08, 
0x42, 0x08, 0x42, 0x08, 0x42, 0x08, 0x42, 0x08, 0x41, 0x08, 0x42, 0x08, 0x42, 0x08, 0x42, 0x08, 
0x42, 0x08, 0x42, 0x08, 0x42, 0x08, 0x42, 0x08, 0x42, 0x08, 0x41, 0x08, 0x42, 0x08, 0x42, 0x08, 
0x62, 0x08, 0x62, 0x08, 0x62, 0x08, 0x42, 0x08, 0x42, 0x08, 0x42, 0x08, 0x42, 0x08, 0x42, 0x00, 
0x42, 0x08, 0x42, 0x08, 0x42, 0x08, 0x62, 0x08, 0x62, 0x08, 0x62, 0x08, 0x42, 0x08, 0x42, 0x08, 
0x42, 0x08, 0x41, 0x08, 0x62, 0x08, 0x42, 0x08, 0x42, 0x08, 0x41, 0x00, 0x42, 0x08, 0x42, 0x08, 
0x42, 0x08, 0x41, 0x00, 0x42, 0x08, 0x62, 0x08, 0x62, 0x08, 0x62, 0x08, 0x62, 0x08, 0x62, 0x08, 
0x62, 0x08, 0x62, 0x08, 0x62, 0x08, 0x62, 0x08, 0x62, 0x08, 0x42, 0x08, 0x42, 0x08, 0x42, 0x08, 
0x42, 0x08, 0x42, 0x08, 0x42, 0x08, 0x42, 0x08, 0x42, 0x08, 0x42, 0x08, 0x42, 0x08, 0x42, 0x08, 
0x42, 0x08, 0x42, 0x08, 0x62, 0x08, 0x62, 0x08, 0x62, 0x08, 0x62, 0x08, 0x62, 0x08, 0x62, 0x08, 
0x62, 0x08, 0x62, 0x08, 0x62, 0x08, 0x62, 0x08, 0x62, 0x08, 0x62, 0x08, 0x62, 0x08, 0x62, 0x08, 
0x82, 0x08, 0xC4, 0x08, 0x2A, 0x3A, 0x6F, 0x5B, 0x6F, 0x5B, 0x0E, 0x53, 0xED, 0x4A, 0xAD, 0x42, 
0x6B, 0x3A, 0x4B, 0x3A, 0x0A, 0x32, 0x09, 0x32, 0xE9, 0x29, 0xC9, 0x29, 0xA8, 0x29, 0xA8, 0x21, 
0x88, 0x21, 0x88, 0x21, 0x67, 0x21, 0x67, 0x21, 0x47, 0x21, 0x46, 0x19, 0x26, 0x19, 0x26, 0x19, 
0x05, 0x19, 0x05, 0x19, 0x05, 0x19, 0x05, 0x19, 0x05, 0x19, 0x05, 0x19, 0xE5, 0x10, 0xE5, 0x10, 
0xC5, 0x10, 0xC4, 0x10, 0xC4, 0x10, 0xC4, 0x10, 0xC4, 0x10, 0xC4, 0x10, 0xC4, 0x10, 0xC4, 0x10, 
0xA4, 0x08, 0xA4, 0x10, 0xA4, 0x08, 0xA3, 0x08, 0xA3, 0x08, 0xA3, 0x08, 0xA3, 0x08, 0xA3, 0x08, 
0x83, 0x08, 0x83, 0x08, 0x83, 0x08, 0x83, 0x08, 0x83, 0x08, 0x83, 0x08, 0x83, 0x08, 0x83, 0x08, 
0x83, 0x08, 0x83, 0x08, 0x83, 0x08, 0x82, 0x08, 0x82, 0x08, 0x82, 0x08, 0x82, 0x08, 0x82, 0x08, 
0x63, 0x08, 0x62, 0x08, 0x82, 0x08, 0x82, 0x08, 0x82, 0x08, 0x62, 0x08, 0x62, 0x08, 0x62, 0x08, 
0x62, 0x08, 0x62, 0x08, 0x62, 0x08, 0x62, 0x08, 0x62, 0x08, 0x62, 0x08, 0x62, 0x08, 0x62, 0x08, 
0x62, 0x08, 0x62, 0x08, 0x62, 0x08, 0x82, 0x08, 0x83, 0x08, 0x83, 0x08, 0x83, 0x08, 0x82, 0x08, 
0x83, 0x08, 0x63, 0x08, 0x83, 0x08, 0x83, 0x08, 0x82, 0x08, 0x83, 0x08, 0x83, 0x08, 0x82, 0x08, 
0x83, 0x08, 0x62, 0x08, 0x62, 0x08, 0x62, 0x08, 0x82, 0x08, 0x83, 0x08, 0x83, 0x08, 0x82, 0x08, 
0x83, 0x08, 0x83, 0x08, 0x83, 0x08, 0x62, 0x08, 0x62, 0x08, 0x62, 0x08, 0x62, 0x08, 0x62, 0x08, 
0x62, 0x08, 0x62, 0x08, 0x83, 0x08, 0x83, 0x08, 0x83, 0x10, 0xA4, 0x10, 0xA4, 0x08, 0xA3, 0x08, 
0xE4, 0x10, 0xC4, 0x10, 0x62, 0x08, 0x62, 0x08, 0x62, 0x08, 0x62, 0x08, 0x62, 0x08, 0x62, 0x08, 
0x62, 0x08, 0x62, 0x08, 0x62, 0x08, 0x62, 0x08, 0x62, 0x08, 0x62, 0x08, 0x62, 0x08, 0x62, 0x08, 
0x62, 0x08, 0x62, 0x08, 0x62, 0x08, 0x62, 0x08, 0x62, 0x08, 0x62, 0x08, 0x62, 0x08, 0x62, 0x08, 
0x62, 0x08, 0x62, 0x08, 0x62, 0x08, 0x62, 0x08, 0x62, 0x08, 0x62, 0x08, 0x62, 0x08, 0x62, 0x08, 
0x62, 0x08, 0x62, 0x08, 0x62, 0x08, 0x62, 0x08, 0x62, 0x08, 0x62, 0x08, 0x62, 0x08, 0x62, 0x08, 
0x62, 0x08, 0x42, 0x08, 0x62, 0x08, 0x62, 0x08, 0x62, 0x08, 0x62, 0x08, 0x62, 0x08, 0x62, 0x08, 
0x62, 0x08, 0x62, 0x08, 0x62, 0x08, 0x62, 0x08, 0x62, 0x08, 0x62, 0x08, 0x62, 0x08, 0x62, 0x08, 
0x62, 0x08, 0x62, 0x08, 0x62, 0x08, 0x62, 0x08, 0x62, 0x08, 0x62, 0x08, 0x62, 0x08, 0x62, 0x08, 
0x62, 0x08, 0x62, 0x08, 0x62, 0x08, 0x62, 0x08, 0x62, 0x08, 0x62, 0x08, 0x62, 0x08, 0x62, 0x08, 
0x62, 0x08, 0x42, 0x08, 0x62, 0x08, 0x62, 0x08, 0x42, 0x08, 0x62, 0x08, 0x62, 0x08, 0x62, 0x08, 
0x62, 0x08, 0x62, 0x08, 0x62, 0x08, 0x62, 0x08, 0x62, 0x08, 0x62, 0x08, 0x62, 0x08, 0x62, 0x08, 
0x62, 0x08, 0x62, 0x08, 0x62, 0x08, 0x62, 0x08, 0x62, 0x08, 0x42, 0x08, 0x42, 0x08, 0x42, 0x08, 
0x42, 0x08, 0x42, 0x08, 0x42, 0x08, 0x42, 0x08, 0x42, 0x08, 0x42, 0x08, 0x42, 0x08, 0x42, 0x08, 
0x42, 0x08, 0x41, 0x08, 0x42, 0x08, 0x42, 0x08, 0x42, 0x08, 0x62, 0x08, 0x62, 0x08, 0x62, 0x08, 
0x62, 0x08, 0x62, 0x08, 0x62, 0x08, 0x62, 0x08, 0x62, 0x08, 0x62, 0x08, 0x42, 0x08, 0x42, 0x08, 
0x62, 0x08, 0x62, 0x08, 0x42, 0x08, 0x42, 0x08, 0x42, 0x08, 0x42, 0x00, 0x42, 0x08, 0x42, 0x08, 
0x42, 0x08, 0x42, 0x08, 0x42, 0x08, 0x42, 0x08, 0x42, 0x08, 0x42, 0x08, 0x42, 0x08, 0x62, 0x08, 
0x62, 0x08, 0x62, 0x08, 0x62, 0x08, 0x42, 0x08, 0x42, 0x08, 0x42, 0x08, 0x42, 0x08, 0x42, 0x00, 
0x62, 0x08, 0x42, 0x08, 0x62, 0x08, 0x62, 0x08, 0x62, 0x08, 0x62, 0x08, 0x42, 0x08, 0x42, 0x08, 
0x42, 0x08, 0x42, 0x08, 0x62, 0x08, 0x62, 0x08, 0x62, 0x08, 0x62, 0x08, 0x62, 0x08, 0x42, 0x08, 
0x42, 0x08, 0x42, 0x08, 0x42, 0x08, 0x62, 0x08, 0x62, 0x08, 0x62, 0x08, 0x62, 0x08, 0x62, 0x08, 
0x62, 0x08, 0x62, 0x08, 0x62, 0x08, 0x62, 0x08, 0x62, 0x08, 0x42, 0x08, 0x42, 0x08, 0x42, 0x08, 
0x42, 0x08, 0x42, 0x08, 0x62, 0x08, 0x62, 0x08, 0x62, 0x08, 0x62, 0x08, 0x62, 0x08, 0x62, 0x08, 
0x62, 0x08, 0x62, 0x08, 0x62, 0x08, 0x62, 0x08, 0x62, 0x08, 0x62, 0x08, 0x62, 0x08, 0x62, 0x08, 
0x62, 0x08, 0x62, 0x08, 0x62, 0x08, 0x82, 0x08, 0x62, 0x08, 0x62, 0x08, 0x83, 0x08, 0x83, 0x08, 
0x67, 0x21, 0x0E, 0x4B, 0x90, 0x63, 0x2F, 0x53, 0xEE, 0x4A, 0xCD, 0x4A, 0xAC, 0x42, 0x6C, 0x42, 
0x4B, 0x3A, 0x0A, 0x32, 0xE9, 0x31, 0xE9, 0x29, 0xC8, 0x29, 0xA8, 0x29, 0xA8, 0x21, 0x87, 0x21, 
0x87, 0x21, 0x67, 0x21, 0x47, 0x21, 0x46, 0x19, 0x46, 0x19, 0x26, 0x19, 0x26, 0x19, 0x26, 0x19, 
0x05, 0x19, 0x05, 0x19, 0x05, 0x19, 0x05, 0x19, 0x05, 0x19, 0xE5, 0x10, 0xC4, 0x10, 0xC4, 0x10, 
0xC4, 0x10, 0xC4, 0x10, 0xC4, 0x10, 0xC4, 0x10, 0xC4, 0x10, 0xC4, 0x10, 0xC4, 0x10, 0xA4, 0x08, 
0xA4, 0x08, 0xA3, 0x08, 0xA3, 0x08, 0xA3, 0x08, 0xA3, 0x08, 0xA3, 0x08, 0xA3, 0x08, 0x83, 0x08, 
0x83, 0x08, 0x83, 0x08, 0x83, 0x08, 0x83, 0x08, 0x83, 0x08, 0x83, 0x08, 0x83, 0x08, 0x82, 0x08, 
0x82, 0x08, 0x83, 0x08, 0x83, 0x08, 0x82, 0x08, 0x82, 0x08, 0x82, 0x08, 0x82, 0x08, 0x82, 0x08, 
0x82, 0x08, 0x82, 0x08, 0x82, 0x08, 0x82, 0x08, 0x62, 0x08, 0x62, 0x08, 0x82, 0x08, 0x82, 0x08, 
0x62, 0x08, 0x62, 0x08, 0x62, 0x08, 0x62, 0x08, 0x62, 0x08, 0x62, 0x08, 0x62, 0x08, 0x42, 0x08, 
0x62, 0x08, 0x62, 0x08, 0x62, 0x08, 0x83, 0x08, 0x83, 0x08, 0x83, 0x08, 0x83, 0x08, 0x83, 0x08, 
0x83, 0x08, 0x83, 0x08, 0x83, 0x08, 0x83, 0x08, 0x82, 0x08, 0x82, 0x08, 0x82, 0x08, 0x82, 0x08, 
0x83, 0x08, 0x83, 0x08, 0x82, 0x08, 0x62, 0x08, 0x62, 0x08, 0x83, 0x08, 0x83, 0x08, 0x82, 0x08, 
0x83, 0x08, 0x83, 0x08, 0x63, 0x08, 0x83, 0x08, 0x62, 0x08, 0x62, 0x08, 0x63, 0x08, 0x62, 0x08, 
0x62, 0x08, 0x62, 0x08, 0x62, 0x08, 0x62, 0x08, 0x62, 0x08, 0x62, 0x08, 0x83, 0x08, 0xC4, 0x10, 
0xA4, 0x10, 0xC4, 0x10, 0xA3, 0x10, 0x62, 0x08, 0x82, 0x08, 0x82, 0x08, 0x62, 0x08, 0x62, 0x08, 
0x82, 0x08, 0x62, 0x08, 0x62, 0x08, 0x62, 0x08, 0x62, 0x08, 0x62, 0x08, 0x62, 0x08, 0x62, 0x08, 
0x62, 0x08, 0x62, 0x08, 0x62, 0x08, 0x62, 0x08, 0x62, 0x08, 0x82, 0x08, 0x62, 0x08, 0x62, 0x08, 
0x62, 0x08, 0x62, 0x08, 0x62, 0x08, 0x62, 0x08, 0x62, 0x08, 0x62, 0x08, 0x62, 0x08, 0x62, 0x08, 
0x62, 0x08, 0x62, 0x08, 0x62, 0x08, 0x62, 0x08, 0x62, 0x08, 0x62, 0x08, 0x62, 0x08, 0x62, 0x08, 
0x62, 0x08, 0x42, 0x08, 0x42, 0x08, 0x62, 0x08, 0x42, 0x08, 0x62, 0x08, 0x62, 0x08, 0x62, 0x08, 
0x42, 0x08, 0x42, 0x08, 0x62, 0x08, 0x62, 0x08, 0x62, 0x08, 0x42, 0x08, 0x62, 0x08, 0x42, 0x08, 
0x62, 0x08, 0x62, 0x08, 0x42, 0x08, 0x62, 0x08, 0x62, 0x08, 0x62, 0x08, 0x62, 0x08, 0x62, 0x08, 
0x62, 0x08, 0x62, 0x08, 0x62, 0x08, 0x62, 0x08, 0x62, 0x08, 0x62, 0x08, 0x62, 0x08, 0x62, 0x08, 
0x62, 0x08, 0x62, 0x08, 0x42, 0x08, 0x41, 0x08, 0x42, 0x08, 0x42, 0x08, 0x42, 0x08, 0x62, 0x08, 
0x62, 0x08, 0x62, 0x08, 0x42, 0x00, 0x42, 0x08, 0x62, 0x08, 0x62, 0x08, 0x62, 0x08, 0x62, 0x08, 
0x62, 0x08, 0x62, 0x08, 0x42, 0x08, 0x62, 0x08, 0x62, 0x08, 0x62, 0x08, 0x42, 0x08, 0x41, 0x00, 
0x42, 0x08, 0x42, 0x08, 0x42, 0x08, 0x42, 0x08, 0x42, 0x08, 0x42, 0x08, 0x42, 0x08, 0x42, 0x08, 
0x42, 0x08, 0x42, 0x00, 0x42, 0x08, 0x42, 0x08, 0x42, 0x08, 0x42, 0x08, 0x62, 0x08, 0x62, 0x08, 
0x62, 0x08, 0x62, 0x08, 0x62, 0x08, 0x62, 0x08, 0x62, 0x08, 0x42, 0x08, 0x42, 0x08, 0x42, 0x08, 
0x42, 0x08, 0x42, 0x08, 0x41, 0x00, 0x42, 0x08, 0x42, 0x08, 0x42, 0x08, 0x42, 0x08, 0x42, 0x08, 
0x41, 0x08, 0x42, 0x08, 0x41, 0x08, 0x42, 0x08, 0x42, 0x08, 0x42, 0x08, 0x42, 0x08, 0x42, 0x08, 
0x62, 0x08, 0x62, 0x08, 0x62, 0x08, 0x62, 0x08, 0x62, 0x08, 0x62, 0x08, 0x62, 0x08, 0x62, 0x08, 
0x62, 0x08, 0x62, 0x08, 0x62, 0x08, 0x42, 0x08, 0x62, 0x08, 0x42, 0x08, 0x62, 0x08, 0x62, 0x08, 
0x62, 0x08, 0x62, 0x08, 0x42, 0x08, 0x42, 0x08, 0x62, 0x08, 0x62, 0x08, 0x42, 0x08, 0x42, 0x08, 
0x42, 0x08, 0x42, 0x08, 0x42, 0x08, 0x62, 0x08, 0x62, 0x08, 0x42, 0x08, 0x62, 0x08, 0x62, 0x08, 
0x62, 0x08, 0x62, 0x08, 0x62, 0x08, 0x62, 0x08, 0x62, 0x08, 0x62, 0x08, 0x62, 0x08, 0x62, 0x08, 
0x42, 0x08, 0x42, 0x08, 0x41, 0x08, 0x62, 0x08, 0x62, 0x08, 0x42, 0x08, 0x62, 0x08, 0x62, 0x08, 
0x62, 0x08, 0x62, 0x08, 0x62, 0x08, 0x62, 0x08, 0x62, 0x08, 0x62, 0x08, 0x82, 0x08, 0x82, 0x08, 
0x82, 0x08, 0x82, 0x08, 0x82, 0x08, 0x62, 0x08, 0x83, 0x08, 0x83, 0x08, 0xC4, 0x10, 0x2A, 0x32, 
0x90, 0x5B, 0x70, 0x5B, 0x0E, 0x4B, 0xEE, 0x4A, 0xAD, 0x42, 0x8C, 0x42, 0x6B, 0x3A, 0x4B, 0x3A, 
0x0A, 0x32, 0xE9, 0x31, 0xC9, 0x29, 0xA8, 0x29, 0xA8, 0x21, 0x87, 0x21, 0x87, 0x21, 0x67, 0x21, 
0x67, 0x21, 0x47, 0x21, 0x47, 0x19, 0x46, 0x19, 0x26, 0x19, 0x26, 0x19, 0x26, 0x19, 0x05, 0x19, 
0x05, 0x19, 0xE5, 0x10, 0x05, 0x19, 0x05, 0x11, 0xE5, 0x18, 0xE5, 0x10, 0xC4, 0x10, 0xA4, 0x10, 
0xA4, 0x10, 0xC4, 0x10, 0xC4, 0x10, 0xC4, 0x10, 0xC4, 0x10, 0xC4, 0x10, 0xC4, 0x10, 0xC3, 0x10, 
0xA3, 0x08, 0xA3, 0x08, 0xA3, 0x08, 0xA3, 0x08, 0xA3, 0x08, 0xA3, 0x08, 0xA3, 0x08, 0x83, 0x08, 
0x83, 0x08, 0x83, 0x08, 0x83, 0x08, 0x83, 0x08, 0x83, 0x08, 0x82, 0x08, 0x83, 0x08, 0x63, 0x08, 
0x82, 0x08, 0x82, 0x08, 0x82, 0x08, 0x82, 0x08, 0x82, 0x08, 0x62, 0x08, 0x62, 0x08, 0x82, 0x08, 
0x82, 0x08, 0x82, 0x08, 0x82, 0x08, 0x62, 0x08, 0x62, 0x08, 0x62, 0x08, 0x62, 0x08, 0x62, 0x08, 
0x62, 0x08, 0x62, 0x08, 0x62, 0x08, 0x62, 0x08, 0x62, 0x08, 0x62, 0x08, 0x62, 0x08, 0x42, 0x08, 
0x62, 0x08, 0x62, 0x08, 0x83, 0x08, 0x83, 0x08, 0x83, 0x08, 0x82, 0x08, 0x82, 0x08, 0x83, 0x08, 
0x83, 0x08, 0x83, 0x08, 0x82, 0x08, 0x62, 0x08, 0x82, 0x08, 0x82, 0x08, 0x82, 0x08, 0x82, 0x08, 
0x83, 0x08, 0x83, 0x08, 0x82, 0x08, 0x62, 0x08, 0x62, 0x08, 0x83, 0x08, 0x83, 0x08, 0x82, 0x08, 
0x82, 0x08, 0x83, 0x08, 0x82, 0x08, 0x83, 0x08, 0x62, 0x08, 0x62, 0x08, 0x62, 0x08, 0x63, 0x08, 
0x63, 0x08, 0x62, 0x08, 0x62, 0x08, 0x62, 0x08, 0x62, 0x08, 0x62, 0x08, 0x62, 0x00, 0x63, 0x08, 
0xC4, 0x10, 0xA3, 0x08, 0xA4, 0x10, 0x82, 0x08, 0x82, 0x08, 0x62, 0x08, 0x82, 0x08, 0x62, 0x08, 
0x62, 0x08, 0x82, 0x08, 0x62, 0x08, 0x82, 0x08, 0x62, 0x08, 0x62, 0x08, 0x82, 0x08, 0x82, 0x08, 
0x82, 0x08, 0x62, 0x08, 0x82, 0x08, 0x82, 0x08, 0x62, 0x08, 0x62, 0x08, 0x62, 0x08, 0x62, 0x08, 
0x62, 0x08, 0x62, 0x08, 0x62, 0x08, 0x62, 0x08, 0x62, 0x08, 0x62, 0x08, 0x62, 0x08, 0x62, 0x08, 
0x62, 0x08, 0x62, 0x08, 0x62, 0x08, 0x62, 0x08, 0x62, 0x08, 0x62, 0x08, 0x62, 0x08, 0x62, 0x08, 
0x62, 0x08, 0x62, 0x08, 0x62, 0x08, 0x62, 0x08, 0x62, 0x08, 0x62, 0x08, 0x62, 0x08, 0x62, 0x08, 
0x62, 0x08, 0x62, 0x08, 0x62, 0x08, 0x62, 0x08, 0x62, 0x08, 0x62, 0x08, 0x62, 0x08, 0x62, 0x08, 
0x62, 0x08, 0x62, 0x08, 0x62, 0x08, 0x62, 0x08, 0x62, 0x08, 0x62, 0x08, 0x62, 0x08, 0x62, 0x08, 
0x62, 0x08, 0x62, 0x08, 0x62, 0x08, 0x62, 0x08, 0x62, 0x08, 0x62, 0x08, 0x62, 0x08, 0x62, 0x08, 
0x62, 0x08, 0x62, 0x08, 0x42, 0x08, 0x42, 0x08, 0x42, 0x08, 0x42, 0x08, 0x62, 0x08, 0x62, 0x08, 
0x62, 0x08, 0x62, 0x08, 0x42, 0x08, 0x42, 0x08, 0x42, 0x08, 0x62, 0x08, 0x62, 0x08, 0x62, 0x08, 
0x62, 0x08, 0x62, 0x08, 0x62, 0x08, 0x42, 0x08, 0x62, 0x08, 0x62, 0x08, 0x42, 0x08, 0x42, 0x08, 
0x42, 0x08, 0x42, 0x08, 0x42, 0x08, 0x42, 0x08, 0x62, 0x08, 0x42, 0x08, 0x42, 0x08, 0x42, 0x08, 
0x42, 0x08, 0x42, 0x08, 0x42, 0x08, 0x42, 0x08, 0x42, 0x08, 0x42, 0x08, 0x62, 0x08, 0x62, 0x08, 
0x62, 0x08, 0x62, 0x08, 0x62, 0x08, 0x62, 0x08, 0x62, 0x08, 0x42, 0x08, 0x42, 0x08, 0x62, 0x08, 
0x41, 0x00, 0x42, 0x08, 0x42, 0x00, 0x42, 0x00, 0x42, 0x08, 0x42, 0x08, 0x42, 0x08, 0x42, 0x00, 
0x42, 0x08, 0x42, 0x08, 0x42, 0x08, 0x42, 0x08, 0x42, 0x08, 0x42, 0x08, 0x62, 0x08, 0x42, 0x08, 
0x62, 0x08, 0x62, 0x08, 0x62, 0x08, 0x62, 0x08, 0x62, 0x08, 0x62, 0x08, 0x62, 0x08, 0x62, 0x08, 
0x62, 0x08, 0x62, 0x08, 0x62, 0x08, 0x62, 0x08, 0x62, 0x08, 0x62, 0x08, 0x62, 0x08, 0x62, 0x08, 
0x42, 0x08, 0x42, 0x08, 0x62, 0x08, 0x62, 0x08, 0x62, 0x08, 0x42, 0x08, 0x42, 0x08, 0x42, 0x08, 
0x42, 0x08, 0x41, 0x00, 0x42, 0x08, 0x62, 0x08, 0x62, 0x08, 0x62, 0x08, 0x62, 0x08, 0x62, 0x08, 
0x62, 0x08, 0x62, 0x08, 0x62, 0x08, 0x62, 0x08, 0x62, 0x08, 0x62, 0x08, 0x62, 0x08, 0x62, 0x08, 
0x62, 0x08, 0x62, 0x08, 0x62, 0x08, 0x62, 0x08, 0x62, 0x08, 0x62, 0x08, 0x62, 0x08, 0x62, 0x08, 
0x62, 0x08, 0x62, 0x08, 0x82, 0x08, 0x62, 0x08, 0x62, 0x08, 0x82, 0x08, 0x82, 0x08, 0x82, 0x08, 
0x82, 0x08, 0x82, 0x08, 0x62, 0x08, 0x83, 0x08, 0x83, 0x08, 0x26, 0x19, 0xED, 0x4A, 0xB0, 0x63, 
0x2F, 0x53, 0xEE, 0x4A, 0xCD, 0x4A, 0xAC, 0x42, 0x6C, 0x3A, 0x4B, 0x3A, 0x2A, 0x32, 0x0A, 0x32, 
0xE9, 0x31, 0xC9, 0x29, 0xC9, 0x29, 0xA8, 0x29, 0xA8, 0x21, 0x87, 0x21, 0x67, 0x21, 0x67, 0x21, 
0x47, 0x19, 0x46, 0x19, 0x26, 0x19, 0x26, 0x19, 0x06, 0x19, 0x06, 0x19, 0x05, 0x19, 0x05, 0x19, 
0xE5, 0x10, 0xE5, 0x10, 0x05, 0x11, 0xE5, 0x10, 0xE5, 0x10, 0xE5, 0x10, 0xC4, 0x10, 0xA4, 0x10, 
0xC4, 0x10, 0xC4, 0x10, 0xC4, 0x10, 0xC4, 0x10, 0xC4, 0x10, 0xC3, 0x08, 0xA4, 0x10, 0xA3, 0x10, 
0xA3, 0x08, 0xA3, 0x08, 0xA3, 0x08, 0x83, 0x08, 0xA3, 0x08, 0xA3, 0x08, 0x83, 0x08, 0x83, 0x08, 
0x83, 0x08, 0x83, 0x08, 0x83, 0x08, 0x83, 0x08, 0x83, 0x08, 0x83, 0x08, 0x83, 0x08, 0x82, 0x08, 
0x82, 0x08, 0x82, 0x08, 0x82, 0x08, 0x62, 0x08, 0x62, 0x08, 0x82, 0x08, 0x82, 0x08, 0x62, 0x08, 
0x82, 0x08, 0x62, 0x08, 0x62, 0x08, 0x62, 0x08, 0x62, 0x08, 0x62, 0x08, 0x62, 0x08, 0x62, 0x08, 
0x62, 0x08, 0x62, 0x08, 0x62, 0x08, 0x62, 0x08, 0x42, 0x08, 0x62, 0x08, 0x42, 0x08, 0x42, 0x08, 
0x62, 0x08, 0x62, 0x08, 0x83, 0x08, 0x83, 0x08, 0x82, 0x08, 0x83, 0x08, 0x82, 0x08, 0x82, 0x08, 
0x83, 0x08, 0x83, 0x08, 0x83, 0x08, 0x83, 0x08, 0x82, 0x08, 0x82, 0x08, 0x82, 0x08, 0x82, 0x08, 
0x83, 0x08, 0x83, 0x08, 0x83, 0x08, 0x82, 0x08, 0x62, 0x08, 0x82, 0x08, 0x83, 0x08, 0x83, 0x08, 
0x83, 0x08, 0x83, 0x08, 0x83, 0x08, 0x83, 0x08, 0x83, 0x08, 0x63, 0x08, 0x82, 0x08, 0x63, 0x08, 
0x63, 0x08, 0x82, 0x08, 0x62, 0x08, 0x62, 0x08, 0x62, 0x08, 0x82, 0x08, 0x82, 0x08, 0x42, 0x00, 
0x83, 0x08, 0xA3, 0x10, 0xA3, 0x10, 0xA3, 0x10, 0x62, 0x08, 0x82, 0x08, 0x82, 0x08, 0x82, 0x08, 
0x82, 0x08, 0x82, 0x08, 0x82, 0x08, 0x82, 0x08, 0x82, 0x08, 0x82, 0x08, 0x83, 0x08, 0x83, 0x08, 
0x82, 0x08, 0x82, 0x08, 0x82, 0x08, 0x82, 0x08, 0x82, 0x08, 0x82, 0x08, 0x82, 0x08, 0x82, 0x08, 
0x62, 0x08, 0x62, 0x08, 0x62, 0x08, 0x62, 0x08, 0x62, 0x08, 0x62, 0x08, 0x62, 0x08, 0x62, 0x08, 
0x62, 0x08, 0x62, 0x08, 0x62, 0x08, 0x62, 0x08, 0x62, 0x08, 0x62, 0x08, 0x62, 0x08, 0x62, 0x08, 
0x62, 0x08, 0x62, 0x08, 0x62, 0x08, 0x62, 0x08, 0x62, 0x08, 0x62, 0x08, 0x62, 0x08, 0x62, 0x08, 
0x62, 0x08, 0x62, 0x08, 0x62, 0x08, 0x62, 0x08, 0x62, 0x08, 0x62, 0x08, 0x62, 0x08, 0x62, 0x08, 
0x62, 0x08, 0x62, 0x08, 0x62, 0x08, 0x62, 0x08, 0x62, 0x08, 0x62, 0x08, 0x62, 0x08, 0x62, 0x08, 
0x62, 0x08, 0x62, 0x08, 0x62, 0x08, 0x42, 0x08, 0x62, 0x08, 0x62, 0x08, 0x62, 0x08, 0x62, 0x08, 
0x42, 0x08, 0x62, 0x08, 0x62, 0x08, 0x42, 0x08, 0x42, 0x08, 0x62, 0x08, 0x62, 0x08, 0x62, 0x08, 
0x62, 0x08, 0x62, 0x08, 0x62, 0x08, 0x62, 0x08, 0x62, 0x08, 0x62, 0x08, 0x62, 0x08, 0x62, 0x08, 
0x62, 0x08, 0x62, 0x08, 0x62, 0x08, 0x42, 0x08, 0x62, 0x08, 0x42, 0x08, 0x42, 0x08, 0x42, 0x08, 
0x42, 0x08, 0x62, 0x08, 0x62, 0x08, 0x42, 0x08, 0x42, 0x08, 0x62, 0x08, 0x42, 0x08, 0x42, 0x08, 
0x42, 0x08, 0x42, 0x08, 0x42, 0x08, 0x42, 0x08, 0x62, 0x08, 0x62, 0x08, 0x62, 0x08, 0x62, 0x08, 
0x62, 0x08, 0x62, 0x08, 0x62, 0x08, 0x62, 0x08, 0x62, 0x08, 0x42, 0x08, 0x42, 0x08, 0x62, 0x08, 
0x42, 0x08, 0x42, 0x08, 0x42, 0x08, 0x42, 0x08, 0x62, 0x08, 0x41, 0x08, 0x42, 0x08, 0x62, 0x08, 
0x62, 0x08, 0x62, 0x08, 0x62, 0x08, 0x62, 0x08, 0x62, 0x08, 0x62, 0x08, 0x62, 0x08, 0x62, 0x08, 
0x62, 0x08, 0x62, 0x08, 0x62, 0x08, 0x62, 0x08, 0x62, 0x08, 0x62, 0x08, 0x62, 0x08, 0x62, 0x08, 
0x62, 0x08, 0x62, 0x08, 0x62, 0x08, 0x62, 0x08, 0x62, 0x08, 0x42, 0x08, 0x42, 0x08, 0x62, 0x08, 
0x42, 0x08, 0x62, 0x08, 0x62, 0x08, 0x42, 0x08, 0x42, 0x08, 0x42, 0x08, 0x42, 0x08, 0x42, 0x08, 
0x42, 0x08, 0x42, 0x08, 0x42, 0x08, 0x62, 0x08, 0x62, 0x08, 0x62, 0x08, 0x62, 0x08, 0x62, 0x08, 
0x62, 0x08, 0x62, 0x08, 0x62, 0x08, 0x62, 0x08, 0x62, 0x08, 0x62, 0x08, 0x62, 0x08, 0x62, 0x08, 
0x62, 0x08, 0x62, 0x08, 0x62, 0x08, 0x62, 0x08, 0x62, 0x08, 0x62, 0x08, 0x62, 0x08, 0x62, 0x08, 
0x62, 0x08, 0x62, 0x08, 0x62, 0x08, 0x62, 0x08, 0x62, 0x08, 0x82, 0x08, 0x62, 0x08, 0x62, 0x08, 
0x62, 0x08, 0x62, 0x08, 0x83, 0x08, 0xC4, 0x08, 0xC8, 0x29, 0x4F, 0x5B, 0x70, 0x5B, 0x0E, 0x53, 
0xEE, 0x4A, 0xAD, 0x42, 0x8C, 0x42, 0x4B, 0x3A, 0x4B, 0x3A, 0x2A, 0x32, 0x0A, 0x32, 0xE9, 0x29, 
0xC9, 0x29, 0xC9, 0x29, 0xC9, 0x29, 0xC8, 0x29, 0xA8, 0x29, 0xA8, 0x29, 0x87, 0x21, 0x67, 0x21, 
0x67, 0x21, 0x46, 0x21, 0x26, 0x19, 0x05, 0x19, 0x05, 0x19, 0x05, 0x19, 0xE5, 0x10, 0xE5, 0x10, 
0xE5, 0x10, 0xE5, 0x10, 0xE4, 0x10, 0xE5, 0x10, 0xC4, 0x10, 0xC4, 0x10, 0xC4, 0x10, 0xA4, 0x10, 
0xA4, 0x08, 0xA4, 0x08, 0xA3, 0x08, 0xA3, 0x08, 0xA3, 0x08, 0xA3, 0x08, 0xA3, 0x08, 0xA3, 0x10, 
0xA3, 0x08, 0xA3, 0x08, 0x83, 0x08, 0xA3, 0x08, 0x83, 0x08, 0x83, 0x08, 0x83, 0x08, 0x83, 0x08, 
0x83, 0x08, 0x82, 0x08, 0x82, 0x08, 0x83, 0x08, 0x63, 0x08, 0x62, 0x08, 0x62, 0x08, 0x62, 0x08, 
0x82, 0x08, 0x82, 0x08, 0x82, 0x08, 0x62, 0x08, 0x62, 0x08, 0x82, 0x08, 0x82, 0x08, 0x82, 0x08, 
0x82, 0x08, 0x62, 0x08, 0x62, 0x08, 0x62, 0x08, 0x62, 0x08, 0x62, 0x08, 0x62, 0x08, 0x62, 0x08, 
0x62, 0x08, 0x62, 0x08, 0x62, 0x08, 0x62, 0x08, 0x62, 0x08, 0x62, 0x08, 0x42, 0x08, 0x62, 0x08, 
0x62, 0x08, 0x62, 0x08, 0x83, 0x08, 0x83, 0x08, 0x83, 0x08, 0x83, 0x08, 0x83, 0x08, 0x83, 0x08, 
0x83, 0x08, 0x83, 0x08, 0x83, 0x08, 0x83, 0x08, 0x83, 0x08, 0x83, 0x08, 0x83, 0x08, 0x83, 0x08, 
0x83, 0x08, 0x83, 0x08, 0x83, 0x08, 0x83, 0x08, 0x62, 0x08, 0x62, 0x08, 0x83, 0x08, 0x83, 0x08, 
0x83, 0x08, 0x83, 0x08, 0x83, 0x08, 0x82, 0x08, 0x63, 0x08, 0x63, 0x08, 0x62, 0x08, 0x62, 0x08, 
0x63, 0x08, 0x63, 0x08, 0x63, 0x08, 0x82, 0x08, 0x82, 0x08, 0x62, 0x08, 0x82, 0x08, 0x62, 0x08, 
0x62, 0x08, 0x83, 0x08, 0x83, 0x08, 0xA3, 0x10, 0x83, 0x08, 0x83, 0x08, 0x82, 0x08, 0x83, 0x08, 
0x83, 0x08, 0x83, 0x08, 0x83, 0x08, 0x83, 0x08, 0x83, 0x08, 0x83, 0x08, 0x83, 0x08, 0x83, 0x08, 
0x82, 0x08, 0x82, 0x08, 0x82, 0x08, 0x82, 0x08, 0x82, 0x08, 0x82, 0x08, 0x82, 0x08, 0x82, 0x08, 
0x62, 0x08, 0x62, 0x08, 0x82, 0x08, 0x82, 0x08, 0x62, 0x08, 0x82, 0x08, 0x82, 0x08, 0x62, 0x08, 
0x62, 0x08, 0x82, 0x08, 0x82, 0x08, 0x62, 0x08, 0x62, 0x08, 0x62, 0x08, 0x62, 0x08, 0x62, 0x08, 
0x62, 0x08, 0x62, 0x08, 0x62, 0x08, 0x62, 0x08, 0x62, 0x08, 0x82, 0x08, 0x62, 0x08, 0x62, 0x08, 
0x62, 0x08, 0x62, 0x08, 0x62, 0x08, 0x62, 0x08, 0x62, 0x08, 0x62, 0x08, 0x62, 0x08, 0x62, 0x08, 
0x62, 0x08, 0x62, 0x08, 0x62, 0x08, 0x62, 0x08, 0x62, 0x08, 0x62, 0x08, 0x62, 0x08, 0x62, 0x08, 
0x42, 0x08, 0x62, 0x08, 0x62, 0x08, 0x42, 0x08, 0x42, 0x08, 0x62, 0x08, 0x42, 0x08, 0x62, 0x08, 
0x42, 0x08, 0x42, 0x08, 0x62, 0x08, 0x42, 0x08, 0x42, 0x08, 0x62, 0x08, 0x62, 0x08, 0x62, 0x08, 
0x62, 0x08, 0x62, 0x08, 0x62, 0x08, 0x62, 0x08, 0x62, 0x08, 0x62, 0x08, 0x62, 0x08, 0x62, 0x08, 
0x62, 0x08, 0x62, 0x08, 0x62, 0x08, 0x62, 0x08, 0x62, 0x08, 0x62, 0x08, 0x62, 0x08, 0x42, 0x08, 
0x62, 0x08, 0x62, 0x08, 0x42, 0x08, 0x42, 0x08, 0x42, 0x08, 0x62, 0x08, 0x62, 0x08, 0x62, 0x08, 
0x42, 0x08, 0x42, 0x08, 0x42, 0x08, 0x42, 0x08, 0x42, 0x08, 0x62, 0x08, 0x62, 0x08, 0x62, 0x08, 
0x62, 0x08, 0x62, 0x08, 0x42, 0x08, 0x62, 0x08, 0x62, 0x08, 0x42, 0x08, 0x62, 0x08, 0x62, 0x08, 
0x62, 0x08, 0x62, 0x08, 0x62, 0x08, 0x62, 0x08, 0x62, 0x08, 0x42, 0x08, 0x42, 0x08, 0x62, 0x08, 
0x62, 0x08, 0x62, 0x08, 0x42, 0x08, 0x62, 0x08, 0x62, 0x08, 0x62, 0x08, 0x62, 0x08, 0x62, 0x08, 
0x62, 0x08, 0x62, 0x08, 0x62, 0x08, 0x62, 0x08, 0x62, 0x08, 0x62, 0x08, 0x62, 0x08, 0x62, 0x08, 
0x62, 0x08, 0x62, 0x08, 0x62, 0x08, 0x42, 0x08, 0x42, 0x08, 0x42, 0x08, 0x42, 0x08, 0x62, 0x08, 
0x62, 0x08, 0x62, 0x08, 0x62, 0x08, 0x62, 0x08, 0x62, 0x08, 0x42, 0x08, 0x42, 0x08, 0x42, 0x08, 
0x42, 0x08, 0x42, 0x08, 0x42, 0x08, 0x62, 0x08, 0x62, 0x08, 0x62, 0x08, 0x62, 0x08, 0x62, 0x08, 
0x62, 0x08, 0x62, 0x08, 0x62, 0x08, 0x62, 0x08, 0x62, 0x08, 0x62, 0x08, 0x62, 0x08, 0x62, 0x08, 
0x62, 0x08, 0x62, 0x08, 0x62, 0x08, 0x62, 0x08, 0x82, 0x08, 0x62, 0x08, 0x62, 0x08, 0x62, 0x08, 
0x82, 0x08, 0x82, 0x08, 0x82, 0x08, 0x62, 0x08, 0x82, 0x08, 0x62, 0x08, 0x82, 0x08, 0x62, 0x08, 
0x82, 0x08, 0xA3, 0x08, 0xE5, 0x10, 0x8B, 0x42, 0x90, 0x63, 0x4F, 0x53, 0x0E, 0x4B, 0xEE, 0x4A, 
0xAD, 0x42, 0x8C, 0x42, 0x4B, 0x3A, 0x2A, 0x32, 0x0A, 0x32, 0xE9, 0x31, 0xC9, 0x29, 0xC9, 0x29, 
0xC9, 0x29, 0xC9, 0x29, 0xA8, 0x29, 0xA8, 0x21, 0x88, 0x21, 0x88, 0x21, 0x67, 0x21, 0x67, 0x21, 
0x67, 0x21, 0x26, 0x19, 0x05, 0x19, 0x05, 0x19, 0x05, 0x19, 0xE5, 0x18, 0xE5, 0x10, 0xE5, 0x10, 
0xE4, 0x10, 0xC4, 0x10, 0xC4, 0x10, 0xC4, 0x10, 0xC4, 0x10, 0xC4, 0x10, 0xC4, 0x10, 0xA3, 0x08, 
0xA3, 0x08, 0xA3, 0x08, 0xA3, 0x08, 0xA3, 0x08, 0xA3, 0x08, 0xA3, 0x08, 0x83, 0x08, 0x83, 0x08, 
0x83, 0x08, 0x83, 0x08, 0x83, 0x08, 0xA3, 0x08, 0x83, 0x08, 0x83, 0x08, 0x83, 0x08, 0x83, 0x08, 
0x83, 0x08, 0x82, 0x08, 0x62, 0x08, 0x62, 0x08, 0x62, 0x08, 0x62, 0x08, 0x82, 0x08, 0x82, 0x08, 
0x62, 0x08, 0x62, 0x08, 0x62, 0x08, 0x62, 0x08, 0x82, 0x08, 0x82, 0x08, 0x62, 0x08, 0x62, 0x08, 
0x62, 0x08, 0x62, 0x08, 0x62, 0x08, 0x62, 0x08, 0x62, 0x08, 0x62, 0x08, 0x62, 0x08, 0x62, 0x08, 
0x62, 0x08, 0x62, 0x08, 0x62, 0x08, 0x62, 0x08, 0x62, 0x08, 0x42, 0x08, 0x42, 0x08, 0x62, 0x08, 
0x62, 0x08, 0x82, 0x08, 0x83, 0x08, 0x83, 0x08, 0x83, 0x08, 0x83, 0x08, 0x82, 0x08, 0x83, 0x08, 
0x83, 0x08, 0x83, 0x08, 0x83, 0x08, 0x83, 0x08, 0x83, 0x08, 0x83, 0x08, 0x83, 0x08, 0x82, 0x08, 
0x83, 0x08, 0x83, 0x08, 0x83, 0x08, 0x83, 0x08, 0x62, 0x08, 0x62, 0x08, 0x82, 0x08, 0x83, 0x08, 
0x83, 0x08, 0x83, 0x08, 0x83, 0x08, 0x83, 0x08, 0x62, 0x08, 0x63, 0x08, 0x62, 0x08, 0x82, 0x08, 
0x83, 0x08, 0x63, 0x08, 0x83, 0x08, 0x62, 0x08, 0x62, 0x08, 0x62, 0x08, 0x63, 0x08, 0x62, 0x08, 
0x42, 0x00, 0x62, 0x08, 0x83, 0x08, 0x83, 0x08, 0xA3, 0x10, 0x83, 0x08, 0x83, 0x08, 0x83, 0x08, 
0x83, 0x08, 0x83, 0x08, 0x83, 0x08, 0x83, 0x08, 0x83, 0x08, 0x83, 0x08, 0x83, 0x08, 0x82, 0x08, 
0x82, 0x08, 0x82, 0x08, 0x82, 0x08, 0x82, 0x08, 0x83, 0x08, 0x82, 0x08, 0x82, 0x08, 0x82, 0x08, 
0x62, 0x08, 0x82, 0x08, 0x82, 0x08, 0x82, 0x08, 0x82, 0x08, 0x82, 0x08, 0x82, 0x08, 0x82, 0x08, 
0x82, 0x08, 0x82, 0x08, 0x82, 0x08, 0x82, 0x08, 0x62, 0x08, 0x62, 0x08, 0x62, 0x08, 0x82, 0x08, 
0x82, 0x08, 0x62, 0x08, 0x82, 0x08, 0x82, 0x08, 0x82, 0x08, 0x82, 0x08, 0x82, 0x08, 0x82, 0x08, 
0x82, 0x08, 0x82, 0x08, 0x82, 0x08, 0x62, 0x08, 0x62, 0x08, 0x62, 0x08, 0x62, 0x08, 0x62, 0x08, 
0x62, 0x08, 0x62, 0x08, 0x62, 0x08, 0x62, 0x08, 0x62, 0x08, 0x62, 0x08, 0x62, 0x08, 0x62, 0x08, 
0x62, 0x08, 0x62, 0x08, 0x62, 0x08, 0x62, 0x08, 0x42, 0x08, 0x62, 0x08, 0x42, 0x08, 0x62, 0x08, 
0x62, 0x08, 0x62, 0x08, 0x62, 0x08, 0x62, 0x08, 0x62, 0x08, 0x62, 0x08, 0x62, 0x08, 0x62, 0x08, 
0x62, 0x08, 0x62, 0x08, 0x62, 0x08, 0x62, 0x08, 0x62, 0x08, 0x62, 0x08, 0x62, 0x08, 0x62, 0x08, 
0x62, 0x08, 0x62, 0x08, 0x62, 0x08, 0x62, 0x08, 0x62, 0x08, 0x62, 0x08, 0x62, 0x08, 0x62, 0x08, 
0x62, 0x08, 0x62, 0x08, 0x62, 0x08, 0x62, 0x08, 0x62, 0x08, 0x62, 0x08, 0x62, 0x08, 0x62, 0x08, 
0x42, 0x08, 0x42, 0x08, 0x42, 0x08, 0x42, 0x08, 0x42, 0x08, 0x62, 0x08, 0x62, 0x08, 0x62, 0x08, 
0x62, 0x08, 0x62, 0x08, 0x42, 0x08, 0x42, 0x08, 0x62, 0x08, 0x62, 0x08, 0x62, 0x08, 0x62, 0x08, 
0x62, 0x08, 0x62, 0x08, 0x62, 0x08, 0x62, 0x08, 0x62, 0x08, 0x62, 0x08, 0x62, 0x08, 0x62, 0x08, 
0x62, 0x08, 0x62, 0x08, 0x62, 0x08, 0x62, 0x08, 0x62, 0x08, 0x62, 0x08, 0x42, 0x08, 0x42, 0x08, 
0x42, 0x08, 0x62, 0x08, 0x62, 0x08, 0x62, 0x08, 0x62, 0x08, 0x62, 0x08, 0x62, 0x08, 0x62, 0x08, 
0x62, 0x08, 0x42, 0x08, 0x42, 0x00, 0x62, 0x08, 0x42, 0x08, 0x62, 0x08, 0x42, 0x08, 0x62, 0x08, 
0x62, 0x08, 0x62, 0x08, 0x62, 0x08, 0x62, 0x08, 0x62, 0x08, 0x62, 0x08, 0x62, 0x08, 0x62, 0x08, 
0x62, 0x08, 0x62, 0x08, 0x62, 0x08, 0x62, 0x08, 0x62, 0x08, 0x62, 0x08, 0x62, 0x08, 0x62, 0x08, 
0x62, 0x08, 0x62, 0x08, 0x82, 0x08, 0x62, 0x08, 0x62, 0x08, 0x62, 0x08, 0x62, 0x08, 0x62, 0x08, 
0x62, 0x08, 0x82, 0x08, 0x82, 0x08, 0x82, 0x08, 0x82, 0x08, 0x82, 0x08, 0x82, 0x08, 0x82, 0x08, 
0x82, 0x08, 0x82, 0x08, 0x82, 0x08, 0x82, 0x08, 0x82, 0x08, 0x82, 0x08, 0x82, 0x08, 0x83, 0x08, 
0xA3, 0x08, 0x46, 0x19, 0xED, 0x52, 0x70, 0x5B, 0x2E, 0x53, 0x0E, 0x4B, 0xCD, 0x4A, 0xAC, 0x42, 
0x8C, 0x42, 0x4B, 0x3A, 0x2A, 0x32, 0x0A, 0x32, 0xE9, 0x31, 0xE9, 0x31, 0xE9, 0x31, 0xC9, 0x29, 
0xC8, 0x29, 0xA8, 0x29, 0xA8, 0x29, 0x88, 0x21, 0x88, 0x21, 0x87, 0x21, 0x67, 0x21, 0x67, 0x21, 
0x46, 0x21, 0x26, 0x19, 0x05, 0x19, 0x05, 0x11, 0xE5, 0x10, 0xE5, 0x10, 0xE4, 0x10, 0xE4, 0x10, 
0xE4, 0x10, 0xC4, 0x10, 0xC4, 0x10, 0xC4, 0x10, 0xC4, 0x10, 0xC4, 0x10, 0xC4, 0x10, 0xA3, 0x08, 
0xA3, 0x08, 0xA3, 0x08, 0xA3, 0x08, 0xA3, 0x08, 0xA3, 0x08, 0x83, 0x08, 0x83, 0x08, 0x83, 0x08, 
0x83, 0x08, 0x83, 0x08, 0x83, 0x08, 0x83, 0x08, 0x83, 0x08, 0x83, 0x08, 0x82, 0x08, 0x83, 0x08, 
0x82, 0x08, 0x62, 0x08, 0x62, 0x08, 0x63, 0x08, 0x82, 0x08, 0x82, 0x08, 0x62, 0x08, 0x62, 0x08, 
0x82, 0x08, 0x82, 0x08, 0x62, 0x08, 0x62, 0x08, 0x82, 0x08, 0x82, 0x08, 0x62, 0x08, 0x62, 0x08, 
0x62, 0x08, 0x62, 0x08, 0x62, 0x08, 0x62, 0x08, 0x62, 0x08, 0x62, 0x08, 0x62, 0x08, 0x62, 0x08, 
0x62, 0x08, 0x62, 0x08, 0x62, 0x08, 0x62, 0x08, 0x62, 0x08, 0x42, 0x08, 0x62, 0x08, 0x62, 0x08, 
0x83, 0x08, 0x83, 0x10, 0x83, 0x10, 0x83, 0x08, 0x83, 0x08, 0x83, 0x08, 0x83, 0x08, 0x83, 0x08, 
0x83, 0x08, 0x83, 0x08, 0xA3, 0x08, 0x83, 0x08, 0x83, 0x08, 0x83, 0x08, 0x83, 0x08, 0x83, 0x08, 
0x83, 0x08, 0x83, 0x08, 0x82, 0x08, 0x82, 0x08, 0x62, 0x08, 0x62, 0x08, 0x62, 0x08, 0x83, 0x08, 
0x83, 0x08, 0x83, 0x08, 0x83, 0x08, 0x83, 0x08, 0x83, 0x08, 0x83, 0x08, 0x83, 0x08, 0x83, 0x08, 
0x83, 0x08, 0x83, 0x08, 0x83, 0x08, 0x82, 0x08, 0x82, 0x08, 0x82, 0x08, 0x62, 0x08, 0x62, 0x08, 
0x62, 0x08, 0x42, 0x00, 0x83, 0x08, 0x83, 0x08, 0xA3, 0x10, 0xA3, 0x10, 0x83, 0x08, 0x83, 0x10, 
0x83, 0x10, 0x83, 0x08, 0x83, 0x10, 0x83, 0x10, 0x83, 0x10, 0x83, 0x10, 0x83, 0x08, 0x83, 0x10, 
0x82, 0x08, 0x82, 0x08, 0x82, 0x08, 0x83, 0x08, 0x82, 0x08, 0x82, 0x08, 0x82, 0x08, 0x82, 0x08, 
0x82, 0x08, 0x82, 0x08, 0x82, 0x08, 0x62, 0x08, 0x82, 0x08, 0x82, 0x08, 0x82, 0x08, 0x82, 0x08, 
0x82, 0x08, 0x82, 0x08, 0x82, 0x08, 0x82, 0x08, 0x82, 0x08, 0x62, 0x08, 0x82, 0x08, 0x62, 0x08, 
0x82, 0x08, 0x82, 0x08, 0x82, 0x08, 0x62, 0x08, 0x62, 0x08, 0x62, 0x08, 0x62, 0x08, 0x62, 0x08, 
0x62, 0x08, 0x62, 0x08, 0x62, 0x08, 0x62, 0x08, 0x62, 0x08, 0x62, 0x08, 0x62, 0x08, 0x62, 0x08, 
0x62, 0x08, 0x62, 0x08, 0x62, 0x08, 0x62, 0x08, 0x62, 0x08, 0x62, 0x08, 0x62, 0x08, 0x62, 0x08, 
0x62, 0x08, 0x62, 0x08, 0x62, 0x08, 0x42, 0x08, 0x42, 0x08, 0x42, 0x08, 0x42, 0x08, 0x42, 0x08, 
0x42, 0x08, 0x42, 0x08, 0x62, 0x08, 0x42, 0x08, 0x62, 0x08, 0x62, 0x08, 0x62, 0x08, 0x62, 0x08, 
0x62, 0x08, 0x62, 0x08, 0x62, 0x08, 0x62, 0x08, 0x62, 0x08, 0x62, 0x08, 0x62, 0x08, 0x62, 0x08, 
0x62, 0x08, 0x62, 0x08, 0x62, 0x08, 0x62, 0x08, 0x42, 0x08, 0x42, 0x08, 0x62, 0x08, 0x42, 0x08, 
0x62, 0x08, 0x62, 0x08, 0x62, 0x08, 0x62, 0x08, 0x62, 0x08, 0x62, 0x08, 0x62, 0x08, 0x62, 0x08, 
0x42, 0x08, 0x42, 0x08, 0x42, 0x08, 0x42, 0x08, 0x62, 0x08, 0x62, 0x08, 0x62, 0x08, 0x62, 0x08, 
0x62, 0x08, 0x62, 0x08, 0x42, 0x08, 0x42, 0x08, 0x62, 0x08, 0x62, 0x08, 0x62, 0x08, 0x62, 0x08, 
0x62, 0x08, 0x62, 0x08, 0x62, 0x08, 0x62, 0x08, 0x62, 0x08, 0x42, 0x08, 0x62, 0x08, 0x62, 0x08, 
0x62, 0x08, 0x62, 0x08, 0x62, 0x08, 0x62, 0x08, 0x62, 0x08, 0x62, 0x08, 0x62, 0x08, 0x62, 0x08, 
0x62, 0x08, 0x62, 0x08, 0x62, 0x08, 0x62, 0x08, 0x62, 0x08, 0x62, 0x08, 0x62, 0x08, 0x62, 0x08, 
0x62, 0x08, 0x42, 0x08, 0x42, 0x08, 0x62, 0x08, 0x62, 0x08, 0x62, 0x08, 0x62, 0x08, 0x62, 0x08, 
0x62, 0x08, 0x62, 0x08, 0x62, 0x08, 0x62, 0x08, 0x62, 0x08, 0x62, 0x08, 0x62, 0x08, 0x62, 0x08, 
0x62, 0x08, 0x62, 0x08, 0x62, 0x08, 0x62, 0x08, 0x82, 0x08, 0x82, 0x08, 0x62, 0x08, 0x62, 0x08, 
0x62, 0x08, 0x82, 0x08, 0x82, 0x08, 0x62, 0x08, 0x62, 0x08, 0x62, 0x08, 0x82, 0x08, 0x62, 0x08, 
0x82, 0x08, 0x82, 0x08, 0x82, 0x08, 0x82, 0x08, 0x83, 0x08, 0x83, 0x08, 0x83, 0x08, 0x83, 0x08, 
0x83, 0x08, 0x83, 0x08, 0x83, 0x08, 0x83, 0x08, 0x83, 0x08, 0x83, 0x08, 0xA4, 0x10, 0xC4, 0x10, 
0xC8, 0x29, 0x6F, 0x5B, 0x6F, 0x5B, 0x0E, 0x4B, 0xED, 0x4A, 0xAD, 0x42, 0x8C, 0x42, 0x6B, 0x3A, 
0x4B, 0x3A, 0x2A, 0x32, 0x0A, 0x32, 0xE9, 0x31, 0xE9, 0x31, 0xE9, 0x31, 0xC9, 0x29, 0xC9, 0x29, 
0xA8, 0x29, 0x88, 0x29, 0x87, 0x29, 0x87, 0x21, 0x87, 0x21, 0x67, 0x21, 0x67, 0x21, 0x66, 0x21, 
0x26, 0x21, 0x05, 0x19, 0x05, 0x19, 0xE5, 0x10, 0xE5, 0x10, 0xE5, 0x10, 0xE4, 0x10, 0xC4, 0x10, 
0xC4, 0x10, 0xC4, 0x10, 0xC4, 0x10, 0xA4, 0x10, 0xC4, 0x10, 0xC4, 0x10, 0xC4, 0x10, 0xC4, 0x10, 
0xA4, 0x08, 0xA3, 0x08, 0xA3, 0x08, 0xA3, 0x10, 0xA3, 0x10, 0x83, 0x08, 0x83, 0x08, 0x83, 0x08, 
0x83, 0x08, 0x82, 0x08, 0x83, 0x08, 0x83, 0x08, 0x83, 0x08, 0x83, 0x08, 0x82, 0x08, 0x82, 0x08, 
0x82, 0x08, 0x62, 0x08, 0x62, 0x08, 0x62, 0x08, 0x62, 0x08, 0x62, 0x08, 0x62, 0x08, 0x62, 0x08, 
0x82, 0x08, 0x62, 0x08, 0x62, 0x08, 0x62, 0x08, 0x62, 0x08, 0x62, 0x08, 0x62, 0x08, 0x62, 0x08, 
0x62, 0x08, 0x62, 0x08, 0x62, 0x08, 0x62, 0x08, 0x62, 0x08, 0x62, 0x08, 0x62, 0x08, 0x62, 0x08, 
0x62, 0x08, 0x62, 0x08, 0x62, 0x08, 0x62, 0x08, 0x62, 0x08, 0x62, 0x08, 0x62, 0x08, 0x82, 0x08, 
0x83, 0x08, 0x83, 0x10, 0x83, 0x08, 0x83, 0x08, 0x83, 0x08, 0x83, 0x08, 0x83, 0x08, 0x83, 0x08, 
0x83, 0x08, 0x83, 0x08, 0xA3, 0x08, 0xA3, 0x10, 0x83, 0x10, 0xA3, 0x08, 0x83, 0x08, 0x83, 0x08, 
0x83, 0x08, 0x83, 0x08, 0x82, 0x08, 0x82, 0x08, 0x82, 0x08, 0x62, 0x08, 0x62, 0x08, 0x83, 0x08, 
0x83, 0x08, 0x83, 0x08, 0x83, 0x08, 0x83, 0x08, 0x83, 0x08, 0x83, 0x08, 0x83, 0x08, 0x83, 0x08, 
0x83, 0x08, 0x83, 0x08, 0x82, 0x08, 0x82, 0x08, 0x83, 0x08, 0x83, 0x08, 0x83, 0x08, 0x62, 0x08, 
0x62, 0x08, 0x42, 0x00, 0x62, 0x08, 0x83, 0x08, 0x83, 0x08, 0xA3, 0x10, 0xA3, 0x10, 0xA3, 0x10, 
0xA3, 0x10, 0xA3, 0x10, 0xA3, 0x10, 0xA3, 0x10, 0xA3, 0x10, 0xA3, 0x10, 0xA3, 0x10, 0xA3, 0x10, 
0x83, 0x10, 0x83, 0x08, 0xA3, 0x10, 0xA3, 0x08, 0x82, 0x08, 0x83, 0x10, 0x82, 0x10, 0x82, 0x08, 
0x82, 0x08, 0x82, 0x08, 0x82, 0x08, 0x82, 0x08, 0x82, 0x08, 0x82, 0x08, 0x82, 0x08, 0x82, 0x08, 
0x82, 0x08, 0x82, 0x08, 0x82, 0x08, 0x82, 0x08, 0x82, 0x08, 0x82, 0x08, 0x82, 0x08, 0x82, 0x08, 
0x82, 0x08, 0x82, 0x08, 0x82, 0x08, 0x82, 0x08, 0x82, 0x08, 0x82, 0x08, 0x62, 0x08, 0x82, 0x08, 
0x62, 0x08, 0x82, 0x08, 0x62, 0x08, 0x62, 0x08, 0x62, 0x08, 0x62, 0x08, 0x62, 0x08, 0x62, 0x08, 
0x62, 0x08, 0x62, 0x08, 0x62, 0x08, 0x62, 0x08, 0x62, 0x08, 0x62, 0x08, 0x62, 0x08, 0x62, 0x08, 
0x62, 0x08, 0x62, 0x08, 0x62, 0x08, 0x62, 0x08, 0x42, 0x08, 0x42, 0x08, 0x42, 0x08, 0x42, 0x08, 
0x62, 0x08, 0x42, 0x08, 0x62, 0x08, 0x42, 0x08, 0x62, 0x08, 0x62, 0x08, 0x62, 0x08, 0x62, 0x08, 
0x62, 0x08, 0x62, 0x08, 0x62, 0x08, 0x62, 0x08, 0x62, 0x08, 0x62, 0x08, 0x62, 0x08, 0x62, 0x08, 
0x62, 0x08, 0x62, 0x08, 0x62, 0x08, 0x62, 0x08, 0x62, 0x08, 0x62, 0x08, 0x42, 0x08, 0x42, 0x08, 
0x62, 0x08, 0x62, 0x08, 0x62, 0x08, 0x62, 0x08, 0x42, 0x08, 0x62, 0x08, 0x42, 0x08, 0x42, 0x08, 
0x42, 0x08, 0x42, 0x08, 0x62, 0x08, 0x62, 0x08, 0x62, 0x08, 0x62, 0x08, 0x62, 0x08, 0x62, 0x08, 
0x62, 0x08, 0x62, 0x08, 0x42, 0x08, 0x62, 0x08, 0x62, 0x08, 0x62, 0x08, 0x62, 0x08, 0x62, 0x08, 
0x62, 0x08, 0x62, 0x08, 0x62, 0x08, 0x62, 0x08, 0x62, 0x08, 0x62, 0x08, 0x62, 0x08, 0x62, 0x08, 
0x62, 0x08, 0x62, 0x08, 0x62, 0x08, 0x62, 0x08, 0x62, 0x08, 0x62, 0x08, 0x62, 0x08, 0x62, 0x08, 
0x62, 0x08, 0x62, 0x08, 0x62, 0x08, 0x62, 0x08, 0x62, 0x08, 0x62, 0x08, 0x62, 0x08, 0x62, 0x08, 
0x62, 0x08, 0x62, 0x08, 0x62, 0x08, 0x62, 0x08, 0x62, 0x08, 0x62, 0x08, 0x62, 0x08, 0x62, 0x08, 
0x62, 0x08, 0x62, 0x08, 0x62, 0x08, 0x62, 0x08, 0x62, 0x08, 0x62, 0x08, 0x62, 0x08, 0x82, 0x08, 
0x62, 0x08, 0x62, 0x08, 0x82, 0x08, 0x82, 0x08, 0x82, 0x08, 0x82, 0x08, 0x82, 0x08, 0x62, 0x08, 
0x62, 0x08, 0x82, 0x08, 0x62, 0x08, 0x62, 0x08, 0x82, 0x08, 0x82, 0x08, 0x82, 0x08, 0x82, 0x08, 
0x82, 0x08, 0x82, 0x08, 0x83, 0x08, 0x83, 0x08, 0x83, 0x08, 0x83, 0x08, 0x83, 0x08, 0xA3, 0x08, 
0x83, 0x08, 0x83, 0x08, 0x83, 0x08, 0x83, 0x08, 0x83, 0x08, 0xC4, 0x10, 0xE5, 0x10, 0x4B, 0x3A, 
0xB0, 0x63, 0x4F, 0x5B, 0x0E, 0x53, 0xEE, 0x4A, 0xAC, 0x42, 0x8C, 0x3A, 0x6B, 0x3A, 0x4B, 0x3A, 
0x2A, 0x3A, 0x0A, 0x32, 0xEA, 0x31, 0x0A, 0x32, 0xE9, 0x31, 0xC9, 0x29, 0xC9, 0x29, 0xA8, 0x29, 
0xA8, 0x29, 0x88, 0x29, 0x87, 0x21, 0x67, 0x21, 0x67, 0x21, 0x67, 0x21, 0x66, 0x21, 0x46, 0x21, 
0x05, 0x19, 0x05, 0x19, 0xE5, 0x10, 0xE5, 0x10, 0xE4, 0x10, 0xE4, 0x10, 0xC4, 0x10, 0xC4, 0x10, 
0xC4, 0x10, 0xC4, 0x10, 0xC4, 0x10, 0xA4, 0x10, 0xA4, 0x10, 0xC4, 0x10, 0xC4, 0x08, 0xA4, 0x08, 
0xA4, 0x10, 0xA3, 0x10, 0xA3, 0x10, 0xA3, 0x10, 0x83, 0x08, 0x83, 0x08, 0x83, 0x08, 0x83, 0x08, 
0x83, 0x08, 0x83, 0x08, 0x83, 0x08, 0x82, 0x08, 0x82, 0x08, 0x82, 0x08, 0x82, 0x08, 0x82, 0x08, 
0x82, 0x08, 0x82, 0x08, 0x83, 0x08, 0x82, 0x08, 0x62, 0x08, 0x62, 0x08, 0x62, 0x08, 0x62, 0x08, 
0x62, 0x08, 0x62, 0x08, 0x62, 0x08, 0x62, 0x08, 0x62, 0x08, 0x62, 0x08, 0x62, 0x08, 0x62, 0x08, 
0x62, 0x08, 0x62, 0x08, 0x62, 0x08, 0x62, 0x08, 0x62, 0x08, 0x62, 0x08, 0x62, 0x08, 0x62, 0x08, 
0x62, 0x08, 0x62, 0x08, 0x62, 0x08, 0x62, 0x08, 0x62, 0x08, 0x62, 0x08, 0x62, 0x08, 0x82, 0x08, 
0xA3, 0x10, 0x83, 0x08, 0x83, 0x08, 0x83, 0x08, 0x83, 0x08, 0x83, 0x08, 0x83, 0x08, 0x83, 0x08, 
0x83, 0x08, 0x83, 0x08, 0x83, 0x10, 0xA3, 0x10, 0x83, 0x08, 0x83, 0x08, 0x83, 0x08, 0xA3, 0x08, 
0x83, 0x08, 0x83, 0x08, 0x83, 0x08, 0x83, 0x08, 0x83, 0x08, 0x62, 0x08, 0x62, 0x00, 0x63, 0x08, 
0x83, 0x08, 0x83, 0x08, 0x83, 0x08, 0x83, 0x08, 0x83, 0x08, 0x83, 0x08, 0x83, 0x08, 0x83, 0x08, 
0x83, 0x08, 0x83, 0x08, 0x82, 0x08, 0x83, 0x08, 0x83, 0x08, 0x63, 0x08, 0x63, 0x08, 0x82, 0x08, 
0x82, 0x08, 0x62, 0x08, 0x42, 0x00, 0x83, 0x08, 0x83, 0x08, 0xA3, 0x10, 0xA3, 0x10, 0xA3, 0x10, 
0xC3, 0x10, 0xA3, 0x10, 0xC3, 0x10, 0xA3, 0x10, 0xA3, 0x10, 0xA3, 0x10, 0xA3, 0x10, 0xA3, 0x10, 
0xA3, 0x10, 0xA3, 0x10, 0xA3, 0x10, 0xA3, 0x10, 0xA3, 0x10, 0xA3, 0x10, 0xA3, 0x10, 0xA3, 0x10, 
0x83, 0x08, 0x83, 0x10, 0x83, 0x08, 0x83, 0x08, 0x83, 0x08, 0x82, 0x08, 0x82, 0x08, 0x83, 0x08, 
0x82, 0x08, 0x82, 0x08, 0x82, 0x10, 0x82, 0x08, 0x82, 0x08, 0x82, 0x08, 0x82, 0x08, 0x82, 0x08, 
0x82, 0x08, 0x82, 0x08, 0x82, 0x08, 0x82, 0x08, 0x82, 0x08, 0x82, 0x08, 0x82, 0x08, 0x82, 0x08, 
0x82, 0x08, 0x82, 0x08, 0x62, 0x08, 0x62, 0x08, 0x62, 0x08, 0x62, 0x08, 0x62, 0x08, 0x62, 0x08, 
0x62, 0x08, 0x62, 0x08, 0x62, 0x08, 0x62, 0x08, 0x62, 0x08, 0x62, 0x08, 0x62, 0x08, 0x62, 0x08, 
0x62, 0x08, 0x62, 0x08, 0x62, 0x08, 0x62, 0x08, 0x62, 0x08, 0x62, 0x08, 0x42, 0x08, 0x42, 0x08, 
0x62, 0x08, 0x42, 0x08, 0x42, 0x08, 0x62, 0x08, 0x62, 0x08, 0x62, 0x08, 0x62, 0x08, 0x42, 0x08, 
0x42, 0x08, 0x42, 0x08, 0x62, 0x08, 0x62, 0x08, 0x62, 0x08, 0x62, 0x08, 0x62, 0x08, 0x62, 0x08, 
0x62, 0x08, 0x62, 0x08, 0x62, 0x08, 0x42, 0x08, 0x42, 0x08, 0x42, 0x08, 0x42, 0x08, 0x42, 0x08, 
0x42, 0x08, 0x42, 0x08, 0x42, 0x00, 0x42, 0x08, 0x42, 0x08, 0x42, 0x08, 0x42, 0x08, 0x42, 0x08, 
0x42, 0x08, 0x62, 0x08, 0x62, 0x08, 0x62, 0x08, 0x62, 0x08, 0x62, 0x08, 0x62, 0x08, 0x62, 0x08, 
0x62, 0x08, 0x62, 0x08, 0x62, 0x08, 0x62, 0x08, 0x62, 0x08, 0x62, 0x08, 0x62, 0x08, 0x42, 0x08, 
0x62, 0x08, 0x62, 0x08, 0x42, 0x08, 0x62, 0x08, 0x62, 0x08, 0x62, 0x08, 0x42, 0x00, 0x62, 0x08, 
0x62, 0x08, 0x62, 0x08, 0x62, 0x08, 0x62, 0x08, 0x62, 0x08, 0x62, 0x08, 0x62, 0x08, 0x62, 0x08, 
0x62, 0x08, 0x62, 0x08, 0x62, 0x08, 0x62, 0x08, 0x62, 0x08, 0x62, 0x08, 0x62, 0x08, 0x62, 0x08, 
0x62, 0x08, 0x62, 0x08, 0x62, 0x08, 0x62, 0x08, 0x62, 0x08, 0x62, 0x08, 0x62, 0x08, 0x62, 0x08, 
0x62, 0x08, 0x82, 0x08, 0x82, 0x08, 0x82, 0x08, 0x62, 0x08, 0x62, 0x08, 0x62, 0x08, 0x62, 0x08, 
0x62, 0x08, 0x82, 0x08, 0x62, 0x08, 0x62, 0x08, 0x62, 0x08, 0x82, 0x08, 0x62, 0x08, 0x62, 0x08, 
0x83, 0x08, 0x83, 0x08, 0x83, 0x08, 0x82, 0x08, 0x83, 0x08, 0x82, 0x08, 0x83, 0x08, 0x83, 0x08, 
0x83, 0x08, 0x83, 0x08, 0x83, 0x08, 0x82, 0x08, 0x83, 0x08, 0x83, 0x08, 0x83, 0x08, 0x83, 0x08, 
0x83, 0x08, 0x83, 0x08, 0xA3, 0x08, 0xA3, 0x10, 0xC4, 0x10, 0x05, 0x19, 0xED, 0x4A, 0xD1, 0x6B, 
0x4F, 0x53, 0x0E, 0x53, 0xEE, 0x4A, 0xAC, 0x42, 0x8C, 0x3A, 0x4B, 0x3A, 0x2A, 0x3A, 0x0A, 0x32, 
0x0A, 0x32, 0xE9, 0x31, 0x0A, 0x32, 0xE9, 0x31, 0xC9, 0x29, 0xC9, 0x29, 0xA8, 0x29, 0xA8, 0x29, 
0x88, 0x29, 0x87, 0x29, 0x87, 0x21, 0x67, 0x21, 0x67, 0x21, 0x46, 0x21, 0x46, 0x21, 0x26, 0x19, 
0xE5, 0x10, 0xE5, 0x10, 0xE4, 0x10, 0xE4, 0x10, 0xC4, 0x10, 0xC4, 0x10, 0xC4, 0x10, 0xC4, 0x10, 
0xA4, 0x10, 0xA4, 0x10, 0xA4, 0x08, 0xA3, 0x08, 0xA4, 0x08, 0xC4, 0x10, 0xA3, 0x08, 0xA3, 0x08, 
0x83, 0x08, 0xA3, 0x08, 0xA3, 0x10, 0x83, 0x08, 0x83, 0x08, 0x83, 0x08, 0x83, 0x08, 0x83, 0x08, 
0x83, 0x08, 0x82, 0x08, 0x82, 0x08, 0x82, 0x08, 0x83, 0x08, 0x83, 0x08, 0x82, 0x08, 0x82, 0x08, 
0x62, 0x08, 0x82, 0x08, 0x82, 0x08, 0x82, 0x08, 0x62, 0x08, 0x82, 0x08, 0x62, 0x08, 0x62, 0x08, 
0x62, 0x08, 0x82, 0x08, 0x82, 0x08, 0x82, 0x08, 0x82, 0x08, 0x82, 0x08, 0x82, 0x08, 0x82, 0x08, 
0x62, 0x08, 0x62, 0x08, 0x62, 0x08, 0x62, 0x08, 0x62, 0x08, 0x62, 0x08, 0x62, 0x08, 0x62, 0x08, 
0x62, 0x08, 0x42, 0x08, 0x62, 0x08, 0x62, 0x08, 0x62, 0x08, 0x62, 0x08, 0x62, 0x08, 0x83, 0x08, 
0xA3, 0x10, 0xA3, 0x08, 0x83, 0x08, 0xA3, 0x10, 0xA3, 0x10, 0x83, 0x08, 0x83, 0x08, 0x83, 0x08, 
0x83, 0x08, 0x83, 0x08, 0x83, 0x08, 0x83, 0x10, 0x83, 0x08, 0x83, 0x08, 0x83, 0x08, 0xA3, 0x08, 
0x83, 0x10, 0x83, 0x08, 0x83, 0x08, 0x83, 0x08, 0x83, 0x08, 0x82, 0x08, 0x62, 0x08, 0x63, 0x08, 
0x83, 0x08, 0x83, 0x08, 0x83, 0x08, 0x83, 0x08, 0x83, 0x08, 0x83, 0x08, 0x83, 0x08, 0x83, 0x08, 
0x83, 0x08, 0x83, 0x08, 0x63, 0x08, 0x63, 0x08, 0x63, 0x08, 0x83, 0x08, 0x83, 0x08, 0x83, 0x08, 
0x82, 0x08, 0x62, 0x08, 0x42, 0x08, 0x83, 0x08, 0xA3, 0x10, 0xA4, 0x08, 0xC4, 0x10, 0xC3, 0x10, 
0xC3, 0x10, 0xC3, 0x10, 0xA4, 0x10, 0xA3, 0x10, 0xA3, 0x10, 0xA3, 0x10, 0xA3, 0x10, 0xC3, 0x10, 
0xC3, 0x10, 0xA3, 0x10, 0xA3, 0x10, 0xA3, 0x10, 0xA3, 0x10, 0xA3, 0x10, 0xA3, 0x10, 0xA3, 0x10, 
0xA3, 0x10, 0x83, 0x10, 0x83, 0x10, 0x83, 0x08, 0x83, 0x08, 0x83, 0x08, 0xA3, 0x08, 0x83, 0x08, 
0x83, 0x08, 0x82, 0x08, 0x82, 0x08, 0x82, 0x08, 0x82, 0x08, 0x82, 0x08, 0x82, 0x08, 0x82, 0x08, 
0x82, 0x08, 0x82, 0x08, 0x82, 0x08, 0x82, 0x08, 0x82, 0x08, 0x82, 0x08, 0x82, 0x08, 0x82, 0x08, 
0x82, 0x08, 0x82, 0x08, 0x82, 0x08, 0x82, 0x08, 0x62, 0x08, 0x82, 0x08, 0x62, 0x08, 0x82, 0x08, 
0x82, 0x08, 0x82, 0x08, 0x82, 0x08, 0x82, 0x08, 0x82, 0x08, 0x82, 0x08, 0x62, 0x08, 0x82, 0x08, 
0x62, 0x08, 0x62, 0x08, 0x62, 0x08, 0x62, 0x08, 0x62, 0x08, 0x42, 0x08, 0x42, 0x00, 0x42, 0x08, 
0x62, 0x08, 0x42, 0x08, 0x62, 0x08, 0x62, 0x08, 0x62, 0x08, 0x42, 0x08, 0x42, 0x08, 0x62, 0x08, 
0x42, 0x08, 0x42, 0x08, 0x42, 0x08, 0x42, 0x08, 0x62, 0x08, 0x42, 0x08, 0x62, 0x08, 0x62, 0x08, 
0x62, 0x08, 0x62, 0x08, 0x42, 0x08, 0x42, 0x08, 0x42, 0x08, 0x42, 0x08, 0x42, 0x08, 0x42, 0x08, 
0x42, 0x08, 0x42, 0x08, 0x42, 0x08, 0x42, 0x00, 0x42, 0x08, 0x42, 0x08, 0x62, 0x08, 0x62, 0x08, 
0x62, 0x08, 0x62, 0x08, 0x62, 0x08, 0x62, 0x08, 0x62, 0x08, 0x62, 0x08, 0x62, 0x08, 0x62, 0x08, 
0x62, 0x08, 0x62, 0x08, 0x62, 0x08, 0x62, 0x08, 0x62, 0x08, 0x42, 0x08, 0x42, 0x08, 0x62, 0x08, 
0x62, 0x08, 0x62, 0x08, 0x62, 0x08, 0x62, 0x08, 0x62, 0x08, 0x62, 0x08, 0x62, 0x08, 0x62, 0x08, 
0x62, 0x08, 0x62, 0x08, 0x62, 0x08, 0x42, 0x08, 0x42, 0x08, 0x62, 0x08, 0x42, 0x08, 0x62, 0x08, 
0x62, 0x08, 0x62, 0x08, 0x62, 0x08, 0x62, 0x08, 0x62, 0x08, 0x62, 0x08, 0x62, 0x08, 0x82, 0x08, 
0x62, 0x08, 0x62, 0x08, 0x62, 0x08, 0x62, 0x08, 0x62, 0x08, 0x82, 0x08, 0x62, 0x08, 0x62, 0x08, 
0x62, 0x08, 0x62, 0x08, 0x62, 0x08, 0x82, 0x08, 0x82, 0x08, 0x82, 0x08, 0x62, 0x08, 0x62, 0x08, 
0x62, 0x08, 0x62, 0x08, 0x82, 0x08, 0x82, 0x08, 0x82, 0x08, 0x83, 0x08, 0x82, 0x08, 0x82, 0x08, 
0x83, 0x08, 0x83, 0x08, 0x83, 0x08, 0x83, 0x08, 0x83, 0x08, 0x83, 0x08, 0x83, 0x08, 0x83, 0x08, 
0x83, 0x08, 0x83, 0x08, 0x83, 0x08, 0x83, 0x10, 0x83, 0x08, 0x83, 0x08, 0x83, 0x08, 0x83, 0x08, 
0x83, 0x08, 0x83, 0x08, 0xC3, 0x10, 0xC4, 0x10, 0x46, 0x19, 0x4F, 0x5B, 0xD1, 0x63, 0x4F, 0x53, 
0x0E, 0x53, 0xED, 0x4A, 0xAD, 0x42, 0x8B, 0x3A, 0x4B, 0x3A, 0x2A, 0x32, 0x0A, 0x32, 0x0A, 0x32, 
0xEA, 0x31, 0xC9, 0x29, 0xE9, 0x29, 0xC9, 0x29, 0xC9, 0x29, 0xA8, 0x29, 0xA8, 0x29, 0xA8, 0x29, 
0x87, 0x29, 0x87, 0x21, 0x67, 0x21, 0x67, 0x21, 0x46, 0x21, 0x46, 0x21, 0x26, 0x19, 0x05, 0x19, 
0xE4, 0x10, 0xE4, 0x10, 0xE4, 0x10, 0xC4, 0x10, 0xC4, 0x10, 0xC4, 0x10, 0xC4, 0x10, 0xC4, 0x10, 
0xA4, 0x10, 0xA4, 0x08, 0xA3, 0x08, 0xA3, 0x08, 0xA3, 0x08, 0xA3, 0x10, 0xA3, 0x10, 0x83, 0x08, 
0x83, 0x08, 0x83, 0x08, 0x83, 0x08, 0x83, 0x08, 0x82, 0x08, 0x83, 0x08, 0x83, 0x08, 0x83, 0x08, 
0x83, 0x08, 0x82, 0x08, 0x82, 0x08, 0x82, 0x08, 0x82, 0x08, 0x83, 0x08, 0x82, 0x08, 0x82, 0x08, 
0x82, 0x08, 0x82, 0x08, 0x82, 0x08, 0x82, 0x08, 0x82, 0x08, 0x82, 0x08, 0x62, 0x08, 0x62, 0x08, 
0x62, 0x08, 0x82, 0x08, 0x83, 0x08, 0x82, 0x08, 0x82, 0x08, 0x82, 0x08, 0x82, 0x08, 0x83, 0x08, 
0x82, 0x08, 0x62, 0x08, 0x62, 0x08, 0x62, 0x08, 0x62, 0x08, 0x62, 0x08, 0x62, 0x08, 0x62, 0x08, 
0x62, 0x08, 0x42, 0x08, 0x62, 0x08, 0x62, 0x08, 0x42, 0x08, 0x62, 0x08, 0x62, 0x08, 0xA3, 0x10, 
0xA3, 0x10, 0x83, 0x08, 0x83, 0x08, 0x83, 0x08, 0x83, 0x08, 0x83, 0x08, 0x83, 0x08, 0x83, 0x08, 
0x83, 0x08, 0xA3, 0x08, 0x83, 0x08, 0xA3, 0x10, 0xA3, 0x10, 0xA3, 0x10, 0xA3, 0x10, 0xA3, 0x10, 
0xA3, 0x10, 0x83, 0x08, 0x83, 0x08, 0x83, 0x08, 0x83, 0x08, 0x83, 0x08, 0x62, 0x08, 0x62, 0x08, 
0x83, 0x08, 0x83, 0x08, 0x83, 0x08, 0x83, 0x08, 0x83, 0x08, 0x83, 0x08, 0x83, 0x08, 0x83, 0x08, 
0x83, 0x08, 0x83, 0x08, 0x63, 0x08, 0x63, 0x08, 0x63, 0x08, 0x83, 0x08, 0x83, 0x08, 0x83, 0x08, 
0x82, 0x08, 0x82, 0x08, 0x42, 0x08, 0x62, 0x08, 0xA3, 0x10, 0x83, 0x08, 0xC4, 0x10, 0xC4, 0x10, 
0xC4, 0x10, 0xC4, 0x10, 0xC4, 0x10, 0xC4, 0x10, 0xC4, 0x10, 0xC4, 0x10, 0xC3, 0x10, 0xC3, 0x10, 
0xC4, 0x10, 0xC4, 0x10, 0xC4, 0x10, 0xC3, 0x10, 0xA3, 0x10, 0xC3, 0x10, 0xA3, 0x10, 0xA3, 0x10, 
0xA3, 0x10, 0xA3, 0x10, 0xA3, 0x10, 0xA3, 0x10, 0xA3, 0x10, 0xA3, 0x10, 0xA3, 0x10, 0xA3, 0x10, 
0x83, 0x10, 0x83, 0x10, 0x83, 0x08, 0x83, 0x08, 0x83, 0x10, 0x82, 0x08, 0x82, 0x10, 0x82, 0x08, 
0x82, 0x08, 0x82, 0x08, 0x83, 0x08, 0x83, 0x08, 0x82, 0x08, 0x83, 0x08, 0x82, 0x08, 0x83, 0x08, 
0x82, 0x08, 0x83, 0x08, 0x82, 0x08, 0x82, 0x08, 0x82, 0x08, 0x82, 0x08, 0x82, 0x08, 0x82, 0x08, 
0x82, 0x08, 0x82, 0x08, 0x82, 0x08, 0x82, 0x08, 0x82, 0x08, 0x82, 0x08, 0x82, 0x08, 0x82, 0x08, 
0x62, 0x08, 0x62, 0x08, 0x62, 0x08, 0x62, 0x08, 0x62, 0x08, 0x42, 0x08, 0x41, 0x08, 0x42, 0x08, 
0x62, 0x08, 0x42, 0x08, 0x62, 0x08, 0x62, 0x08, 0x62, 0x08, 0x42, 0x08, 0x42, 0x08, 0x62, 0x08, 
0x62, 0x08, 0x62, 0x08, 0x62, 0x08, 0x42, 0x08, 0x42, 0x08, 0x42, 0x08, 0x41, 0x00, 0x42, 0x08, 
0x62, 0x08, 0x62, 0x08, 0x42, 0x08, 0x42, 0x08, 0x42, 0x08, 0x42, 0x08, 0x42, 0x08, 0x42, 0x08, 
0x42, 0x08, 0x42, 0x08, 0x42, 0x08, 0x62, 0x08, 0x41, 0x08, 0x42, 0x08, 0x42, 0x08, 0x42, 0x08, 
0x62, 0x08, 0x62, 0x08, 0x62, 0x08, 0x42, 0x08, 0x62, 0x08, 0x62, 0x08, 0x62, 0x08, 0x62, 0x08, 
0x62, 0x08, 0x42, 0x08, 0x62, 0x08, 0x62, 0x08, 0x62, 0x08, 0x62, 0x08, 0x62, 0x08, 0x62, 0x08, 
0x62, 0x08, 0x62, 0x08, 0x62, 0x08, 0x62, 0x08, 0x62, 0x08, 0x62, 0x08, 0x62, 0x08, 0x62, 0x08, 
0x62, 0x08, 0x62, 0x08, 0x62, 0x08, 0x62, 0x08, 0x62, 0x08, 0x62, 0x08, 0x62, 0x08, 0x62, 0x08, 
0x62, 0x08, 0x62, 0x08, 0x62, 0x08, 0x62, 0x08, 0x62, 0x08, 0x62, 0x08, 0x82, 0x08, 0x82, 0x08, 
0x82, 0x08, 0x82, 0x08, 0x82, 0x08, 0x82, 0x08, 0x82, 0x08, 0x82, 0x08, 0x82, 0x08, 0x82, 0x08, 
0x82, 0x08, 0x82, 0x08, 0x82, 0x08, 0x82, 0x08, 0x82, 0x08, 0x82, 0x08, 0x62, 0x08, 0x82, 0x08, 
0x82, 0x08, 0x82, 0x08, 0x82, 0x08, 0x82, 0x08, 0x83, 0x08, 0x83, 0x08, 0x83, 0x08, 0x82, 0x08, 
0x82, 0x08, 0x82, 0x08, 0x83, 0x08, 0x83, 0x10, 0x83, 0x08, 0x83, 0x10, 0xA3, 0x10, 0x83, 0x08, 
0x83, 0x10, 0x83, 0x10, 0x83, 0x10, 0xA3, 0x10, 0xA3, 0x10, 0xA3, 0x10, 0xA3, 0x08, 0x83, 0x08, 
0x83, 0x08, 0xC4, 0x10, 0xC4, 0x10, 0xA8, 0x29, 0x90, 0x63, 0x90, 0x5B, 0x4F, 0x53, 0x0E, 0x4B, 
0xED, 0x4A, 0xAC, 0x42, 0x8C, 0x42, 0x4B, 0x3A, 0x2A, 0x3A, 0x0A, 0x32, 0x0A, 0x32, 0x0A, 0x32, 
0xE9, 0x31, 0xC8, 0x29, 0xC9, 0x29, 0xC9, 0x29, 0xA8, 0x29, 0xA8, 0x29, 0xA8, 0x29, 0x87, 0x29, 
0x87, 0x21, 0x67, 0x21, 0x67, 0x21, 0x67, 0x21, 0x46, 0x21, 0x26, 0x19, 0x26, 0x19, 0xE5, 0x10, 
0xC4, 0x10, 0xC4, 0x10, 0xC4, 0x10, 0xC4, 0x10, 0xC4, 0x10, 0xC4, 0x10, 0xA4, 0x10, 0xA4, 0x08, 
0xA4, 0x08, 0xA4, 0x08, 0xA3, 0x08, 0xA3, 0x08, 0xA3, 0x08, 0xA3, 0x08, 0x83, 0x08, 0x83, 0x08, 
0x83, 0x08, 0x83, 0x08, 0x83, 0x08, 0x83, 0x08, 0x82, 0x08, 0x83, 0x08, 0x83, 0x08, 0x83, 0x08, 
0x82, 0x08, 0x82, 0x08, 0x82, 0x08, 0x82, 0x08, 0x82, 0x08, 0x82, 0x08, 0x82, 0x08, 0x82, 0x08, 
0x82, 0x08, 0x82, 0x08, 0x82, 0x08, 0x82, 0x08, 0x82, 0x08, 0x82, 0x08, 0x62, 0x08, 0x62, 0x08, 
0x62, 0x08, 0x82, 0x08, 0x62, 0x08, 0x83, 0x08, 0x82, 0x08, 0x82, 0x08, 0x82, 0x08, 0x82, 0x08, 
0x62, 0x08, 0x62, 0x08, 0x62, 0x08, 0x62, 0x08, 0x62, 0x08, 0x62, 0x08, 0x42, 0x00, 0x62, 0x08, 
0x62, 0x08, 0x62, 0x08, 0x62, 0x08, 0x42, 0x08, 0x62, 0x08, 0x62, 0x08, 0x82, 0x08, 0xA3, 0x10, 
0xA3, 0x10, 0xA3, 0x08, 0xA3, 0x08, 0x83, 0x08, 0x83, 0x08, 0x83, 0x08, 0x83, 0x08, 0x83, 0x08, 
0xA3, 0x08, 0xA3, 0x08, 0xA3, 0x08, 0xA3, 0x10, 0xA3, 0x10, 0xA3, 0x10, 0xA3, 0x10, 0xA3, 0x10, 
0xA3, 0x10, 0xA3, 0x10, 0x83, 0x08, 0x83, 0x08, 0x83, 0x08, 0x83, 0x08, 0x82, 0x08, 0x62, 0x08, 
0x83, 0x08, 0x83, 0x08, 0x83, 0x08, 0x83, 0x08, 0x83, 0x08, 0x83, 0x08, 0x83, 0x08, 0x83, 0x08, 
0x83, 0x08, 0x83, 0x08, 0x83, 0x08, 0x82, 0x08, 0x82, 0x08, 0x83, 0x08, 0x83, 0x08, 0x83, 0x08, 
0x83, 0x08, 0x82, 0x08, 0x62, 0x08, 0x42, 0x00, 0x83, 0x08, 0xA3, 0x10, 0xA4, 0x10, 0xE4, 0x18, 
0xE4, 0x10, 0xE4, 0x10, 0xC4, 0x10, 0xE4, 0x10, 0xE4, 0x10, 0xC4, 0x10, 0xC4, 0x10, 0xC4, 0x10, 
0xC4, 0x10, 0xC4, 0x10, 0xC4, 0x10, 0xC4, 0x10, 0xC3, 0x10, 0xC3, 0x10, 0xC3, 0x10, 0xC4, 0x10, 
0xA3, 0x10, 0xA3, 0x10, 0xA4, 0x10, 0xA3, 0x10, 0xA3, 0x10, 0xA3, 0x10, 0xA3, 0x10, 0xA3, 0x10, 
0xA3, 0x10, 0xA3, 0x10, 0xA3, 0x10, 0xA3, 0x10, 0xA3, 0x10, 0xA3, 0x08, 0x83, 0x10, 0x83, 0x10, 
0x83, 0x10, 0x83, 0x10, 0x83, 0x08, 0xA3, 0x10, 0xA3, 0x10, 0xA3, 0x08, 0xA3, 0x10, 0xA3, 0x08, 
0x82, 0x08, 0x82, 0x08, 0x82, 0x08, 0x82, 0x08, 0x82, 0x08, 0x82, 0x08, 0x82, 0x08, 0x82, 0x08, 
0x82, 0x08, 0x82, 0x08, 0x82, 0x08, 0x82, 0x08, 0x82, 0x08, 0x82, 0x08, 0x82, 0x08, 0x82, 0x08, 
0x62, 0x08, 0x62, 0x08, 0x62, 0x08, 0x62, 0x08, 0x62, 0x08, 0x62, 0x08, 0x62, 0x08, 0x42, 0x08, 
0x62, 0x08, 0x62, 0x08, 0x62, 0x08, 0x62, 0x08, 0x62, 0x08, 0x42, 0x08, 0x42, 0x08, 0x42, 0x08, 
0x62, 0x08, 0x62, 0x08, 0x62, 0x08, 0x62, 0x08, 0x62, 0x08, 0x42, 0x08, 0x42, 0x08, 0x62, 0x08, 
0x62, 0x08, 0x62, 0x08, 0x42, 0x00, 0x42, 0x00, 0x42, 0x08, 0x42, 0x08, 0x42, 0x08, 0x42, 0x08, 
0x42, 0x08, 0x42, 0x08, 0x42, 0x08, 0x42, 0x08, 0x42, 0x08, 0x42, 0x08, 0x42, 0x00, 0x42, 0x08, 
0x42, 0x08, 0x42, 0x08, 0x42, 0x08, 0x42, 0x08, 0x62, 0x08, 0x62, 0x08, 0x62, 0x08, 0x62, 0x08, 
0x62, 0x08, 0x62, 0x08, 0x62, 0x08, 0x62, 0x08, 0x62, 0x08, 0x62, 0x08, 0x62, 0x08, 0x62, 0x08, 
0x62, 0x08, 0x62, 0x08, 0x62, 0x08, 0x62, 0x08, 0x62, 0x08, 0x62, 0x08, 0x62, 0x08, 0x62, 0x08, 
0x62, 0x08, 0x62, 0x08, 0x62, 0x08, 0x62, 0x08, 0x62, 0x08, 0x62, 0x08, 0x62, 0x08, 0x62, 0x08, 
0x62, 0x08, 0x62, 0x08, 0x62, 0x08, 0x82, 0x08, 0x82, 0x08, 0x82, 0x08, 0x62, 0x08, 0x62, 0x08, 
0x62, 0x08, 0x82, 0x08, 0x82, 0x08, 0x82, 0x08, 0x82, 0x08, 0x82, 0x08, 0x82, 0x08, 0x82, 0x08, 
0x82, 0x08, 0x82, 0x08, 0x82, 0x08, 0x82, 0x08, 0x83, 0x08, 0x83, 0x08, 0x83, 0x08, 0x83, 0x08, 
0x83, 0x08, 0x83, 0x08, 0x82, 0x08, 0x83, 0x08, 0x83, 0x08, 0x83, 0x08, 0x83, 0x08, 0x83, 0x08, 
0x83, 0x08, 0x83, 0x10, 0x83, 0x08, 0xA3, 0x08, 0xA3, 0x10, 0xA3, 0x10, 0xA3, 0x10, 0xA3, 0x10, 
0xA3, 0x10, 0xA3, 0x10, 0xA3, 0x10, 0xA3, 0x10, 0xA3, 0x10, 0xA3, 0x10, 0xA3, 0x08, 0x83, 0x08, 
0xC4, 0x10, 0xC4, 0x10, 0x09, 0x32, 0xD1, 0x6B, 0x70, 0x5B, 0x2F, 0x53, 0x0E, 0x4B, 0xCD, 0x4A, 
0xAC, 0x42, 0x8C, 0x3A, 0x4B, 0x3A, 0x2A, 0x32, 0x0A, 0x32, 0x2A, 0x32, 0x0A, 0x32, 0xE9, 0x31, 
0xC8, 0x29, 0xA8, 0x29, 0xC8, 0x29, 0xA8, 0x29, 0xA8, 0x29, 0x87, 0x29, 0x87, 0x29, 0x87, 0x21, 
0x87, 0x21, 0x67, 0x21, 0x67, 0x21, 0x46, 0x21, 0x46, 0x21, 0x26, 0x19, 0x25, 0x19, 0xC4, 0x10, 
0xC4, 0x10, 0xC4, 0x10, 0xC4, 0x10, 0xC4, 0x10, 0xC4, 0x10, 0xC4, 0x10, 0xA3, 0x10, 0xA3, 0x08, 
0xA3, 0x08, 0xA3, 0x08, 0xA3, 0x08, 0xA3, 0x08, 0xA3, 0x08, 0xA3, 0x08, 0x83, 0x08, 0x83, 0x08, 
0x83, 0x08, 0x83, 0x08, 0x83, 0x08, 0x83, 0x08, 0x83, 0x08, 0x83, 0x08, 0x83, 0x08, 0x83, 0x08, 
0x83, 0x08, 0x82, 0x08, 0x82, 0x08, 0x82, 0x08, 0x82, 0x08, 0x83, 0x08, 0x82, 0x08, 0x82, 0x08, 
0x82, 0x08, 0x82, 0x08, 0x82, 0x08, 0x82, 0x08, 0x82, 0x08, 0x82, 0x08, 0x62, 0x08, 0x62, 0x08, 
0x62, 0x08, 0x82, 0x08, 0x82, 0x08, 0x62, 0x08, 0x62, 0x08, 0x83, 0x08, 0x62, 0x08, 0x62, 0x08, 
0x62, 0x08, 0x62, 0x08, 0x62, 0x08, 0x62, 0x08, 0x62, 0x08, 0x62, 0x08, 0x42, 0x08, 0x62, 0x08, 
0x62, 0x08, 0x62, 0x08, 0x42, 0x08, 0x42, 0x08, 0x62, 0x08, 0x62, 0x08, 0xA3, 0x10, 0xA3, 0x10, 
0x83, 0x08, 0xA3, 0x08, 0xA3, 0x08, 0xA3, 0x10, 0xA3, 0x10, 0xA3, 0x08, 0x83, 0x10, 0xA3, 0x08, 
0xA3, 0x08, 0xA3, 0x08, 0xA3, 0x10, 0xA3, 0x08, 0xA3, 0x08, 0xA3, 0x10, 0xA3, 0x10, 0xA3, 0x10, 
0xA3, 0x10, 0xA3, 0x10, 0x83, 0x08, 0x83, 0x08, 0x83, 0x08, 0x83, 0x08, 0x83, 0x08, 0x62, 0x00, 
0x83, 0x08, 0x83, 0x08, 0x83, 0x08, 0x83, 0x08, 0x83, 0x08, 0x83, 0x10, 0x83, 0x08, 0x83, 0x08, 
0x83, 0x08, 0x83, 0x08, 0x83, 0x08, 0x83, 0x08, 0x83, 0x08, 0x83, 0x08, 0x83, 0x08, 0x83, 0x08, 
0x83, 0x08, 0x83, 0x08, 0x83, 0x08, 0x42, 0x00, 0x83, 0x08, 0xA4, 0x10, 0xA3, 0x08, 0xE4, 0x18, 
0xE4, 0x10, 0xE4, 0x18, 0xE4, 0x10, 0xE4, 0x10, 0xE4, 0x10, 0xE4, 0x10, 0xE4, 0x10, 0xE4, 0x10, 
0xE4, 0x10, 0xE4, 0x10, 0xE4, 0x10, 0xC4, 0x10, 0xC4, 0x10, 0xC4, 0x10, 0xC4, 0x10, 0xC4, 0x10, 
0xC4, 0x10, 0xC4, 0x10, 0xC3, 0x10, 0xC4, 0x10, 0xC4, 0x10, 0xC4, 0x10, 0xC4, 0x10, 0xA3, 0x10, 
0xC4, 0x10, 0xA3, 0x10, 0xA3, 0x10, 0xA3, 0x10, 0xA3, 0x10, 0xA3, 0x10, 0xA3, 0x10, 0xA3, 0x10, 
0xA3, 0x10, 0xA3, 0x10, 0xA3, 0x10, 0xA3, 0x10, 0xA3, 0x10, 0xA3, 0x10, 0xA3, 0x10, 0xA3, 0x10, 
0xA3, 0x10, 0xA3, 0x10, 0xA3, 0x10, 0xA3, 0x08, 0xA3, 0x08, 0xA2, 0x08, 0x82, 0x08, 0x82, 0x08, 
0xA3, 0x08, 0xA3, 0x08, 0xA3, 0x08, 0xA2, 0x08, 0x82, 0x08, 0x82, 0x08, 0x82, 0x08, 0x82, 0x08, 
0x62, 0x08, 0x62, 0x08, 0x62, 0x08, 0x62, 0x08, 0x42, 0x08, 0x42, 0x08, 0x62, 0x08, 0x62, 0x08, 
0x42, 0x08, 0x62, 0x08, 0x62, 0x08, 0x42, 0x08, 0x62, 0x08, 0x42, 0x08, 0x42, 0x08, 0x42, 0x08, 
0x62, 0x08, 0x62, 0x08, 0x62, 0x08, 0x62, 0x08, 0x62, 0x08, 0x62, 0x08, 0x62, 0x08, 0x42, 0x08, 
0x62, 0x08, 0x42, 0x08, 0x42, 0x08, 0x42, 0x08, 0x42, 0x08, 0x42, 0x08, 0x42, 0x08, 0x62, 0x08, 
0x42, 0x08, 0x42, 0x00, 0x42, 0x00, 0x42, 0x00, 0x42, 0x00, 0x42, 0x00, 0x42, 0x08, 0x42, 0x08, 
0x62, 0x08, 0x42, 0x08, 0x62, 0x08, 0x62, 0x08, 0x62, 0x08, 0x62, 0x08, 0x62, 0x08, 0x62, 0x08, 
0x62, 0x08, 0x62, 0x08, 0x62, 0x08, 0x62, 0x08, 0x62, 0x08, 0x62, 0x08, 0x62, 0x08, 0x62, 0x08, 
0x62, 0x08, 0x62, 0x08, 0x62, 0x08, 0x62, 0x08, 0x62, 0x08, 0x62, 0x08, 0x62, 0x08, 0x62, 0x08, 
0x62, 0x08, 0x62, 0x08, 0x62, 0x08, 0x62, 0x08, 0x62, 0x08, 0x62, 0x08, 0x62, 0x08, 0x62, 0x08, 
0x62, 0x08, 0x62, 0x08, 0x62, 0x08, 0x62, 0x08, 0x82, 0x08, 0x82, 0x08, 0x82, 0x08, 0x82, 0x08, 
0x82, 0x08, 0x82, 0x08, 0x82, 0x08, 0x82, 0x08, 0x83, 0x08, 0x83, 0x08, 0x83, 0x08, 0x83, 0x08, 
0x83, 0x08, 0x83, 0x08, 0x83, 0x08, 0xA3, 0x08, 0x83, 0x08, 0x83, 0x08, 0x83, 0x08, 0x83, 0x08, 
0x83, 0x08, 0x83, 0x08, 0x83, 0x08, 0xA3, 0x08, 0x83, 0x08, 0xA3, 0x10, 0xA3, 0x10, 0xA3, 0x10, 
0xA3, 0x10, 0x83, 0x10, 0xA3, 0x10, 0xA3, 0x10, 0xA3, 0x10, 0xA3, 0x10, 0xA3, 0x10, 0xA3, 0x10, 
0xA3, 0x10, 0xA3, 0x10, 0xA3, 0x10, 0xC3, 0x10, 0xA3, 0x10, 0xA3, 0x08, 0xA3, 0x08, 0xC4, 0x10, 
0xC4, 0x08, 0x6B, 0x3A, 0xD1, 0x6B, 0x4F, 0x5B, 0x2F, 0x53, 0x0E, 0x4B, 0xCD, 0x4A, 0xAC, 0x42, 
0x8C, 0x3A, 0x4B, 0x3A, 0x4A, 0x32, 0x0A, 0x32, 0x2A, 0x3A, 0x0A, 0x32, 0xE9, 0x31, 0xA8, 0x29, 
0xA8, 0x29, 0xC8, 0x29, 0xA8, 0x29, 0xA8, 0x29, 0x87, 0x29, 0x87, 0x29, 0x87, 0x21, 0x67, 0x21, 
0x67, 0x21, 0x46, 0x21, 0x46, 0x21, 0x46, 0x21, 0x26, 0x19, 0x26, 0x19, 0x05, 0x19, 0xC4, 0x10, 
0xC4, 0x10, 0xC4, 0x10, 0xC4, 0x10, 0xC4, 0x10, 0xC4, 0x10, 0xA4, 0x08, 0xA3, 0x08, 0xA3, 0x10, 
0xA3, 0x08, 0xA3, 0x08, 0xA3, 0x08, 0xA3, 0x08, 0xA3, 0x08, 0x83, 0x08, 0x83, 0x08, 0x83, 0x08, 
0x83, 0x08, 0x83, 0x08, 0x83, 0x08, 0x83, 0x08, 0x83, 0x08, 0x63, 0x08, 0x83, 0x08, 0x82, 0x08, 
0x83, 0x08, 0x82, 0x08, 0x83, 0x08, 0x82, 0x08, 0x82, 0x08, 0x82, 0x08, 0x82, 0x08, 0x82, 0x08, 
0x82, 0x08, 0x82, 0x08, 0x82, 0x08, 0x82, 0x08, 0x82, 0x08, 0x82, 0x08, 0x62, 0x08, 0x62, 0x08, 
0x83, 0x08, 0x82, 0x08, 0x82, 0x08, 0x62, 0x08, 0x62, 0x08, 0x62, 0x08, 0x62, 0x08, 0x62, 0x08, 
0x62, 0x08, 0x62, 0x08, 0x62, 0x08, 0x62, 0x08, 0x62, 0x08, 0x62, 0x08, 0x62, 0x08, 0x62, 0x08, 
0x62, 0x08, 0x62, 0x08, 0x42, 0x08, 0x42, 0x08, 0x62, 0x08, 0x82, 0x08, 0xC4, 0x10, 0x83, 0x08, 
0x83, 0x08, 0xA3, 0x10, 0xA3, 0x10, 0xA3, 0x08, 0xA3, 0x10, 0xA3, 0x10, 0xA3, 0x10, 0xA3, 0x10, 
0xA3, 0x10, 0xA3, 0x10, 0xA3, 0x10, 0xA3, 0x10, 0xA3, 0x10, 0xA4, 0x10, 0xA4, 0x10, 0xC4, 0x10, 
0xC4, 0x10, 0xC4, 0x10, 0xA3, 0x08, 0xA3, 0x08, 0x83, 0x08, 0x83, 0x08, 0x83, 0x08, 0x62, 0x08, 
0x62, 0x08, 0x83, 0x08, 0xA3, 0x10, 0x83, 0x08, 0x83, 0x08, 0xA3, 0x10, 0x83, 0x08, 0x83, 0x08, 
0x83, 0x08, 0x83, 0x08, 0x83, 0x08, 0x83, 0x08, 0x83, 0x08, 0x83, 0x08, 0x83, 0x08, 0x83, 0x08, 
0x83, 0x08, 0x83, 0x08, 0x83, 0x08, 0x62, 0x08, 0x42, 0x00, 0xA3, 0x10, 0xA3, 0x10, 0xC4, 0x10, 
0xE4, 0x18, 0xE4, 0x18, 0xE4, 0x18, 0xE4, 0x18, 0xE4, 0x18, 0xE5, 0x18, 0xE4, 0x18, 0xE4, 0x18, 
0xE4, 0x18, 0xE4, 0x18, 0xE4, 0x18, 0xE4, 0x18, 0xE4, 0x18, 0xE4, 0x18, 0xC4, 0x10, 0xC4, 0x10, 
0xC4, 0x10, 0xC4, 0x10, 0xC4, 0x10, 0xC4, 0x10, 0xC4, 0x10, 0xC4, 0x10, 0xC4, 0x10, 0xC4, 0x10, 
0xC4, 0x10, 0xC4, 0x10, 0xC4, 0x10, 0xC4, 0x10, 0xC3, 0x10, 0xC3, 0x10, 0xC3, 0x10, 0xC3, 0x10, 
0xC3, 0x10, 0xA3, 0x10, 0xA3, 0x10, 0xA3, 0x10, 0xA3, 0x10, 0xA3, 0x10, 0xA3, 0x10, 0xA3, 0x10, 
0xA3, 0x10, 0xA3, 0x10, 0xA3, 0x10, 0xA3, 0x10, 0xA3, 0x10, 0xA3, 0x10, 0xA3, 0x08, 0xA3, 0x08, 
0xA3, 0x10, 0xA3, 0x08, 0xA3, 0x08, 0xA3, 0x08, 0xA3, 0x10, 0xA3, 0x10, 0xA3, 0x08, 0xA3, 0x10, 
0x62, 0x08, 0x62, 0x08, 0x42, 0x00, 0x41, 0x00, 0x41, 0x00, 0x42, 0x00, 0x42, 0x00, 0x41, 0x00, 
0x41, 0x00, 0x62, 0x08, 0x62, 0x08, 0x42, 0x08, 0x62, 0x08, 0x62, 0x08, 0x42, 0x08, 0x62, 0x08, 
0x62, 0x08, 0x42, 0x08, 0x42, 0x08, 0x42, 0x08, 0x42, 0x08, 0x42, 0x08, 0x42, 0x08, 0x42, 0x08, 
0x42, 0x08, 0x42, 0x00, 0x42, 0x08, 0x42, 0x08, 0x42, 0x08, 0x42, 0x08, 0x42, 0x08, 0x62, 0x08, 
0x42, 0x08, 0x42, 0x08, 0x62, 0x08, 0x42, 0x08, 0x62, 0x08, 0x42, 0x08, 0x62, 0x08, 0x42, 0x08, 
0x62, 0x08, 0x62, 0x08, 0x42, 0x08, 0x42, 0x08, 0x42, 0x08, 0x62, 0x08, 0x62, 0x08, 0x62, 0x08, 
0x62, 0x08, 0x62, 0x08, 0x62, 0x08, 0x62, 0x08, 0x62, 0x08, 0x62, 0x08, 0x62, 0x08, 0x62, 0x08, 
0x62, 0x08, 0x62, 0x08, 0x62, 0x08, 0x62, 0x08, 0x62, 0x08, 0x62, 0x08, 0x62, 0x08, 0x62, 0x08, 
0x62, 0x08, 0x62, 0x08, 0x62, 0x08, 0x62, 0x08, 0x62, 0x08, 0x62, 0x08, 0x62, 0x08, 0x62, 0x08, 
0x62, 0x08, 0x62, 0x08, 0x62, 0x08, 0x62, 0x08, 0x62, 0x08, 0x83, 0x08, 0x82, 0x08, 0x83, 0x08, 
0x82, 0x08, 0x82, 0x08, 0x82, 0x08, 0x82, 0x08, 0x82, 0x08, 0x83, 0x08, 0x82, 0x08, 0x83, 0x08, 
0x83, 0x08, 0x83, 0x08, 0x83, 0x08, 0xA3, 0x08, 0x83, 0x08, 0x83, 0x08, 0x83, 0x08, 0x83, 0x08, 
0x83, 0x08, 0x83, 0x08, 0xA3, 0x10, 0xA3, 0x10, 0xA3, 0x10, 0xA3, 0x10, 0xA3, 0x10, 0xA3, 0x10, 
0xA3, 0x10, 0xA3, 0x10, 0xA3, 0x10, 0xA3, 0x10, 0xA3, 0x10, 0xA3, 0x10, 0xA3, 0x10, 0xA3, 0x10, 
0xA3, 0x10, 0xC3, 0x10, 0xC3, 0x10, 0xC3, 0x10, 0xC3, 0x10, 0xC4, 0x10, 0xE4, 0x10, 0xC4, 0x10, 
0x8C, 0x42, 0xD1, 0x63, 0x4F, 0x5B, 0x2E, 0x53, 0xEE, 0x4A, 0xCD, 0x42, 0x8C, 0x42, 0x6B, 0x3A, 
0x4B, 0x3A, 0x2A, 0x32, 0x0A, 0x32, 0x0A, 0x32, 0x0A, 0x32, 0xC8, 0x29, 0xA8, 0x21, 0xA8, 0x29, 
0xC9, 0x29, 0xC8, 0x29, 0xA8, 0x29, 0x87, 0x29, 0x87, 0x29, 0x87, 0x21, 0x67, 0x21, 0x67, 0x21, 
0x46, 0x21, 0x46, 0x21, 0x46, 0x21, 0x26, 0x19, 0x26, 0x19, 0x26, 0x19, 0xE5, 0x10, 0xC4, 0x10, 
0xC4, 0x10, 0xC4, 0x10, 0xC4, 0x10, 0xC4, 0x10, 0xC4, 0x10, 0xA3, 0x08, 0xA3, 0x10, 0xA3, 0x10, 
0xA3, 0x08, 0xA3, 0x08, 0xA3, 0x08, 0xA3, 0x08, 0x83, 0x08, 0x83, 0x08, 0x83, 0x08, 0x83, 0x08, 
0x83, 0x08, 0x83, 0x08, 0x83, 0x08, 0x82, 0x08, 0x82, 0x08, 0x82, 0x08, 0x82, 0x08, 0x82, 0x08, 
0x82, 0x08, 0x83, 0x08, 0x82, 0x08, 0x62, 0x08, 0x82, 0x08, 0x82, 0x08, 0x62, 0x08, 0x82, 0x08, 
0x62, 0x08, 0x62, 0x08, 0x62, 0x08, 0x62, 0x08, 0x63, 0x08, 0x63, 0x08, 0x62, 0x08, 0x62, 0x08, 
0x83, 0x08, 0x62, 0x08, 0x62, 0x08, 0x62, 0x08, 0x62, 0x08, 0x62, 0x08, 0x62, 0x08, 0x62, 0x08, 
0x62, 0x08, 0x62, 0x08, 0x62, 0x08, 0x62, 0x08, 0x62, 0x08, 0x62, 0x08, 0x62, 0x08, 0x42, 0x08, 
0x62, 0x08, 0x42, 0x08, 0x42, 0x08, 0x42, 0x08, 0x62, 0x08, 0x83, 0x08, 0xC4, 0x10, 0x62, 0x08, 
0x83, 0x08, 0xA3, 0x10, 0xA3, 0x10, 0xA3, 0x10, 0xA3, 0x10, 0xA3, 0x10, 0xA3, 0x10, 0xA3, 0x10, 
0xA3, 0x10, 0xA3, 0x10, 0xC3, 0x10, 0xC4, 0x10, 0xA4, 0x10, 0xC4, 0x10, 0xC4, 0x10, 0xC4, 0x10, 
0xC4, 0x10, 0xC4, 0x10, 0xA3, 0x08, 0xA3, 0x08, 0x83, 0x08, 0x83, 0x08, 0xA3, 0x08, 0x62, 0x08, 
0x62, 0x00, 0x83, 0x08, 0xA3, 0x10, 0x83, 0x08, 0x83, 0x08, 0xA3, 0x08, 0xA3, 0x08, 0x83, 0x08, 
0xA3, 0x10, 0x83, 0x08, 0x83, 0x08, 0x83, 0x08, 0x83, 0x08, 0x83, 0x08, 0x83, 0x08, 0x83, 0x08, 
0x83, 0x08, 0x83, 0x08, 0x83, 0x08, 0x62, 0x08, 0x42, 0x00, 0x83, 0x08, 0xC4, 0x10, 0xC4, 0x10, 
0x05, 0x19, 0xE4, 0x18, 0x05, 0x19, 0x05, 0x19, 0x05, 0x19, 0x05, 0x19, 0xE5, 0x18, 0xE5, 0x18, 
0xE5, 0x18, 0x04, 0x19, 0xE4, 0x18, 0xE4, 0x18, 0xE4, 0x18, 0xE4, 0x18, 0xE4, 0x18, 0xE4, 0x18, 
0xE4, 0x18, 0xE4, 0x18, 0xE4, 0x10, 0xE4, 0x18, 0xE4, 0x18, 0xE4, 0x18, 0xE4, 0x10, 0xE4, 0x10, 
0xC4, 0x10, 0xC4, 0x10, 0xC4, 0x10, 0xC4, 0x10, 0xC4, 0x10, 0xC4, 0x10, 0xC4, 0x10, 0xC4, 0x10, 
0xC4, 0x10, 0xC4, 0x10, 0xC4, 0x10, 0xC3, 0x10, 0xC3, 0x10, 0xA4, 0x10, 0xC3, 0x10, 0xC3, 0x10, 
0xA3, 0x10, 0xA3, 0x10, 0xA3, 0x10, 0xA3, 0x10, 0xA3, 0x10, 0xA3, 0x10, 0xA3, 0x10, 0xA3, 0x10, 
0xA3, 0x10, 0xA3, 0x10, 0xA3, 0x10, 0xA3, 0x10, 0xA3, 0x10, 0xA3, 0x10, 0xA3, 0x10, 0xA3, 0x10, 
0x62, 0x08, 0x62, 0x08, 0x42, 0x00, 0x42, 0x00, 0x42, 0x00, 0x42, 0x00, 0x42, 0x00, 0x41, 0x00, 
0x41, 0x00, 0x42, 0x08, 0x62, 0x08, 0x62, 0x08, 0x62, 0x08, 0x62, 0x08, 0x62, 0x08, 0x62, 0x08, 
0x62, 0x08, 0x62, 0x08, 0x42, 0x00, 0x42, 0x08, 0x42, 0x00, 0x41, 0x08, 0x41, 0x08, 0x42, 0x08, 
0x42, 0x08, 0x42, 0x08, 0x42, 0x08, 0x42, 0x08, 0x42, 0x08, 0x42, 0x08, 0x42, 0x08, 0x62, 0x08, 
0x62, 0x08, 0x62, 0x08, 0x62, 0x08, 0x62, 0x08, 0x62, 0x08, 0x62, 0x08, 0x62, 0x08, 0x62, 0x08, 
0x62, 0x08, 0x62, 0x08, 0x62, 0x08, 0x62, 0x08, 0x62, 0x08, 0x62, 0x08, 0x62, 0x08, 0x62, 0x08, 
0x62, 0x08, 0x62, 0x08, 0x62, 0x08, 0x62, 0x08, 0x62, 0x08, 0x62, 0x08, 0x62, 0x08, 0x62, 0x08, 
0x62, 0x08, 0x62, 0x08, 0x62, 0x08, 0x62, 0x08, 0x62, 0x08, 0x62, 0x08, 0x62, 0x08, 0x62, 0x08, 
0x62, 0x08, 0x62, 0x08, 0x62, 0x08, 0x62, 0x08, 0x62, 0x08, 0x62, 0x08, 0x62, 0x08, 0x62, 0x08, 
0x82, 0x08, 0x82, 0x08, 0x82, 0x08, 0x62, 0x08, 0x82, 0x08, 0x83, 0x08, 0x83, 0x08, 0x83, 0x08, 
0x82, 0x08, 0x82, 0x08, 0x83, 0x08, 0x83, 0x08, 0x83, 0x08, 0x83, 0x08, 0x83, 0x08, 0x83, 0x08, 
0x83, 0x08, 0x83, 0x08, 0x83, 0x08, 0x83, 0x08, 0xA3, 0x10, 0x83, 0x10, 0xA3, 0x10, 0xA3, 0x10, 
0xA3, 0x08, 0xA3, 0x10, 0xA3, 0x10, 0xA3, 0x10, 0xA3, 0x10, 0xA3, 0x10, 0xA3, 0x10, 0xA3, 0x10, 
0xA3, 0x10, 0xA3, 0x10, 0xA4, 0x10, 0xA3, 0x10, 0xA4, 0x10, 0xC4, 0x10, 0xA4, 0x10, 0xA4, 0x10, 
0xA4, 0x10, 0xC4, 0x10, 0xC4, 0x10, 0xC4, 0x10, 0xE4, 0x10, 0xE4, 0x10, 0x05, 0x11, 0x0D, 0x53, 
0xB1, 0x63, 0x2F, 0x53, 0x2F, 0x4B, 0xEE, 0x4A, 0xAD, 0x42, 0x6C, 0x3A, 0x6B, 0x3A, 0x4B, 0x3A, 
0x2A, 0x32, 0x0A, 0x32, 0xE9, 0x31, 0xC9, 0x29, 0xA8, 0x29, 0xA8, 0x29, 0xC8, 0x29, 0xC8, 0x29, 
0xC8, 0x29, 0xA8, 0x29, 0x88, 0x29, 0x88, 0x29, 0x67, 0x21, 0x67, 0x21, 0x67, 0x21, 0x46, 0x21, 
0x46, 0x21, 0x26, 0x19, 0x26, 0x19, 0x26, 0x19, 0x25, 0x19, 0x05, 0x19, 0xE4, 0x10, 0xC4, 0x10, 
0xC4, 0x10, 0xC4, 0x10, 0xC4, 0x10, 0xC4, 0x10, 0xA3, 0x10, 0xA3, 0x10, 0xA3, 0x10, 0xA3, 0x10, 
0xA3, 0x08, 0xA3, 0x08, 0x83, 0x08, 0x83, 0x08, 0xA3, 0x08, 0x83, 0x08, 0x83, 0x08, 0x83, 0x08, 
0x83, 0x08, 0x83, 0x08, 0x83, 0x08, 0x82, 0x08, 0x82, 0x08, 0x82, 0x08, 0x82, 0x08, 0x82, 0x08, 
0x82, 0x08, 0x82, 0x08, 0x82, 0x08, 0x62, 0x08, 0x82, 0x08, 0x82, 0x08, 0x62, 0x08, 0x82, 0x08, 
0x82, 0x08, 0x62, 0x08, 0x62, 0x08, 0x62, 0x08, 0x62, 0x08, 0x62, 0x08, 0x62, 0x08, 0x62, 0x08, 
0x62, 0x08, 0x62, 0x08, 0x62, 0x08, 0x62, 0x08, 0x62, 0x08, 0x62, 0x08, 0x62, 0x08, 0x62, 0x08, 
0x62, 0x08, 0x62, 0x08, 0x62, 0x08, 0x62, 0x08, 0x62, 0x00, 0x62, 0x08, 0x62, 0x00, 0x42, 0x08, 
0x62, 0x08, 0x42, 0x08, 0x42, 0x00, 0x62, 0x08, 0x62, 0x08, 0xC4, 0x10, 0xC4, 0x10, 0x63, 0x08, 
0x83, 0x08, 0xC4, 0x10, 0xA3, 0x10, 0xA4, 0x10, 0xA4, 0x10, 0xC3, 0x10, 0xC4, 0x10, 0xC4, 0x10, 
0xC4, 0x10, 0xC4, 0x10, 0xC4, 0x10, 0xC4, 0x10, 0xC4, 0x10, 0xC4, 0x10, 0xC4, 0x10, 0xC4, 0x10, 
0xE4, 0x10, 0xE4, 0x10, 0xC4, 0x10, 0xA3, 0x08, 0xA3, 0x10, 0xA3, 0x10, 0xA3, 0x10, 0x62, 0x08, 
0x42, 0x00, 0x83, 0x08, 0xA3, 0x10, 0xA3, 0x08, 0x83, 0x08, 0x83, 0x10, 0xA3, 0x10, 0x83, 0x08, 
0xA3, 0x10, 0xA3, 0x10, 0xA3, 0x08, 0x83, 0x08, 0x83, 0x08, 0x83, 0x08, 0x83, 0x08, 0xA3, 0x08, 
0x83, 0x08, 0x83, 0x08, 0x83, 0x08, 0x83, 0x08, 0x42, 0x00, 0x62, 0x08, 0xC4, 0x10, 0xA4, 0x10, 
0x05, 0x19, 0x05, 0x19, 0x05, 0x19, 0x05, 0x19, 0x05, 0x19, 0x05, 0x19, 0x05, 0x19, 0x05, 0x19, 
0x05, 0x19, 0x05, 0x19, 0x05, 0x19, 0x05, 0x19, 0x05, 0x19, 0x05, 0x19, 0xE5, 0x18, 0xE5, 0x18, 
0xE4, 0x18, 0xE4, 0x18, 0xE4, 0x18, 0xE4, 0x18, 0xE4, 0x18, 0xE4, 0x18, 0xE4, 0x10, 0xE4, 0x10, 
0xE4, 0x10, 0xE4, 0x10, 0xC4, 0x10, 0xC4, 0x10, 0xC4, 0x10, 0xC4, 0x10, 0xC4, 0x10, 0xC4, 0x10, 
0xC4, 0x10, 0xC4, 0x10, 0xC4, 0x10, 0xC4, 0x10, 0xC4, 0x10, 0xC4, 0x10, 0xC4, 0x10, 0xC4, 0x10, 
0xC4, 0x10, 0xC4, 0x10, 0xC4, 0x10, 0xA4, 0x10, 0xC4, 0x10, 0xC4, 0x10, 0xC4, 0x10, 0xC3, 0x10, 
0xA3, 0x10, 0xA3, 0x10, 0xA3, 0x10, 0xA3, 0x10, 0xA3, 0x10, 0xA3, 0x10, 0xA3, 0x10, 0xA4, 0x10, 
0x62, 0x08, 0x62, 0x08, 0x42, 0x08, 0x42, 0x08, 0x42, 0x08, 0x41, 0x00, 0x41, 0x08, 0x41, 0x08, 
0x41, 0x00, 0x62, 0x08, 0x62, 0x08, 0x62, 0x08, 0x62, 0x08, 0x62, 0x08, 0x62, 0x08, 0x62, 0x08, 
0x62, 0x08, 0x42, 0x08, 0x42, 0x00, 0x42, 0x08, 0x42, 0x00, 0x42, 0x00, 0x42, 0x08, 0x42, 0x08, 
0x42, 0x08, 0x42, 0x08, 0x42, 0x08, 0x42, 0x08, 0x42, 0x00, 0x42, 0x08, 0x62, 0x08, 0x62, 0x08, 
0x42, 0x08, 0x62, 0x08, 0x62, 0x08, 0x62, 0x08, 0x62, 0x08, 0x62, 0x08, 0x62, 0x08, 0x62, 0x08, 
0x62, 0x08, 0x62, 0x08, 0x62, 0x08, 0x62, 0x08, 0x62, 0x08, 0x62, 0x08, 0x82, 0x08, 0x82, 0x08, 
0x82, 0x08, 0x82, 0x08, 0x82, 0x08, 0x62, 0x08, 0x62, 0x08, 0x62, 0x08, 0x62, 0x08, 0x62, 0x08, 
0x62, 0x08, 0x62, 0x08, 0x62, 0x08, 0x62, 0x08, 0x62, 0x08, 0x62, 0x08, 0x62, 0x08, 0x62, 0x08, 
0x62, 0x08, 0x62, 0x08, 0x62, 0x08, 0x62, 0x08, 0x82, 0x08, 0x62, 0x08, 0x82, 0x08, 0x82, 0x08, 
0x82, 0x08, 0x82, 0x08, 0x83, 0x08, 0x82, 0x08, 0x82, 0x08, 0x82, 0x08, 0x82, 0x08, 0x83, 0x08, 
0x83, 0x08, 0xA3, 0x08, 0xA3, 0x08, 0x83, 0x08, 0x83, 0x08, 0x83, 0x08, 0x83, 0x08, 0x83, 0x10, 
0x83, 0x08, 0x83, 0x08, 0xA3, 0x10, 0x83, 0x08, 0x83, 0x10, 0xA3, 0x10, 0xA3, 0x10, 0xA3, 0x10, 
0xA3, 0x10, 0xA3, 0x10, 0xA3, 0x10, 0xA3, 0x10, 0xA3, 0x10, 0xA3, 0x10, 0xA3, 0x10, 0xA3, 0x10, 
0xA3, 0x10, 0xA3, 0x10, 0xA3, 0x10, 0xA3, 0x10, 0xA4, 0x10, 0xC4, 0x10, 0xC4, 0x10, 0xC4, 0x10, 
0xC4, 0x10, 0xC4, 0x10, 0xC4, 0x10, 0x05, 0x19, 0xE5, 0x10, 0x67, 0x21, 0x6F, 0x5B, 0xD1, 0x63, 
0x2F, 0x53, 0x0E, 0x53, 0xEE, 0x4A, 0xAC, 0x42, 0x6C, 0x3A, 0x4B, 0x32, 0x4A, 0x3A, 0x2A, 0x3A, 
0x0A, 0x32, 0xE9, 0x31, 0xC9, 0x29, 0xA8, 0x29, 0xA8, 0x29, 0xC8, 0x29, 0xC8, 0x29, 0xA8, 0x29, 
0xA8, 0x29, 0xA8, 0x29, 0x88, 0x29, 0x87, 0x21, 0x67, 0x21, 0x67, 0x21, 0x67, 0x21, 0x46, 0x21, 
0x46, 0x19, 0x26, 0x19, 0x25, 0x19, 0x05, 0x19, 0x05, 0x19, 0x05, 0x19, 0xC4, 0x10, 0xC4, 0x10, 
0xC4, 0x10, 0xC4, 0x10, 0xC4, 0x10, 0xC4, 0x10, 0xA3, 0x10, 0xA3, 0x10, 0xA3, 0x10, 0xA3, 0x10, 
0x83, 0x10, 0xA3, 0x08, 0x83, 0x08, 0x83, 0x08, 0x83, 0x08, 0x83, 0x08, 0x83, 0x08, 0x83, 0x08, 
0x83, 0x08, 0x82, 0x08, 0x82, 0x08, 0x83, 0x08, 0x82, 0x08, 0x82, 0x08, 0x82, 0x08, 0x82, 0x08, 
0x62, 0x08, 0x62, 0x08, 0x62, 0x08, 0x62, 0x08, 0x82, 0x08, 0x62, 0x08, 0x62, 0x08, 0x62, 0x08, 
0x62, 0x08, 0x62, 0x08, 0x62, 0x08, 0x62, 0x08, 0x62, 0x08, 0x62, 0x08, 0x62, 0x08, 0x62, 0x08, 
0x62, 0x08, 0x62, 0x08, 0x63, 0x08, 0x62, 0x08, 0x62, 0x08, 0x62, 0x08, 0x62, 0x08, 0x62, 0x08, 
0x62, 0x08, 0x62, 0x08, 0x62, 0x08, 0x62, 0x08, 0x62, 0x08, 0x62, 0x08, 0x62, 0x08, 0x42, 0x08, 
0x42, 0x00, 0x42, 0x08, 0x42, 0x08, 0x62, 0x08, 0x83, 0x08, 0xE5, 0x10, 0xA3, 0x10, 0x83, 0x08, 
0x83, 0x08, 0xC4, 0x10, 0xC4, 0x10, 0xC4, 0x10, 0xC3, 0x10, 0xA3, 0x08, 0x83, 0x08, 0x83, 0x08, 
0x82, 0x08, 0x82, 0x08, 0x82, 0x08, 0x62, 0x08, 0x62, 0x08, 0x62, 0x08, 0x62, 0x08, 0x62, 0x08, 
0x62, 0x08, 0x83, 0x08, 0x83, 0x08, 0x82, 0x08, 0x83, 0x08, 0x83, 0x08, 0xC4, 0x10, 0x83, 0x08, 
0x41, 0x00, 0x83, 0x08, 0xA4, 0x10, 0xA3, 0x10, 0x83, 0x08, 0xA3, 0x10, 0xA3, 0x10, 0x83, 0x08, 
0xA3, 0x08, 0xA3, 0x10, 0xA3, 0x08, 0x83, 0x08, 0x83, 0x08, 0x83, 0x08, 0x83, 0x08, 0x83, 0x08, 
0xA3, 0x08, 0xA3, 0x08, 0xA3, 0x08, 0xA3, 0x10, 0x62, 0x08, 0x42, 0x00, 0xC4, 0x10, 0xC4, 0x10, 
0x05, 0x19, 0x25, 0x19, 0x05, 0x19, 0x05, 0x19, 0x25, 0x19, 0x05, 0x19, 0x05, 0x19, 0x05, 0x19, 
0x05, 0x19, 0x05, 0x19, 0x05, 0x19, 0x05, 0x19, 0x05, 0x19, 0x05, 0x19, 0x05, 0x19, 0x05, 0x19, 
0x05, 0x19, 0xE4, 0x18, 0x04, 0x19, 0xE4, 0x18, 0x05, 0x19, 0xE5, 0x18, 0xE4, 0x18, 0xE4, 0x18, 
0xE4, 0x18, 0xE4, 0x10, 0xE4, 0x10, 0xE4, 0x10, 0xE4, 0x10, 0xE4, 0x10, 0xC4, 0x18, 0xE4, 0x10, 
0xC4, 0x10, 0xC4, 0x18, 0xC4, 0x10, 0xC4, 0x10, 0xC4, 0x10, 0xC4, 0x10, 0xC4, 0x10, 0xC4, 0x10, 
0xC4, 0x10, 0xC4, 0x10, 0xC4, 0x10, 0xC4, 0x10, 0xC4, 0x10, 0xC4, 0x10, 0xC4, 0x10, 0xC3, 0x10, 
0xC3, 0x10, 0xC3, 0x10, 0xC3, 0x10, 0xC3, 0x10, 0xC4, 0x10, 0xC4, 0x10, 0xC4, 0x10, 0xA4, 0x10, 
0x62, 0x08, 0x62, 0x08, 0x62, 0x08, 0x42, 0x08, 0x42, 0x08, 0x42, 0x08, 0x42, 0x08, 0x42, 0x08, 
0x41, 0x08, 0x62, 0x08, 0x62, 0x08, 0x62, 0x08, 0x62, 0x08, 0x62, 0x08, 0x62, 0x08, 0x62, 0x08, 
0x62, 0x08, 0x62, 0x08, 0x62, 0x08, 0x42, 0x08, 0x42, 0x08, 0x42, 0x08, 0x42, 0x00, 0x42, 0x08, 
0x42, 0x08, 0x42, 0x08, 0x42, 0x08, 0x42, 0x08, 0x62, 0x08, 0x62, 0x08, 0x62, 0x08, 0x62, 0x08, 
0x62, 0x08, 0x62, 0x08, 0x62, 0x08, 0x62, 0x08, 0x62, 0x08, 0x62, 0x08, 0x62, 0x08, 0x62, 0x08, 
0x62, 0x08, 0x62, 0x08, 0x62, 0x08, 0x62, 0x08, 0x62, 0x08, 0x62, 0x08, 0x62, 0x08, 0x82, 0x08, 
0x62, 0x08, 0x62, 0x08, 0x62, 0x08, 0x62, 0x08, 0x82, 0x08, 0x62, 0x08, 0x62, 0x08, 0x62, 0x08, 
0x62, 0x08, 0x62, 0x08, 0x62, 0x08, 0x62, 0x08, 0x62, 0x08, 0x62, 0x08, 0x62, 0x08, 0x62, 0x08, 
0x62, 0x08, 0x62, 0x08, 0x62, 0x08, 0x62, 0x08, 0x62, 0x08, 0x62, 0x08, 0x62, 0x08, 0x62, 0x08, 
0x82, 0x08, 0x82, 0x08, 0x82, 0x08, 0x82, 0x08, 0x83, 0x08, 0x83, 0x08, 0x82, 0x08, 0x83, 0x08, 
0xA3, 0x08, 0x83, 0x08, 0xA3, 0x08, 0xA3, 0x08, 0x83, 0x08, 0xA3, 0x08, 0xA3, 0x08, 0x83, 0x08, 
0xA3, 0x10, 0xA3, 0x10, 0xA3, 0x10, 0xA3, 0x10, 0xA3, 0x10, 0xA3, 0x08, 0xA3, 0x10, 0xA3, 0x10, 
0xA3, 0x10, 0xA3, 0x10, 0xC3, 0x10, 0xC3, 0x10, 0xA3, 0x10, 0xA3, 0x10, 0xA3, 0x10, 0xA3, 0x10, 
0xA3, 0x10, 0xA3, 0x10, 0xC3, 0x10, 0xA4, 0x10, 0xA4, 0x10, 0xC4, 0x10, 0xC4, 0x10, 0xC4, 0x10, 
0xC4, 0x10, 0xC4, 0x10, 0x05, 0x19, 0xC4, 0x10, 0x67, 0x21, 0xD1, 0x63, 0xD1, 0x6B, 0x4F, 0x53, 
0x0E, 0x53, 0xED, 0x4A, 0xAD, 0x42, 0x6C, 0x3A, 0x4B, 0x3A, 0x2A, 0x32, 0x2A, 0x32, 0x2A, 0x3A, 
0x0A, 0x32, 0xE9, 0x31, 0xE9, 0x31, 0xE9, 0x31, 0xC8, 0x29, 0xC8, 0x29, 0xA8, 0x29, 0x88, 0x29, 
0x87, 0x29, 0x87, 0x21, 0x67, 0x21, 0x67, 0x21, 0x67, 0x21, 0x67, 0x21, 0x46, 0x21, 0x46, 0x21, 
0x26, 0x19, 0x26, 0x19, 0x25, 0x19, 0x25, 0x19, 0x25, 0x19, 0xE5, 0x18, 0xC4, 0x10, 0xC4, 0x10, 
0xC4, 0x10, 0xC4, 0x10, 0xC4, 0x10, 0xC4, 0x10, 0xC3, 0x10, 0xA3, 0x10, 0xA3, 0x10, 0xA3, 0x08, 
0x83, 0x10, 0x83, 0x08, 0x83, 0x08, 0x83, 0x08, 0x83, 0x08, 0x83, 0x08, 0x83, 0x08, 0x83, 0x08, 
0x83, 0x08, 0x83, 0x08, 0x83, 0x08, 0x63, 0x08, 0x82, 0x08, 0x82, 0x08, 0x82, 0x08, 0x82, 0x08, 
0x62, 0x08, 0x62, 0x08, 0x82, 0x08, 0x62, 0x08, 0x82, 0x08, 0x82, 0x08, 0x82, 0x08, 0x62, 0x08, 
0x62, 0x08, 0x62, 0x08, 0x62, 0x08, 0x62, 0x08, 0x62, 0x08, 0x62, 0x08, 0x62, 0x08, 0x62, 0x08, 
0x62, 0x08, 0x62, 0x08, 0x63, 0x08, 0x62, 0x08, 0x62, 0x08, 0x62, 0x08, 0x62, 0x08, 0x62, 0x08, 
0x62, 0x08, 0x42, 0x08, 0x41, 0x08, 0x62, 0x08, 0x62, 0x08, 0x62, 0x08, 0x62, 0x08, 0x42, 0x08, 
0x42, 0x00, 0x42, 0x08, 0x42, 0x08, 0x62, 0x08, 0xA3, 0x10, 0xE4, 0x18, 0x62, 0x08, 0xA3, 0x08, 
0xA3, 0x08, 0xC4, 0x10, 0xE5, 0x18, 0xA3, 0x10, 0x62, 0x08, 0x42, 0x08, 0x42, 0x08, 0x42, 0x00, 
0x42, 0x08, 0x42, 0x08, 0x42, 0x00, 0x42, 0x08, 0x42, 0x08, 0x42, 0x08, 0x42, 0x08, 0x62, 0x08, 
0x42, 0x08, 0x42, 0x08, 0x42, 0x08, 0x42, 0x08, 0x62, 0x08, 0x42, 0x08, 0x63, 0x08, 0xE5, 0x10, 
0x42, 0x00, 0x62, 0x08, 0xA4, 0x10, 0xA4, 0x10, 0x83, 0x08, 0x83, 0x08, 0xA3, 0x10, 0x83, 0x10, 
0xA3, 0x08, 0xA3, 0x10, 0xA3, 0x10, 0xA3, 0x10, 0xA3, 0x08, 0xA3, 0x08, 0xA3, 0x10, 0xA3, 0x10, 
0xA3, 0x08, 0xA3, 0x08, 0xA3, 0x10, 0xA3, 0x10, 0x62, 0x08, 0x42, 0x00, 0x83, 0x08, 0xC4, 0x10, 
0xC4, 0x10, 0x26, 0x21, 0x25, 0x19, 0x25, 0x19, 0x25, 0x19, 0x25, 0x19, 0x25, 0x19, 0x25, 0x19, 
0x25, 0x19, 0x25, 0x19, 0x25, 0x19, 0x25, 0x19, 0x25, 0x19, 0x25, 0x19, 0x25, 0x19, 0x25, 0x19, 
0x05, 0x19, 0x05, 0x19, 0x05, 0x19, 0x05, 0x19, 0x05, 0x19, 0x05, 0x19, 0x05, 0x19, 0x05, 0x19, 
0xE4, 0x18, 0xE4, 0x18, 0x04, 0x19, 0xE4, 0x18, 0xE4, 0x18, 0xE4, 0x18, 0xE4, 0x18, 0xE4, 0x18, 
0xE4, 0x18, 0xE4, 0x18, 0xE4, 0x18, 0xE4, 0x10, 0xE4, 0x10, 0xE4, 0x10, 0xE4, 0x10, 0xE4, 0x10, 
0xE4, 0x10, 0xE4, 0x10, 0xE4, 0x10, 0xC4, 0x10, 0xC4, 0x10, 0xC4, 0x10, 0xC4, 0x10, 0xC4, 0x10, 
0xC4, 0x10, 0xC4, 0x10, 0xC3, 0x10, 0xC3, 0x10, 0xC4, 0x10, 0xC4, 0x10, 0xC4, 0x10, 0xC4, 0x10, 
0x42, 0x08, 0x42, 0x08, 0x62, 0x08, 0x42, 0x08, 0x42, 0x00, 0x41, 0x00, 0x41, 0x00, 0x41, 0x00, 
0x41, 0x00, 0x42, 0x08, 0x62, 0x08, 0x62, 0x08, 0x62, 0x08, 0x62, 0x08, 0x62, 0x08, 0x62, 0x08, 
0x62, 0x08, 0x62, 0x08, 0x62, 0x08, 0x62, 0x08, 0x62, 0x08, 0x62, 0x08, 0x62, 0x08, 0x62, 0x08, 
0x62, 0x08, 0x62, 0x08, 0x62, 0x08, 0x62, 0x08, 0x62, 0x08, 0x62, 0x08, 0x62, 0x08, 0x62, 0x08, 
0x62, 0x08, 0x62, 0x08, 0x62, 0x08, 0x42, 0x08, 0x62, 0x08, 0x62, 0x08, 0x62, 0x08, 0x62, 0x08, 
0x62, 0x08, 0x62, 0x08, 0x62, 0x08, 0x62, 0x08, 0x62, 0x08, 0x62, 0x08, 0x62, 0x08, 0x62, 0x08, 
0x62, 0x08, 0x62, 0x08, 0x62, 0x08, 0x62, 0x08, 0x62, 0x08, 0x62, 0x08, 0x62, 0x08, 0x62, 0x08, 
0x62, 0x08, 0x62, 0x08, 0x62, 0x08, 0x62, 0x08, 0x62, 0x08, 0x62, 0x08, 0x62, 0x08, 0x62, 0x08, 
0x62, 0x08, 0x62, 0x08, 0x82, 0x08, 0x62, 0x08, 0x82, 0x08, 0x82, 0x08, 0x62, 0x08, 0x62, 0x08, 
0x82, 0x08, 0x62, 0x08, 0x82, 0x08, 0x62, 0x08, 0x82, 0x08, 0x82, 0x08, 0x82, 0x08, 0x82, 0x08, 
0x83, 0x08, 0x83, 0x08, 0xA3, 0x08, 0xA3, 0x10, 0xA3, 0x10, 0xA3, 0x10, 0xA3, 0x10, 0xA3, 0x10, 
0xA3, 0x10, 0xA3, 0x10, 0xA3, 0x10, 0xA3, 0x10, 0xA3, 0x10, 0xC3, 0x10, 0xC3, 0x10, 0xC4, 0x10, 
0xC4, 0x10, 0xC4, 0x10, 0xC4, 0x10, 0xC4, 0x10, 0xC4, 0x10, 0xC4, 0x10, 0xC4, 0x10, 0xC3, 0x10, 
0xA4, 0x10, 0xA3, 0x10, 0xA3, 0x10, 0xA4, 0x10, 0xC4, 0x10, 0xC4, 0x10, 0xC4, 0x10, 0xC4, 0x10, 
0xC4, 0x10, 0x05, 0x19, 0xE4, 0x10, 0x88, 0x21, 0xD1, 0x6B, 0xB1, 0x63, 0x4F, 0x53, 0x0E, 0x53, 
0xCD, 0x4A, 0xAC, 0x42, 0x8C, 0x42, 0x4B, 0x3A, 0x4B, 0x32, 0x4B, 0x3A, 0x2A, 0x3A, 0x0A, 0x32, 
0x09, 0x32, 0xE9, 0x31, 0xE9, 0x31, 0xC9, 0x31, 0xC8, 0x29, 0xA8, 0x29, 0xA8, 0x29, 0x87, 0x29, 
0x87, 0x29, 0x87, 0x21, 0x67, 0x21, 0x67, 0x21, 0x67, 0x21, 0x67, 0x21, 0x67, 0x21, 0x46, 0x21, 
0x26, 0x19, 0x05, 0x19, 0x05, 0x19, 0x05, 0x19, 0xE5, 0x18, 0xC4, 0x10, 0xA3, 0x10, 0xA3, 0x08, 
0xA3, 0x08, 0xA3, 0x08, 0xA3, 0x08, 0xA4, 0x08, 0xA3, 0x08, 0xA3, 0x08, 0x83, 0x08, 0x83, 0x08, 
0x83, 0x08, 0x83, 0x08, 0x83, 0x08, 0x83, 0x08, 0x63, 0x08, 0x63, 0x08, 0x63, 0x08, 0x63, 0x08, 
0x63, 0x08, 0x63, 0x08, 0x63, 0x08, 0x62, 0x08, 0x62, 0x08, 0x62, 0x08, 0x62, 0x08, 0x62, 0x08, 
0x62, 0x08, 0x62, 0x08, 0x62, 0x08, 0x62, 0x08, 0x62, 0x08, 0x62, 0x08, 0x62, 0x08, 0x62, 0x08, 
0x62, 0x08, 0x62, 0x08, 0x62, 0x08, 0x62, 0x08, 0x62, 0x08, 0x62, 0x08, 0x62, 0x08, 0x62, 0x08, 
0x62, 0x08, 0x62, 0x08, 0x62, 0x08, 0x62, 0x08, 0x62, 0x08, 0x62, 0x08, 0x62, 0x08, 0x62, 0x08, 
0x62, 0x08, 0x62, 0x08, 0x62, 0x08, 0x62, 0x08, 0x62, 0x08, 0x42, 0x08, 0x62, 0x08, 0x62, 0x08, 
0x42, 0x08, 0x62, 0x08, 0x42, 0x00, 0x62, 0x08, 0xA3, 0x10, 0xC4, 0x18, 0x62, 0x08, 0xA3, 0x08, 
0xA3, 0x08, 0xA4, 0x08, 0xE4, 0x10, 0x62, 0x08, 0x62, 0x08, 0x62, 0x08, 0x62, 0x08, 0x62, 0x08, 
0x62, 0x08, 0x62, 0x08, 0x62, 0x08, 0x62, 0x08, 0x42, 0x08, 0x62, 0x08, 0x42, 0x08, 0x41, 0x08, 
0x41, 0x08, 0x42, 0x08, 0x42, 0x08, 0x42, 0x08, 0x42, 0x08, 0x62, 0x08, 0x42, 0x00, 0xE5, 0x10, 
0x63, 0x08, 0x42, 0x00, 0xA4, 0x10, 0xC4, 0x10, 0xA3, 0x10, 0x83, 0x08, 0xA3, 0x10, 0xA3, 0x10, 
0xA3, 0x10, 0xA3, 0x10, 0xA3, 0x10, 0xA3, 0x10, 0xA3, 0x10, 0xA3, 0x10, 0xA3, 0x10, 0xA3, 0x10, 
0xA3, 0x10, 0xA3, 0x10, 0xA3, 0x10, 0xA3, 0x10, 0x83, 0x10, 0x41, 0x00, 0x62, 0x08, 0xC4, 0x10, 
0xC4, 0x10, 0x26, 0x21, 0x46, 0x21, 0x46, 0x21, 0x26, 0x21, 0x46, 0x21, 0x46, 0x21, 0x26, 0x21, 
0x26, 0x21, 0x26, 0x21, 0x26, 0x19, 0x26, 0x19, 0x25, 0x19, 0x25, 0x19, 0x25, 0x19, 0x25, 0x19, 
0x25, 0x19, 0x25, 0x19, 0x25, 0x19, 0x05, 0x19, 0x05, 0x19, 0x05, 0x19, 0x05, 0x19, 0x05, 0x19, 
0x05, 0x19, 0x05, 0x19, 0x05, 0x19, 0x05, 0x19, 0x05, 0x19, 0x05, 0x19, 0x05, 0x19, 0x05, 0x19, 
0x04, 0x19, 0x04, 0x19, 0x04, 0x19, 0x04, 0x19, 0xE4, 0x18, 0xE4, 0x18, 0xE4, 0x18, 0xE4, 0x18, 
0xE4, 0x18, 0xE4, 0x18, 0xE4, 0x18, 0xE4, 0x18, 0xE4, 0x10, 0xE4, 0x10, 0xE4, 0x10, 0xE4, 0x10, 
0xE4, 0x10, 0xE4, 0x10, 0xE4, 0x10, 0xE4, 0x10, 0xC4, 0x10, 0xE4, 0x10, 0xE4, 0x10, 0xE4, 0x10, 
0x42, 0x08, 0x42, 0x08, 0x42, 0x08, 0x41, 0x00, 0x41, 0x00, 0x41, 0x00, 0x41, 0x00, 0x41, 0x00, 
0x41, 0x00, 0x42, 0x08, 0x62, 0x08, 0x62, 0x08, 0x62, 0x08, 0x62, 0x08, 0x62, 0x08, 0x62, 0x08, 
0x62, 0x08, 0x62, 0x08, 0x62, 0x08, 0x62, 0x08, 0x62, 0x08, 0x62, 0x08, 0x62, 0x08, 0x62, 0x08, 
0x62, 0x08, 0x62, 0x08, 0x62, 0x08, 0x62, 0x08, 0x62, 0x08, 0x62, 0x08, 0x62, 0x08, 0x62, 0x08, 
0x62, 0x08, 0x62, 0x08, 0x62, 0x08, 0x62, 0x08, 0x62, 0x08, 0x62, 0x08, 0x62, 0x08, 0x62, 0x08, 
0x62, 0x08, 0x62, 0x08, 0x62, 0x08, 0x62, 0x08, 0x62, 0x08, 0x62, 0x08, 0x62, 0x08, 0x62, 0x08, 
0x62, 0x08, 0x62, 0x08, 0x62, 0x08, 0x62, 0x08, 0x62, 0x08, 0x62, 0x08, 0x62, 0x08, 0x82, 0x08, 
0x62, 0x08, 0x62, 0x08, 0x62, 0x08, 0x62, 0x08, 0x82, 0x08, 0x62, 0x08, 0x62, 0x08, 0x62, 0x08, 
0x62, 0x08, 0x82, 0x08, 0x82, 0x08, 0x82, 0x08, 0x83, 0x08, 0x83, 0x08, 0x83, 0x08, 0x83, 0x08, 
0x83, 0x08, 0x83, 0x08, 0x83, 0x08, 0x83, 0x08, 0x83, 0x08, 0x83, 0x08, 0x83, 0x08, 0x83, 0x08, 
0x82, 0x08, 0x83, 0x10, 0xA3, 0x10, 0xA3, 0x10, 0x83, 0x10, 0xA3, 0x10, 0xA3, 0x10, 0xA3, 0x10, 
0xA3, 0x10, 0xA3, 0x10, 0xA3, 0x10, 0xA3, 0x10, 0xC3, 0x10, 0xC3, 0x10, 0xC4, 0x10, 0xC4, 0x10, 
0xC4, 0x10, 0xC4, 0x10, 0xC4, 0x10, 0xC4, 0x10, 0xC4, 0x10, 0xC4, 0x10, 0xC4, 0x10, 0xC4, 0x10, 
0xC4, 0x10, 0xC4, 0x10, 0xC4, 0x10, 0xC4, 0x10, 0xC4, 0x10, 0xC4, 0x10, 0xC4, 0x10, 0xC4, 0x10, 
0x05, 0x19, 0xC4, 0x10, 0xC9, 0x29, 0x12, 0x74, 0xF1, 0x6B, 0x6F, 0x5B, 0x4F, 0x5B, 0x0E, 0x53, 
0xCD, 0x4A, 0x8C, 0x42, 0x4B, 0x3A, 0x0A, 0x32, 0xE9, 0x29, 0xE9, 0x31, 0xC9, 0x29, 0xA8, 0x21, 
0x87, 0x21, 0x67, 0x21, 0x67, 0x21, 0x67, 0x21, 0x46, 0x21, 0x46, 0x21, 0x46, 0x21, 0x26, 0x19, 
0x06, 0x19, 0x26, 0x19, 0x26, 0x19, 0x26, 0x19, 0x26, 0x19, 0x05, 0x11, 0x06, 0x11, 0x06, 0x11, 
0x05, 0x11, 0x05, 0x11, 0x05, 0x19, 0x05, 0x19, 0xE5, 0x10, 0xE5, 0x10, 0xE4, 0x10, 0xE4, 0x10, 
0xE5, 0x10, 0xE5, 0x10, 0xE4, 0x10, 0xC4, 0x10, 0xC4, 0x10, 0xA4, 0x08, 0x83, 0x08, 0x83, 0x08, 
0xA3, 0x08, 0x83, 0x08, 0xA3, 0x08, 0xA3, 0x08, 0xA3, 0x08, 0xA3, 0x08, 0xA3, 0x08, 0xA4, 0x08, 
0xA3, 0x08, 0xA3, 0x08, 0x83, 0x08, 0x83, 0x08, 0x83, 0x08, 0x83, 0x08, 0x83, 0x08, 0x83, 0x08, 
0x63, 0x08, 0x62, 0x08, 0x62, 0x08, 0x82, 0x08, 0x82, 0x08, 0x82, 0x08, 0x82, 0x08, 0x82, 0x08, 
0x83, 0x08, 0x82, 0x08, 0x83, 0x08, 0x83, 0x08, 0x83, 0x08, 0x83, 0x08, 0x83, 0x08, 0x83, 0x08, 
0x83, 0x08, 0x83, 0x08, 0x83, 0x08, 0x83, 0x08, 0x83, 0x08, 0x83, 0x08, 0x83, 0x08, 0x83, 0x08, 
0x82, 0x08, 0x62, 0x08, 0x83, 0x08, 0x83, 0x08, 0x83, 0x08, 0x83, 0x08, 0x83, 0x08, 0x83, 0x08, 
0x82, 0x08, 0x63, 0x08, 0x62, 0x08, 0x83, 0x08, 0x83, 0x08, 0xA3, 0x10, 0x62, 0x08, 0x83, 0x08, 
0xA3, 0x08, 0xA3, 0x08, 0xC4, 0x10, 0x62, 0x08, 0x42, 0x08, 0x42, 0x08, 0x42, 0x08, 0x62, 0x08, 
0x62, 0x08, 0x62, 0x08, 0x42, 0x08, 0x42, 0x08, 0x42, 0x08, 0x42, 0x08, 0x41, 0x08, 0x41, 0x08, 
0x42, 0x08, 0x42, 0x08, 0x42, 0x08, 0x62, 0x08, 0x62, 0x08, 0x42, 0x08, 0x42, 0x00, 0xE4, 0x10, 
0xA3, 0x08, 0x42, 0x00, 0x83, 0x08, 0xC4, 0x10, 0xC4, 0x10, 0x83, 0x08, 0xA3, 0x10, 0xA3, 0x10, 
0xA3, 0x10, 0xA3, 0x10, 0xA3, 0x10, 0xA3, 0x10, 0xA3, 0x10, 0xA3, 0x10, 0xA3, 0x10, 0xA3, 0x10, 
0xA3, 0x10, 0xA3, 0x10, 0xA3, 0x10, 0xA3, 0x10, 0x83, 0x10, 0x42, 0x08, 0x42, 0x00, 0xC4, 0x10, 
0xC4, 0x10, 0x05, 0x19, 0x66, 0x21, 0x46, 0x21, 0x46, 0x21, 0x46, 0x21, 0x46, 0x21, 0x46, 0x21, 
0x46, 0x21, 0x46, 0x21, 0x46, 0x21, 0x26, 0x21, 0x46, 0x21, 0x46, 0x21, 0x26, 0x21, 0x26, 0x21, 
0x25, 0x19, 0x25, 0x19, 0x25, 0x19, 0x25, 0x19, 0x25, 0x19, 0x25, 0x19, 0x25, 0x19, 0x25, 0x19, 
0x25, 0x19, 0x25, 0x19, 0x05, 0x19, 0x05, 0x19, 0x05, 0x19, 0x05, 0x19, 0x05, 0x19, 0x05, 0x19, 
0x05, 0x19, 0x05, 0x19, 0x05, 0x19, 0x05, 0x19, 0x05, 0x19, 0x04, 0x19, 0x04, 0x19, 0x04, 0x19, 
0xE4, 0x18, 0x04, 0x19, 0x04, 0x19, 0xE4, 0x18, 0xE4, 0x18, 0xE4, 0x18, 0xE4, 0x18, 0xE4, 0x18, 
0xE4, 0x18, 0xE4, 0x18, 0xE4, 0x18, 0xE4, 0x18, 0xE4, 0x18, 0xE4, 0x18, 0xE4, 0x18, 0xE4, 0x18, 
0x42, 0x08, 0x42, 0x08, 0x41, 0x00, 0x41, 0x00, 0x42, 0x00, 0x41, 0x00, 0x41, 0x00, 0x41, 0x00, 
0x41, 0x00, 0x41, 0x08, 0x62, 0x08, 0x62, 0x08, 0x62, 0x08, 0x62, 0x08, 0x62, 0x08, 0x62, 0x08, 
0x62, 0x08, 0x62, 0x08, 0x62, 0x08, 0x62, 0x08, 0x42, 0x08, 0x62, 0x08, 0x62, 0x08, 0x62, 0x08, 
0x62, 0x08, 0x62, 0x08, 0x62, 0x08, 0x62, 0x08, 0x62, 0x08, 0x62, 0x08, 0x62, 0x08, 0x62, 0x08, 
0x62, 0x08, 0x62, 0x08, 0x62, 0x08, 0x62, 0x08, 0x62, 0x08, 0x62, 0x08, 0x62, 0x08, 0x82, 0x08, 
0x82, 0x08, 0x82, 0x08, 0x82, 0x08, 0x82, 0x08, 0x82, 0x08, 0x62, 0x08, 0x82, 0x08, 0x82, 0x08, 
0x82, 0x08, 0x62, 0x08, 0x62, 0x08, 0x62, 0x08, 0x62, 0x08, 0x62, 0x08, 0x62, 0x08, 0x62, 0x08, 
0x62, 0x08, 0x62, 0x08, 0x63, 0x08, 0x62, 0x08, 0x83, 0x08, 0x83, 0x08, 0x82, 0x08, 0x82, 0x08, 
0x82, 0x08, 0x62, 0x08, 0x83, 0x08, 0x83, 0x08, 0x83, 0x08, 0x83, 0x08, 0x83, 0x08, 0x83, 0x08, 
0x83, 0x08, 0x83, 0x08, 0x83, 0x08, 0x83, 0x08, 0xA3, 0x08, 0xA3, 0x10, 0xA3, 0x10, 0xA3, 0x10, 
0xA3, 0x10, 0xA3, 0x10, 0xA3, 0x10, 0xA3, 0x10, 0xA3, 0x10, 0xA3, 0x10, 0xA3, 0x10, 0xA3, 0x10, 
0xA3, 0x10, 0xA3, 0x10, 0xA3, 0x10, 0xA3, 0x10, 0xC3, 0x10, 0xC3, 0x10, 0xC4, 0x10, 0xC4, 0x10, 
0xC4, 0x10, 0xE4, 0x10, 0xE4, 0x10, 0xE4, 0x10, 0xE4, 0x10, 0xE4, 0x10, 0xE4, 0x10, 0xC4, 0x10, 
0xC4, 0x10, 0xC4, 0x10, 0xC4, 0x10, 0xC4, 0x10, 0xC4, 0x10, 0xC4, 0x10, 0xE4, 0x10, 0xE4, 0x10, 
0xA4, 0x08, 0xE9, 0x29, 0xB0, 0x63, 0x2E, 0x5B, 0xCD, 0x42, 0x4B, 0x3A, 0x0A, 0x32, 0xC9, 0x29, 
0x88, 0x21, 0x47, 0x19, 0x26, 0x19, 0x06, 0x11, 0x06, 0x11, 0x05, 0x11, 0xE5, 0x08, 0xC5, 0x08, 
0xC5, 0x08, 0xE5, 0x10, 0x05, 0x11, 0x06, 0x11, 0x05, 0x11, 0x26, 0x19, 0x46, 0x19, 0x05, 0x19, 
0xE5, 0x10, 0x06, 0x19, 0x26, 0x19, 0x67, 0x19, 0x87, 0x21, 0x88, 0x21, 0xA8, 0x21, 0xA8, 0x21, 
0xA8, 0x21, 0xA8, 0x21, 0xA8, 0x21, 0xA8, 0x21, 0xA8, 0x21, 0x87, 0x21, 0x87, 0x21, 0x66, 0x21, 
0x46, 0x19, 0x46, 0x19, 0x05, 0x11, 0x05, 0x11, 0x26, 0x19, 0x26, 0x19, 0x26, 0x19, 0x46, 0x19, 
0x46, 0x21, 0x46, 0x21, 0x26, 0x19, 0xE5, 0x18, 0xE5, 0x10, 0xC4, 0x10, 0xC4, 0x10, 0xC4, 0x10, 
0xA4, 0x08, 0xA4, 0x08, 0xA4, 0x10, 0xA4, 0x08, 0xA4, 0x08, 0xA4, 0x10, 0xA4, 0x10, 0xA3, 0x10, 
0xA3, 0x10, 0xA3, 0x10, 0xA3, 0x10, 0x83, 0x10, 0x83, 0x08, 0x83, 0x08, 0x83, 0x08, 0x83, 0x08, 
0x83, 0x08, 0x82, 0x08, 0x62, 0x08, 0x83, 0x08, 0x83, 0x08, 0x63, 0x08, 0x62, 0x08, 0x63, 0x08, 
0x63, 0x08, 0x62, 0x08, 0x63, 0x08, 0x63, 0x08, 0x62, 0x08, 0x63, 0x08, 0x62, 0x08, 0x62, 0x08, 
0x62, 0x08, 0x62, 0x08, 0x83, 0x08, 0x82, 0x08, 0x82, 0x08, 0x82, 0x08, 0x83, 0x08, 0x83, 0x08, 
0x83, 0x08, 0x82, 0x08, 0x83, 0x08, 0x83, 0x08, 0x83, 0x08, 0x83, 0x08, 0x62, 0x08, 0x62, 0x08, 
0x83, 0x08, 0x83, 0x08, 0xC4, 0x10, 0x83, 0x08, 0x42, 0x08, 0x42, 0x08, 0x42, 0x08, 0x42, 0x08, 
0x42, 0x08, 0x42, 0x08, 0x42, 0x08, 0x42, 0x08, 0x42, 0x08, 0x42, 0x08, 0x42, 0x08, 0x41, 0x08, 
0x41, 0x08, 0x42, 0x08, 0x42, 0x08, 0x42, 0x08, 0x42, 0x08, 0x42, 0x08, 0x42, 0x08, 0xC4, 0x10, 
0xC4, 0x10, 0x42, 0x00, 0x83, 0x08, 0xC4, 0x10, 0xC4, 0x10, 0x83, 0x08, 0xA3, 0x10, 0xC4, 0x10, 
0xA3, 0x10, 0xA3, 0x10, 0xA3, 0x10, 0xA3, 0x10, 0xA3, 0x10, 0xA3, 0x08, 0xA3, 0x08, 0xA3, 0x08, 
0xA3, 0x10, 0xA3, 0x10, 0xA3, 0x10, 0xA3, 0x10, 0xA3, 0x10, 0x62, 0x08, 0x22, 0x00, 0x83, 0x10, 
0xC4, 0x10, 0xE5, 0x18, 0x67, 0x29, 0x46, 0x21, 0x66, 0x21, 0x46, 0x21, 0x46, 0x21, 0x66, 0x21, 
0x67, 0x21, 0x46, 0x21, 0x46, 0x21, 0x46, 0x21, 0x46, 0x21, 0x46, 0x21, 0x46, 0x21, 0x46, 0x21, 
0x46, 0x21, 0x46, 0x21, 0x46, 0x21, 0x26, 0x21, 0x26, 0x19, 0x25, 0x19, 0x25, 0x19, 0x25, 0x19, 
0x25, 0x19, 0x25, 0x19, 0x25, 0x19, 0x25, 0x19, 0x25, 0x19, 0x05, 0x19, 0x25, 0x19, 0x25, 0x19, 
0x25, 0x19, 0x25, 0x19, 0x25, 0x19, 0x25, 0x19, 0x25, 0x19, 0x05, 0x19, 0x05, 0x19, 0x05, 0x19, 
0x05, 0x19, 0x05, 0x19, 0x05, 0x19, 0x05, 0x19, 0x04, 0x19, 0x04, 0x19, 0x04, 0x19, 0x04, 0x19, 
0x05, 0x19, 0x04, 0x19, 0xE4, 0x18, 0xE4, 0x18, 0xE4, 0x18, 0xE4, 0x18, 0xE4, 0x18, 0xE4, 0x18, 
0x42, 0x08, 0x42, 0x08, 0x41, 0x00, 0x41, 0x00, 0x41, 0x00, 0x41, 0x00, 0x41, 0x00, 0x41, 0x00, 
0x41, 0x00, 0x41, 0x08, 0x62, 0x08, 0x62, 0x08, 0x62, 0x08, 0x62, 0x08, 0x62, 0x08, 0x62, 0x08, 
0x62, 0x08, 0x62, 0x08, 0x62, 0x08, 0x62, 0x08, 0x62, 0x08, 0x62, 0x08, 0x62, 0x08, 0x62, 0x08, 
0x62, 0x08, 0x62, 0x08, 0x62, 0x08, 0x62, 0x08, 0x62, 0x08, 0x62, 0x08, 0x62, 0x08, 0x82, 0x08, 
0x62, 0x08, 0x82, 0x08, 0x62, 0x08, 0x82, 0x08, 0x62, 0x08, 0x82, 0x08, 0x82, 0x08, 0x82, 0x08, 
0x82, 0x08, 0x82, 0x08, 0x82, 0x08, 0x82, 0x08, 0x82, 0x08, 0x83, 0x08, 0x83, 0x08, 0x83, 0x08, 
0x83, 0x08, 0x83, 0x08, 0x82, 0x08, 0x83, 0x08, 0x83, 0x08, 0x82, 0x08, 0x82, 0x08, 0x82, 0x08, 
0x82, 0x08, 0x82, 0x08, 0x82, 0x08, 0x82, 0x08, 0x82, 0x08, 0x83, 0x08, 0x83, 0x08, 0x83, 0x08, 
0x82, 0x08, 0x83, 0x08, 0x83, 0x08, 0x83, 0x08, 0x83, 0x08, 0x83, 0x08, 0x83, 0x10, 0x83, 0x08, 
0x83, 0x08, 0x83, 0x08, 0xA3, 0x10, 0xA3, 0x08, 0xA3, 0x10, 0xA3, 0x10, 0xA3, 0x10, 0xA4, 0x10, 
0xA4, 0x10, 0xA3, 0x10, 0xA4, 0x10, 0xA4, 0x10, 0xC3, 0x10, 0xC3, 0x10, 0xC3, 0x10, 0xC4, 0x10, 
0xC4, 0x10, 0xC4, 0x10, 0xC4, 0x10, 0xC4, 0x10, 0xC4, 0x10, 0xC4, 0x10, 0xC4, 0x10, 0xC4, 0x10, 
0xC4, 0x10, 0xC4, 0x10, 0xC4, 0x10, 0xE4, 0x10, 0xE4, 0x10, 0xE4, 0x10, 0xC4, 0x10, 0xC4, 0x10, 
0xC4, 0x10, 0xE5, 0x10, 0x05, 0x19, 0x25, 0x19, 0x26, 0x19, 0x05, 0x19, 0x46, 0x21, 0x46, 0x19, 
0x67, 0x21, 0x2A, 0x3A, 0xC9, 0x29, 0xC8, 0x29, 0xC9, 0x29, 0xE9, 0x29, 0x09, 0x32, 0x0A, 0x32, 
0x0A, 0x32, 0x0A, 0x32, 0x0A, 0x32, 0x0A, 0x32, 0x0A, 0x32, 0x0A, 0x32, 0xC8, 0x29, 0xC9, 0x29, 
0xC9, 0x29, 0xC8, 0x29, 0xC8, 0x29, 0xA8, 0x29, 0xA8, 0x29, 0xA8, 0x29, 0xA8, 0x29, 0x67, 0x21, 
0x27, 0x19, 0x27, 0x19, 0x26, 0x19, 0x26, 0x19, 0x26, 0x19, 0x26, 0x11, 0x26, 0x11, 0x47, 0x19, 
0x47, 0x19, 0x67, 0x19, 0x67, 0x19, 0x47, 0x19, 0x47, 0x19, 0x67, 0x19, 0x46, 0x19, 0x26, 0x19, 
0x46, 0x19, 0x67, 0x21, 0x67, 0x21, 0x46, 0x21, 0x26, 0x19, 0x26, 0x19, 0x26, 0x19, 0xE5, 0x18, 
0xE5, 0x10, 0xC4, 0x10, 0xA4, 0x10, 0xA4, 0x08, 0xC4, 0x10, 0xC4, 0x10, 0xC4, 0x10, 0xC4, 0x10, 
0xC4, 0x10, 0xA4, 0x10, 0xA3, 0x10, 0xA3, 0x08, 0xA3, 0x08, 0x83, 0x08, 0x83, 0x08, 0x83, 0x08, 
0x83, 0x08, 0x83, 0x08, 0x82, 0x08, 0x62, 0x08, 0x62, 0x08, 0x62, 0x08, 0x62, 0x08, 0x62, 0x08, 
0x62, 0x08, 0x82, 0x08, 0x62, 0x08, 0x62, 0x08, 0x63, 0x08, 0x63, 0x08, 0x63, 0x08, 0x62, 0x08, 
0x63, 0x08, 0x62, 0x08, 0x63, 0x08, 0x83, 0x08, 0x82, 0x08, 0x63, 0x08, 0x63, 0x08, 0x62, 0x08, 
0x62, 0x08, 0x62, 0x08, 0x83, 0x08, 0x82, 0x08, 0x82, 0x08, 0x82, 0x08, 0x82, 0x08, 0x82, 0x08, 
0x82, 0x08, 0x82, 0x08, 0x83, 0x08, 0x83, 0x08, 0x82, 0x08, 0x62, 0x08, 0x42, 0x08, 0x62, 0x08, 
0x62, 0x08, 0x82, 0x08, 0x83, 0x08, 0x82, 0x08, 0x41, 0x00, 0x42, 0x08, 0x41, 0x08, 0x41, 0x00, 
0x41, 0x00, 0x41, 0x00, 0x41, 0x08, 0x41, 0x08, 0x41, 0x00, 0x42, 0x00, 0x41, 0x00, 0x41, 0x08, 
0x41, 0x08, 0x42, 0x08, 0x42, 0x08, 0x42, 0x08, 0x42, 0x08, 0x62, 0x08, 0x41, 0x08, 0xA4, 0x10, 
0x05, 0x19, 0x21, 0x00, 0x63, 0x08, 0xC4, 0x10, 0xE4, 0x18, 0xA3, 0x10, 0xA3, 0x10, 0xC4, 0x10, 
0xA3, 0x10, 0xA3, 0x10, 0xA3, 0x10, 0xA3, 0x10, 0xA3, 0x10, 0xA3, 0x08, 0xA3, 0x10, 0xA3, 0x10, 
0xA3, 0x10, 0xA3, 0x10, 0xA3, 0x10, 0xA3, 0x10, 0xA3, 0x10, 0x83, 0x08, 0x42, 0x00, 0x83, 0x08, 
0xE5, 0x18, 0xC4, 0x10, 0x67, 0x21, 0x67, 0x29, 0x67, 0x21, 0x67, 0x29, 0x67, 0x21, 0x67, 0x21, 
0x67, 0x21, 0x67, 0x21, 0x67, 0x21, 0x66, 0x21, 0x46, 0x21, 0x46, 0x21, 0x46, 0x21, 0x46, 0x21, 
0x46, 0x21, 0x46, 0x21, 0x46, 0x21, 0x26, 0x21, 0x46, 0x21, 0x46, 0x21, 0x46, 0x21, 0x46, 0x21, 
0x26, 0x21, 0x26, 0x21, 0x26, 0x19, 0x26, 0x21, 0x26, 0x21, 0x25, 0x19, 0x26, 0x19, 0x26, 0x19, 
0x25, 0x19, 0x25, 0x19, 0x25, 0x19, 0x25, 0x19, 0x25, 0x19, 0x25, 0x19, 0x25, 0x19, 0x25, 0x19, 
0x25, 0x19, 0x25, 0x19, 0x05, 0x19, 0x05, 0x19, 0x05, 0x19, 0x05, 0x19, 0x05, 0x19, 0x05, 0x19, 
0x05, 0x19, 0x05, 0x19, 0x05, 0x19, 0x05, 0x19, 0x05, 0x19, 0x05, 0x19, 0x04, 0x19, 0x04, 0x19, 
0x42, 0x00, 0x42, 0x08, 0x41, 0x00, 0x41, 0x00, 0x41, 0x00, 0x41, 0x00, 0x41, 0x00, 0x42, 0x00, 
0x41, 0x00, 0x41, 0x00, 0x62, 0x08, 0x62, 0x08, 0x62, 0x08, 0x62, 0x08, 0x62, 0x08, 0x62, 0x08, 
0x62, 0x08, 0x62, 0x08, 0x62, 0x08, 0x62, 0x08, 0x62, 0x08, 0x62, 0x08, 0x62, 0x08, 0x62, 0x08, 
0x62, 0x08, 0x62, 0x08, 0x62, 0x08, 0x62, 0x08, 0x62, 0x08, 0x62, 0x08, 0x62, 0x08, 0x82, 0x08, 
0x82, 0x08, 0x82, 0x08, 0x82, 0x08, 0x82, 0x08, 0x82, 0x08, 0x82, 0x08, 0x82, 0x08, 0x82, 0x08, 
0x83, 0x08, 0x82, 0x08, 0x83, 0x08, 0x83, 0x08, 0x83, 0x08, 0x83, 0x08, 0x83, 0x08, 0x83, 0x08, 
0x83, 0x08, 0x83, 0x08, 0x83, 0x08, 0x82, 0x08, 0x82, 0x08, 0x82, 0x08, 0x82, 0x08, 0x83, 0x08, 
0x83, 0x08, 0x83, 0x08, 0x83, 0x08, 0x83, 0x08, 0x83, 0x08, 0x83, 0x08, 0x83, 0x08, 0x83, 0x08, 
0x83, 0x08, 0x83, 0x08, 0x83, 0x08, 0x83, 0x08, 0x83, 0x08, 0x83, 0x08, 0x83, 0x10, 0xA3, 0x10, 
0x83, 0x10, 0xA3, 0x10, 0xA3, 0x08, 0xA3, 0x10, 0xA3, 0x10, 0xA3, 0x10, 0xA3, 0x10, 0xA3, 0x10, 
0xA3, 0x10, 0xA4, 0x10, 0xA4, 0x10, 0xA4, 0x10, 0xA3, 0x10, 0xA3, 0x10, 0xA4, 0x10, 0xC4, 0x10, 
0xC4, 0x10, 0xC4, 0x10, 0xC4, 0x10, 0xC4, 0x10, 0xC4, 0x10, 0xE4, 0x10, 0xE4, 0x10, 0xE5, 0x10, 
0x05, 0x19, 0x25, 0x19, 0x46, 0x21, 0x87, 0x29, 0x87, 0x21, 0x47, 0x21, 0x67, 0x21, 0xC8, 0x29, 
0x09, 0x32, 0x09, 0x3A, 0x4A, 0x3A, 0x6B, 0x42, 0x8B, 0x42, 0x8C, 0x42, 0xAC, 0x4A, 0xAC, 0x4A, 
0xAC, 0x4A, 0x6C, 0x42, 0x6B, 0x42, 0x6C, 0x42, 0x8C, 0x42, 0x8C, 0x42, 0x8B, 0x42, 0x8C, 0x42, 
0x8C, 0x42, 0x8B, 0x42, 0x8B, 0x42, 0x6B, 0x42, 0x6B, 0x42, 0x6B, 0x42, 0x6B, 0x42, 0x6B, 0x3A, 
0x4B, 0x3A, 0x4B, 0x3A, 0x4B, 0x3A, 0x6B, 0x3A, 0x6B, 0x3A, 0x6B, 0x3A, 0x6B, 0x3A, 0x2A, 0x3A, 
0x0A, 0x32, 0x0A, 0x32, 0x0A, 0x32, 0x0A, 0x32, 0x0A, 0x32, 0x0A, 0x32, 0x0A, 0x32, 0xC9, 0x29, 
0xA8, 0x29, 0xA8, 0x21, 0x87, 0x21, 0x87, 0x21, 0x88, 0x21, 0x67, 0x19, 0x26, 0x19, 0x26, 0x19, 
0x06, 0x11, 0xE5, 0x10, 0xA4, 0x08, 0xA4, 0x08, 0xA4, 0x08, 0xA4, 0x08, 0xA4, 0x10, 0xC4, 0x10, 
0xC4, 0x10, 0xC4, 0x10, 0xE4, 0x10, 0xC4, 0x10, 0xA3, 0x10, 0xA3, 0x08, 0x83, 0x08, 0x82, 0x08, 
0x62, 0x08, 0x62, 0x08, 0x62, 0x08, 0x62, 0x08, 0x62, 0x08, 0x62, 0x08, 0x62, 0x08, 0x62, 0x08, 
0x62, 0x08, 0x62, 0x08, 0x62, 0x08, 0x63, 0x08, 0x63, 0x08, 0x63, 0x08, 0x62, 0x08, 0x63, 0x08, 
0x63, 0x08, 0x63, 0x08, 0x62, 0x08, 0x62, 0x08, 0x63, 0x08, 0x63, 0x08, 0x63, 0x08, 0x63, 0x08, 
0x63, 0x08, 0x83, 0x08, 0x63, 0x08, 0x62, 0x08, 0x82, 0x08, 0x82, 0x08, 0x82, 0x08, 0x62, 0x08, 
0x62, 0x08, 0x62, 0x08, 0x82, 0x08, 0x82, 0x08, 0x82, 0x08, 0x82, 0x08, 0x82, 0x08, 0x82, 0x08, 
0x82, 0x08, 0x83, 0x08, 0x63, 0x08, 0x63, 0x08, 0x62, 0x08, 0x42, 0x08, 0x42, 0x08, 0x42, 0x08, 
0x42, 0x08, 0x42, 0x08, 0x42, 0x08, 0x42, 0x00, 0x42, 0x08, 0x41, 0x08, 0x41, 0x08, 0x41, 0x08, 
0x41, 0x08, 0x41, 0x08, 0x41, 0x08, 0x41, 0x08, 0x41, 0x08, 0x41, 0x08, 0x41, 0x08, 0x41, 0x08, 
0x41, 0x08, 0x41, 0x08, 0x42, 0x08, 0x62, 0x08, 0x42, 0x08, 0x42, 0x08, 0x41, 0x08, 0xA4, 0x10, 
0x26, 0x19, 0x21, 0x00, 0x62, 0x08, 0x83, 0x10, 0xE4, 0x18, 0xA3, 0x10, 0xA3, 0x10, 0xC4, 0x10, 
0xC4, 0x10, 0xA3, 0x10, 0xA3, 0x10, 0xA3, 0x10, 0xA3, 0x10, 0xA3, 0x10, 0xA3, 0x10, 0xA3, 0x10, 
0xC3, 0x10, 0xA3, 0x10, 0xA3, 0x10, 0xA3, 0x10, 0xA3, 0x10, 0x83, 0x10, 0x21, 0x00, 0x62, 0x08, 
0xE5, 0x10, 0xE5, 0x10, 0x46, 0x21, 0xC8, 0x29, 0x87, 0x29, 0x87, 0x29, 0x87, 0x29, 0x87, 0x29, 
0x87, 0x29, 0x87, 0x29, 0x87, 0x29, 0x87, 0x29, 0x67, 0x21, 0x87, 0x21, 0x67, 0x21, 0x67, 0x21, 
0x66, 0x21, 0x66, 0x21, 0x66, 0x21, 0x66, 0x21, 0x66, 0x21, 0x66, 0x21, 0x66, 0x21, 0x66, 0x21, 
0x46, 0x21, 0x46, 0x21, 0x46, 0x21, 0x46, 0x21, 0x46, 0x21, 0x46, 0x21, 0x46, 0x21, 0x26, 0x21, 
0x26, 0x19, 0x25, 0x19, 0x26, 0x19, 0x25, 0x19, 0x25, 0x19, 0x25, 0x19, 0x25, 0x19, 0x25, 0x19, 
0x25, 0x19, 0x26, 0x19, 0x25, 0x19, 0x25, 0x19, 0x25, 0x19, 0x25, 0x19, 0x25, 0x19, 0x25, 0x19, 
0x25, 0x19, 0x05, 0x19, 0x05, 0x19, 0x05, 0x19, 0x05, 0x19, 0x05, 0x19, 0x05, 0x19, 0x05, 0x19, 
0x41, 0x00, 0x42, 0x08, 0x41, 0x00, 0x41, 0x00, 0x41, 0x00, 0x41, 0x00, 0x42, 0x00, 0x42, 0x00, 
0x41, 0x00, 0x41, 0x00, 0x62, 0x08, 0x62, 0x08, 0x62, 0x08, 0x62, 0x08, 0x62, 0x08, 0x82, 0x08, 
0x82, 0x08, 0x82, 0x08, 0x62, 0x08, 0x62, 0x08, 0x62, 0x08, 0x62, 0x08, 0x62, 0x08, 0x62, 0x08, 
0x62, 0x08, 0x62, 0x08, 0x62, 0x08, 0x62, 0x08, 0x62, 0x08, 0x62, 0x08, 0x62, 0x08, 0x62, 0x08, 
0x83, 0x08, 0x82, 0x08, 0x82, 0x08, 0x82, 0x08, 0x82, 0x08, 0x82, 0x08, 0x82, 0x08, 0x83, 0x08, 
0x83, 0x08, 0x83, 0x08, 0x83, 0x08, 0x83, 0x08, 0x83, 0x08, 0x83, 0x08, 0x83, 0x08, 0x83, 0x08, 
0x83, 0x08, 0x83, 0x08, 0x83, 0x08, 0x83, 0x08, 0x83, 0x08, 0x83, 0x08, 0x83, 0x08, 0x83, 0x08, 
0x83, 0x08, 0x83, 0x08, 0x83, 0x08, 0x83, 0x08, 0xA3, 0x08, 0xA3, 0x10, 0xA3, 0x10, 0xA3, 0x10, 
0xA3, 0x10, 0xA3, 0x10, 0xA3, 0x10, 0xA3, 0x08, 0xA3, 0x08, 0xA3, 0x10, 0xA3, 0x10, 0xA3, 0x08, 
0xA3, 0x08, 0xA3, 0x08, 0xA3, 0x08, 0xA3, 0x08, 0xA3, 0x08, 0xA3, 0x08, 0xA3, 0x08, 0xA3, 0x08, 
0xA3, 0x08, 0xA4, 0x08, 0xA4, 0x10, 0xC4, 0x10, 0xE4, 0x10, 0xE5, 0x18, 0x05, 0x19, 0x26, 0x19, 
0x26, 0x21, 0x46, 0x21, 0x66, 0x21, 0x67, 0x21, 0x87, 0x29, 0xA7, 0x29, 0xC8, 0x29, 0xE9, 0x31, 
0x09, 0x32, 0x2A, 0x3A, 0x4A, 0x3A, 0x4A, 0x3A, 0x6B, 0x42, 0x6B, 0x42, 0x6B, 0x42, 0x8B, 0x42, 
0x6B, 0x42, 0x6B, 0x42, 0x6B, 0x3A, 0x4A, 0x3A, 0x2A, 0x3A, 0x0A, 0x32, 0x0A, 0x32, 0x0A, 0x32, 
0xE9, 0x31, 0xE9, 0x31, 0xE9, 0x31, 0xE9, 0x31, 0xE9, 0x31, 0xC9, 0x31, 0xC9, 0x31, 0xE9, 0x31, 
0xE9, 0x31, 0xC9, 0x31, 0xC9, 0x31, 0xC9, 0x31, 0xE9, 0x31, 0xE9, 0x31, 0xC9, 0x31, 0xC8, 0x29, 
0xC8, 0x29, 0xC8, 0x29, 0xC8, 0x29, 0xC8, 0x29, 0xC8, 0x29, 0xC8, 0x29, 0xC9, 0x29, 0xC9, 0x29, 
0xE9, 0x29, 0xE9, 0x31, 0xE9, 0x31, 0xE9, 0x29, 0xC9, 0x29, 0x87, 0x21, 0x87, 0x21, 0x67, 0x21, 
0x87, 0x21, 0x88, 0x21, 0xA8, 0x21, 0xC8, 0x29, 0xC9, 0x29, 0xC9, 0x29, 0xC9, 0x29, 0xC9, 0x29, 
0xA8, 0x29, 0x67, 0x21, 0x47, 0x21, 0x26, 0x19, 0xE5, 0x10, 0xC4, 0x10, 0xA3, 0x10, 0x83, 0x08, 
0x62, 0x08, 0x62, 0x08, 0x62, 0x08, 0x62, 0x08, 0x62, 0x08, 0x62, 0x08, 0x62, 0x08, 0x62, 0x08, 
0x62, 0x08, 0x62, 0x08, 0x62, 0x08, 0x62, 0x08, 0x62, 0x08, 0x62, 0x08, 0x62, 0x08, 0x62, 0x08, 
0x62, 0x08, 0x82, 0x08, 0x63, 0x08, 0x63, 0x08, 0x83, 0x08, 0x83, 0x08, 0x83, 0x08, 0x83, 0x08, 
0x83, 0x08, 0x83, 0x08, 0x83, 0x08, 0x83, 0x08, 0x83, 0x08, 0x83, 0x08, 0x83, 0x08, 0x83, 0x08, 
0x83, 0x08, 0x83, 0x08, 0x83, 0x08, 0x83, 0x08, 0x83, 0x08, 0x83, 0x08, 0x82, 0x08, 0x62, 0x08, 
0x82, 0x08, 0x62, 0x08, 0x82, 0x08, 0x83, 0x08, 0x82, 0x08, 0x83, 0x08, 0x83, 0x08, 0x83, 0x08, 
0x83, 0x08, 0x82, 0x08, 0x83, 0x08, 0x62, 0x08, 0x42, 0x00, 0x42, 0x00, 0x42, 0x00, 0x42, 0x08, 
0x42, 0x08, 0x41, 0x08, 0x41, 0x08, 0x41, 0x08, 0x41, 0x08, 0x41, 0x08, 0x41, 0x08, 0x41, 0x08, 
0x41, 0x08, 0x41, 0x08, 0x41, 0x08, 0x41, 0x08, 0x41, 0x08, 0x41, 0x08, 0x41, 0x08, 0x41, 0x08, 
0x41, 0x08, 0x41, 0x08, 0x62, 0x08, 0x62, 0x08, 0x62, 0x08, 0x62, 0x08, 0x42, 0x08, 0xA3, 0x10, 
0x26, 0x19, 0x41, 0x00, 0x62, 0x08, 0xA3, 0x10, 0xC4, 0x10, 0xC4, 0x10, 0xA3, 0x10, 0xC4, 0x10, 
0xC4, 0x10, 0xA3, 0x10, 0xA4, 0x10, 0xA4, 0x10, 0xA3, 0x10, 0xA3, 0x10, 0xA3, 0x10, 0xC3, 0x10, 
0xC3, 0x10, 0xC3, 0x10, 0xC3, 0x10, 0xA3, 0x10, 0xA3, 0x10, 0xA3, 0x10, 0x21, 0x00, 0x42, 0x00, 
0xC4, 0x10, 0x05, 0x19, 0x05, 0x19, 0xC8, 0x31, 0xA8, 0x29, 0xA8, 0x29, 0xA8, 0x29, 0xA7, 0x29, 
0xA7, 0x29, 0xA7, 0x29, 0x87, 0x29, 0x87, 0x29, 0x87, 0x29, 0x87, 0x29, 0x87, 0x29, 0x87, 0x29, 
0x67, 0x21, 0x67, 0x29, 0x87, 0x29, 0x67, 0x29, 0x87, 0x21, 0x87, 0x29, 0x87, 0x21, 0x67, 0x21, 
0x67, 0x21, 0x66, 0x21, 0x66, 0x21, 0x66, 0x21, 0x66, 0x21, 0x66, 0x21, 0x46, 0x21, 0x46, 0x21, 
0x46, 0x21, 0x46, 0x21, 0x46, 0x21, 0x46, 0x21, 0x46, 0x21, 0x26, 0x21, 0x26, 0x19, 0x26, 0x19, 
0x26, 0x19, 0x46, 0x19, 0x26, 0x19, 0x26, 0x19, 0x25, 0x19, 0x25, 0x19, 0x25, 0x19, 0x25, 0x19, 
0x25, 0x19, 0x25, 0x19, 0x25, 0x19, 0x25, 0x19, 0x25, 0x19, 0x05, 0x19, 0x05, 0x19, 0x05, 0x19, 
0x41, 0x00, 0x42, 0x08, 0x41, 0x00, 0x41, 0x00, 0x41, 0x00, 0x41, 0x00, 0x41, 0x00, 0x41, 0x00, 
0x41, 0x00, 0x41, 0x08, 0x62, 0x08, 0x62, 0x08, 0x82, 0x08, 0x82, 0x08, 0x62, 0x08, 0x83, 0x08, 
0x82, 0x08, 0x82, 0x08, 0x82, 0x08, 0x62, 0x08, 0x62, 0x08, 0x62, 0x08, 0x62, 0x08, 0x62, 0x08, 
0x62, 0x08, 0x62, 0x08, 0x62, 0x08, 0x62, 0x08, 0x62, 0x08, 0x62, 0x08, 0x62, 0x08, 0x82, 0x08, 
0x82, 0x08, 0x82, 0x08, 0x82, 0x08, 0x82, 0x08, 0x82, 0x08, 0x82, 0x08, 0x82, 0x08, 0x83, 0x08, 
0x83, 0x08, 0x83, 0x08, 0x83, 0x08, 0x83, 0x08, 0x83, 0x08, 0x83, 0x08, 0x83, 0x08, 0x83, 0x08, 
0x83, 0x08, 0x83, 0x08, 0x83, 0x08, 0x83, 0x08, 0x83, 0x08, 0x83, 0x08, 0x83, 0x08, 0x83, 0x08, 
0x83, 0x08, 0x83, 0x10, 0x83, 0x08, 0x83, 0x08, 0xA3, 0x10, 0xA3, 0x10, 0xA3, 0x10, 0xA3, 0x10, 
0xA3, 0x10, 0xA3, 0x08, 0xA3, 0x10, 0xA3, 0x10, 0xA3, 0x10, 0xC3, 0x10, 0xA4, 0x10, 0xC4, 0x10, 
0xC4, 0x10, 0xC4, 0x10, 0xC4, 0x10, 0xC4, 0x08, 0xA3, 0x08, 0xA3, 0x08, 0xC4, 0x08, 0xE4, 0x10, 
0xE5, 0x18, 0x26, 0x19, 0x46, 0x21, 0x67, 0x21, 0x87, 0x29, 0xA8, 0x29, 0xC8, 0x31, 0xE8, 0x31, 
0xE9, 0x31, 0x09, 0x32, 0x0A, 0x3A, 0x2A, 0x3A, 0x2A, 0x3A, 0x2A, 0x3A, 0x4A, 0x3A, 0x4A, 0x3A, 
0x2A, 0x3A, 0x2A, 0x3A, 0x09, 0x32, 0xE9, 0x31, 0xE9, 0x31, 0xE8, 0x31, 0xC8, 0x31, 0xC8, 0x29, 
0xC8, 0x31, 0xC8, 0x29, 0xC8, 0x29, 0xA8, 0x29, 0xA8, 0x29, 0xA8, 0x29, 0x87, 0x29, 0x87, 0x29, 
0x87, 0x21, 0x67, 0x21, 0x67, 0x21, 0x67, 0x21, 0x67, 0x21, 0x67, 0x21, 0x67, 0x21, 0x67, 0x21, 
0x67, 0x21, 0x67, 0x21, 0x67, 0x21, 0x67, 0x21, 0x67, 0x21, 0x67, 0x21, 0x67, 0x21, 0x67, 0x21, 
0x67, 0x21, 0x67, 0x21, 0x67, 0x21, 0x67, 0x21, 0x67, 0x21, 0x67, 0x21, 0x67, 0x21, 0x67, 0x21, 
0x67, 0x21, 0x67, 0x21, 0x67, 0x21, 0x87, 0x21, 0x88, 0x21, 0xA8, 0x29, 0xC8, 0x29, 0xC8, 0x29, 
0xC9, 0x29, 0xE9, 0x31, 0xE9, 0x31, 0xC8, 0x29, 0xA8, 0x29, 0xA8, 0x29, 0x87, 0x29, 0x26, 0x19, 
0xE4, 0x10, 0xC4, 0x10, 0xA4, 0x08, 0x63, 0x08, 0x42, 0x00, 0x42, 0x00, 0x42, 0x00, 0x42, 0x08, 
0x62, 0x08, 0x62, 0x08, 0x62, 0x08, 0x62, 0x08, 0x62, 0x08, 0x63, 0x08, 0x62, 0x08, 0x62, 0x08, 
0x83, 0x08, 0x83, 0x08, 0x83, 0x08, 0x83, 0x08, 0x83, 0x08, 0xA3, 0x08, 0xA3, 0x08, 0xA3, 0x10, 
0xC4, 0x10, 0xC4, 0x10, 0xC4, 0x10, 0xC4, 0x10, 0xC4, 0x10, 0xC4, 0x10, 0xC4, 0x10, 0xC4, 0x10, 
0xC4, 0x10, 0xA4, 0x10, 0xA4, 0x10, 0xA4, 0x10, 0xA3, 0x10, 0xA3, 0x10, 0xA3, 0x10, 0xA3, 0x10, 
0xA3, 0x10, 0xA3, 0x10, 0x83, 0x08, 0x83, 0x08, 0x83, 0x08, 0x83, 0x08, 0x83, 0x08, 0x83, 0x08, 
0x83, 0x08, 0x62, 0x08, 0x82, 0x08, 0x83, 0x08, 0x83, 0x08, 0x83, 0x08, 0x83, 0x08, 0x83, 0x08, 
0x63, 0x08, 0x83, 0x08, 0x83, 0x08, 0x42, 0x08, 0x41, 0x08, 0x42, 0x08, 0x41, 0x08, 0x41, 0x08, 
0x41, 0x08, 0x41, 0x08, 0x41, 0x08, 0x41, 0x08, 0x41, 0x08, 0x41, 0x08, 0x41, 0x08, 0x41, 0x08, 
0x41, 0x08, 0x41, 0x08, 0x41, 0x08, 0x21, 0x08, 0x21, 0x08, 0x41, 0x08, 0x21, 0x08, 0x41, 0x08, 
0x41, 0x00, 0x41, 0x00, 0x42, 0x08, 0x62, 0x08, 0x62, 0x08, 0x62, 0x08, 0x41, 0x08, 0xC4, 0x10, 
0x05, 0x19, 0x42, 0x08, 0x42, 0x08, 0x83, 0x10, 0xC4, 0x10, 0xC4, 0x10, 0xA3, 0x10, 0xC4, 0x10, 
0xC4, 0x10, 0xA4, 0x10, 0xA4, 0x10, 0xA3, 0x10, 0xA4, 0x10, 0xA3, 0x10, 0xA3, 0x10, 0xA3, 0x10, 
0xC3, 0x10, 0xC3, 0x10, 0xA3, 0x10, 0xA3, 0x10, 0xA3, 0x10, 0x83, 0x10, 0x21, 0x00, 0x62, 0x08, 
0xC4, 0x10, 0x25, 0x19, 0xE5, 0x18, 0xA8, 0x29, 0xE8, 0x31, 0xC8, 0x31, 0xC8, 0x29, 0xA8, 0x29, 
0xA8, 0x29, 0xA7, 0x29, 0xA7, 0x29, 0xA7, 0x29, 0x87, 0x29, 0x87, 0x29, 0x87, 0x29, 0x87, 0x29, 
0x87, 0x29, 0x87, 0x29, 0x87, 0x29, 0x87, 0x29, 0x87, 0x29, 0x87, 0x29, 0x87, 0x29, 0x87, 0x29, 
0x87, 0x29, 0x87, 0x29, 0x67, 0x21, 0x87, 0x21, 0x67, 0x21, 0x66, 0x21, 0x46, 0x21, 0x66, 0x21, 
0x46, 0x21, 0x46, 0x21, 0x46, 0x21, 0x46, 0x21, 0x46, 0x21, 0x46, 0x21, 0x46, 0x21, 0x46, 0x21, 
0x46, 0x21, 0x46, 0x21, 0x46, 0x21, 0x46, 0x21, 0x26, 0x21, 0x26, 0x21, 0x26, 0x19, 0x26, 0x19, 
0x26, 0x19, 0x26, 0x19, 0x26, 0x19, 0x26, 0x19, 0x26, 0x19, 0x25, 0x19, 0x25, 0x19, 0x25, 0x19, 
0x42, 0x00, 0x42, 0x08, 0x41, 0x00, 0x41, 0x00, 0x41, 0x08, 0x41, 0x08, 0x41, 0x08, 0x42, 0x08, 
0x41, 0x08, 0x41, 0x08, 0x62, 0x08, 0x62, 0x08, 0x83, 0x08, 0x82, 0x08, 0x82, 0x08, 0x82, 0x08, 
0x82, 0x08, 0x82, 0x08, 0x82, 0x08, 0x62, 0x08, 0x62, 0x08, 0x62, 0x08, 0x62, 0x08, 0x62, 0x08, 
0x62, 0x08, 0x62, 0x08, 0x82, 0x08, 0x62, 0x08, 0x62, 0x08, 0x82, 0x08, 0x82, 0x08, 0x62, 0x08, 
0x62, 0x08, 0x82, 0x08, 0x83, 0x08, 0x82, 0x08, 0x83, 0x08, 0x82, 0x08, 0x83, 0x08, 0x83, 0x08, 
0x83, 0x08, 0x83, 0x08, 0x83, 0x08, 0x83, 0x08, 0x83, 0x08, 0x83, 0x08, 0x83, 0x08, 0x83, 0x08, 
0x83, 0x10, 0x83, 0x08, 0x83, 0x08, 0x83, 0x08, 0xA3, 0x08, 0xA3, 0x10, 0xA3, 0x10, 0xA3, 0x10, 
0xA3, 0x10, 0xA3, 0x10, 0x83, 0x10, 0xA3, 0x10, 0xA3, 0x10, 0xA3, 0x10, 0xA3, 0x10, 0xA3, 0x10, 
0xC3, 0x10, 0xC3, 0x10, 0xC3, 0x10, 0xC4, 0x10, 0xC4, 0x10, 0xC4, 0x10, 0xC4, 0x10, 0xC4, 0x10, 
0xE4, 0x10, 0xC4, 0x10, 0xE4, 0x10, 0x05, 0x11, 0x25, 0x19, 0x46, 0x19, 0x46, 0x21, 0x87, 0x21, 
0xA7, 0x29, 0xA8, 0x29, 0xC8, 0x31, 0xE9, 0x31, 0x09, 0x32, 0x2A, 0x3A, 0x29, 0x3A, 0x29, 0x3A, 
0x29, 0x3A, 0x09, 0x3A, 0xE9, 0x31, 0xE9, 0x31, 0xC8, 0x31, 0xC8, 0x29, 0xA8, 0x29, 0xA8, 0x29, 
0x87, 0x29, 0x87, 0x29, 0x87, 0x21, 0x87, 0x21, 0x67, 0x21, 0x67, 0x21, 0x66, 0x21, 0x66, 0x21, 
0x66, 0x21, 0x66, 0x21, 0x46, 0x21, 0x46, 0x21, 0x46, 0x21, 0x46, 0x21, 0x26, 0x19, 0x25, 0x19, 
0x25, 0x19, 0x05, 0x19, 0x25, 0x19, 0x05, 0x19, 0x05, 0x19, 0x05, 0x19, 0x05, 0x19, 0x05, 0x19, 
0x05, 0x19, 0x05, 0x19, 0x05, 0x19, 0x05, 0x19, 0x05, 0x19, 0x05, 0x19, 0x05, 0x19, 0x05, 0x19, 
0x05, 0x19, 0x05, 0x19, 0x05, 0x19, 0x05, 0x19, 0x05, 0x19, 0x25, 0x19, 0x26, 0x19, 0x26, 0x19, 
0x26, 0x19, 0x26, 0x19, 0x46, 0x21, 0x67, 0x21, 0x87, 0x21, 0x67, 0x21, 0x67, 0x21, 0x67, 0x21, 
0x46, 0x21, 0x26, 0x19, 0x25, 0x19, 0xE4, 0x10, 0xC4, 0x10, 0x83, 0x08, 0x62, 0x00, 0x62, 0x00, 
0x62, 0x00, 0x62, 0x08, 0x62, 0x08, 0x62, 0x08, 0x62, 0x08, 0x62, 0x08, 0x62, 0x08, 0x62, 0x08, 
0x63, 0x08, 0x83, 0x08, 0x83, 0x08, 0xA3, 0x08, 0xA3, 0x08, 0xA4, 0x10, 0xC4, 0x10, 0xE4, 0x10, 
0xE5, 0x10, 0x05, 0x19, 0x05, 0x19, 0x26, 0x19, 0x46, 0x19, 0x26, 0x19, 0x26, 0x19, 0x26, 0x19, 
0x46, 0x19, 0x26, 0x19, 0x25, 0x19, 0x05, 0x19, 0x05, 0x19, 0xE5, 0x18, 0xC4, 0x10, 0xC4, 0x10, 
0xC4, 0x10, 0xA3, 0x10, 0xA3, 0x10, 0xA3, 0x08, 0xA3, 0x10, 0xA3, 0x08, 0xA3, 0x08, 0xA3, 0x08, 
0x83, 0x10, 0x83, 0x08, 0x83, 0x08, 0x83, 0x08, 0x83, 0x08, 0x83, 0x08, 0x83, 0x08, 0x83, 0x08, 
0x83, 0x08, 0x83, 0x08, 0x83, 0x08, 0x83, 0x08, 0x83, 0x08, 0x83, 0x08, 0x83, 0x08, 0x83, 0x08, 
0x83, 0x08, 0x83, 0x08, 0x62, 0x08, 0x41, 0x08, 0x41, 0x08, 0x41, 0x08, 0x41, 0x08, 0x41, 0x08, 
0x41, 0x08, 0x41, 0x08, 0x41, 0x08, 0x41, 0x00, 0x41, 0x08, 0x41, 0x08, 0x41, 0x00, 0x21, 0x08, 
0x21, 0x08, 0x21, 0x00, 0x41, 0x00, 0x21, 0x08, 0x21, 0x08, 0x21, 0x00, 0x21, 0x00, 0x41, 0x00, 
0x41, 0x00, 0x41, 0x08, 0x42, 0x08, 0x62, 0x08, 0x62, 0x08, 0x62, 0x08, 0x42, 0x08, 0xC3, 0x10, 
0xE4, 0x18, 0x63, 0x08, 0x83, 0x08, 0xA3, 0x10, 0xA4, 0x10, 0xA4, 0x10, 0xA3, 0x10, 0xC4, 0x10, 
0xC4, 0x10, 0xC4, 0x10, 0xA4, 0x10, 0xA3, 0x10, 0xA3, 0x10, 0xA3, 0x10, 0xA3, 0x10, 0xA3, 0x10, 
0xA3, 0x10, 0xA3, 0x10, 0xA3, 0x10, 0xA3, 0x10, 0xA3, 0x10, 0x42, 0x08, 0x42, 0x08, 0x83, 0x08, 
0xC4, 0x10, 0x26, 0x19, 0x05, 0x19, 0x46, 0x21, 0x09, 0x3A, 0xE8, 0x31, 0xE8, 0x31, 0xC8, 0x31, 
0xC8, 0x29, 0xC8, 0x31, 0xC8, 0x31, 0xA8, 0x29, 0xA7, 0x29, 0xA7, 0x29, 0xA7, 0x29, 0xA7, 0x29, 
0xA7, 0x29, 0xA7, 0x29, 0x87, 0x29, 0xA7, 0x29, 0xA7, 0x29, 0xA7, 0x29, 0xA7, 0x29, 0xA7, 0x29, 
0xA7, 0x29, 0x87, 0x29, 0x87, 0x29, 0x87, 0x29, 0x87, 0x29, 0x87, 0x21, 0x67, 0x21, 0x66, 0x21, 
0x66, 0x21, 0x46, 0x21, 0x66, 0x21, 0x66, 0x21, 0x46, 0x21, 0x46, 0x21, 0x46, 0x21, 0x46, 0x21, 
0x46, 0x21, 0x46, 0x21, 0x46, 0x21, 0x46, 0x21, 0x46, 0x21, 0x46, 0x21, 0x46, 0x21, 0x46, 0x21, 
0x46, 0x21, 0x46, 0x21, 0x46, 0x21, 0x46, 0x21, 0x26, 0x19, 0x26, 0x21, 0x26, 0x19, 0x26, 0x21, 
0x41, 0x00, 0x42, 0x08, 0x42, 0x00, 0x41, 0x00, 0x42, 0x08, 0x41, 0x08, 0x41, 0x08, 0x41, 0x08, 
0x41, 0x08, 0x41, 0x08, 0x62, 0x08, 0x62, 0x08, 0x82, 0x08, 0x82, 0x08, 0x83, 0x08, 0x83, 0x08, 
0x83, 0x08, 0x83, 0x08, 0x83, 0x08, 0x62, 0x08, 0x62, 0x08, 0x62, 0x08, 0x62, 0x08, 0x82, 0x08, 
0x82, 0x08, 0x82, 0x08, 0x82, 0x08, 0x82, 0x08, 0x82, 0x08, 0x82, 0x08, 0x82, 0x08, 0x82, 0x08, 
0x82, 0x08, 0x82, 0x08, 0x82, 0x08, 0x83, 0x08, 0x83, 0x08, 0x83, 0x08, 0xA3, 0x08, 0xA3, 0x08, 
0x83, 0x08, 0xA3, 0x10, 0xA3, 0x10, 0xA3, 0x10, 0xA3, 0x10, 0xA3, 0x10, 0xA3, 0x10, 0xA3, 0x10, 
0xA3, 0x10, 0xA3, 0x10, 0xA3, 0x10, 0xA3, 0x10, 0xA3, 0x10, 0xA3, 0x10, 0xA3, 0x10, 0xA3, 0x10, 
0xA4, 0x10, 0xA3, 0x10, 0xA3, 0x10, 0xA3, 0x10, 0xA3, 0x10, 0xC4, 0x10, 0xC4, 0x10, 0xC4, 0x10, 
0xC4, 0x10, 0xC4, 0x10, 0xC4, 0x10, 0xC4, 0x10, 0xC4, 0x10, 0xE4, 0x10, 0xE4, 0x10, 0xE4, 0x10, 
0x05, 0x19, 0x46, 0x19, 0x87, 0x21, 0xA8, 0x29, 0xA8, 0x29, 0xA8, 0x29, 0xC8, 0x29, 0xC8, 0x31, 
0xE9, 0x31, 0xE9, 0x31, 0xC8, 0x31, 0xC8, 0x31, 0xC8, 0x29, 0xA8, 0x29, 0xA8, 0x29, 0xA7, 0x29, 
0x87, 0x29, 0x87, 0x29, 0x67, 0x21, 0x46, 0x21, 0x46, 0x21, 0x26, 0x19, 0x25, 0x19, 0x05, 0x19, 
0xE5, 0x10, 0xE4, 0x10, 0xC4, 0x10, 0xC4, 0x10, 0xC4, 0x10, 0xC4, 0x10, 0xC4, 0x10, 0xA4, 0x10, 
0xA4, 0x10, 0xA3, 0x08, 0xA3, 0x08, 0xA3, 0x08, 0x83, 0x08, 0x83, 0x08, 0x83, 0x08, 0x83, 0x08, 
0x83, 0x08, 0x83, 0x08, 0x82, 0x08, 0x62, 0x08, 0x82, 0x08, 0x62, 0x08, 0x62, 0x08, 0x62, 0x08, 
0x62, 0x08, 0x62, 0x08, 0x62, 0x08, 0x62, 0x08, 0x62, 0x08, 0x62, 0x08, 0x62, 0x08, 0x62, 0x08, 
0x62, 0x08, 0x62, 0x08, 0x62, 0x08, 0x62, 0x08, 0x83, 0x08, 0x63, 0x08, 0x83, 0x08, 0x83, 0x08, 
0x83, 0x08, 0x83, 0x08, 0x83, 0x08, 0x83, 0x08, 0x83, 0x08, 0x83, 0x08, 0x83, 0x08, 0xA3, 0x08, 
0x83, 0x08, 0x82, 0x08, 0x62, 0x00, 0x42, 0x00, 0x42, 0x00, 0x62, 0x08, 0x62, 0x08, 0x62, 0x08, 
0x62, 0x08, 0x62, 0x08, 0x62, 0x08, 0x82, 0x08, 0x83, 0x08, 0x83, 0x08, 0xA3, 0x10, 0xA4, 0x10, 
0xC4, 0x10, 0xC4, 0x10, 0xC4, 0x10, 0xC4, 0x10, 0xE4, 0x10, 0xE5, 0x10, 0x05, 0x19, 0x25, 0x19, 
0x26, 0x19, 0x46, 0x19, 0x46, 0x19, 0x46, 0x19, 0x26, 0x19, 0x05, 0x19, 0xE5, 0x10, 0xE5, 0x10, 
0xC4, 0x10, 0xC4, 0x10, 0xA3, 0x10, 0xA3, 0x08, 0x83, 0x08, 0x83, 0x08, 0x83, 0x08, 0x83, 0x08, 
0x82, 0x08, 0x82, 0x08, 0x83, 0x08, 0x62, 0x08, 0x63, 0x08, 0x63, 0x08, 0x83, 0x08, 0x83, 0x08, 
0x83, 0x08, 0x83, 0x08, 0x83, 0x08, 0x83, 0x08, 0x83, 0x08, 0x83, 0x08, 0x83, 0x08, 0x83, 0x08, 
0x83, 0x08, 0x83, 0x08, 0x83, 0x08, 0xA3, 0x08, 0x83, 0x08, 0x83, 0x10, 0x83, 0x10, 0x83, 0x08, 
0x83, 0x08, 0x83, 0x08, 0x41, 0x08, 0x41, 0x08, 0x41, 0x08, 0x41, 0x08, 0x21, 0x00, 0x41, 0x08, 
0x41, 0x08, 0x41, 0x00, 0x41, 0x00, 0x41, 0x00, 0x41, 0x00, 0x21, 0x00, 0x21, 0x00, 0x21, 0x00, 
0x41, 0x00, 0x21, 0x00, 0x21, 0x00, 0x41, 0x00, 0x41, 0x08, 0x41, 0x08, 0x41, 0x08, 0x41, 0x08, 
0x41, 0x08, 0x41, 0x08, 0x41, 0x08, 0x41, 0x08, 0x42, 0x08, 0x62, 0x08, 0x41, 0x08, 0x82, 0x08, 
0xE4, 0x18, 0xC4, 0x10, 0xC4, 0x10, 0xC4, 0x10, 0xE4, 0x10, 0xC4, 0x10, 0xC4, 0x18, 0xC4, 0x10, 
0xC4, 0x10, 0xC4, 0x10, 0xC4, 0x10, 0xC4, 0x10, 0xC4, 0x10, 0xC4, 0x10, 0xC3, 0x10, 0xA3, 0x10, 
0xA3, 0x10, 0xA3, 0x10, 0xA3, 0x10, 0xA3, 0x10, 0xA3, 0x10, 0x83, 0x08, 0x83, 0x08, 0x83, 0x08, 
0xE5, 0x10, 0x26, 0x19, 0x26, 0x19, 0x25, 0x19, 0x66, 0x21, 0x87, 0x29, 0xA7, 0x29, 0xA8, 0x29, 
0xC8, 0x29, 0xC8, 0x31, 0xC8, 0x31, 0xC8, 0x31, 0xE8, 0x31, 0xE8, 0x31, 0xE8, 0x31, 0xC8, 0x31, 
0xC8, 0x31, 0xC8, 0x31, 0xC8, 0x31, 0xA8, 0x29, 0xC8, 0x29, 0xA8, 0x29, 0xA8, 0x29, 0xA7, 0x29, 
0xA7, 0x29, 0xA7, 0x29, 0xA7, 0x29, 0xA7, 0x29, 0xA7, 0x29, 0x87, 0x29, 0x87, 0x29, 0x87, 0x29, 
0x67, 0x29, 0x67, 0x21, 0x66, 0x21, 0x66, 0x21, 0x66, 0x21, 0x66, 0x21, 0x66, 0x21, 0x66, 0x21, 
0x66, 0x21, 0x66, 0x21, 0x66, 0x21, 0x66, 0x21, 0x66, 0x21, 0x66, 0x21, 0x46, 0x21, 0x46, 0x21, 
0x46, 0x21, 0x46, 0x21, 0x46, 0x21, 0x46, 0x21, 0x46, 0x21, 0x46, 0x21, 0x46, 0x21, 0x46, 0x21, 
0x41, 0x00, 0x42, 0x08, 0x41, 0x00, 0x41, 0x00, 0x41, 0x08, 0x41, 0x08, 0x41, 0x08, 0x41, 0x08, 
0x41, 0x08, 0x41, 0x08, 0x82, 0x08, 0x41, 0x00, 0x62, 0x08, 0x83, 0x08, 0x83, 0x08, 0x83, 0x08, 
0x82, 0x08, 0x82, 0x08, 0x83, 0x08, 0x82, 0x08, 0x62, 0x08, 0x62, 0x08, 0x82, 0x08, 0x82, 0x08, 
0x82, 0x08, 0x83, 0x08, 0x83, 0x08, 0x83, 0x08, 0x83, 0x08, 0x82, 0x08, 0x83, 0x08, 0x83, 0x08, 
0x83, 0x08, 0x82, 0x08, 0x82, 0x08, 0xA3, 0x08, 0xA3, 0x08, 0xA3, 0x08, 0xA3, 0x08, 0xA3, 0x08, 
0xA3, 0x10, 0xA3, 0x10, 0xA3, 0x08, 0xA3, 0x10, 0xA3, 0x10, 0xA3, 0x10, 0xA3, 0x10, 0xA3, 0x10, 
0xA3, 0x10, 0xA3, 0x10, 0xA3, 0x10, 0xA3, 0x10, 0xA3, 0x10, 0xA3, 0x10, 0xA3, 0x10, 0xA3, 0x10, 
0xA4, 0x10, 0xA4, 0x10, 0xC3, 0x10, 0xC4, 0x10, 0xC4, 0x10, 0xC4, 0x10, 0xC4, 0x10, 0xC4, 0x10, 
0xE4, 0x10, 0xE4, 0x10, 0xE4, 0x10, 0xE4, 0x10, 0xE5, 0x10, 0xE5, 0x10, 0x25, 0x19, 0x67, 0x21, 
0x46, 0x21, 0x46, 0x21, 0x67, 0x21, 0x87, 0x29, 0x87, 0x29, 0x87, 0x29, 0x87, 0x21, 0x66, 0x21, 
0x46, 0x21, 0x25, 0x19, 0x05, 0x19, 0xE5, 0x10, 0xE4, 0x10, 0xC4, 0x10, 0xC4, 0x10, 0xC4, 0x10, 
0xA4, 0x10, 0xC4, 0x08, 0xA3, 0x08, 0xA3, 0x08, 0x83, 0x08, 0x83, 0x08, 0x83, 0x08, 0x62, 0x08, 
0x62, 0x08, 0x62, 0x08, 0x62, 0x08, 0x62, 0x08, 0x62, 0x08, 0x62, 0x08, 0x62, 0x08, 0x62, 0x08, 
0x62, 0x08, 0x62, 0x08, 0x62, 0x08, 0x62, 0x08, 0x62, 0x08, 0x62, 0x08, 0x62, 0x08, 0x62, 0x08, 
0x62, 0x08, 0x62, 0x08, 0x62, 0x08, 0x62, 0x08, 0x62, 0x08, 0x62, 0x08, 0x62, 0x08, 0x62, 0x08, 
0x62, 0x08, 0x42, 0x08, 0x42, 0x08, 0x42, 0x00, 0x42, 0x08, 0x42, 0x00, 0x62, 0x00, 0x62, 0x08, 
0x42, 0x08, 0x62, 0x08, 0x62, 0x08, 0x62, 0x08, 0x62, 0x08, 0x42, 0x08, 0x42, 0x08, 0x42, 0x00, 
0x42, 0x00, 0x42, 0x00, 0x42, 0x00, 0x42, 0x00, 0x41, 0x00, 0x42, 0x08, 0x42, 0x00, 0x62, 0x00, 
0x42, 0x00, 0x62, 0x08, 0x62, 0x08, 0x62, 0x08, 0x62, 0x08, 0x62, 0x08, 0x62, 0x08, 0x62, 0x08, 
0x62, 0x08, 0x62, 0x08, 0x63, 0x08, 0x83, 0x08, 0x83, 0x08, 0xA3, 0x08, 0xA4, 0x10, 0xA4, 0x10, 
0xC4, 0x10, 0xC4, 0x10, 0xA3, 0x10, 0xA3, 0x08, 0xA3, 0x08, 0xA3, 0x08, 0xA4, 0x08, 0xC4, 0x08, 
0xC4, 0x10, 0xC4, 0x10, 0xC4, 0x10, 0xC4, 0x10, 0xC4, 0x10, 0xA4, 0x10, 0xA3, 0x08, 0xA3, 0x08, 
0x83, 0x08, 0x83, 0x08, 0x82, 0x08, 0x83, 0x08, 0x62, 0x08, 0x62, 0x08, 0x62, 0x08, 0x62, 0x08, 
0x82, 0x08, 0x82, 0x08, 0x63, 0x08, 0x62, 0x08, 0x62, 0x08, 0x62, 0x08, 0x82, 0x08, 0x83, 0x08, 
0x83, 0x08, 0x83, 0x08, 0x82, 0x08, 0x83, 0x08, 0x83, 0x08, 0x83, 0x08, 0x83, 0x08, 0x83, 0x08, 
0x83, 0x08, 0x83, 0x08, 0x83, 0x08, 0x83, 0x08, 0x83, 0x08, 0x83, 0x10, 0x83, 0x10, 0xA3, 0x08, 
0x83, 0x08, 0x62, 0x08, 0x41, 0x08, 0x41, 0x08, 0x41, 0x08, 0x41, 0x08, 0x21, 0x00, 0x21, 0x00, 
0x41, 0x08, 0x41, 0x08, 0x21, 0x00, 0x41, 0x00, 0x42, 0x08, 0x62, 0x08, 0x82, 0x08, 0x62, 0x08, 
0x21, 0x00, 0x41, 0x08, 0x41, 0x08, 0x41, 0x08, 0x21, 0x00, 0x41, 0x08, 0x41, 0x00, 0x41, 0x08, 
0x21, 0x08, 0x41, 0x08, 0x21, 0x00, 0x41, 0x08, 0x41, 0x08, 0x41, 0x08, 0x62, 0x08, 0xC4, 0x10, 
0xE4, 0x18, 0xE4, 0x18, 0xE4, 0x18, 0xE4, 0x18, 0xE4, 0x18, 0xE5, 0x18, 0x05, 0x19, 0xE5, 0x18, 
0xE5, 0x18, 0xE5, 0x18, 0xE5, 0x18, 0xE5, 0x18, 0x05, 0x19, 0xE5, 0x18, 0xE5, 0x18, 0xE4, 0x18, 
0xE4, 0x10, 0xE4, 0x18, 0xE5, 0x18, 0xE4, 0x18, 0xE4, 0x18, 0xE5, 0x18, 0xE4, 0x18, 0xC4, 0x10, 
0x05, 0x19, 0x26, 0x19, 0x26, 0x19, 0x26, 0x19, 0xA3, 0x10, 0x62, 0x08, 0xE5, 0x18, 0xE5, 0x10, 
0x05, 0x19, 0x05, 0x19, 0x05, 0x19, 0x25, 0x19, 0x46, 0x21, 0x66, 0x21, 0x87, 0x21, 0x87, 0x29, 
0xA7, 0x29, 0xA7, 0x29, 0xC8, 0x31, 0xC8, 0x31, 0xE8, 0x31, 0xE8, 0x31, 0xE8, 0x31, 0xE8, 0x31, 
0xE8, 0x31, 0xE8, 0x31, 0xC8, 0x31, 0xC8, 0x31, 0xA7, 0x29, 0xA7, 0x29, 0x87, 0x29, 0x87, 0x29, 
0x87, 0x29, 0x87, 0x29, 0x87, 0x29, 0x87, 0x29, 0x87, 0x29, 0x67, 0x29, 0x67, 0x29, 0x87, 0x29, 
0x87, 0x29, 0x87, 0x29, 0x67, 0x21, 0x67, 0x21, 0x67, 0x21, 0x67, 0x21, 0x66, 0x21, 0x66, 0x21, 
0x66, 0x21, 0x66, 0x21, 0x66, 0x21, 0x66, 0x21, 0x46, 0x21, 0x66, 0x21, 0x46, 0x21, 0x46, 0x21, 
0x42, 0x00, 0x42, 0x00, 0x41, 0x00, 0x41, 0x00, 0x41, 0x08, 0x41, 0x08, 0x41, 0x08, 0x41, 0x08, 
0x41, 0x00, 0x42, 0x00, 0x62, 0x08, 0x41, 0x00, 0x82, 0x08, 0x83, 0x08, 0x83, 0x08, 0x83, 0x08, 
0x83, 0x08, 0x83, 0x08, 0x82, 0x08, 0x82, 0x08, 0x62, 0x08, 0x62, 0x08, 0x83, 0x08, 0x82, 0x08, 
0x82, 0x08, 0x83, 0x08, 0x83, 0x08, 0x83, 0x08, 0x83, 0x08, 0x83, 0x08, 0xA3, 0x10, 0xA3, 0x08, 
0x83, 0x08, 0x83, 0x08, 0x83, 0x08, 0xA3, 0x08, 0xA3, 0x08, 0xA3, 0x08, 0xA3, 0x08, 0xA3, 0x10, 
0xA3, 0x10, 0xA3, 0x10, 0xA3, 0x10, 0xA3, 0x10, 0xA3, 0x10, 0xA4, 0x10, 0xA3, 0x10, 0xA3, 0x10, 
0xA3, 0x10, 0xA3, 0x10, 0xA4, 0x10, 0xA3, 0x10, 0xA3, 0x10, 0xA3, 0x10, 0xA3, 0x10, 0xC4, 0x10, 
0xC4, 0x10, 0xC4, 0x10, 0xC4, 0x10, 0xC4, 0x10, 0xE4, 0x10, 0xE4, 0x10, 0xE4, 0x10, 0xE4, 0x10, 
0xE5, 0x10, 0xE4, 0x10, 0xC4, 0x10, 0xE5, 0x10, 0x25, 0x19, 0x87, 0x21, 0x87, 0x29, 0x25, 0x19, 
0xE4, 0x10, 0xE5, 0x10, 0xE5, 0x10, 0xC4, 0x10, 0xC4, 0x10, 0xC4, 0x10, 0xA4, 0x08, 0xA3, 0x08, 
0xA3, 0x08, 0x83, 0x08, 0x83, 0x08, 0x83, 0x08, 0x82, 0x08, 0x63, 0x08, 0x63, 0x08, 0x63, 0x08, 
0x83, 0x08, 0x83, 0x08, 0x83, 0x08, 0x83, 0x08, 0x82, 0x08, 0x82, 0x08, 0x62, 0x08, 0x62, 0x08, 
0x62, 0x08, 0x62, 0x08, 0x62, 0x08, 0x62, 0x08, 0x62, 0x08, 0x62, 0x08, 0x62, 0x08, 0x62, 0x08, 
0x62, 0x08, 0x62, 0x08, 0x62, 0x08, 0x62, 0x08, 0x62, 0x08, 0x62, 0x08, 0x62, 0x08, 0x62, 0x08, 
0x62, 0x08, 0x62, 0x08, 0x62, 0x08, 0x62, 0x08, 0x62, 0x08, 0x62, 0x08, 0x62, 0x08, 0x62, 0x08, 
0x62, 0x08, 0x62, 0x08, 0x62, 0x08, 0x62, 0x08, 0x62, 0x08, 0x62, 0x08, 0x62, 0x08, 0x62, 0x08, 
0x62, 0x08, 0x62, 0x08, 0x62, 0x08, 0x62, 0x08, 0x62, 0x08, 0x62, 0x08, 0x62, 0x08, 0x62, 0x08, 
0x62, 0x08, 0x62, 0x08, 0x62, 0x08, 0x62, 0x08, 0x62, 0x08, 0x62, 0x08, 0x62, 0x08, 0x62, 0x08, 
0x62, 0x08, 0x63, 0x08, 0x63, 0x08, 0x62, 0x08, 0x62, 0x08, 0x62, 0x08, 0x62, 0x08, 0x62, 0x08, 
0x83, 0x08, 0x83, 0x08, 0x83, 0x08, 0x83, 0x08, 0x83, 0x08, 0xA3, 0x10, 0xA4, 0x10, 0xC4, 0x10, 
0xC4, 0x10, 0xC4, 0x10, 0xC4, 0x10, 0xC4, 0x10, 0xC4, 0x10, 0xC4, 0x10, 0xC4, 0x10, 0xC4, 0x10, 
0xC4, 0x10, 0xC4, 0x10, 0xE4, 0x10, 0xE5, 0x10, 0xE5, 0x18, 0xE4, 0x10, 0xC4, 0x10, 0xC4, 0x10, 
0xA3, 0x08, 0x83, 0x08, 0x83, 0x08, 0x83, 0x08, 0x83, 0x08, 0x83, 0x08, 0x83, 0x08, 0x62, 0x08, 
0x82, 0x08, 0x82, 0x08, 0x83, 0x08, 0x82, 0x08, 0x82, 0x08, 0x82, 0x08, 0x82, 0x08, 0x83, 0x08, 
0x83, 0x08, 0xA3, 0x08, 0x83, 0x08, 0x83, 0x08, 0x83, 0x08, 0x83, 0x08, 0x83, 0x08, 0x83, 0x08, 
0x83, 0x08, 0x83, 0x10, 0x83, 0x08, 0x83, 0x08, 0xA3, 0x10, 0xA3, 0x10, 0xA3, 0x10, 0xA3, 0x10, 
0x83, 0x08, 0x62, 0x08, 0x42, 0x08, 0x42, 0x08, 0x41, 0x08, 0x41, 0x08, 0x21, 0x00, 0x21, 0x00, 
0x21, 0x00, 0x41, 0x08, 0x21, 0x00, 0x42, 0x08, 0x83, 0x08, 0x83, 0x08, 0x83, 0x08, 0xA3, 0x10, 
0x83, 0x08, 0x42, 0x08, 0x42, 0x08, 0x42, 0x08, 0x42, 0x08, 0x41, 0x00, 0x21, 0x00, 0x21, 0x00, 
0x21, 0x08, 0x41, 0x08, 0x41, 0x00, 0x41, 0x08, 0x41, 0x08, 0x62, 0x08, 0xC4, 0x10, 0xE4, 0x10, 
0xE4, 0x10, 0xE4, 0x10, 0xE5, 0x10, 0xE5, 0x10, 0xE5, 0x10, 0xE5, 0x10, 0x05, 0x11, 0x05, 0x19, 
0xE4, 0x10, 0xE5, 0x10, 0xE5, 0x10, 0xE5, 0x18, 0xE5, 0x10, 0xE5, 0x10, 0xE5, 0x18, 0xE5, 0x18, 
0xE5, 0x18, 0x05, 0x19, 0x05, 0x19, 0x05, 0x19, 0x05, 0x19, 0x05, 0x19, 0x25, 0x19, 0x25, 0x19, 
0x25, 0x19, 0x26, 0x19, 0x26, 0x19, 0x46, 0x19, 0x26, 0x21, 0x42, 0x00, 0xA4, 0x10, 0x05, 0x19, 
0x05, 0x19, 0xE5, 0x18, 0xE4, 0x10, 0xC4, 0x10, 0xC4, 0x10, 0xC4, 0x10, 0xC4, 0x10, 0xC4, 0x10, 
0xC4, 0x10, 0xE5, 0x18, 0xE5, 0x18, 0x05, 0x19, 0x25, 0x19, 0x26, 0x21, 0x46, 0x21, 0x67, 0x29, 
0xA7, 0x29, 0xA7, 0x29, 0xA8, 0x29, 0xC8, 0x29, 0xC8, 0x29, 0xC8, 0x29, 0xA7, 0x29, 0xA7, 0x29, 
0xA7, 0x29, 0xA7, 0x29, 0xA7, 0x29, 0xA7, 0x29, 0xA7, 0x29, 0x87, 0x29, 0x87, 0x29, 0x87, 0x29, 
0x87, 0x29, 0x87, 0x29, 0x87, 0x29, 0x87, 0x29, 0x87, 0x29, 0x87, 0x21, 0x87, 0x21, 0x67, 0x21, 
0x67, 0x21, 0x67, 0x21, 0x66, 0x21, 0x66, 0x21, 0x66, 0x21, 0x66, 0x21, 0x66, 0x21, 0x66, 0x21, 
0x42, 0x08, 0x42, 0x08, 0x42, 0x00, 0x41, 0x00, 0x41, 0x00, 0x41, 0x00, 0x41, 0x00, 0x41, 0x00, 
0x41, 0x00, 0x41, 0x00, 0x82, 0x08, 0x62, 0x08, 0x82, 0x08, 0x83, 0x08, 0x83, 0x08, 0x83, 0x08, 
0x82, 0x08, 0x83, 0x08, 0x83, 0x08, 0x83, 0x08, 0x82, 0x08, 0x82, 0x08, 0x83, 0x08, 0x83, 0x08, 
0x83, 0x08, 0x83, 0x08, 0x83, 0x08, 0x83, 0x08, 0x83, 0x08, 0xA3, 0x10, 0xA3, 0x08, 0xA3, 0x08, 
0xA3, 0x08, 0xA3, 0x08, 0xA3, 0x08, 0xA3, 0x08, 0xA3, 0x10, 0xA3, 0x08, 0xA3, 0x10, 0xA3, 0x10, 
0xA3, 0x08, 0xA3, 0x08, 0xA3, 0x10, 0xA3, 0x10, 0xA4, 0x08, 0xA4, 0x08, 0xA4, 0x10, 0xA4, 0x10, 
0xA4, 0x10, 0xA4, 0x10, 0xC4, 0x10, 0xC4, 0x10, 0xC4, 0x10, 0xC4, 0x10, 0xC4, 0x10, 0xC4, 0x10, 
0xC4, 0x10, 0xC4, 0x10, 0xE4, 0x10, 0xE4, 0x10, 0x05, 0x19, 0x05, 0x19, 0x05, 0x19, 0x05, 0x19, 
0x05, 0x19, 0x46, 0x19, 0x87, 0x29, 0xE9, 0x31, 0xE8, 0x31, 0x87, 0x21, 0xC4, 0x10, 0xC4, 0x10, 
0xC4, 0x10, 0xC4, 0x10, 0xA4, 0x08, 0xA4, 0x08, 0xC4, 0x08, 0xC4, 0x08, 0xA3, 0x08, 0xA3, 0x08, 
0xA3, 0x08, 0x83, 0x08, 0x83, 0x08, 0x83, 0x08, 0x83, 0x08, 0x83, 0x08, 0x83, 0x08, 0x83, 0x08, 
0x83, 0x08, 0x83, 0x08, 0x83, 0x08, 0x83, 0x08, 0x82, 0x08, 0x82, 0x08, 0x83, 0x08, 0x83, 0x08, 
0x83, 0x08, 0x82, 0x08, 0x83, 0x08, 0x83, 0x08, 0x83, 0x08, 0x83, 0x08, 0x83, 0x08, 0x82, 0x08, 
0x83, 0x08, 0x82, 0x08, 0x83, 0x08, 0x83, 0x08, 0x83, 0x08, 0x83, 0x08, 0x83, 0x08, 0x83, 0x08, 
0x83, 0x08, 0xA3, 0x08, 0x83, 0x08, 0x83, 0x08, 0x83, 0x08, 0xA3, 0x08, 0xA3, 0x08, 0xA3, 0x08, 
0xA3, 0x08, 0xA3, 0x08, 0x83, 0x08, 0x83, 0x08, 0x83, 0x08, 0x83, 0x08, 0x83, 0x08, 0xA3, 0x08, 
0xA3, 0x08, 0xA3, 0x08, 0xA3, 0x08, 0xA3, 0x08, 0xA3, 0x08, 0xA3, 0x08, 0xA3, 0x08, 0xA3, 0x08, 
0xA3, 0x08, 0xA3, 0x08, 0xA3, 0x08, 0xA3, 0x08, 0xA3, 0x08, 0xA3, 0x10, 0xA3, 0x10, 0xA3, 0x10, 
0xA3, 0x10, 0xA3, 0x10, 0xA3, 0x10, 0xA3, 0x10, 0xA3, 0x10, 0xA3, 0x10, 0xA3, 0x10, 0xA3, 0x10, 
0xC3, 0x10, 0xC4, 0x10, 0xC4, 0x10, 0xC4, 0x10, 0xE4, 0x10, 0xE4, 0x10, 0xE4, 0x10, 0x05, 0x11, 
0x05, 0x19, 0x05, 0x19, 0xE5, 0x10, 0xE4, 0x10, 0x05, 0x11, 0x05, 0x11, 0xE5, 0x10, 0x05, 0x19, 
0x05, 0x19, 0x05, 0x19, 0x05, 0x11, 0x05, 0x19, 0x25, 0x19, 0x25, 0x19, 0x05, 0x19, 0xE5, 0x10, 
0xE4, 0x10, 0xC4, 0x10, 0xA3, 0x10, 0x83, 0x08, 0x83, 0x08, 0x83, 0x08, 0x83, 0x08, 0x63, 0x08, 
0x63, 0x08, 0x62, 0x08, 0x63, 0x08, 0x82, 0x08, 0x82, 0x08, 0x82, 0x08, 0x83, 0x08, 0x82, 0x08, 
0x83, 0x08, 0x83, 0x08, 0x82, 0x08, 0x83, 0x08, 0x83, 0x08, 0x83, 0x08, 0x83, 0x08, 0x83, 0x08, 
0x83, 0x08, 0xA3, 0x08, 0xA3, 0x08, 0x83, 0x08, 0x83, 0x08, 0xA3, 0x08, 0xA3, 0x08, 0xA3, 0x08, 
0x83, 0x08, 0x62, 0x08, 0x62, 0x08, 0x42, 0x08, 0x41, 0x00, 0x41, 0x08, 0x41, 0x00, 0x21, 0x00, 
0x41, 0x08, 0x41, 0x00, 0x41, 0x00, 0x41, 0x08, 0x62, 0x08, 0x62, 0x08, 0x83, 0x08, 0xA3, 0x10, 
0xA3, 0x10, 0x83, 0x10, 0xA3, 0x08, 0x83, 0x08, 0x83, 0x08, 0x62, 0x08, 0x41, 0x00, 0x42, 0x08, 
0x62, 0x08, 0x62, 0x08, 0x62, 0x08, 0x62, 0x08, 0x62, 0x08, 0xC4, 0x10, 0xE4, 0x10, 0xE4, 0x10, 
0xE4, 0x10, 0x04, 0x11, 0x05, 0x19, 0x05, 0x19, 0x05, 0x19, 0x05, 0x19, 0x05, 0x19, 0x05, 0x19, 
0x05, 0x19, 0xE5, 0x10, 0x05, 0x11, 0x05, 0x11, 0x05, 0x19, 0xE5, 0x18, 0x05, 0x19, 0x05, 0x19, 
0x05, 0x19, 0x05, 0x19, 0x05, 0x19, 0x25, 0x19, 0x05, 0x19, 0x25, 0x19, 0x25, 0x19, 0x25, 0x19, 
0x25, 0x19, 0x26, 0x19, 0x26, 0x19, 0x46, 0x21, 0x46, 0x21, 0xA3, 0x10, 0x42, 0x08, 0x46, 0x21, 
0x25, 0x19, 0x25, 0x19, 0x25, 0x19, 0x05, 0x19, 0x05, 0x19, 0x05, 0x19, 0x05, 0x19, 0x05, 0x19, 
0x05, 0x19, 0x05, 0x19, 0x05, 0x19, 0x05, 0x19, 0x05, 0x19, 0xE4, 0x10, 0xE4, 0x10, 0xE5, 0x10, 
0x05, 0x11, 0xE5, 0x10, 0xE5, 0x18, 0x05, 0x19, 0x25, 0x19, 0x46, 0x19, 0x46, 0x21, 0x87, 0x29, 
0xA8, 0x31, 0xA8, 0x29, 0xA7, 0x29, 0xA7, 0x29, 0xA7, 0x29, 0xA7, 0x29, 0xA7, 0x29, 0xA7, 0x29, 
0x87, 0x29, 0xA7, 0x29, 0x87, 0x29, 0x87, 0x29, 0x87, 0x29, 0x87, 0x29, 0x87, 0x29, 0x87, 0x29, 
0x67, 0x21, 0x87, 0x21, 0x87, 0x21, 0x87, 0x21, 0x87, 0x21, 0x67, 0x21, 0x66, 0x21, 0x66, 0x21, 
0x42, 0x08, 0x42, 0x08, 0x41, 0x00, 0x41, 0x00, 0x41, 0x00, 0x41, 0x00, 0x41, 0x00, 0x41, 0x00, 
0x41, 0x00, 0x42, 0x00, 0x82, 0x08, 0x83, 0x08, 0x83, 0x08, 0x83, 0x08, 0x83, 0x08, 0x83, 0x08, 
0x83, 0x08, 0xA3, 0x08, 0x83, 0x08, 0x83, 0x08, 0x83, 0x08, 0x82, 0x08, 0x83, 0x08, 0x83, 0x08, 
0x83, 0x08, 0x83, 0x08, 0x83, 0x08, 0x83, 0x08, 0xA3, 0x08, 0xA3, 0x08, 0xA3, 0x08, 0xA3, 0x08, 
0xA3, 0x08, 0xA3, 0x08, 0xA3, 0x08, 0xA3, 0x08, 0xA3, 0x08, 0xA3, 0x08, 0xA3, 0x08, 0xA3, 0x08, 
0xA3, 0x08, 0xC4, 0x08, 0xA3, 0x08, 0xA4, 0x08, 0xA4, 0x10, 0xA4, 0x10, 0xA4, 0x10, 0xC4, 0x10, 
0xA4, 0x10, 0xC4, 0x10, 0xC4, 0x10, 0xC4, 0x10, 0xC4, 0x10, 0xC4, 0x10, 0xC4, 0x10, 0xC4, 0x10, 
0xE4, 0x10, 0xE4, 0x10, 0x05, 0x11, 0x05, 0x19, 0x25, 0x19, 0x26, 0x19, 0x26, 0x19, 0x87, 0x21, 
0x09, 0x32, 0x4A, 0x3A, 0x4A, 0x3A, 0x09, 0x32, 0x87, 0x21, 0x05, 0x19, 0xE5, 0x10, 0xE4, 0x10, 
0xC4, 0x10, 0xC4, 0x10, 0xC4, 0x10, 0xC4, 0x10, 0xC4, 0x10, 0xC4, 0x10, 0xC4, 0x10, 0xC4, 0x10, 
0xC4, 0x10, 0xC4, 0x10, 0xC4, 0x10, 0xC3, 0x10, 0xA3, 0x08, 0xA3, 0x08, 0xA3, 0x08, 0xA3, 0x10, 
0xA3, 0x08, 0xA3, 0x10, 0xA3, 0x10, 0xC3, 0x10, 0xA3, 0x10, 0xC4, 0x10, 0xC4, 0x10, 0xC4, 0x10, 
0xA4, 0x10, 0xA4, 0x10, 0xA4, 0x10, 0xC4, 0x10, 0xC4, 0x10, 0xC4, 0x10, 0xC4, 0x10, 0xC4, 0x10, 
0xC4, 0x10, 0xC4, 0x10, 0xC4, 0x10, 0xC4, 0x10, 0xC4, 0x10, 0xE4, 0x10, 0xE5, 0x18, 0xE5, 0x18, 
0xE5, 0x18, 0xE5, 0x18, 0xE5, 0x18, 0xE5, 0x10, 0x05, 0x11, 0x05, 0x19, 0xE5, 0x18, 0xE5, 0x18, 
0xE5, 0x10, 0xE4, 0x10, 0xE4, 0x10, 0xE4, 0x10, 0xE4, 0x10, 0xE4, 0x10, 0xE5, 0x10, 0xE4, 0x10, 
0xE4, 0x10, 0xE5, 0x10, 0xE4, 0x10, 0xE4, 0x10, 0xE4, 0x10, 0xC4, 0x10, 0xC4, 0x10, 0xC4, 0x10, 
0xC4, 0x10, 0xC4, 0x10, 0xA4, 0x10, 0xA3, 0x08, 0xA3, 0x08, 0xA3, 0x08, 0x83, 0x08, 0x83, 0x08, 
0x83, 0x08, 0x83, 0x08, 0x83, 0x08, 0x83, 0x08, 0x83, 0x08, 0x83, 0x08, 0xA4, 0x10, 0xC4, 0x10, 
0xC4, 0x10, 0xC4, 0x10, 0xE4, 0x10, 0x05, 0x11, 0x05, 0x11, 0x25, 0x19, 0x46, 0x19, 0x66, 0x21, 
0x87, 0x21, 0xA8, 0x29, 0xC8, 0x29, 0x09, 0x32, 0x09, 0x32, 0x29, 0x32, 0x2A, 0x3A, 0x4A, 0x3A, 
0x4B, 0x3A, 0x6B, 0x3A, 0x6B, 0x42, 0x6B, 0x42, 0x8C, 0x42, 0x4A, 0x3A, 0x67, 0x21, 0x26, 0x19, 
0x25, 0x19, 0xE5, 0x10, 0xC4, 0x10, 0xA3, 0x10, 0x83, 0x08, 0x83, 0x08, 0x83, 0x08, 0x83, 0x08, 
0x62, 0x08, 0x82, 0x08, 0x63, 0x08, 0x83, 0x08, 0x83, 0x08, 0x83, 0x08, 0x83, 0x08, 0x83, 0x08, 
0x83, 0x08, 0x83, 0x08, 0x83, 0x08, 0xA3, 0x08, 0xA3, 0x08, 0xA3, 0x08, 0xA3, 0x08, 0xA4, 0x08, 
0xA4, 0x10, 0xC4, 0x10, 0xA4, 0x10, 0xC4, 0x10, 0xC4, 0x10, 0xC4, 0x10, 0xC4, 0x10, 0xC4, 0x10, 
0x83, 0x08, 0x62, 0x08, 0x62, 0x08, 0x42, 0x08, 0x41, 0x00, 0x41, 0x00, 0x41, 0x00, 0x41, 0x00, 
0x62, 0x08, 0x82, 0x08, 0x41, 0x00, 0x42, 0x08, 0x62, 0x08, 0x62, 0x08, 0x83, 0x08, 0xA3, 0x08, 
0xA3, 0x10, 0xA3, 0x10, 0xA4, 0x10, 0xA3, 0x10, 0xA3, 0x10, 0xA3, 0x08, 0xA3, 0x10, 0x83, 0x08, 
0x63, 0x08, 0x62, 0x08, 0x83, 0x08, 0x63, 0x08, 0xA4, 0x10, 0xE4, 0x18, 0xE4, 0x10, 0x05, 0x19, 
0x05, 0x19, 0x05, 0x19, 0x05, 0x19, 0x05, 0x19, 0x25, 0x19, 0x25, 0x19, 0x25, 0x19, 0x05, 0x19, 
0x05, 0x19, 0x05, 0x11, 0x05, 0x19, 0x05, 0x19, 0x05, 0x19, 0x05, 0x19, 0x25, 0x19, 0x25, 0x19, 
0x25, 0x19, 0x25, 0x19, 0x25, 0x19, 0x25, 0x19, 0x26, 0x19, 0x26, 0x19, 0x26, 0x19, 0x26, 0x19, 
0x26, 0x19, 0x46, 0x19, 0x46, 0x21, 0x46, 0x21, 0x66, 0x21, 0x26, 0x19, 0x42, 0x00, 0xE4, 0x18, 
0x25, 0x19, 0x25, 0x19, 0x25, 0x19, 0x25, 0x19, 0x25, 0x19, 0x25, 0x19, 0x25, 0x19, 0x26, 0x19, 
0x46, 0x21, 0x26, 0x21, 0x46, 0x21, 0x46, 0x21, 0x46, 0x21, 0x26, 0x19, 0x25, 0x19, 0x25, 0x19, 
0x26, 0x19, 0x46, 0x19, 0x46, 0x21, 0x46, 0x19, 0x46, 0x21, 0x46, 0x21, 0x46, 0x21, 0x46, 0x21, 
0x87, 0x29, 0xC8, 0x31, 0xC8, 0x31, 0xC8, 0x31, 0xA8, 0x29, 0xA8, 0x29, 0xA7, 0x29, 0xA7, 0x29, 
0xA7, 0x29, 0xA7, 0x29, 0xA7, 0x29, 0xA7, 0x29, 0xA7, 0x29, 0x87, 0x29, 0x87, 0x29, 0x87, 0x29, 
0x87, 0x29, 0x87, 0x29, 0x87, 0x29, 0x87, 0x29, 0x87, 0x29, 0x87, 0x29, 0x87, 0x29, 0x87, 0x29, 
0x42, 0x08, 0x62, 0x08, 0x41, 0x00, 0x41, 0x00, 0x41, 0x00, 0x42, 0x08, 0x42, 0x00, 0x42, 0x08, 
0x41, 0x00, 0x41, 0x08, 0x83, 0x08, 0x83, 0x08, 0x83, 0x08, 0x83, 0x08, 0x83, 0x08, 0x83, 0x08, 
0x83, 0x08, 0xA3, 0x08, 0x83, 0x08, 0x83, 0x08, 0x82, 0x08, 0x83, 0x08, 0x83, 0x08, 0x83, 0x08, 
0x83, 0x08, 0x83, 0x08, 0x83, 0x08, 0x83, 0x08, 0xA3, 0x08, 0xA3, 0x08, 0xA3, 0x08, 0xA3, 0x08, 
0xA3, 0x08, 0xA3, 0x08, 0xA3, 0x08, 0xA3, 0x10, 0xA3, 0x08, 0xA3, 0x08, 0xA3, 0x08, 0xA3, 0x08, 
0xA4, 0x08, 0xA4, 0x10, 0xA4, 0x10, 0xA4, 0x10, 0xA4, 0x08, 0xA4, 0x10, 0xC4, 0x10, 0xC4, 0x10, 
0xC4, 0x10, 0xC4, 0x10, 0xC4, 0x10, 0xC4, 0x10, 0xC4, 0x10, 0xE4, 0x10, 0xC4, 0x10, 0xE4, 0x10, 
0xE4, 0x10, 0x05, 0x19, 0x25, 0x19, 0x26, 0x19, 0x66, 0x21, 0x67, 0x21, 0x09, 0x32, 0xAC, 0x42, 
0x6B, 0x42, 0x4A, 0x3A, 0x09, 0x32, 0xC8, 0x29, 0x87, 0x21, 0x66, 0x21, 0x46, 0x21, 0x26, 0x19, 
0x25, 0x19, 0x25, 0x19, 0x25, 0x19, 0x25, 0x19, 0x05, 0x19, 0x05, 0x19, 0x05, 0x19, 0x25, 0x19, 
0x25, 0x19, 0x05, 0x19, 0x05, 0x19, 0x05, 0x19, 0x05, 0x19, 0x05, 0x19, 0x05, 0x19, 0x05, 0x19, 
0x05, 0x19, 0x05, 0x19, 0x05, 0x19, 0x05, 0x19, 0xE5, 0x18, 0xE5, 0x10, 0xE5, 0x18, 0x05, 0x19, 
0xE5, 0x10, 0xE5, 0x10, 0xE5, 0x10, 0xE5, 0x10, 0x05, 0x11, 0xE5, 0x10, 0xE4, 0x10, 0xE4, 0x10, 
0xE4, 0x10, 0xE4, 0x10, 0xE4, 0x10, 0xE4, 0x10, 0xE4, 0x10, 0xE4, 0x10, 0xE4, 0x10, 0xE4, 0x10, 
0xE5, 0x10, 0x05, 0x11, 0x05, 0x19, 0x05, 0x19, 0x05, 0x19, 0x05, 0x11, 0x05, 0x19, 0x05, 0x19, 
0x05, 0x11, 0x05, 0x11, 0x05, 0x11, 0x05, 0x19, 0x05, 0x19, 0x25, 0x19, 0x46, 0x19, 0x46, 0x19, 
0x67, 0x21, 0x67, 0x21, 0x87, 0x21, 0x88, 0x21, 0xA8, 0x29, 0xC8, 0x29, 0xE9, 0x29, 0xE9, 0x31, 
0xE9, 0x31, 0x09, 0x3A, 0x2A, 0x3A, 0x2A, 0x3A, 0x4A, 0x3A, 0x6B, 0x42, 0x8B, 0x42, 0xAC, 0x42, 
0xAC, 0x4A, 0xED, 0x4A, 0x2E, 0x53, 0x4E, 0x5B, 0x90, 0x63, 0xD0, 0x6B, 0xCD, 0x4A, 0xF1, 0x73, 
0x52, 0x7C, 0x73, 0x7C, 0x93, 0x84, 0xB4, 0x84, 0xD5, 0x8C, 0xF5, 0x8C, 0x15, 0x95, 0x56, 0x95, 
0x77, 0x9D, 0xB8, 0xA5, 0x19, 0xAE, 0x39, 0xB6, 0x5A, 0xB6, 0x5A, 0xBE, 0x5A, 0xBE, 0x5A, 0xBE, 
0x5A, 0xB6, 0x5A, 0xB6, 0x5A, 0xB6, 0x5A, 0xB6, 0x7B, 0xBE, 0x19, 0xB6, 0xF1, 0x73, 0x87, 0x29, 
0x67, 0x21, 0x05, 0x19, 0xE4, 0x10, 0xC4, 0x10, 0xA3, 0x10, 0xA3, 0x10, 0xA3, 0x08, 0xA3, 0x08, 
0xA3, 0x08, 0xA3, 0x08, 0x83, 0x08, 0x83, 0x08, 0xA3, 0x10, 0x83, 0x08, 0xA3, 0x10, 0xA3, 0x10, 
0xA4, 0x10, 0xC4, 0x10, 0xC4, 0x10, 0xC4, 0x10, 0xE4, 0x10, 0xE4, 0x10, 0xE4, 0x10, 0xE5, 0x10, 
0xE5, 0x18, 0x05, 0x19, 0xE5, 0x18, 0x05, 0x19, 0x05, 0x19, 0xE5, 0x18, 0xE4, 0x10, 0xE4, 0x18, 
0xA4, 0x10, 0x83, 0x08, 0x62, 0x08, 0x62, 0x08, 0x62, 0x08, 0x41, 0x08, 0x21, 0x00, 0x21, 0x00, 
0x82, 0x08, 0x25, 0x21, 0xC4, 0x18, 0x62, 0x08, 0xA3, 0x10, 0xA4, 0x10, 0xA4, 0x10, 0xC4, 0x10, 
0xC4, 0x10, 0xC4, 0x10, 0xC4, 0x10, 0xC4, 0x10, 0xC4, 0x10, 0xC4, 0x10, 0xC4, 0x10, 0xC4, 0x10, 
0xA3, 0x10, 0x83, 0x08, 0x83, 0x08, 0xA3, 0x10, 0x05, 0x19, 0x05, 0x19, 0x05, 0x19, 0x05, 0x19, 
0x05, 0x19, 0x25, 0x19, 0x25, 0x19, 0x25, 0x19, 0x25, 0x19, 0x25, 0x19, 0x25, 0x19, 0x25, 0x19, 
0x26, 0x19, 0x05, 0x19, 0x25, 0x19, 0x25, 0x19, 0x26, 0x19, 0x26, 0x19, 0x26, 0x19, 0x26, 0x19, 
0x26, 0x19, 0x46, 0x19, 0x46, 0x19, 0x46, 0x19, 0x26, 0x19, 0x46, 0x19, 0x46, 0x19, 0x46, 0x19, 
0x46, 0x19, 0x46, 0x19, 0x46, 0x21, 0x46, 0x21, 0x46, 0x21, 0x67, 0x21, 0x83, 0x08, 0x42, 0x00, 
0x05, 0x19, 0xE5, 0x18, 0x05, 0x19, 0x05, 0x19, 0x25, 0x19, 0x46, 0x19, 0x46, 0x21, 0x46, 0x21, 
0x66, 0x21, 0x66, 0x21, 0x66, 0x21, 0x87, 0x29, 0x87, 0x29, 0x87, 0x29, 0x87, 0x29, 0x67, 0x21, 
0x66, 0x21, 0x66, 0x21, 0x66, 0x21, 0x66, 0x21, 0x66, 0x21, 0x67, 0x21, 0x87, 0x29, 0xA8, 0x31, 
0xE8, 0x31, 0x09, 0x3A, 0xE9, 0x31, 0xE8, 0x31, 0xC8, 0x31, 0xC8, 0x31, 0xC8, 0x31, 0xA8, 0x29, 
0xA8, 0x29, 0xA8, 0x29, 0xA7, 0x29, 0xA7, 0x29, 0xA7, 0x29, 0xA7, 0x29, 0xA7, 0x29, 0xA7, 0x29, 
0xA7, 0x29, 0x87, 0x29, 0x87, 0x29, 0x87, 0x29, 0x87, 0x29, 0x87, 0x29, 0x87, 0x29, 0x87, 0x29, 
0x62, 0x08, 0x62, 0x08, 0x41, 0x00, 0x41, 0x00, 0x41, 0x08, 0x42, 0x08, 0x42, 0x08, 0x42, 0x08, 
0x41, 0x00, 0x41, 0x08, 0x83, 0x08, 0x83, 0x08, 0x83, 0x08, 0x83, 0x08, 0x83, 0x08, 0xA3, 0x08, 
0x83, 0x08, 0x83, 0x08, 0x83, 0x08, 0x83, 0x08, 0x83, 0x08, 0x83, 0x08, 0x83, 0x08, 0xA3, 0x08, 
0xA3, 0x08, 0xA3, 0x08, 0xA3, 0x08, 0xA3, 0x08, 0xA3, 0x08, 0xA3, 0x08, 0xA3, 0x08, 0xA3, 0x08, 
0xA3, 0x08, 0xA3, 0x10, 0xA4, 0x10, 0xA3, 0x10, 0xA3, 0x10, 0xA3, 0x10, 0xA4, 0x10, 0xA4, 0x08, 
0xA4, 0x08, 0xA4, 0x10, 0xA4, 0x10, 0xC4, 0x10, 0xA4, 0x10, 0xA4, 0x10, 0xC4, 0x10, 0xC4, 0x10, 
0xC4, 0x10, 0xC4, 0x10, 0xE4, 0x10, 0xE4, 0x10, 0xE4, 0x10, 0xE4, 0x10, 0xE4, 0x10, 0x04, 0x11, 
0x05, 0x19, 0x25, 0x19, 0x46, 0x19, 0x67, 0x21, 0x67, 0x21, 0xE9, 0x31, 0x8C, 0x42, 0x4A, 0x3A, 
0x2A, 0x3A, 0x2A, 0x32, 0xE9, 0x31, 0xA8, 0x29, 0x87, 0x21, 0x66, 0x21, 0x46, 0x19, 0x46, 0x19, 
0x26, 0x19, 0x26, 0x19, 0x25, 0x19, 0x26, 0x19, 0x25, 0x19, 0x25, 0x19, 0x26, 0x19, 0x26, 0x19, 
0x26, 0x19, 0x26, 0x19, 0x26, 0x19, 0x26, 0x19, 0x46, 0x19, 0x46, 0x19, 0x67, 0x21, 0x67, 0x21, 
0x67, 0x21, 0x67, 0x21, 0x87, 0x21, 0xA8, 0x29, 0xA8, 0x29, 0xA8, 0x29, 0xE9, 0x31, 0x09, 0x32, 
0x09, 0x32, 0x2A, 0x3A, 0x4A, 0x3A, 0x4A, 0x3A, 0x6B, 0x3A, 0x6B, 0x42, 0x8B, 0x42, 0xAC, 0x4A, 
0xCC, 0x4A, 0xCC, 0x4A, 0xED, 0x52, 0x0D, 0x53, 0x2E, 0x53, 0x4E, 0x5B, 0x4F, 0x5B, 0x6F, 0x5B, 
0x90, 0x63, 0xD0, 0x6B, 0xF1, 0x6B, 0x11, 0x74, 0x32, 0x74, 0x52, 0x7C, 0x73, 0x7C, 0x94, 0x84, 
0xB4, 0x84, 0xD4, 0x8C, 0xF5, 0x8C, 0x15, 0x95, 0x36, 0x95, 0x36, 0x95, 0x56, 0x9D, 0x77, 0x9D, 
0x77, 0x9D, 0x97, 0x9D, 0xB8, 0xA5, 0xB8, 0xA5, 0xD9, 0xAD, 0xF9, 0xAD, 0xF9, 0xAD, 0x19, 0xAE, 
0x19, 0xB6, 0x39, 0xB6, 0x3A, 0xB6, 0x3A, 0xB6, 0x5A, 0xBE, 0x5B, 0xBE, 0x7B, 0xBE, 0x7B, 0xBE, 
0x7B, 0xBE, 0x7B, 0xBE, 0x9B, 0xC6, 0xBB, 0xC6, 0xDC, 0xCE, 0xBB, 0xC6, 0x98, 0xA5, 0xDC, 0xCE, 
0x3E, 0xDF, 0x3E, 0xD7, 0x3D, 0xD7, 0x3E, 0xD7, 0x3D, 0xD7, 0x3E, 0xD7, 0x3E, 0xD7, 0x5E, 0xD7, 
0x5E, 0xDF, 0x7E, 0xDF, 0x7E, 0xDF, 0x5E, 0xDF, 0x5E, 0xDF, 0x5E, 0xDF, 0x5E, 0xDF, 0x3D, 0xD7, 
0x3D, 0xD7, 0x1D, 0xD7, 0x1D, 0xD7, 0x1D, 0xD7, 0x3D, 0xD7, 0x1D, 0xD7, 0x9B, 0xC6, 0x2E, 0x5B, 
0x67, 0x21, 0x26, 0x19, 0xE5, 0x10, 0xC4, 0x10, 0xC4, 0x10, 0xA3, 0x08, 0xA3, 0x10, 0xA3, 0x10, 
0xA3, 0x10, 0xA3, 0x08, 0x83, 0x08, 0xA3, 0x08, 0x83, 0x08, 0x83, 0x08, 0x83, 0x08, 0xA3, 0x10, 
0xA4, 0x08, 0xC4, 0x10, 0xC4, 0x10, 0xC4, 0x10, 0xC4, 0x10, 0xE4, 0x10, 0xE4, 0x10, 0xE5, 0x10, 
0xE5, 0x18, 0xE5, 0x18, 0x05, 0x19, 0x05, 0x19, 0xE5, 0x18, 0xE4, 0x18, 0xC4, 0x10, 0xA3, 0x10, 
0x83, 0x08, 0x62, 0x08, 0x62, 0x08, 0x62, 0x08, 0x62, 0x08, 0x62, 0x08, 0x62, 0x08, 0x41, 0x08, 
0x62, 0x08, 0xE5, 0x18, 0x25, 0x21, 0xA3, 0x10, 0xC4, 0x10, 0xE4, 0x10, 0xE4, 0x10, 0xE5, 0x10, 
0xE4, 0x10, 0xE4, 0x10, 0xC4, 0x10, 0xC4, 0x10, 0xC4, 0x10, 0xC4, 0x10, 0xE4, 0x10, 0xC4, 0x10, 
0xC4, 0x10, 0xA3, 0x10, 0xA3, 0x10, 0xE5, 0x18, 0x05, 0x19, 0x25, 0x19, 0x25, 0x19, 0x25, 0x19, 
0x25, 0x19, 0x25, 0x19, 0x25, 0x19, 0x25, 0x19, 0x25, 0x19, 0x25, 0x19, 0x25, 0x19, 0x25, 0x19, 
0x26, 0x19, 0x25, 0x19, 0x25, 0x19, 0x26, 0x19, 0x26, 0x19, 0x26, 0x21, 0x46, 0x21, 0x46, 0x21, 
0x46, 0x21, 0x46, 0x21, 0x46, 0x21, 0x46, 0x21, 0x46, 0x21, 0x46, 0x21, 0x46, 0x21, 0x46, 0x21, 
0x46, 0x21, 0x46, 0x21, 0x46, 0x21, 0x46, 0x21, 0x46, 0x21, 0x66, 0x21, 0x05, 0x19, 0x01, 0x00, 
0xE4, 0x18, 0x05, 0x19, 0xE5, 0x18, 0x05, 0x19, 0x05, 0x19, 0x05, 0x19, 0x05, 0x19, 0x26, 0x21, 
0x26, 0x19, 0x26, 0x21, 0x46, 0x21, 0x66, 0x21, 0x67, 0x21, 0x87, 0x29, 0x87, 0x29, 0xA8, 0x29, 
0xC8, 0x29, 0xC8, 0x29, 0xC8, 0x29, 0xA8, 0x29, 0xA7, 0x29, 0xA7, 0x29, 0xA7, 0x29, 0xA7, 0x29, 
0xA7, 0x29, 0xE9, 0x31, 0x09, 0x3A, 0xE9, 0x31, 0xE9, 0x31, 0xC8, 0x31, 0xC8, 0x31, 0xC8, 0x31, 
0xA8, 0x29, 0xA8, 0x29, 0xA8, 0x29, 0xA7, 0x29, 0xA7, 0x29, 0xA7, 0x29, 0xA7, 0x29, 0xA7, 0x29, 
0xA7, 0x29, 0xA7, 0x29, 0xA7, 0x29, 0xA7, 0x29, 0x87, 0x29, 0x87, 0x29, 0x87, 0x29, 0x87, 0x29, 
0x62, 0x08, 0x62, 0x08, 0x42, 0x08, 0x41, 0x00, 0x41, 0x08, 0x41, 0x08, 0x41, 0x08, 0x41, 0x08, 
0x41, 0x08, 0x41, 0x08, 0x83, 0x08, 0x83, 0x08, 0x83, 0x08, 0x83, 0x08, 0x83, 0x10, 0x83, 0x08, 
0x83, 0x08, 0x83, 0x08, 0x83, 0x08, 0x83, 0x08, 0x83, 0x08, 0xA3, 0x08, 0xA3, 0x08, 0xA3, 0x08, 
0xA3, 0x08, 0xA3, 0x08, 0xA3, 0x08, 0xA4, 0x08, 0xA3, 0x08, 0xA4, 0x08, 0xA3, 0x08, 0xA3, 0x08, 
0xA3, 0x08, 0xA3, 0x10, 0xA3, 0x10, 0xA3, 0x10, 0xA4, 0x10, 0xA4, 0x10, 0xA4, 0x10, 0xA4, 0x08, 
0xC4, 0x10, 0xA4, 0x10, 0xC4, 0x10, 0xC4, 0x10, 0xC4, 0x10, 0xC4, 0x10, 0xC4, 0x10, 0xC4, 0x10, 
0xC4, 0x10, 0xE4, 0x10, 0xE4, 0x10, 0xE4, 0x10, 0xE5, 0x10, 0xE5, 0x10, 0xE4, 0x10, 0x05, 0x19, 
0x05, 0x19, 0x46, 0x19, 0x67, 0x21, 0xA7, 0x29, 0x0D, 0x53, 0x52, 0x74, 0xD0, 0x6B, 0xD0, 0x6B, 
0xF1, 0x6B, 0xD0, 0x6B, 0xB0, 0x6B, 0x8F, 0x63, 0x8F, 0x63, 0x6F, 0x63, 0x6F, 0x5B, 0x8F, 0x63, 
0xB0, 0x63, 0xD0, 0x6B, 0xF1, 0x6B, 0x11, 0x74, 0x52, 0x7C, 0x73, 0x7C, 0x73, 0x84, 0xB3, 0x84, 
0xB4, 0x84, 0xD4, 0x8C, 0xF4, 0x94, 0x15, 0x95, 0x36, 0x95, 0x56, 0x9D, 0x77, 0xA5, 0x97, 0xA5, 
0xB8, 0xA5, 0xB8, 0xAD, 0xD9, 0xAD, 0xF9, 0xAD, 0x19, 0xB6, 0x19, 0xB6, 0x5A, 0xB6, 0x7A, 0xBE, 
0x7B, 0xC6, 0x9B, 0xC6, 0xBB, 0xC6, 0xBC, 0xCE, 0xBC, 0xCE, 0xDC, 0xCE, 0xDC, 0xCE, 0xFC, 0xCE, 
0xFC, 0xCE, 0xFD, 0xCE, 0xFD, 0xCE, 0xFD, 0xCE, 0x1D, 0xCF, 0x1D, 0xCF, 0x1D, 0xCF, 0x1D, 0xCF, 
0x1D, 0xD7, 0x1D, 0xD7, 0x3E, 0xD7, 0x3D, 0xD7, 0x3D, 0xD7, 0x3D, 0xD7, 0x3D, 0xD7, 0x3E, 0xDF, 
0x3E, 0xDF, 0x3E, 0xDF, 0x3D, 0xD7, 0x3D, 0xD7, 0x3D, 0xDF, 0x3D, 0xD7, 0x3D, 0xD7, 0x1D, 0xD7, 
0x3D, 0xD7, 0x1D, 0xD7, 0x3D, 0xD7, 0x3D, 0xD7, 0x1D, 0xD7, 0x3D, 0xD7, 0x3D, 0xD7, 0x3D, 0xD7, 
0x3D, 0xD7, 0x3D, 0xD7, 0x1D, 0xD7, 0x3D, 0xDF, 0x3E, 0xDF, 0x3E, 0xDF, 0x3E, 0xDF, 0x5E, 0xDF, 
0x5E, 0xDF, 0x5E, 0xDF, 0x5E, 0xDF, 0x5E, 0xDF, 0x7E, 0xE7, 0x1D, 0xD7, 0xBC, 0xC6, 0x7E, 0xE7, 
0xBF, 0xEF, 0x9F, 0xE7, 0x9F, 0xE7, 0x9F, 0xE7, 0x9F, 0xE7, 0x9F, 0xE7, 0x9F, 0xE7, 0x9F, 0xE7, 
0x9F, 0xE7, 0xBF, 0xE7, 0xBF, 0xE7, 0xBF, 0xE7, 0x9F, 0xE7, 0x9F, 0xE7, 0x9F, 0xE7, 0x7E, 0xDF, 
0x3D, 0xDF, 0x3D, 0xD7, 0x1D, 0xD7, 0x1D, 0xD7, 0x3D, 0xD7, 0x1D, 0xD7, 0xDC, 0xCE, 0x93, 0x84, 
0x87, 0x21, 0x46, 0x21, 0x05, 0x11, 0xC4, 0x10, 0xC4, 0x10, 0xA4, 0x10, 0xA3, 0x10, 0xA3, 0x10, 
0xA3, 0x08, 0xA3, 0x10, 0xA3, 0x08, 0xA3, 0x10, 0x83, 0x08, 0x83, 0x08, 0xA3, 0x10, 0xA3, 0x10, 
0xA4, 0x08, 0xC3, 0x08, 0xC4, 0x10, 0xC4, 0x10, 0xC4, 0x10, 0xE4, 0x10, 0xE4, 0x10, 0xE5, 0x18, 
0x05, 0x19, 0x05, 0x19, 0x05, 0x19, 0x05, 0x19, 0x05, 0x19, 0x05, 0x19, 0xA4, 0x10, 0x83, 0x08, 
0x83, 0x08, 0x83, 0x08, 0x82, 0x08, 0x62, 0x08, 0x62, 0x08, 0x62, 0x08, 0x83, 0x08, 0xC4, 0x10, 
0xA3, 0x10, 0xC4, 0x10, 0x05, 0x19, 0x05, 0x19, 0xE4, 0x10, 0xE4, 0x10, 0xE5, 0x18, 0xE5, 0x18, 
0xE4, 0x18, 0xE4, 0x18, 0xE4, 0x10, 0xE4, 0x10, 0xE4, 0x10, 0xE4, 0x10, 0xE4, 0x10, 0xC4, 0x18, 
0xC4, 0x10, 0xC4, 0x10, 0xC4, 0x10, 0xE4, 0x10, 0xE4, 0x10, 0xE4, 0x10, 0xE4, 0x10, 0xE4, 0x10, 
0xE4, 0x10, 0xC4, 0x10, 0xC4, 0x10, 0xC4, 0x10, 0xC4, 0x10, 0xE4, 0x10, 0xE4, 0x10, 0xC4, 0x10, 
0xE4, 0x10, 0xE4, 0x10, 0xE5, 0x10, 0xE5, 0x10, 0x05, 0x19, 0x05, 0x19, 0x05, 0x19, 0x05, 0x19, 
0x05, 0x19, 0x05, 0x19, 0x05, 0x19, 0x05, 0x19, 0x05, 0x19, 0x05, 0x19, 0x05, 0x19, 0x25, 0x19, 
0x05, 0x19, 0x05, 0x19, 0x25, 0x19, 0x26, 0x19, 0x26, 0x19, 0x26, 0x19, 0x05, 0x19, 0x21, 0x00, 
0x62, 0x08, 0x05, 0x19, 0xE5, 0x18, 0x05, 0x19, 0x05, 0x19, 0x05, 0x19, 0x05, 0x19, 0x05, 0x19, 
0x25, 0x19, 0x25, 0x19, 0x25, 0x19, 0x25, 0x19, 0x26, 0x19, 0x46, 0x21, 0x46, 0x21, 0x66, 0x21, 
0x86, 0x21, 0x87, 0x29, 0xC8, 0x29, 0xE8, 0x31, 0x09, 0x32, 0x09, 0x3A, 0x29, 0x3A, 0x09, 0x3A, 
0x09, 0x3A, 0x09, 0x3A, 0x2A, 0x3A, 0x09, 0x3A, 0xE9, 0x31, 0xE8, 0x31, 0xC8, 0x31, 0xC8, 0x31, 
0xC8, 0x31, 0xC8, 0x31, 0xC8, 0x31, 0xC8, 0x29, 0xC8, 0x29, 0xC8, 0x29, 0xC8, 0x29, 0xC8, 0x29, 
0xA8, 0x29, 0xA8, 0x29, 0xA8, 0x29, 0xA8, 0x29, 0xA7, 0x29, 0xA7, 0x29, 0xA7, 0x29, 0xA7, 0x29, 
0x62, 0x08, 0x62, 0x08, 0x42, 0x08, 0x41, 0x00, 0x42, 0x08, 0x41, 0x08, 0x42, 0x08, 0x42, 0x08, 
0x41, 0x08, 0x42, 0x00, 0x83, 0x08, 0x83, 0x10, 0x83, 0x08, 0x83, 0x10, 0x83, 0x10, 0x83, 0x10, 
0xA3, 0x08, 0xA3, 0x08, 0xA3, 0x08, 0x83, 0x08, 0x83, 0x08, 0x83, 0x08, 0xA3, 0x10, 0xA3, 0x10, 
0xA3, 0x10, 0xA3, 0x10, 0xA3, 0x08, 0xA3, 0x10, 0xA3, 0x10, 0xA3, 0x10, 0xA3, 0x10, 0xA3, 0x10, 
0xA4, 0x10, 0xA4, 0x10, 0xA4, 0x10, 0xA3, 0x10, 0xA4, 0x10, 0xA4, 0x10, 0xA4, 0x10, 0xA4, 0x08, 
0xA4, 0x10, 0xA4, 0x10, 0xC4, 0x10, 0xC4, 0x10, 0xC4, 0x10, 0xC4, 0x10, 0xC4, 0x10, 0xC4, 0x10, 
0xE4, 0x10, 0xE5, 0x10, 0xE5, 0x10, 0xE4, 0x10, 0xE5, 0x10, 0x05, 0x11, 0x05, 0x19, 0x05, 0x19, 
0x25, 0x19, 0x66, 0x21, 0x67, 0x21, 0x0D, 0x53, 0xFD, 0xCE, 0x1D, 0xCF, 0xBC, 0xC6, 0xBC, 0xC6, 
0xDC, 0xCE, 0xFC, 0xCE, 0x1D, 0xD7, 0x3D, 0xD7, 0x3D, 0xDF, 0x3D, 0xDF, 0x3D, 0xD7, 0x3D, 0xD7, 
0x3D, 0xD7, 0x3D, 0xD7, 0x3E, 0xDF, 0x5E, 0xDF, 0x7E, 0xDF, 0x7E, 0xDF, 0x7E, 0xDF, 0x9E, 0xE7, 
0x9F, 0xE7, 0x9F, 0xE7, 0x9F, 0xE7, 0x9F, 0xE7, 0x9F, 0xE7, 0x9F, 0xE7, 0x9F, 0xE7, 0x9F, 0xE7, 
0x9F, 0xE7, 0x9F, 0xDF, 0x7E, 0xDF, 0x5E, 0xDF, 0x5E, 0xDF, 0x5E, 0xDF, 0x7E, 0xDF, 0x7E, 0xE7, 
0x7E, 0xE7, 0x7E, 0xE7, 0x7E, 0xE7, 0x9E, 0xE7, 0x9E, 0xE7, 0x9F, 0xE7, 0x9F, 0xE7, 0x9F, 0xE7, 
0x9E, 0xE7, 0x7E, 0xE7, 0x7E, 0xE7, 0x7E, 0xE7, 0x7E, 0xDF, 0x7E, 0xDF, 0x7E, 0xDF, 0x7E, 0xDF, 
0x7E, 0xDF, 0x7E, 0xDF, 0x7E, 0xDF, 0x5E, 0xDF, 0x7E, 0xDF, 0x7E, 0xE7, 0x7E, 0xE7, 0x7E, 0xE7, 
0x7E, 0xE7, 0x7E, 0xE7, 0x5E, 0xE7, 0x5E, 0xDF, 0x5D, 0xDF, 0x3D, 0xDF, 0x3D, 0xDF, 0x1D, 0xD7, 
0x1D, 0xD7, 0x1D, 0xD7, 0x1D, 0xD7, 0x1D, 0xD7, 0x1D, 0xD7, 0x1C, 0xD7, 0xFC, 0xD6, 0xFC, 0xD6, 
0xFC, 0xCE, 0xDC, 0xCE, 0xBB, 0xCE, 0xBB, 0xC6, 0x9B, 0xC6, 0x7B, 0xC6, 0x7A, 0xC6, 0x5A, 0xBE, 
0x39, 0xBE, 0x19, 0xB6, 0xF8, 0xB5, 0xD8, 0xAD, 0xD8, 0xAD, 0x76, 0x9D, 0xB4, 0x8C, 0x15, 0x95, 
0x76, 0xA5, 0x76, 0x9D, 0x76, 0x9D, 0x76, 0x9D, 0x56, 0x9D, 0x56, 0x9D, 0x15, 0x95, 0xF5, 0x8C, 
0xD4, 0x8C, 0xD4, 0x8C, 0xB4, 0x84, 0xD4, 0x8C, 0xD4, 0x8C, 0xF4, 0x8C, 0xF5, 0x94, 0x7B, 0xC6, 
0x5E, 0xDF, 0x3D, 0xD7, 0x1D, 0xD7, 0x1D, 0xD7, 0x3D, 0xD7, 0x1D, 0xD7, 0xFC, 0xCE, 0x36, 0x95, 
0xA8, 0x29, 0x46, 0x21, 0x05, 0x19, 0xC4, 0x10, 0xC4, 0x10, 0xA4, 0x10, 0xA3, 0x10, 0xA3, 0x10, 
0xA3, 0x08, 0xA3, 0x08, 0xA3, 0x08, 0xA3, 0x10, 0x83, 0x08, 0x83, 0x08, 0xA3, 0x10, 0xA3, 0x10, 
0xA4, 0x10, 0xA4, 0x10, 0xC4, 0x10, 0xC4, 0x10, 0xC4, 0x10, 0xE4, 0x10, 0xE5, 0x18, 0x05, 0x19, 
0x25, 0x19, 0x25, 0x19, 0x25, 0x19, 0x25, 0x19, 0x25, 0x19, 0x05, 0x19, 0xC4, 0x10, 0xC4, 0x10, 
0xC4, 0x10, 0xA3, 0x10, 0xA3, 0x08, 0xA3, 0x08, 0x83, 0x08, 0x82, 0x08, 0x62, 0x08, 0xA3, 0x10, 
0xA3, 0x10, 0xC4, 0x10, 0xA3, 0x10, 0xA3, 0x10, 0xA3, 0x10, 0xA3, 0x10, 0xA3, 0x10, 0xA3, 0x10, 
0xA3, 0x10, 0xA3, 0x10, 0xA3, 0x10, 0xA3, 0x10, 0xA3, 0x10, 0xA3, 0x10, 0xA3, 0x10, 0xA3, 0x10, 
0xA3, 0x10, 0xA3, 0x10, 0x83, 0x08, 0x83, 0x08, 0x83, 0x08, 0x83, 0x08, 0x83, 0x08, 0x83, 0x08, 
0x83, 0x08, 0x83, 0x08, 0x83, 0x08, 0x83, 0x08, 0x62, 0x08, 0x42, 0x08, 0x62, 0x08, 0x83, 0x08, 
0xA3, 0x08, 0x83, 0x08, 0x83, 0x08, 0xA4, 0x10, 0xC4, 0x10, 0xC4, 0x10, 0xA4, 0x10, 0xC4, 0x10, 
0xA4, 0x10, 0xC4, 0x10, 0xC4, 0x10, 0xC4, 0x10, 0xC4, 0x10, 0xC4, 0x10, 0xC4, 0x10, 0xC4, 0x10, 
0xA4, 0x10, 0xA4, 0x10, 0xA4, 0x10, 0xC4, 0x10, 0xC4, 0x10, 0xC4, 0x10, 0xC4, 0x10, 0x42, 0x00, 
0x21, 0x00, 0xA3, 0x10, 0xA4, 0x10, 0xC4, 0x10, 0xC4, 0x10, 0xC4, 0x10, 0xC4, 0x10, 0xC4, 0x10, 
0xC4, 0x10, 0xC4, 0x10, 0xC4, 0x10, 0xC4, 0x10, 0xC4, 0x10, 0xE4, 0x10, 0xE4, 0x10, 0xE4, 0x10, 
0xE5, 0x10, 0x05, 0x19, 0x05, 0x19, 0x46, 0x19, 0x46, 0x21, 0x67, 0x21, 0x87, 0x29, 0xA7, 0x29, 
0xC8, 0x31, 0xC8, 0x31, 0x09, 0x3A, 0x4A, 0x42, 0xE9, 0x31, 0x09, 0x32, 0xE9, 0x31, 0xE9, 0x31, 
0xE8, 0x31, 0xE8, 0x31, 0xE8, 0x31, 0xC8, 0x31, 0xC8, 0x31, 0xC8, 0x31, 0xC8, 0x31, 0xC8, 0x31, 
0xC8, 0x31, 0xC8, 0x31, 0xC8, 0x29, 0xC8, 0x29, 0xC8, 0x29, 0xA7, 0x29, 0xA7, 0x29, 0xC8, 0x29, 
0x62, 0x08, 0x62, 0x08, 0x62, 0x08, 0x41, 0x08, 0x42, 0x08, 0x42, 0x08, 0x42, 0x08, 0x42, 0x08, 
0x41, 0x08, 0x42, 0x08, 0x83, 0x08, 0x83, 0x08, 0x83, 0x08, 0xA3, 0x08, 0x83, 0x10, 0x83, 0x08, 
0xA3, 0x08, 0xA3, 0x08, 0xA3, 0x08, 0x83, 0x08, 0x83, 0x08, 0x83, 0x08, 0xA3, 0x10, 0xA3, 0x10, 
0xA3, 0x10, 0xA3, 0x10, 0xA3, 0x10, 0xA3, 0x10, 0xA4, 0x10, 0xA3, 0x10, 0xA4, 0x10, 0xA3, 0x10, 
0xA4, 0x10, 0xA4, 0x10, 0xA4, 0x10, 0xA4, 0x10, 0xA4, 0x10, 0xA4, 0x10, 0xA4, 0x10, 0xA4, 0x10, 
0xC4, 0x10, 0xC4, 0x10, 0xC4, 0x10, 0xC4, 0x10, 0xC4, 0x10, 0xE4, 0x10, 0xE4, 0x10, 0xE4, 0x10, 
0xE4, 0x10, 0xE5, 0x10, 0x05, 0x19, 0xE5, 0x10, 0x05, 0x11, 0x05, 0x19, 0x05, 0x19, 0x25, 0x19, 
0x46, 0x19, 0x87, 0x21, 0x67, 0x21, 0x36, 0x95, 0xBF, 0xE7, 0x3E, 0xD7, 0xFD, 0xCE, 0xDC, 0xC6, 
0x1D, 0xCF, 0x5E, 0xDF, 0x7E, 0xE7, 0x9E, 0xE7, 0x9F, 0xE7, 0x9E, 0xE7, 0x9E, 0xE7, 0x9E, 0xE7, 
0x9E, 0xE7, 0x7E, 0xDF, 0x7E, 0xDF, 0x7E, 0xDF, 0x7E, 0xDF, 0x7E, 0xDF, 0x9F, 0xDF, 0x9F, 0xE7, 
0x9E, 0xE7, 0x7E, 0xE7, 0x7E, 0xDF, 0x7E, 0xDF, 0x5E, 0xDF, 0x5E, 0xDF, 0x5E, 0xDF, 0x3D, 0xDF, 
0x3D, 0xD7, 0x1D, 0xD7, 0xFC, 0xD6, 0xDC, 0xCE, 0xDC, 0xCE, 0xBB, 0xC6, 0xBB, 0xC6, 0x9B, 0xC6, 
0x9B, 0xC6, 0x7B, 0xBE, 0x7A, 0xBE, 0x7A, 0xBE, 0x5A, 0xBE, 0x3A, 0xBE, 0x39, 0xB6, 0x19, 0xB6, 
0xF9, 0xB5, 0xF8, 0xAD, 0xD8, 0xAD, 0xB8, 0xA5, 0x97, 0xA5, 0x97, 0x9D, 0x76, 0x9D, 0x56, 0x9D, 
0x36, 0x95, 0x36, 0x95, 0x16, 0x95, 0x15, 0x8D, 0xF5, 0x8C, 0xF5, 0x8C, 0xF5, 0x8C, 0xF5, 0x8C, 
0xD4, 0x8C, 0xB4, 0x84, 0x93, 0x84, 0x93, 0x84, 0x73, 0x7C, 0x52, 0x7C, 0x52, 0x7C, 0x32, 0x74, 
0x11, 0x74, 0xF1, 0x6B, 0xB0, 0x63, 0x8F, 0x63, 0x6F, 0x5B, 0x4E, 0x5B, 0x2D, 0x53, 0x0D, 0x53, 
0xED, 0x4A, 0xCC, 0x4A, 0xCC, 0x4A, 0xAC, 0x42, 0xAC, 0x42, 0x8C, 0x42, 0x8B, 0x42, 0x6B, 0x3A, 
0x6B, 0x3A, 0x4A, 0x3A, 0x4A, 0x3A, 0x2A, 0x32, 0x2A, 0x32, 0xC8, 0x29, 0x66, 0x21, 0x67, 0x21, 
0xC8, 0x29, 0xE9, 0x29, 0xE9, 0x29, 0x09, 0x2A, 0x09, 0x32, 0x2A, 0x32, 0x2A, 0x32, 0x2A, 0x32, 
0x09, 0x32, 0x09, 0x32, 0x0A, 0x32, 0xE9, 0x29, 0xC8, 0x29, 0xE9, 0x29, 0x09, 0x2A, 0xB0, 0x63, 
0xFC, 0xD6, 0x3D, 0xDF, 0x3D, 0xDF, 0x3D, 0xDF, 0x1D, 0xD7, 0x1D, 0xD7, 0xDC, 0xCE, 0xB8, 0xA5, 
0xE9, 0x31, 0x46, 0x19, 0x05, 0x19, 0xC4, 0x10, 0xC4, 0x10, 0xC4, 0x10, 0xA3, 0x10, 0xA3, 0x10, 
0xA3, 0x10, 0xA3, 0x08, 0xA3, 0x08, 0xA3, 0x08, 0x83, 0x08, 0xA3, 0x10, 0xA3, 0x10, 0xA3, 0x10, 
0xA4, 0x10, 0xA4, 0x10, 0xC4, 0x10, 0xC4, 0x10, 0xE4, 0x10, 0xE4, 0x18, 0x05, 0x19, 0x25, 0x19, 
0x26, 0x19, 0x46, 0x19, 0x46, 0x19, 0x46, 0x19, 0x26, 0x19, 0x25, 0x19, 0xE4, 0x10, 0xC4, 0x10, 
0xA3, 0x08, 0xA3, 0x08, 0x83, 0x08, 0x83, 0x08, 0x83, 0x08, 0x82, 0x08, 0x62, 0x08, 0x83, 0x08, 
0xA3, 0x10, 0xA3, 0x10, 0xA3, 0x10, 0xA3, 0x10, 0xA3, 0x10, 0xA3, 0x10, 0x83, 0x10, 0x83, 0x10, 
0x83, 0x10, 0xA3, 0x10, 0xA3, 0x08, 0xA3, 0x10, 0x83, 0x10, 0xA3, 0x10, 0xA3, 0x10, 0x83, 0x10, 
0x83, 0x08, 0x83, 0x08, 0x83, 0x08, 0x83, 0x08, 0x83, 0x08, 0x83, 0x08, 0x83, 0x08, 0x83, 0x08, 
0x83, 0x08, 0x83, 0x08, 0x82, 0x08, 0x62, 0x08, 0x41, 0x08, 0x42, 0x08, 0x82, 0x10, 0xA3, 0x10, 
0xA4, 0x10, 0xA4, 0x10, 0xA3, 0x10, 0xA3, 0x10, 0xA3, 0x10, 0x83, 0x10, 0xA3, 0x10, 0x83, 0x10, 
0x83, 0x08, 0x83, 0x08, 0x83, 0x08, 0xA3, 0x10, 0xA3, 0x08, 0xA3, 0x08, 0x83, 0x08, 0x83, 0x08, 
0x83, 0x08, 0x82, 0x08, 0x62, 0x08, 0x83, 0x08, 0xA3, 0x10, 0xA3, 0x08, 0xA3, 0x08, 0x62, 0x08, 
0x00, 0x00, 0x83, 0x08, 0x83, 0x08, 0x83, 0x08, 0x83, 0x08, 0x83, 0x08, 0xA3, 0x08, 0xA3, 0x08, 
0xA3, 0x08, 0xA3, 0x08, 0xA3, 0x08, 0xA3, 0x10, 0xA3, 0x08, 0xA3, 0x10, 0xA3, 0x10, 0xA3, 0x10, 
0xA4, 0x10, 0xC4, 0x10, 0xC4, 0x10, 0xE4, 0x10, 0xE5, 0x10, 0xE5, 0x10, 0xE5, 0x10, 0xE5, 0x10, 
0xE5, 0x18, 0xE5, 0x18, 0x05, 0x19, 0x2A, 0x3A, 0x29, 0x3A, 0x09, 0x32, 0x09, 0x32, 0xE9, 0x31, 
0xE9, 0x31, 0xE9, 0x31, 0xE9, 0x31, 0xE8, 0x31, 0xE8, 0x31, 0xE8, 0x31, 0xE8, 0x31, 0xE8, 0x31, 
0xE8, 0x31, 0xC8, 0x31, 0xC8, 0x31, 0xC8, 0x31, 0xC7, 0x31, 0xC8, 0x31, 0xC8, 0x31, 0xC8, 0x31, 
0x62, 0x08, 0x62, 0x08, 0x62, 0x08, 0x41, 0x08, 0x41, 0x08, 0x42, 0x08, 0x41, 0x08, 0x42, 0x08, 
0x41, 0x08, 0x42, 0x08, 0x83, 0x08, 0x83, 0x08, 0x83, 0x10, 0xA3, 0x08, 0xA3, 0x10, 0xA3, 0x08, 
0xA4, 0x08, 0xA4, 0x10, 0xA3, 0x10, 0xA3, 0x08, 0xA3, 0x10, 0xA3, 0x10, 0xA3, 0x10, 0xA3, 0x10, 
0xA3, 0x10, 0xA3, 0x10, 0xA3, 0x10, 0xA3, 0x10, 0xA4, 0x10, 0xA3, 0x10, 0xA4, 0x10, 0xA4, 0x10, 
0xC4, 0x10, 0xA4, 0x10, 0xA4, 0x10, 0xA4, 0x10, 0xA4, 0x10, 0xA4, 0x10, 0xC4, 0x10, 0xC4, 0x10, 
0xC4, 0x10, 0xC4, 0x10, 0xC4, 0x10, 0xC4, 0x10, 0xC4, 0x10, 0xE4, 0x10, 0xE4, 0x10, 0xE4, 0x10, 
0xE5, 0x10, 0x05, 0x19, 0x05, 0x19, 0x05, 0x19, 0x05, 0x19, 0x05, 0x19, 0x05, 0x19, 0x25, 0x19, 
0x46, 0x21, 0x87, 0x29, 0xA8, 0x29, 0x32, 0x74, 0xBC, 0xC6, 0xDC, 0xC6, 0x77, 0x9D, 0x16, 0x8D, 
0x77, 0x9D, 0xF9, 0xAD, 0xF9, 0xAD, 0xF8, 0xAD, 0xD8, 0xAD, 0xD8, 0xAD, 0xB8, 0xA5, 0x97, 0xA5, 
0x97, 0xA5, 0x76, 0x9D, 0x56, 0x95, 0x35, 0x95, 0xF5, 0x8C, 0xD4, 0x84, 0xB4, 0x84, 0x93, 0x7C, 
0xB4, 0x84, 0xB3, 0x84, 0x93, 0x84, 0x73, 0x7C, 0x53, 0x7C, 0x52, 0x74, 0x32, 0x74, 0x11, 0x74, 
0xF1, 0x6B, 0xD1, 0x6B, 0xB0, 0x63, 0x90, 0x63, 0x8F, 0x5B, 0x6F, 0x5B, 0x4E, 0x53, 0x2E, 0x53, 
0x2E, 0x53, 0x0E, 0x53, 0x0D, 0x4B, 0xED, 0x4A, 0xED, 0x4A, 0xED, 0x4A, 0xED, 0x4A, 0xED, 0x4A, 
0xED, 0x4A, 0xED, 0x4A, 0xED, 0x4A, 0xCD, 0x4A, 0xCD, 0x4A, 0xCC, 0x42, 0xAC, 0x42, 0x8C, 0x42, 
0x8B, 0x3A, 0x8B, 0x3A, 0x6B, 0x3A, 0x6B, 0x3A, 0x6B, 0x3A, 0x8B, 0x3A, 0x6B, 0x3A, 0x6B, 0x3A, 
0x6B, 0x3A, 0x4B, 0x3A, 0x4A, 0x3A, 0x4A, 0x3A, 0x2A, 0x32, 0x2A, 0x32, 0x0A, 0x32, 0xE9, 0x31, 
0xE9, 0x29, 0xE9, 0x29, 0xC9, 0x29, 0xA8, 0x29, 0xA8, 0x29, 0x88, 0x21, 0x87, 0x21, 0x67, 0x21, 
0x67, 0x19, 0x46, 0x19, 0x46, 0x19, 0x46, 0x19, 0x46, 0x19, 0x46, 0x19, 0x26, 0x19, 0x26, 0x19, 
0x46, 0x19, 0x46, 0x19, 0x46, 0x21, 0x46, 0x21, 0x46, 0x21, 0x66, 0x19, 0x87, 0x21, 0xA8, 0x29, 
0xC8, 0x29, 0xC8, 0x29, 0xC8, 0x29, 0xC8, 0x29, 0xC8, 0x29, 0xC8, 0x29, 0xE9, 0x31, 0x09, 0x32, 
0x09, 0x32, 0x09, 0x32, 0x09, 0x32, 0x87, 0x29, 0xC8, 0x29, 0x6B, 0x3A, 0x6B, 0x3A, 0xAC, 0x42, 
0x5A, 0xBE, 0x5E, 0xDF, 0x3D, 0xD7, 0x3D, 0xDF, 0x1D, 0xD7, 0x1D, 0xD7, 0xDC, 0xCE, 0xD8, 0xAD, 
0x2A, 0x3A, 0x26, 0x19, 0x05, 0x19, 0xC4, 0x10, 0xC4, 0x10, 0xA4, 0x10, 0xA3, 0x10, 0xA3, 0x10, 
0x83, 0x08, 0xA3, 0x08, 0xA3, 0x08, 0xA3, 0x08, 0x83, 0x08, 0x83, 0x10, 0x83, 0x08, 0x83, 0x10, 
0xA4, 0x10, 0xA4, 0x10, 0xC4, 0x10, 0xC4, 0x10, 0xE4, 0x10, 0x05, 0x19, 0x25, 0x19, 0x26, 0x19, 
0x46, 0x19, 0x46, 0x21, 0x46, 0x21, 0x46, 0x21, 0x46, 0x21, 0x46, 0x21, 0xC4, 0x10, 0x83, 0x08, 
0x83, 0x08, 0x83, 0x08, 0x83, 0x08, 0x83, 0x08, 0x82, 0x08, 0x62, 0x08, 0x82, 0x08, 0x83, 0x08, 
0x83, 0x08, 0x83, 0x08, 0x83, 0x08, 0xA3, 0x10, 0xA3, 0x10, 0x83, 0x10, 0x83, 0x08, 0x83, 0x08, 
0x83, 0x08, 0x83, 0x08, 0x83, 0x08, 0x83, 0x08, 0x83, 0x08, 0x83, 0x08, 0x83, 0x08, 0x83, 0x08, 
0x83, 0x08, 0x83, 0x08, 0x83, 0x08, 0x83, 0x08, 0x83, 0x08, 0x83, 0x08, 0x83, 0x08, 0x83, 0x08, 
0x63, 0x08, 0x42, 0x08, 0x41, 0x00, 0x41, 0x08, 0x41, 0x08, 0xA3, 0x10, 0xC4, 0x18, 0xC4, 0x18, 
0xC4, 0x18, 0xE4, 0x18, 0xC4, 0x10, 0x83, 0x08, 0xA3, 0x10, 0x83, 0x10, 0x83, 0x08, 0x83, 0x08, 
0x83, 0x10, 0x83, 0x08, 0x83, 0x08, 0x83, 0x08, 0x83, 0x08, 0x83, 0x08, 0x83, 0x08, 0x62, 0x08, 
0x41, 0x08, 0x41, 0x08, 0x41, 0x00, 0xA3, 0x10, 0x05, 0x19, 0x05, 0x19, 0x05, 0x19, 0x63, 0x08, 
0x21, 0x00, 0x83, 0x08, 0x83, 0x08, 0x83, 0x08, 0x83, 0x08, 0x83, 0x08, 0x83, 0x08, 0x83, 0x08, 
0x83, 0x08, 0x83, 0x08, 0x83, 0x08, 0x83, 0x08, 0x83, 0x08, 0x83, 0x08, 0x83, 0x10, 0x83, 0x10, 
0xA3, 0x10, 0xC4, 0x10, 0xA4, 0x10, 0xA3, 0x10, 0xA3, 0x10, 0xC3, 0x10, 0xC4, 0x10, 0xC4, 0x10, 
0xE4, 0x18, 0xA3, 0x18, 0x05, 0x21, 0x4A, 0x4A, 0x4A, 0x4A, 0x09, 0x3A, 0x09, 0x32, 0xE9, 0x31, 
0xE9, 0x31, 0xE9, 0x31, 0xE9, 0x31, 0xE8, 0x31, 0xE8, 0x31, 0xE8, 0x31, 0xE8, 0x31, 0xE8, 0x31, 
0xC8, 0x31, 0xC8, 0x31, 0xC8, 0x31, 0xC8, 0x31, 0xC8, 0x31, 0xC8, 0x31, 0xC8, 0x31, 0xE8, 0x31, 
0x62, 0x08, 0x62, 0x08, 0x62, 0x08, 0x42, 0x08, 0x42, 0x08, 0x42, 0x08, 0x42, 0x08, 0x42, 0x08, 
0x42, 0x08, 0x42, 0x08, 0xA3, 0x08, 0xA3, 0x10, 0xA3, 0x10, 0xA4, 0x10, 0xA4, 0x10, 0xA3, 0x10, 
0xA4, 0x10, 0xC4, 0x10, 0xA4, 0x10, 0xA3, 0x08, 0xA4, 0x10, 0xA4, 0x10, 0xA4, 0x10, 0xC4, 0x10, 
0xC4, 0x10, 0xA4, 0x10, 0xA4, 0x10, 0xA4, 0x10, 0xA3, 0x10, 0xC4, 0x10, 0xC4, 0x10, 0xA4, 0x10, 
0xC4, 0x10, 0xC4, 0x10, 0xC4, 0x10, 0xC4, 0x10, 0xC4, 0x10, 0xC4, 0x10, 0xC4, 0x10, 0xC4, 0x10, 
0xC4, 0x10, 0xC4, 0x10, 0xC4, 0x10, 0xC4, 0x10, 0xE4, 0x10, 0xE4, 0x10, 0xE4, 0x10, 0xE4, 0x10, 
0xE5, 0x18, 0x05, 0x19, 0x05, 0x19, 0x05, 0x19, 0x05, 0x19, 0x25, 0x19, 0x05, 0x19, 0x26, 0x19, 
0x46, 0x21, 0x87, 0x29, 0xC8, 0x31, 0x8B, 0x42, 0xFC, 0xCE, 0xBC, 0xC6, 0xAC, 0x42, 0x8C, 0x3A, 
0x2E, 0x53, 0x2E, 0x53, 0x4E, 0x53, 0x4E, 0x5B, 0x6F, 0x5B, 0x6F, 0x5B, 0x4E, 0x5B, 0x2E, 0x53, 
0x2E, 0x53, 0x0D, 0x4B, 0xED, 0x4A, 0xAC, 0x42, 0x8B, 0x42, 0x8B, 0x3A, 0x6B, 0x3A, 0x4B, 0x3A, 
0x4B, 0x3A, 0x6B, 0x3A, 0x6B, 0x3A, 0x4B, 0x3A, 0x4B, 0x3A, 0x2A, 0x32, 0x2A, 0x32, 0x0A, 0x32, 
0xE9, 0x31, 0xE9, 0x31, 0xE9, 0x29, 0xE9, 0x29, 0xC9, 0x29, 0xC8, 0x29, 0xC8, 0x29, 0xA8, 0x29, 
0xA8, 0x21, 0x88, 0x21, 0x87, 0x21, 0x87, 0x21, 0x87, 0x21, 0x87, 0x21, 0x87, 0x21, 0xA8, 0x21, 
0x88, 0x21, 0x88, 0x21, 0x88, 0x21, 0x87, 0x21, 0x87, 0x21, 0x87, 0x21, 0x67, 0x21, 0x67, 0x21, 
0x67, 0x21, 0x67, 0x21, 0x67, 0x19, 0x47, 0x19, 0x46, 0x19, 0x46, 0x19, 0x25, 0x19, 0x05, 0x19, 
0x05, 0x19, 0x05, 0x19, 0x25, 0x19, 0x05, 0x19, 0x05, 0x19, 0x25, 0x19, 0x05, 0x19, 0x05, 0x19, 
0x05, 0x19, 0x05, 0x19, 0x05, 0x19, 0xE5, 0x10, 0xE4, 0x10, 0xE4, 0x10, 0xC4, 0x10, 0xC4, 0x10, 
0xC4, 0x10, 0xC4, 0x10, 0xC4, 0x10, 0xE4, 0x10, 0xE4, 0x10, 0xE4, 0x10, 0xE4, 0x10, 0xE4, 0x10, 
0xC4, 0x10, 0xC4, 0x10, 0xC4, 0x10, 0xE4, 0x10, 0xC4, 0x10, 0xC4, 0x10, 0x05, 0x19, 0x05, 0x11, 
0xE5, 0x10, 0xE5, 0x10, 0xE5, 0x10, 0xE5, 0x10, 0xE5, 0x10, 0xE5, 0x10, 0xE5, 0x10, 0xE5, 0x10, 
0x05, 0x11, 0x05, 0x19, 0x05, 0x19, 0xE4, 0x10, 0x66, 0x21, 0x8C, 0x42, 0x09, 0x32, 0x0D, 0x53, 
0xBC, 0xCE, 0x3E, 0xDF, 0x3D, 0xDF, 0x3D, 0xD7, 0x1D, 0xD7, 0x1D, 0xD7, 0xDC, 0xCE, 0xF9, 0xAD, 
0x4A, 0x3A, 0x25, 0x19, 0x05, 0x19, 0xC4, 0x10, 0xC4, 0x10, 0xA4, 0x10, 0xA3, 0x10, 0xA3, 0x10, 
0xA3, 0x08, 0x83, 0x10, 0x83, 0x10, 0x83, 0x08, 0x83, 0x10, 0x83, 0x08, 0x83, 0x08, 0x83, 0x10, 
0xA4, 0x10, 0xA4, 0x10, 0xC4, 0x10, 0xC4, 0x10, 0xE4, 0x10, 0x05, 0x19, 0x25, 0x19, 0x46, 0x19, 
0x46, 0x21, 0x66, 0x21, 0x66, 0x21, 0x66, 0x21, 0x46, 0x21, 0x26, 0x19, 0xC4, 0x10, 0x42, 0x08, 
0x63, 0x08, 0x62, 0x08, 0x62, 0x08, 0x62, 0x08, 0x62, 0x08, 0x62, 0x08, 0x62, 0x08, 0x62, 0x08, 
0x83, 0x08, 0x83, 0x08, 0x83, 0x08, 0x83, 0x08, 0x83, 0x08, 0x83, 0x08, 0x83, 0x08, 0x83, 0x08, 
0x83, 0x08, 0x83, 0x08, 0x83, 0x08, 0x83, 0x08, 0x83, 0x08, 0x83, 0x08, 0x83, 0x08, 0x83, 0x08, 
0x83, 0x08, 0x83, 0x08, 0x82, 0x08, 0x83, 0x08, 0x83, 0x08, 0x83, 0x08, 0x63, 0x08, 0x63, 0x08, 
0x62, 0x08, 0x42, 0x08, 0x21, 0x00, 0x21, 0x00, 0x41, 0x08, 0x41, 0x00, 0x41, 0x08, 0x42, 0x08, 
0x42, 0x00, 0x62, 0x08, 0x83, 0x08, 0x83, 0x08, 0x83, 0x08, 0x83, 0x08, 0x83, 0x08, 0x83, 0x08, 
0x83, 0x08, 0x83, 0x08, 0x83, 0x08, 0x83, 0x08, 0x83, 0x08, 0x83, 0x08, 0x83, 0x08, 0x62, 0x08, 
0x21, 0x00, 0x21, 0x00, 0x41, 0x08, 0x83, 0x08, 0x83, 0x08, 0x83, 0x08, 0x83, 0x10, 0x63, 0x08, 
0x21, 0x00, 0x62, 0x08, 0x82, 0x08, 0x83, 0x08, 0x82, 0x08, 0x82, 0x08, 0x83, 0x08, 0x83, 0x08, 
0x83, 0x08, 0x83, 0x08, 0x83, 0x08, 0x83, 0x08, 0x83, 0x08, 0xA3, 0x10, 0xA3, 0x10, 0xA4, 0x10, 
0xA3, 0x10, 0xA3, 0x10, 0xA3, 0x10, 0xA3, 0x10, 0x83, 0x10, 0x83, 0x10, 0x83, 0x08, 0x83, 0x08, 
0xA3, 0x10, 0x83, 0x10, 0x83, 0x18, 0x26, 0x31, 0x46, 0x29, 0x09, 0x3A, 0x29, 0x3A, 0x09, 0x3A, 
0x09, 0x3A, 0x09, 0x3A, 0x09, 0x3A, 0xE9, 0x31, 0xE8, 0x31, 0xE8, 0x31, 0xE8, 0x31, 0xE8, 0x31, 
0xC8, 0x31, 0xC8, 0x31, 0xE8, 0x31, 0xE8, 0x31, 0xC8, 0x31, 0xC8, 0x31, 0xE8, 0x31, 0xE8, 0x31, 
0x62, 0x08, 0x62, 0x08, 0x62, 0x08, 0x62, 0x08, 0x42, 0x08, 0x41, 0x08, 0x42, 0x08, 0x42, 0x08, 
0x62, 0x08, 0x62, 0x08, 0xA3, 0x10, 0xA3, 0x10, 0xA4, 0x10, 0xC4, 0x10, 0xA4, 0x10, 0xC4, 0x10, 
0xC3, 0x10, 0xA4, 0x10, 0xA3, 0x08, 0xA4, 0x08, 0xA4, 0x10, 0xA4, 0x10, 0xC4, 0x10, 0xC4, 0x10, 
0xC4, 0x10, 0xC4, 0x10, 0xC4, 0x10, 0xC4, 0x10, 0xC4, 0x10, 0xC4, 0x10, 0xC4, 0x10, 0xC4, 0x10, 
0xC4, 0x10, 0xC4, 0x10, 0xC4, 0x10, 0xC4, 0x10, 0xC4, 0x10, 0xC4, 0x10, 0xC4, 0x10, 0xC4, 0x10, 
0xC4, 0x10, 0xC4, 0x10, 0xC4, 0x10, 0xC4, 0x10, 0xC4, 0x10, 0xE5, 0x10, 0xE5, 0x10, 0xE5, 0x10, 
0x05, 0x19, 0x05, 0x19, 0x05, 0x19, 0x25, 0x19, 0x25, 0x19, 0x25, 0x19, 0x05, 0x19, 0x26, 0x19, 
0x46, 0x21, 0x87, 0x29, 0xE8, 0x31, 0xCC, 0x4A, 0xB7, 0xA5, 0x36, 0x8D, 0xCD, 0x42, 0x2A, 0x32, 
0xCC, 0x4A, 0x4A, 0x3A, 0x09, 0x32, 0x87, 0x21, 0xA7, 0x21, 0xA8, 0x21, 0x87, 0x21, 0x87, 0x21, 
0x87, 0x21, 0x87, 0x21, 0x67, 0x19, 0x26, 0x19, 0x05, 0x11, 0x05, 0x11, 0x25, 0x19, 0x05, 0x11, 
0x05, 0x11, 0x05, 0x11, 0xE5, 0x10, 0xE5, 0x10, 0xE5, 0x10, 0xE5, 0x10, 0x05, 0x11, 0x05, 0x11, 
0x05, 0x11, 0xE5, 0x10, 0xE5, 0x10, 0xE5, 0x10, 0xE5, 0x10, 0xE5, 0x10, 0xE4, 0x10, 0xE4, 0x10, 
0xE4, 0x10, 0xE4, 0x10, 0xC4, 0x10, 0xE5, 0x10, 0xE4, 0x10, 0xC4, 0x10, 0xE4, 0x10, 0xE4, 0x10, 
0xE5, 0x10, 0xE5, 0x10, 0x05, 0x11, 0x05, 0x11, 0xE5, 0x10, 0xE5, 0x10, 0x05, 0x19, 0x05, 0x19, 
0x05, 0x19, 0xE5, 0x10, 0xE5, 0x10, 0x05, 0x19, 0x05, 0x19, 0xE5, 0x10, 0xE4, 0x10, 0xE4, 0x10, 
0xE4, 0x10, 0xE4, 0x10, 0xE4, 0x10, 0xE5, 0x10, 0xE4, 0x10, 0xE4, 0x10, 0xE4, 0x10, 0xE4, 0x10, 
0xC4, 0x10, 0xC4, 0x10, 0xC4, 0x10, 0xC4, 0x10, 0xC4, 0x10, 0xE4, 0x10, 0xC4, 0x10, 0xC4, 0x10, 
0xC4, 0x10, 0xA4, 0x10, 0xA4, 0x08, 0xA4, 0x08, 0xA3, 0x08, 0xA3, 0x08, 0xA3, 0x08, 0xA3, 0x08, 
0xA3, 0x08, 0xA4, 0x10, 0xA3, 0x10, 0xA3, 0x08, 0xA3, 0x08, 0xA3, 0x08, 0xC4, 0x10, 0xE4, 0x10, 
0xE4, 0x10, 0xE4, 0x10, 0xC4, 0x10, 0xC4, 0x10, 0xC4, 0x10, 0xC4, 0x10, 0xC4, 0x10, 0xE5, 0x10, 
0xE5, 0x10, 0x05, 0x19, 0xE5, 0x10, 0xE5, 0x10, 0x2A, 0x3A, 0x6B, 0x3A, 0x2A, 0x32, 0x98, 0xA5, 
0x5E, 0xDF, 0x3E, 0xDF, 0x3D, 0xDF, 0x1D, 0xD7, 0x1D, 0xD7, 0xFC, 0xCE, 0xBB, 0xC6, 0x77, 0xA5, 
0xC8, 0x29, 0x25, 0x19, 0x05, 0x11, 0xC4, 0x10, 0xC4, 0x10, 0xA4, 0x10, 0xA3, 0x08, 0xA3, 0x10, 
0x83, 0x10, 0x83, 0x08, 0x83, 0x08, 0x83, 0x08, 0x83, 0x08, 0x83, 0x08, 0x83, 0x08, 0x83, 0x10, 
0xA4, 0x10, 0xA4, 0x10, 0xC4, 0x10, 0xC4, 0x10, 0xE5, 0x18, 0x05, 0x19, 0x25, 0x19, 0x46, 0x21, 
0x66, 0x21, 0x67, 0x21, 0x66, 0x21, 0x46, 0x21, 0x26, 0x19, 0x05, 0x11, 0xA3, 0x10, 0x42, 0x08, 
0x62, 0x08, 0x62, 0x08, 0x62, 0x08, 0x62, 0x08, 0x62, 0x08, 0x62, 0x08, 0x62, 0x08, 0x62, 0x08, 
0x62, 0x08, 0x83, 0x08, 0x82, 0x08, 0x82, 0x08, 0x83, 0x08, 0x83, 0x08, 0x83, 0x08, 0x83, 0x08, 
0x83, 0x08, 0x83, 0x08, 0x83, 0x08, 0x83, 0x08, 0x83, 0x08, 0x83, 0x08, 0x83, 0x08, 0x83, 0x08, 
0x83, 0x08, 0x83, 0x08, 0x62, 0x08, 0x62, 0x08, 0x82, 0x08, 0x82, 0x08, 0x62, 0x08, 0x62, 0x08, 
0x62, 0x08, 0x62, 0x08, 0x42, 0x08, 0x62, 0x08, 0x41, 0x00, 0x21, 0x00, 0x41, 0x08, 0x42, 0x08, 
0x62, 0x08, 0x83, 0x08, 0xA3, 0x10, 0x83, 0x08, 0x83, 0x08, 0x83, 0x08, 0x83, 0x08, 0x83, 0x08, 
0x83, 0x08, 0x83, 0x08, 0x83, 0x08, 0x83, 0x08, 0x83, 0x08, 0x83, 0x08, 0x83, 0x08, 0x62, 0x08, 
0x62, 0x08, 0x41, 0x08, 0x41, 0x08, 0x41, 0x08, 0x42, 0x08, 0x62, 0x08, 0x62, 0x08, 0x62, 0x08, 
0x21, 0x00, 0x62, 0x08, 0x82, 0x08, 0x62, 0x08, 0x62, 0x08, 0x62, 0x08, 0x62, 0x08, 0x62, 0x08, 
0x83, 0x08, 0x83, 0x08, 0x83, 0x08, 0x83, 0x08, 0x83, 0x08, 0xA3, 0x10, 0xA3, 0x10, 0xC4, 0x10, 
0xC4, 0x10, 0xC4, 0x10, 0xC4, 0x10, 0xA4, 0x10, 0xC4, 0x10, 0xC4, 0x10, 0xA3, 0x10, 0xA3, 0x10, 
0xC3, 0x10, 0x83, 0x10, 0x62, 0x18, 0xC4, 0x20, 0x87, 0x31, 0x29, 0x3A, 0x2A, 0x3A, 0x2A, 0x3A, 
0x09, 0x3A, 0x09, 0x3A, 0x09, 0x3A, 0xE9, 0x31, 0xE9, 0x31, 0xE9, 0x31, 0xE8, 0x31, 0xE8, 0x31, 
0xC8, 0x31, 0xC8, 0x31, 0xC8, 0x31, 0xC8, 0x31, 0xC8, 0x31, 0xC8, 0x31, 0xC8, 0x31, 0xC8, 0x31, 
0x82, 0x08, 0x83, 0x08, 0x62, 0x08, 0x62, 0x08, 0x42, 0x08, 0x42, 0x08, 0x42, 0x08, 0x42, 0x08, 
0x42, 0x08, 0x62, 0x08, 0xA3, 0x10, 0xA3, 0x10, 0xC4, 0x10, 0xC4, 0x10, 0xA4, 0x10, 0xA4, 0x10, 
0xC4, 0x10, 0xC4, 0x10, 0xA4, 0x10, 0xA3, 0x10, 0xA4, 0x10, 0xA4, 0x10, 0xA4, 0x10, 0xC4, 0x10, 
0xC4, 0x10, 0xC4, 0x10, 0xC4, 0x10, 0xC4, 0x10, 0xC4, 0x10, 0xC4, 0x10, 0xC4, 0x10, 0xC4, 0x10, 
0xC4, 0x10, 0xC4, 0x10, 0xC4, 0x10, 0xC4, 0x10, 0xC4, 0x10, 0xC4, 0x10, 0xE4, 0x10, 0xC4, 0x10, 
0xC4, 0x10, 0xE4, 0x10, 0xE5, 0x10, 0xE4, 0x10, 0xE5, 0x10, 0xE5, 0x10, 0xE5, 0x18, 0x05, 0x19, 
0x05, 0x19, 0x25, 0x19, 0x25, 0x19, 0x25, 0x19, 0x25, 0x19, 0x25, 0x19, 0x26, 0x19, 0x46, 0x19, 
0x66, 0x21, 0xA7, 0x29, 0x09, 0x32, 0x6F, 0x5B, 0x77, 0x9D, 0xB0, 0x63, 0xC9, 0x29, 0x25, 0x19, 
0x26, 0x19, 0x87, 0x21, 0x87, 0x21, 0x46, 0x21, 0x46, 0x21, 0x67, 0x21, 0x25, 0x19, 0xC4, 0x10, 
0xC4, 0x10, 0xC4, 0x10, 0xE5, 0x10, 0x46, 0x19, 0x26, 0x19, 0x26, 0x19, 0x25, 0x19, 0xE4, 0x10, 
0xC4, 0x10, 0xC4, 0x10, 0xA4, 0x10, 0xC4, 0x08, 0xC4, 0x10, 0xE5, 0x10, 0xE5, 0x10, 0xE5, 0x10, 
0xE4, 0x10, 0xC4, 0x10, 0xC4, 0x10, 0xC4, 0x10, 0xC4, 0x10, 0xC4, 0x10, 0xC4, 0x10, 0xC4, 0x10, 
0xC4, 0x10, 0xC4, 0x10, 0xA4, 0x10, 0xC4, 0x10, 0xC4, 0x10, 0xC4, 0x10, 0xA4, 0x10, 0xA4, 0x08, 
0xC4, 0x10, 0xC4, 0x10, 0xC4, 0x10, 0xC4, 0x10, 0xC4, 0x10, 0xC4, 0x10, 0xC4, 0x10, 0xA4, 0x10, 
0xC4, 0x10, 0xA4, 0x08, 0xA4, 0x08, 0xA4, 0x08, 0xA4, 0x08, 0xA3, 0x08, 0xA3, 0x10, 0xC4, 0x10, 
0xC4, 0x10, 0xC4, 0x10, 0xC4, 0x10, 0xC4, 0x10, 0xA3, 0x08, 0xA3, 0x08, 0xA3, 0x08, 0x83, 0x08, 
0xA3, 0x08, 0xA3, 0x08, 0x83, 0x08, 0xA4, 0x08, 0xC4, 0x08, 0xA4, 0x10, 0xA4, 0x08, 0xA3, 0x08, 
0xA3, 0x08, 0xA3, 0x08, 0x83, 0x08, 0x83, 0x08, 0x83, 0x08, 0x83, 0x08, 0x83, 0x08, 0x83, 0x08, 
0x83, 0x08, 0xA3, 0x08, 0xA3, 0x10, 0xA3, 0x10, 0xA3, 0x08, 0x83, 0x08, 0xA3, 0x10, 0xA3, 0x10, 
0xC4, 0x10, 0xC4, 0x10, 0xA3, 0x08, 0xA4, 0x08, 0xA4, 0x08, 0xA4, 0x10, 0xA4, 0x10, 0xA4, 0x10, 
0xC4, 0x10, 0xC4, 0x10, 0xC4, 0x10, 0x87, 0x29, 0xCC, 0x4A, 0x09, 0x32, 0xB4, 0x8C, 0x5E, 0xDF, 
0x3E, 0xDF, 0x5E, 0xDF, 0x1D, 0xD7, 0xFC, 0xCE, 0x1D, 0xD7, 0xDC, 0xCE, 0x9B, 0xC6, 0x4E, 0x63, 
0x25, 0x19, 0x25, 0x19, 0xE4, 0x10, 0xC4, 0x10, 0xC4, 0x10, 0xA3, 0x10, 0xA3, 0x10, 0xA3, 0x10, 
0x83, 0x08, 0x83, 0x08, 0x83, 0x08, 0x83, 0x10, 0x83, 0x08, 0x83, 0x08, 0x83, 0x10, 0xA4, 0x10, 
0xA4, 0x10, 0xA4, 0x10, 0xA4, 0x10, 0xA4, 0x10, 0xA3, 0x10, 0xA3, 0x10, 0xC4, 0x10, 0xE4, 0x10, 
0xE5, 0x18, 0x05, 0x19, 0x25, 0x19, 0x26, 0x19, 0x05, 0x19, 0xC4, 0x10, 0xA3, 0x08, 0xA3, 0x10, 
0x83, 0x08, 0x83, 0x08, 0x83, 0x08, 0x82, 0x08, 0x62, 0x08, 0x82, 0x08, 0x62, 0x08, 0x62, 0x08, 
0x62, 0x08, 0x62, 0x08, 0x62, 0x08, 0x83, 0x08, 0x83, 0x08, 0x83, 0x08, 0x83, 0x08, 0x83, 0x08, 
0x83, 0x08, 0x83, 0x08, 0x83, 0x08, 0x82, 0x08, 0x82, 0x08, 0x82, 0x08, 0x83, 0x08, 0x83, 0x08, 
0x63, 0x08, 0x82, 0x08, 0x63, 0x08, 0x62, 0x08, 0x82, 0x08, 0x83, 0x08, 0x82, 0x08, 0x62, 0x08, 
0x62, 0x08, 0x62, 0x08, 0x62, 0x08, 0x83, 0x08, 0x62, 0x08, 0x62, 0x08, 0x62, 0x08, 0x62, 0x08, 
0x63, 0x08, 0x83, 0x08, 0x62, 0x08, 0x83, 0x08, 0x83, 0x08, 0x83, 0x08, 0x83, 0x08, 0x83, 0x08, 
0x83, 0x08, 0x83, 0x08, 0x83, 0x08, 0x83, 0x08, 0x83, 0x08, 0x83, 0x08, 0x83, 0x08, 0x83, 0x08, 
0x62, 0x08, 0x83, 0x08, 0x83, 0x08, 0x62, 0x08, 0x82, 0x08, 0x82, 0x08, 0x83, 0x08, 0x62, 0x08, 
0x21, 0x00, 0x62, 0x08, 0x62, 0x08, 0x62, 0x08, 0x62, 0x08, 0x62, 0x08, 0x82, 0x08, 0x62, 0x08, 
0x62, 0x08, 0x82, 0x08, 0x82, 0x08, 0x83, 0x08, 0x83, 0x08, 0xA3, 0x10, 0xC4, 0x10, 0xC4, 0x10, 
0xE5, 0x10, 0xE5, 0x10, 0xC4, 0x10, 0xA4, 0x10, 0xA4, 0x10, 0xA3, 0x10, 0xA3, 0x10, 0xA3, 0x10, 
0xC3, 0x10, 0x83, 0x10, 0x62, 0x18, 0xC4, 0x20, 0xE9, 0x39, 0x4A, 0x3A, 0x4A, 0x3A, 0x4A, 0x3A, 
0x2A, 0x3A, 0x09, 0x3A, 0x09, 0x3A, 0x09, 0x3A, 0xE9, 0x31, 0xE9, 0x31, 0xE9, 0x31, 0xE9, 0x31, 
0xC8, 0x31, 0xC8, 0x31, 0xC8, 0x31, 0xC8, 0x31, 0xC8, 0x31, 0xC8, 0x31, 0xC8, 0x31, 0xC8, 0x31, 
0x83, 0x08, 0x83, 0x08, 0x62, 0x08, 0x62, 0x08, 0x42, 0x08, 0x42, 0x08, 0x42, 0x08, 0x42, 0x08, 
0x42, 0x08, 0x62, 0x08, 0xA3, 0x10, 0xA4, 0x10, 0xC4, 0x10, 0xC4, 0x10, 0xC4, 0x10, 0xA4, 0x10, 
0xA4, 0x10, 0xC4, 0x10, 0xA3, 0x10, 0xA4, 0x10, 0xA4, 0x10, 0xA3, 0x10, 0xC4, 0x10, 0xE4, 0x10, 
0xE4, 0x10, 0xC4, 0x10, 0xC4, 0x10, 0xC4, 0x10, 0xE4, 0x10, 0xE4, 0x10, 0xE4, 0x10, 0xC4, 0x10, 
0xE4, 0x10, 0xE4, 0x10, 0xC4, 0x10, 0xE4, 0x10, 0xC4, 0x10, 0xE4, 0x10, 0xE4, 0x10, 0xC4, 0x10, 
0xC4, 0x10, 0xE4, 0x10, 0xE5, 0x10, 0xE4, 0x10, 0xE4, 0x10, 0xE5, 0x10, 0xE5, 0x18, 0x05, 0x19, 
0x05, 0x19, 0x25, 0x19, 0x25, 0x19, 0x25, 0x19, 0x25, 0x19, 0x26, 0x19, 0x26, 0x19, 0x46, 0x21, 
0x67, 0x21, 0xE8, 0x31, 0x4A, 0x3A, 0xD5, 0x8C, 0xB8, 0xA5, 0xED, 0x4A, 0x46, 0x19, 0x05, 0x19, 
0x87, 0x29, 0x29, 0x3A, 0x87, 0x29, 0xC4, 0x10, 0xE4, 0x10, 0xC4, 0x10, 0x05, 0x19, 0x25, 0x19, 
0x05, 0x19, 0x05, 0x19, 0xE4, 0x10, 0xA4, 0x08, 0xA4, 0x08, 0xA3, 0x08, 0xA3, 0x08, 0xE4, 0x10, 
0xE4, 0x10, 0xE4, 0x10, 0xE4, 0x10, 0xE4, 0x10, 0xA3, 0x08, 0xA3, 0x08, 0xA3, 0x08, 0xA3, 0x08, 
0xA4, 0x08, 0xC4, 0x10, 0xC4, 0x10, 0xC4, 0x10, 0xC4, 0x10, 0xC4, 0x10, 0xC4, 0x10, 0xA4, 0x10, 
0xA3, 0x08, 0x83, 0x08, 0x83, 0x08, 0x83, 0x08, 0x83, 0x08, 0xA3, 0x08, 0xA3, 0x08, 0xA3, 0x08, 
0xA4, 0x08, 0xA4, 0x10, 0xA4, 0x10, 0xA4, 0x10, 0xA4, 0x10, 0xA3, 0x08, 0xA4, 0x10, 0xA4, 0x10, 
0xA4, 0x10, 0xC4, 0x10, 0xA4, 0x10, 0xC4, 0x10, 0xC4, 0x10, 0xC4, 0x10, 0x83, 0x08, 0x83, 0x08, 
0x83, 0x08, 0x83, 0x08, 0x83, 0x08, 0x83, 0x08, 0xA3, 0x08, 0xC4, 0x10, 0xC4, 0x10, 0xC4, 0x10, 
0xC4, 0x10, 0xC4, 0x10, 0xC4, 0x10, 0xA3, 0x08, 0x83, 0x08, 0x83, 0x08, 0x83, 0x08, 0x83, 0x08, 
0x83, 0x08, 0x83, 0x08, 0xA3, 0x10, 0xA3, 0x10, 0xA3, 0x08, 0xA3, 0x08, 0xA3, 0x08, 0x83, 0x08, 
0x83, 0x08, 0x83, 0x08, 0x82, 0x08, 0x82, 0x08, 0x83, 0x08, 0x62, 0x08, 0xA3, 0x08, 0xA3, 0x08, 
0x83, 0x08, 0xA3, 0x08, 0x83, 0x08, 0x83, 0x08, 0xA3, 0x10, 0xA3, 0x10, 0xA3, 0x08, 0x83, 0x10, 
0xA4, 0x10, 0xA3, 0x08, 0x05, 0x19, 0x8B, 0x42, 0x09, 0x32, 0x2E, 0x53, 0x1D, 0xD7, 0x5E, 0xDF, 
0x5E, 0xDF, 0x3E, 0xDF, 0xFC, 0xCE, 0xFC, 0xCE, 0xDC, 0xCE, 0xBB, 0xC6, 0x11, 0x7C, 0x45, 0x29, 
0x05, 0x19, 0xE5, 0x18, 0xE4, 0x10, 0xC4, 0x10, 0xC4, 0x10, 0xA4, 0x10, 0xA3, 0x08, 0xA3, 0x08, 
0x83, 0x10, 0x83, 0x08, 0x83, 0x10, 0x83, 0x10, 0x83, 0x08, 0x83, 0x08, 0xA4, 0x10, 0xA4, 0x10, 
0xA4, 0x10, 0x83, 0x08, 0x63, 0x08, 0x63, 0x08, 0x63, 0x08, 0x62, 0x08, 0x62, 0x08, 0x63, 0x08, 
0x63, 0x08, 0x63, 0x08, 0x83, 0x08, 0xC4, 0x10, 0xE4, 0x18, 0xE4, 0x10, 0xA4, 0x10, 0xA4, 0x10, 
0xA4, 0x10, 0xA3, 0x10, 0xA3, 0x08, 0x83, 0x10, 0x83, 0x08, 0x83, 0x08, 0x62, 0x08, 0x62, 0x08, 
0x82, 0x08, 0x62, 0x08, 0x62, 0x08, 0x83, 0x08, 0x83, 0x08, 0x83, 0x08, 0x83, 0x08, 0x83, 0x08, 
0x83, 0x08, 0x83, 0x08, 0x83, 0x08, 0x83, 0x08, 0x83, 0x08, 0x83, 0x08, 0x83, 0x08, 0x63, 0x08, 
0x63, 0x08, 0x63, 0x08, 0x63, 0x08, 0x63, 0x08, 0x82, 0x08, 0x62, 0x08, 0x82, 0x08, 0x63, 0x08, 
0x62, 0x08, 0x63, 0x08, 0x63, 0x08, 0x62, 0x08, 0x83, 0x08, 0xA3, 0x10, 0x83, 0x08, 0x62, 0x08, 
0x83, 0x08, 0x63, 0x08, 0x83, 0x08, 0x83, 0x08, 0x83, 0x08, 0x83, 0x08, 0x83, 0x08, 0x83, 0x08, 
0x83, 0x08, 0x83, 0x08, 0x83, 0x08, 0x83, 0x08, 0x83, 0x08, 0x83, 0x08, 0x63, 0x08, 0x83, 0x08, 
0x83, 0x08, 0x83, 0x08, 0x83, 0x08, 0x83, 0x08, 0x83, 0x08, 0x83, 0x08, 0x83, 0x08, 0x62, 0x08, 
0x21, 0x00, 0x62, 0x08, 0x62, 0x08, 0x62, 0x08, 0x62, 0x08, 0x62, 0x08, 0x82, 0x08, 0x62, 0x08, 
0x62, 0x08, 0x82, 0x08, 0x83, 0x08, 0x83, 0x08, 0xA3, 0x08, 0xA3, 0x10, 0xC4, 0x10, 0xE4, 0x10, 
0x05, 0x19, 0x05, 0x19, 0xC4, 0x10, 0xC4, 0x10, 0xA3, 0x10, 0xA3, 0x10, 0xA3, 0x10, 0xC3, 0x10, 
0xC4, 0x10, 0xA3, 0x10, 0x62, 0x10, 0xE4, 0x28, 0x29, 0x42, 0x6A, 0x42, 0x4A, 0x42, 0x4A, 0x3A, 
0x2A, 0x3A, 0x29, 0x3A, 0x29, 0x3A, 0x09, 0x3A, 0x09, 0x32, 0xE9, 0x31, 0xE9, 0x31, 0xE9, 0x31, 
0xE9, 0x31, 0xE9, 0x31, 0xE8, 0x31, 0xE8, 0x31, 0xE8, 0x31, 0xE8, 0x31, 0xE8, 0x31, 0xE8, 0x31, 
0x83, 0x08, 0xA3, 0x08, 0x62, 0x08, 0x62, 0x08, 0x62, 0x08, 0x42, 0x08, 0x42, 0x08, 0x62, 0x08, 
0x62, 0x08, 0x62, 0x08, 0xC4, 0x10, 0xC4, 0x10, 0xA3, 0x10, 0xA3, 0x10, 0xC4, 0x10, 0xC4, 0x10, 
0xA3, 0x10, 0xA3, 0x10, 0xA4, 0x10, 0xA4, 0x10, 0xA3, 0x10, 0xC4, 0x10, 0xE4, 0x10, 0xE4, 0x10, 
0xE4, 0x10, 0xE5, 0x10, 0xE4, 0x10, 0xE4, 0x10, 0xE4, 0x10, 0xE4, 0x10, 0xC4, 0x10, 0xC4, 0x10, 
0xE4, 0x10, 0xE4, 0x10, 0xC4, 0x10, 0xE4, 0x10, 0xE4, 0x10, 0xE5, 0x10, 0xE4, 0x10, 0xE4, 0x10, 
0xE4, 0x10, 0xE4, 0x10, 0xE5, 0x10, 0xE5, 0x10, 0xE5, 0x10, 0x05, 0x19, 0x05, 0x19, 0x05, 0x19, 
0x26, 0x19, 0x25, 0x19, 0x05, 0x19, 0x25, 0x19, 0x25, 0x19, 0x26, 0x19, 0x26, 0x19, 0x46, 0x21, 
0x87, 0x29, 0x09, 0x32, 0xED, 0x4A, 0x5B, 0xBE, 0x36, 0x95, 0x4A, 0x3A, 0xC4, 0x10, 0x25, 0x19, 
0x87, 0x21, 0x46, 0x21, 0x05, 0x19, 0xE4, 0x10, 0x05, 0x19, 0x25, 0x19, 0xE4, 0x10, 0xC4, 0x08, 
0xC4, 0x10, 0xC4, 0x10, 0xC4, 0x10, 0xE4, 0x10, 0xE5, 0x10, 0xE4, 0x10, 0xE4, 0x10, 0xA3, 0x10, 
0x83, 0x08, 0x83, 0x08, 0x83, 0x08, 0x83, 0x08, 0xA3, 0x08, 0xC4, 0x10, 0xA4, 0x10, 0xA3, 0x10, 
0xA3, 0x10, 0xA3, 0x10, 0xA3, 0x08, 0x83, 0x08, 0x83, 0x08, 0x83, 0x08, 0x62, 0x08, 0x62, 0x08, 
0x62, 0x08, 0x62, 0x08, 0x62, 0x00, 0x42, 0x08, 0x62, 0x08, 0x62, 0x08, 0x63, 0x08, 0x83, 0x08, 
0x83, 0x08, 0x83, 0x08, 0xA3, 0x08, 0xA3, 0x08, 0xA3, 0x08, 0xA3, 0x08, 0x83, 0x08, 0x83, 0x08, 
0x83, 0x08, 0x83, 0x08, 0x83, 0x08, 0x83, 0x08, 0x83, 0x08, 0x83, 0x08, 0xA3, 0x08, 0xA3, 0x10, 
0xA3, 0x08, 0xA3, 0x08, 0xA3, 0x08, 0xA3, 0x08, 0x83, 0x08, 0x62, 0x08, 0x83, 0x08, 0x83, 0x08, 
0x83, 0x08, 0x83, 0x08, 0x83, 0x08, 0x83, 0x08, 0xC4, 0x10, 0xA4, 0x10, 0xC4, 0x10, 0xC4, 0x10, 
0xA4, 0x10, 0x83, 0x08, 0x62, 0x08, 0x62, 0x08, 0x62, 0x08, 0x82, 0x08, 0x62, 0x08, 0x82, 0x08, 
0x82, 0x08, 0x83, 0x08, 0xA3, 0x08, 0x83, 0x08, 0x83, 0x08, 0x62, 0x08, 0x83, 0x08, 0x83, 0x08, 
0x82, 0x08, 0x83, 0x08, 0x83, 0x08, 0x62, 0x08, 0x83, 0x08, 0xA3, 0x10, 0xA3, 0x10, 0x83, 0x10, 
0xA3, 0x10, 0xC4, 0x10, 0xC8, 0x29, 0x6B, 0x42, 0xE9, 0x31, 0x3A, 0xBE, 0x7E, 0xE7, 0x7E, 0xDF, 
0x5E, 0xDF, 0xFD, 0xCE, 0xBC, 0xC6, 0xBC, 0xC6, 0xFC, 0xCE, 0x52, 0x84, 0x04, 0x21, 0xE4, 0x18, 
0xC4, 0x10, 0xE4, 0x10, 0xC4, 0x10, 0xC4, 0x10, 0xC4, 0x10, 0xA3, 0x10, 0xA3, 0x10, 0xA3, 0x08, 
0x83, 0x10, 0x83, 0x10, 0x83, 0x08, 0x83, 0x08, 0xA3, 0x10, 0xA4, 0x10, 0x83, 0x08, 0x83, 0x08, 
0x83, 0x08, 0x83, 0x08, 0x82, 0x08, 0x82, 0x08, 0x83, 0x08, 0x62, 0x08, 0x62, 0x08, 0x62, 0x08, 
0x83, 0x08, 0x63, 0x08, 0x62, 0x08, 0x62, 0x08, 0x82, 0x08, 0xC4, 0x10, 0xC4, 0x18, 0x83, 0x08, 
0xA3, 0x10, 0xA3, 0x10, 0x83, 0x10, 0x83, 0x08, 0x83, 0x08, 0x83, 0x08, 0x62, 0x08, 0x62, 0x08, 
0x62, 0x08, 0x62, 0x08, 0x62, 0x08, 0x62, 0x08, 0x63, 0x08, 0x83, 0x08, 0x63, 0x08, 0x83, 0x08, 
0x83, 0x08, 0x83, 0x08, 0x83, 0x08, 0x83, 0x08, 0x63, 0x08, 0x63, 0x08, 0x63, 0x08, 0x63, 0x08, 
0x63, 0x08, 0x63, 0x08, 0x63, 0x08, 0x63, 0x08, 0x82, 0x08, 0x62, 0x08, 0x62, 0x08, 0x63, 0x08, 
0x82, 0x08, 0x63, 0x08, 0x63, 0x08, 0x62, 0x08, 0x62, 0x08, 0x62, 0x08, 0x62, 0x08, 0x83, 0x08, 
0x63, 0x08, 0x83, 0x08, 0x63, 0x08, 0x83, 0x08, 0x83, 0x08, 0x83, 0x08, 0x83, 0x08, 0x83, 0x08, 
0x83, 0x08, 0x83, 0x08, 0x83, 0x08, 0x83, 0x08, 0x83, 0x08, 0x63, 0x08, 0x63, 0x08, 0x63, 0x08, 
0x63, 0x08, 0x83, 0x08, 0x83, 0x08, 0x83, 0x08, 0x83, 0x08, 0x83, 0x08, 0x83, 0x08, 0x62, 0x08, 
0x21, 0x00, 0x42, 0x08, 0x62, 0x08, 0x62, 0x08, 0x62, 0x08, 0x62, 0x08, 0x62, 0x08, 0x62, 0x08, 
0x62, 0x08, 0x62, 0x08, 0x83, 0x08, 0x83, 0x08, 0x83, 0x08, 0xA3, 0x10, 0xA3, 0x08, 0xC4, 0x10, 
0xE5, 0x18, 0x26, 0x21, 0xE5, 0x18, 0xC4, 0x10, 0xA3, 0x10, 0xA3, 0x10, 0xA3, 0x10, 0xC3, 0x10, 
0xC4, 0x10, 0xC3, 0x10, 0x62, 0x10, 0xC4, 0x20, 0x09, 0x42, 0x8B, 0x42, 0x4A, 0x42, 0x4A, 0x42, 
0x4A, 0x3A, 0x2A, 0x3A, 0x29, 0x3A, 0x09, 0x3A, 0x09, 0x3A, 0x09, 0x3A, 0x09, 0x3A, 0xE9, 0x31, 
0xE9, 0x31, 0xE9, 0x31, 0xE9, 0x31, 0xE9, 0x31, 0xE9, 0x31, 0x09, 0x32, 0x08, 0x32, 0xE9, 0x31, 
0xA3, 0x08, 0xA3, 0x10, 0x82, 0x08, 0x62, 0x08, 0x42, 0x08, 0x62, 0x08, 0x62, 0x08, 0x62, 0x08, 
0x62, 0x08, 0x62, 0x08, 0xA4, 0x10, 0xC4, 0x10, 0xC4, 0x10, 0xC4, 0x10, 0xC4, 0x10, 0xC4, 0x10, 
0xA3, 0x10, 0xA3, 0x08, 0xA3, 0x10, 0xC4, 0x10, 0xA4, 0x10, 0xA4, 0x10, 0xE4, 0x10, 0xE5, 0x10, 
0xE5, 0x10, 0xE5, 0x10, 0xE5, 0x10, 0xE4, 0x10, 0xE4, 0x10, 0xE4, 0x10, 0xE5, 0x10, 0xE4, 0x10, 
0xE4, 0x10, 0xE5, 0x10, 0xE4, 0x10, 0xE4, 0x10, 0xE5, 0x10, 0xE5, 0x10, 0xE5, 0x10, 0xE5, 0x10, 
0xE4, 0x10, 0xE5, 0x10, 0xE5, 0x18, 0x05, 0x11, 0x05, 0x19, 0x05, 0x19, 0x05, 0x19, 0x05, 0x19, 
0x25, 0x19, 0x05, 0x19, 0x05, 0x19, 0x05, 0x19, 0x05, 0x19, 0x26, 0x19, 0x46, 0x21, 0x46, 0x21, 
0xA8, 0x29, 0xE9, 0x31, 0x32, 0x74, 0x7E, 0xDF, 0x94, 0x84, 0xE9, 0x29, 0xE4, 0x10, 0xC4, 0x10, 
0x46, 0x19, 0xA8, 0x29, 0x25, 0x19, 0xA3, 0x08, 0xA3, 0x10, 0xA3, 0x08, 0xA3, 0x08, 0xC4, 0x10, 
0xC4, 0x10, 0xC4, 0x10, 0xC4, 0x10, 0xA3, 0x10, 0xA3, 0x08, 0x83, 0x08, 0xA3, 0x08, 0x83, 0x10, 
0xA3, 0x10, 0xA4, 0x10, 0xA4, 0x10, 0xA4, 0x10, 0xA3, 0x10, 0x83, 0x08, 0x83, 0x08, 0x83, 0x08, 
0x82, 0x08, 0x83, 0x08, 0x62, 0x08, 0x42, 0x00, 0x62, 0x08, 0xA3, 0x08, 0xE4, 0x10, 0x05, 0x19, 
0x25, 0x19, 0x05, 0x19, 0xE5, 0x10, 0xC4, 0x10, 0xA3, 0x08, 0x83, 0x08, 0x42, 0x00, 0x62, 0x08, 
0x62, 0x08, 0x62, 0x08, 0x63, 0x08, 0x62, 0x08, 0x83, 0x08, 0x83, 0x08, 0x83, 0x08, 0x83, 0x08, 
0x83, 0x08, 0x63, 0x08, 0x83, 0x08, 0x83, 0x08, 0x83, 0x08, 0x83, 0x08, 0x83, 0x08, 0x83, 0x08, 
0x83, 0x08, 0x83, 0x08, 0x83, 0x08, 0x83, 0x08, 0x83, 0x08, 0x83, 0x08, 0x83, 0x08, 0x83, 0x08, 
0x83, 0x08, 0x83, 0x08, 0x83, 0x08, 0x82, 0x08, 0x82, 0x08, 0x62, 0x08, 0x62, 0x08, 0x62, 0x08, 
0x62, 0x08, 0x62, 0x08, 0x82, 0x08, 0x82, 0x08, 0x82, 0x08, 0x82, 0x08, 0x82, 0x08, 0x82, 0x08, 
0x62, 0x08, 0x82, 0x08, 0x62, 0x08, 0x62, 0x08, 0x62, 0x08, 0x42, 0x08, 0x83, 0x10, 0x83, 0x08, 
0x62, 0x08, 0x62, 0x08, 0x62, 0x08, 0x62, 0x08, 0x82, 0x10, 0x83, 0x10, 0x83, 0x08, 0xA3, 0x10, 
0xA3, 0x08, 0xE5, 0x10, 0x8B, 0x42, 0xE8, 0x29, 0xB4, 0x8C, 0x9F, 0xE7, 0x7E, 0xDF, 0x7E, 0xDF, 
0x1D, 0xD7, 0xDC, 0xCE, 0x9C, 0xC6, 0xBC, 0xC6, 0xB3, 0x8C, 0x24, 0x21, 0xE4, 0x18, 0xA3, 0x10, 
0xC4, 0x10, 0xC4, 0x10, 0xC4, 0x10, 0xA4, 0x10, 0xC4, 0x10, 0xA3, 0x10, 0xA3, 0x10, 0xA3, 0x10, 
0x83, 0x08, 0x83, 0x08, 0x83, 0x08, 0x83, 0x08, 0xA3, 0x10, 0x83, 0x08, 0x62, 0x08, 0x63, 0x08, 
0x62, 0x08, 0x62, 0x08, 0x62, 0x08, 0x62, 0x08, 0x62, 0x08, 0x62, 0x08, 0x62, 0x08, 0x62, 0x08, 
0x62, 0x08, 0x62, 0x08, 0x62, 0x08, 0x62, 0x08, 0x62, 0x08, 0x62, 0x08, 0x83, 0x10, 0xC4, 0x10, 
0x83, 0x10, 0xA3, 0x10, 0xA3, 0x10, 0xA3, 0x08, 0x83, 0x08, 0x83, 0x08, 0x62, 0x08, 0x62, 0x08, 
0x62, 0x08, 0x62, 0x08, 0x62, 0x08, 0x82, 0x08, 0x82, 0x08, 0x63, 0x08, 0x83, 0x08, 0x83, 0x08, 
0x83, 0x08, 0x83, 0x08, 0x63, 0x08, 0x63, 0x08, 0x63, 0x08, 0x63, 0x08, 0x63, 0x08, 0x63, 0x08, 
0x63, 0x08, 0x63, 0x08, 0x63, 0x08, 0x63, 0x08, 0x63, 0x08, 0x63, 0x08, 0x63, 0x08, 0x63, 0x08, 
0x63, 0x08, 0x83, 0x08, 0x83, 0x08, 0x63, 0x08, 0x63, 0x08, 0x83, 0x08, 0x63, 0x08, 0x63, 0x08, 
0x63, 0x08, 0x63, 0x08, 0x62, 0x08, 0x83, 0x08, 0x83, 0x08, 0x83, 0x08, 0x83, 0x08, 0x83, 0x08, 
0x83, 0x08, 0x83, 0x08, 0x83, 0x08, 0x83, 0x08, 0x83, 0x08, 0x83, 0x08, 0x83, 0x08, 0x83, 0x08, 
0x83, 0x08, 0x83, 0x08, 0x83, 0x08, 0x83, 0x08, 0x83, 0x08, 0x83, 0x08, 0x83, 0x08, 0x62, 0x08, 
0x21, 0x00, 0x42, 0x08, 0x62, 0x08, 0x62, 0x08, 0x62, 0x08, 0x62, 0x08, 0x62, 0x08, 0x62, 0x08, 
0x62, 0x08, 0x62, 0x08, 0x83, 0x08, 0x83, 0x08, 0x83, 0x08, 0x83, 0x08, 0x83, 0x08, 0x83, 0x08, 
0x83, 0x08, 0xE4, 0x10, 0x26, 0x21, 0xE5, 0x18, 0xC4, 0x10, 0xA3, 0x10, 0xA3, 0x10, 0xC3, 0x10, 
0xC4, 0x10, 0xE4, 0x18, 0x62, 0x10, 0x62, 0x18, 0x46, 0x31, 0x6A, 0x42, 0x6A, 0x42, 0x4A, 0x42, 
0x4A, 0x42, 0x2A, 0x3A, 0x29, 0x3A, 0x09, 0x3A, 0x09, 0x3A, 0x09, 0x3A, 0x09, 0x3A, 0x09, 0x3A, 
0x09, 0x32, 0x09, 0x3A, 0x09, 0x32, 0x09, 0x32, 0x09, 0x32, 0x09, 0x32, 0x08, 0x32, 0xE8, 0x31, 
0xA3, 0x10, 0xA3, 0x10, 0x82, 0x08, 0x62, 0x08, 0x62, 0x08, 0x62, 0x08, 0x62, 0x08, 0x62, 0x08, 
0x62, 0x08, 0x62, 0x08, 0xA4, 0x10, 0xC4, 0x10, 0xC4, 0x10, 0xC4, 0x10, 0xC4, 0x10, 0xC4, 0x10, 
0xA3, 0x10, 0xC3, 0x10, 0xC4, 0x10, 0xC4, 0x10, 0xC4, 0x10, 0xC4, 0x10, 0xE4, 0x10, 0xE4, 0x10, 
0xE5, 0x10, 0xE5, 0x10, 0xE5, 0x10, 0xE5, 0x10, 0xE5, 0x18, 0xE5, 0x10, 0xE5, 0x10, 0xE4, 0x10, 
0xE5, 0x10, 0xE5, 0x10, 0xE4, 0x10, 0xE4, 0x10, 0xE5, 0x10, 0xE5, 0x10, 0xE5, 0x10, 0xE5, 0x10, 
0xE5, 0x10, 0xE5, 0x10, 0xE5, 0x18, 0x05, 0x19, 0x05, 0x19, 0x05, 0x19, 0x05, 0x19, 0x05, 0x19, 
0x05, 0x19, 0x05, 0x19, 0x25, 0x19, 0x05, 0x19, 0x05, 0x19, 0x25, 0x19, 0x26, 0x19, 0x67, 0x21, 
0xC8, 0x29, 0x2A, 0x32, 0xB8, 0xAD, 0x7E, 0xE7, 0xD0, 0x6B, 0x67, 0x21, 0x25, 0x19, 0x05, 0x19, 
0x25, 0x19, 0x46, 0x21, 0xC4, 0x10, 0x82, 0x08, 0x83, 0x08, 0x83, 0x08, 0x83, 0x08, 0xA3, 0x10, 
0xA3, 0x10, 0xC4, 0x10, 0xA3, 0x10, 0x82, 0x08, 0x62, 0x08, 0x82, 0x08, 0x82, 0x08, 0x83, 0x08, 
0x83, 0x08, 0x83, 0x08, 0x83, 0x08, 0x83, 0x08, 0x82, 0x08, 0x62, 0x08, 0x62, 0x08, 0x62, 0x08, 
0x62, 0x08, 0x41, 0x00, 0x41, 0x00, 0xA3, 0x10, 0x26, 0x19, 0x46, 0x19, 0x47, 0x19, 0x47, 0x19, 
0x47, 0x19, 0x26, 0x11, 0x47, 0x19, 0x67, 0x19, 0x67, 0x19, 0x88, 0x21, 0x47, 0x19, 0x62, 0x00, 
0x21, 0x00, 0x41, 0x00, 0x41, 0x08, 0x42, 0x08, 0x42, 0x08, 0x62, 0x08, 0x62, 0x08, 0x62, 0x08, 
0x62, 0x08, 0x62, 0x08, 0x62, 0x08, 0x42, 0x08, 0x42, 0x08, 0x62, 0x08, 0x42, 0x08, 0x41, 0x00, 
0x42, 0x08, 0x41, 0x08, 0x41, 0x08, 0x41, 0x08, 0x41, 0x08, 0x41, 0x08, 0x41, 0x08, 0x41, 0x00, 
0x41, 0x00, 0x41, 0x00, 0x41, 0x00, 0x41, 0x00, 0x41, 0x00, 0x41, 0x00, 0x41, 0x00, 0x41, 0x00, 
0x41, 0x00, 0x41, 0x08, 0x41, 0x08, 0x41, 0x08, 0x41, 0x08, 0x41, 0x08, 0x41, 0x08, 0x41, 0x08, 
0x41, 0x08, 0x41, 0x08, 0x62, 0x08, 0x42, 0x08, 0x42, 0x08, 0x41, 0x08, 0x82, 0x10, 0x62, 0x08, 
0x62, 0x08, 0x62, 0x08, 0x41, 0x08, 0x42, 0x08, 0x42, 0x08, 0x62, 0x08, 0x62, 0x08, 0x83, 0x08, 
0xA3, 0x08, 0x46, 0x19, 0x4A, 0x42, 0xEC, 0x4A, 0x1D, 0xD7, 0x9F, 0xE7, 0x7F, 0xE7, 0x5E, 0xDF, 
0xFC, 0xCE, 0xDC, 0xCE, 0x9B, 0xC6, 0xF5, 0x94, 0x66, 0x29, 0xE4, 0x20, 0xA3, 0x10, 0xA3, 0x08, 
0xC4, 0x10, 0xC4, 0x10, 0xA4, 0x10, 0xA4, 0x10, 0xA3, 0x10, 0xA3, 0x10, 0xA3, 0x08, 0x83, 0x08, 
0x83, 0x08, 0x83, 0x08, 0xA3, 0x10, 0x83, 0x08, 0x62, 0x08, 0x62, 0x08, 0x63, 0x08, 0x62, 0x08, 
0x62, 0x08, 0x62, 0x08, 0x62, 0x08, 0x62, 0x08, 0x62, 0x08, 0x62, 0x08, 0x62, 0x08, 0x62, 0x08, 
0x62, 0x08, 0x62, 0x08, 0x62, 0x08, 0x62, 0x08, 0x62, 0x08, 0x62, 0x08, 0x62, 0x08, 0x83, 0x08, 
0xA3, 0x10, 0xA3, 0x10, 0x83, 0x10, 0x83, 0x08, 0x83, 0x08, 0x83, 0x08, 0x62, 0x08, 0x62, 0x08, 
0x62, 0x08, 0x62, 0x08, 0x62, 0x08, 0x62, 0x08, 0x62, 0x08, 0x63, 0x08, 0x83, 0x08, 0x63, 0x08, 
0x83, 0x08, 0x83, 0x08, 0x83, 0x08, 0x63, 0x08, 0x63, 0x08, 0x63, 0x08, 0x63, 0x08, 0x63, 0x08, 
0x63, 0x08, 0x63, 0x08, 0x63, 0x08, 0x62, 0x08, 0x62, 0x08, 0x62, 0x08, 0x62, 0x08, 0x63, 0x08, 
0x63, 0x08, 0x63, 0x08, 0x83, 0x08, 0x63, 0x08, 0x63, 0x08, 0x63, 0x08, 0x82, 0x08, 0x82, 0x08, 
0x63, 0x08, 0x63, 0x08, 0x62, 0x08, 0x62, 0x08, 0x63, 0x08, 0x83, 0x08, 0x83, 0x08, 0x83, 0x08, 
0x63, 0x08, 0x83, 0x08, 0x83, 0x08, 0x83, 0x08, 0x63, 0x08, 0x62, 0x08, 0x82, 0x08, 0x62, 0x08, 
0x62, 0x08, 0x82, 0x08, 0x83, 0x08, 0x83, 0x08, 0x83, 0x08, 0x83, 0x08, 0x83, 0x08, 0x62, 0x08, 
0x21, 0x00, 0x41, 0x08, 0x62, 0x08, 0x62, 0x08, 0x62, 0x08, 0x62, 0x08, 0x62, 0x08, 0x62, 0x08, 
0x62, 0x08, 0x62, 0x08, 0x83, 0x08, 0x83, 0x08, 0x82, 0x08, 0x83, 0x08, 0x82, 0x08, 0x83, 0x08, 
0x83, 0x08, 0x83, 0x08, 0xE4, 0x18, 0x26, 0x21, 0xE4, 0x10, 0xC4, 0x10, 0xC3, 0x10, 0xC3, 0x10, 
0xC4, 0x10, 0xE4, 0x18, 0xA3, 0x10, 0x62, 0x10, 0x83, 0x20, 0xE9, 0x39, 0x6B, 0x42, 0x4A, 0x42, 
0x4A, 0x42, 0x2A, 0x3A, 0x2A, 0x3A, 0x29, 0x3A, 0x09, 0x3A, 0x09, 0x3A, 0x09, 0x3A, 0x09, 0x3A, 
0x09, 0x3A, 0x09, 0x3A, 0x09, 0x3A, 0x09, 0x3A, 0x09, 0x3A, 0x09, 0x3A, 0xE8, 0x39, 0xE8, 0x39, 
0xA3, 0x10, 0xA3, 0x10, 0x82, 0x08, 0x62, 0x08, 0x62, 0x08, 0x62, 0x08, 0x62, 0x08, 0x62, 0x08, 
0x62, 0x08, 0x62, 0x08, 0xA3, 0x10, 0xC4, 0x10, 0xC4, 0x10, 0xC4, 0x10, 0xC4, 0x10, 0xE4, 0x10, 
0xC4, 0x10, 0xC4, 0x10, 0xE4, 0x10, 0xE4, 0x10, 0xE4, 0x10, 0xE4, 0x10, 0xE4, 0x10, 0xE4, 0x10, 
0xE4, 0x10, 0x05, 0x11, 0xE5, 0x10, 0xE5, 0x18, 0xE5, 0x18, 0xE5, 0x10, 0xE4, 0x10, 0xE4, 0x10, 
0xE4, 0x10, 0xE4, 0x10, 0xE4, 0x10, 0xE5, 0x10, 0xE5, 0x10, 0xE5, 0x10, 0xE5, 0x18, 0x05, 0x19, 
0xE5, 0x10, 0x05, 0x19, 0x05, 0x19, 0x05, 0x19, 0x05, 0x19, 0x05, 0x19, 0x25, 0x19, 0x25, 0x19, 
0x25, 0x19, 0x25, 0x19, 0x25, 0x19, 0x25, 0x19, 0x05, 0x19, 0x25, 0x19, 0x26, 0x19, 0x87, 0x21, 
0xC8, 0x29, 0xAB, 0x42, 0xDC, 0xCE, 0xFC, 0xCE, 0xED, 0x4A, 0x66, 0x19, 0xE5, 0x10, 0xE4, 0x10, 
0xA3, 0x08, 0x62, 0x08, 0x41, 0x08, 0x42, 0x08, 0x42, 0x08, 0x42, 0x08, 0x42, 0x00, 0x41, 0x00, 
0x41, 0x00, 0x41, 0x00, 0x41, 0x00, 0x41, 0x00, 0x41, 0x00, 0x41, 0x00, 0x41, 0x00, 0x41, 0x08, 
0x42, 0x00, 0x41, 0x08, 0x41, 0x08, 0x41, 0x08, 0x41, 0x08, 0x42, 0x08, 0x42, 0x00, 0x41, 0x00, 
0x21, 0x00, 0x62, 0x08, 0x46, 0x21, 0x25, 0x19, 0xC4, 0x10, 0xE4, 0x10, 0x05, 0x11, 0xE5, 0x10, 
0x06, 0x11, 0x26, 0x11, 0x06, 0x11, 0xC5, 0x08, 0xC5, 0x08, 0xC5, 0x08, 0x67, 0x19, 0xA8, 0x29, 
0x62, 0x08, 0x21, 0x00, 0x21, 0x00, 0x21, 0x08, 0x41, 0x00, 0x41, 0x08, 0x41, 0x08, 0x41, 0x00, 
0x41, 0x00, 0x41, 0x00, 0x41, 0x00, 0x41, 0x00, 0x41, 0x00, 0x41, 0x00, 0x41, 0x00, 0x41, 0x00, 
0x41, 0x08, 0x41, 0x00, 0x41, 0x00, 0x41, 0x00, 0x41, 0x00, 0x41, 0x00, 0x41, 0x00, 0x41, 0x00, 
0x41, 0x08, 0x41, 0x00, 0x41, 0x08, 0x41, 0x08, 0x41, 0x08, 0x41, 0x00, 0x41, 0x08, 0x42, 0x00, 
0x42, 0x00, 0x42, 0x00, 0x42, 0x08, 0x42, 0x08, 0x42, 0x08, 0x42, 0x08, 0x62, 0x08, 0x62, 0x08, 
0x62, 0x08, 0x41, 0x08, 0x42, 0x08, 0x42, 0x08, 0x42, 0x08, 0x41, 0x00, 0x82, 0x08, 0x62, 0x08, 
0x42, 0x08, 0x42, 0x08, 0x41, 0x08, 0x42, 0x08, 0x62, 0x08, 0x62, 0x08, 0x62, 0x08, 0x83, 0x08, 
0xA3, 0x10, 0x66, 0x21, 0x09, 0x32, 0xF1, 0x73, 0x9F, 0xE7, 0x7E, 0xE7, 0x7E, 0xE7, 0x3D, 0xD7, 
0xFC, 0xCE, 0xBC, 0xC6, 0xD8, 0xAD, 0xE8, 0x39, 0xE3, 0x18, 0xC3, 0x10, 0xA3, 0x10, 0xA3, 0x10, 
0xC3, 0x10, 0xA3, 0x10, 0xA3, 0x10, 0xA3, 0x10, 0xA3, 0x10, 0xA3, 0x10, 0xA3, 0x08, 0x83, 0x08, 
0x83, 0x08, 0x83, 0x08, 0x83, 0x08, 0x62, 0x08, 0x62, 0x08, 0x62, 0x08, 0x62, 0x08, 0x62, 0x08, 
0x62, 0x08, 0x62, 0x08, 0x62, 0x08, 0x62, 0x08, 0x62, 0x08, 0x62, 0x08, 0x42, 0x08, 0x62, 0x08, 
0x62, 0x08, 0x62, 0x08, 0x62, 0x08, 0x62, 0x08, 0x62, 0x08, 0x62, 0x08, 0x62, 0x08, 0x62, 0x08, 
0x83, 0x08, 0xA3, 0x10, 0x83, 0x10, 0x83, 0x08, 0x83, 0x10, 0x83, 0x08, 0x82, 0x08, 0x62, 0x08, 
0x62, 0x08, 0x62, 0x08, 0x62, 0x08, 0x62, 0x08, 0x62, 0x08, 0x63, 0x08, 0x63, 0x08, 0x63, 0x08, 
0x63, 0x08, 0x62, 0x08, 0x63, 0x08, 0x63, 0x08, 0x63, 0x08, 0x63, 0x08, 0x63, 0x08, 0x62, 0x08, 
0x62, 0x08, 0x63, 0x08, 0x63, 0x08, 0x62, 0x08, 0x62, 0x08, 0x62, 0x08, 0x62, 0x08, 0x62, 0x08, 
0x62, 0x08, 0x62, 0x08, 0x62, 0x08, 0x62, 0x08, 0x62, 0x08, 0x62, 0x08, 0x62, 0x08, 0x62, 0x08, 
0x62, 0x08, 0x63, 0x08, 0x62, 0x08, 0x62, 0x08, 0x62, 0x08, 0x63, 0x08, 0x63, 0x08, 0x83, 0x08, 
0x83, 0x08, 0x83, 0x08, 0x83, 0x08, 0x83, 0x08, 0x83, 0x08, 0x63, 0x08, 0x63, 0x08, 0x63, 0x08, 
0x63, 0x08, 0x82, 0x08, 0x82, 0x08, 0x83, 0x08, 0x83, 0x08, 0x83, 0x08, 0x83, 0x08, 0x62, 0x08, 
0x21, 0x00, 0x41, 0x08, 0x62, 0x08, 0x62, 0x08, 0x62, 0x08, 0x62, 0x08, 0x62, 0x08, 0x62, 0x08, 
0x62, 0x08, 0x82, 0x08, 0x62, 0x08, 0x62, 0x08, 0x62, 0x08, 0x62, 0x08, 0x82, 0x08, 0x82, 0x08, 
0x82, 0x08, 0xA3, 0x08, 0xA3, 0x08, 0x25, 0x19, 0x05, 0x19, 0xC4, 0x10, 0xC4, 0x10, 0xC4, 0x10, 
0xE4, 0x10, 0xE4, 0x18, 0xA3, 0x10, 0x42, 0x10, 0x62, 0x18, 0x67, 0x31, 0x6B, 0x42, 0x4A, 0x42, 
0x4A, 0x42, 0x4A, 0x42, 0x4A, 0x3A, 0x2A, 0x3A, 0x2A, 0x3A, 0x29, 0x3A, 0x09, 0x3A, 0x09, 0x3A, 
0x09, 0x3A, 0x09, 0x3A, 0x09, 0x3A, 0x09, 0x3A, 0x09, 0x3A, 0x09, 0x3A, 0x08, 0x3A, 0x08, 0x3A, 
0xA3, 0x10, 0xA3, 0x10, 0x82, 0x08, 0x62, 0x08, 0x62, 0x08, 0x41, 0x08, 0x41, 0x08, 0x41, 0x08, 
0x41, 0x08, 0x62, 0x08, 0xA3, 0x10, 0xC4, 0x10, 0xC4, 0x10, 0xC4, 0x10, 0xE4, 0x10, 0xC4, 0x10, 
0xA4, 0x10, 0xC4, 0x10, 0xE4, 0x18, 0xE4, 0x10, 0xE4, 0x10, 0xE4, 0x10, 0xE5, 0x10, 0xE5, 0x10, 
0xE4, 0x10, 0xE5, 0x10, 0x05, 0x11, 0x05, 0x19, 0x05, 0x19, 0xE4, 0x10, 0xE4, 0x10, 0xE4, 0x10, 
0xE4, 0x10, 0xE5, 0x10, 0xE5, 0x10, 0xE5, 0x10, 0xE5, 0x10, 0xE5, 0x10, 0x05, 0x19, 0x05, 0x19, 
0x05, 0x19, 0x05, 0x19, 0x05, 0x19, 0x05, 0x19, 0x05, 0x19, 0x25, 0x19, 0x25, 0x19, 0x25, 0x19, 
0x25, 0x19, 0x05, 0x19, 0x05, 0x19, 0x05, 0x19, 0x25, 0x19, 0x25, 0x19, 0x46, 0x21, 0x87, 0x29, 
0xC8, 0x29, 0x4E, 0x5B, 0x5D, 0xDF, 0x7A, 0xBE, 0x6B, 0x3A, 0x46, 0x19, 0xE5, 0x10, 0xA4, 0x10, 
0xC4, 0x10, 0xA3, 0x10, 0x62, 0x08, 0x42, 0x08, 0x42, 0x00, 0x42, 0x00, 0x42, 0x08, 0x41, 0x08, 
0x41, 0x08, 0x41, 0x08, 0x41, 0x08, 0x41, 0x08, 0x41, 0x00, 0x41, 0x00, 0x41, 0x08, 0x41, 0x08, 
0x42, 0x00, 0x42, 0x08, 0x42, 0x08, 0x42, 0x08, 0x42, 0x00, 0x42, 0x00, 0x62, 0x00, 0x42, 0x00, 
0x21, 0x00, 0x04, 0x19, 0xE4, 0x10, 0x62, 0x00, 0x21, 0x00, 0xC4, 0x10, 0xA3, 0x10, 0x83, 0x08, 
0x63, 0x08, 0xA4, 0x08, 0xA4, 0x08, 0xC4, 0x10, 0xC5, 0x10, 0x42, 0x00, 0x22, 0x00, 0x05, 0x19, 
0x05, 0x19, 0x41, 0x00, 0x41, 0x00, 0x41, 0x00, 0x41, 0x00, 0x41, 0x00, 0x41, 0x00, 0x41, 0x00, 
0x42, 0x00, 0x42, 0x08, 0x41, 0x00, 0x41, 0x00, 0x42, 0x08, 0x42, 0x00, 0x41, 0x00, 0x42, 0x08, 
0x42, 0x08, 0x42, 0x08, 0x42, 0x08, 0x42, 0x08, 0x42, 0x08, 0x42, 0x08, 0x42, 0x00, 0x62, 0x08, 
0x42, 0x08, 0x62, 0x08, 0x62, 0x08, 0x62, 0x08, 0x62, 0x08, 0x62, 0x08, 0x62, 0x08, 0x62, 0x08, 
0x62, 0x08, 0x62, 0x08, 0x62, 0x08, 0x62, 0x08, 0x62, 0x08, 0x62, 0x08, 0x62, 0x08, 0x62, 0x08, 
0x62, 0x08, 0x62, 0x08, 0x62, 0x08, 0x62, 0x08, 0x42, 0x08, 0x41, 0x00, 0x62, 0x08, 0x42, 0x08, 
0x42, 0x08, 0x42, 0x08, 0x41, 0x08, 0x42, 0x08, 0x62, 0x08, 0x62, 0x08, 0x82, 0x08, 0xA3, 0x10, 
0xC4, 0x10, 0x87, 0x21, 0x29, 0x3A, 0x52, 0x7C, 0xBF, 0xE7, 0x7E, 0xE7, 0x7E, 0xE7, 0x3D, 0xD7, 
0xDC, 0xCE, 0xDC, 0xCE, 0x31, 0x7C, 0xE3, 0x18, 0xE4, 0x18, 0xA3, 0x10, 0x83, 0x08, 0xA3, 0x10, 
0xA3, 0x10, 0xA3, 0x10, 0xA3, 0x10, 0xA3, 0x10, 0xA3, 0x10, 0xA3, 0x08, 0x83, 0x08, 0x83, 0x08, 
0xA3, 0x10, 0x83, 0x08, 0x62, 0x08, 0x62, 0x08, 0x62, 0x08, 0x62, 0x08, 0x62, 0x08, 0x62, 0x08, 
0x62, 0x08, 0x62, 0x08, 0x41, 0x08, 0x21, 0x00, 0x21, 0x00, 0x21, 0x00, 0x21, 0x00, 0x21, 0x00, 
0x21, 0x00, 0x41, 0x00, 0x41, 0x08, 0x62, 0x08, 0x42, 0x08, 0x62, 0x08, 0x62, 0x08, 0x62, 0x08, 
0x42, 0x08, 0x62, 0x08, 0x83, 0x10, 0x83, 0x08, 0xA3, 0x10, 0xA3, 0x10, 0x83, 0x08, 0x82, 0x08, 
0x62, 0x08, 0x62, 0x08, 0x62, 0x08, 0x62, 0x08, 0x62, 0x08, 0x62, 0x08, 0x62, 0x08, 0x62, 0x08, 
0x62, 0x08, 0x62, 0x08, 0x62, 0x08, 0x62, 0x08, 0x62, 0x08, 0x62, 0x08, 0x62, 0x08, 0x62, 0x08, 
0x62, 0x08, 0x62, 0x08, 0x62, 0x08, 0x62, 0x08, 0x62, 0x08, 0x62, 0x08, 0x62, 0x08, 0x62, 0x08, 
0x62, 0x08, 0x62, 0x08, 0x62, 0x08, 0x62, 0x08, 0x62, 0x08, 0x62, 0x08, 0x62, 0x08, 0x62, 0x08, 
0x62, 0x08, 0x63, 0x08, 0x62, 0x08, 0x62, 0x08, 0x62, 0x08, 0x63, 0x08, 0x63, 0x08, 0x62, 0x08, 
0x62, 0x08, 0x83, 0x08, 0x83, 0x08, 0x63, 0x08, 0x83, 0x08, 0x63, 0x08, 0x62, 0x08, 0x63, 0x08, 
0x63, 0x08, 0x62, 0x08, 0x63, 0x08, 0x83, 0x08, 0x82, 0x08, 0x63, 0x08, 0x63, 0x08, 0x62, 0x08, 
0x21, 0x00, 0x62, 0x08, 0x62, 0x08, 0x62, 0x08, 0x62, 0x08, 0x62, 0x08, 0x62, 0x08, 0x62, 0x08, 
0x82, 0x08, 0x82, 0x08, 0x83, 0x08, 0x83, 0x08, 0x82, 0x08, 0x82, 0x08, 0x82, 0x08, 0x82, 0x08, 
0x83, 0x08, 0x83, 0x08, 0xA3, 0x08, 0xE4, 0x18, 0x46, 0x21, 0xE4, 0x10, 0xE4, 0x10, 0xC4, 0x10, 
0xC4, 0x10, 0xE4, 0x18, 0xA3, 0x10, 0x41, 0x08, 0x62, 0x10, 0x67, 0x31, 0x8B, 0x4A, 0x6A, 0x42, 
0x4A, 0x42, 0x4A, 0x42, 0x4A, 0x42, 0x2A, 0x3A, 0x29, 0x3A, 0x2A, 0x3A, 0x29, 0x3A, 0x09, 0x3A, 
0x09, 0x3A, 0x09, 0x3A, 0x09, 0x3A, 0x09, 0x3A, 0x09, 0x3A, 0x09, 0x3A, 0x09, 0x3A, 0x09, 0x3A, 
0xA3, 0x10, 0xA3, 0x10, 0x82, 0x08, 0x62, 0x08, 0x62, 0x08, 0x62, 0x08, 0x62, 0x08, 0x62, 0x08, 
0x41, 0x08, 0x62, 0x08, 0xA3, 0x10, 0xA3, 0x10, 0xC4, 0x10, 0xC4, 0x10, 0xC4, 0x10, 0xE4, 0x10, 
0xC4, 0x10, 0xC4, 0x10, 0xE4, 0x10, 0xE4, 0x18, 0xE4, 0x10, 0xE4, 0x18, 0xE5, 0x10, 0xE5, 0x10, 
0xE5, 0x10, 0xE5, 0x10, 0xE5, 0x10, 0x05, 0x19, 0x05, 0x19, 0xE5, 0x10, 0x05, 0x19, 0x05, 0x19, 
0xE5, 0x10, 0xE5, 0x10, 0xE5, 0x18, 0xE5, 0x10, 0xE5, 0x10, 0xE5, 0x10, 0xE5, 0x10, 0x05, 0x19, 
0x05, 0x19, 0x05, 0x19, 0x05, 0x19, 0x05, 0x19, 0x25, 0x19, 0x25, 0x19, 0x25, 0x19, 0x25, 0x19, 
0x25, 0x19, 0x25, 0x19, 0x25, 0x19, 0x05, 0x19, 0x25, 0x19, 0x46, 0x21, 0x66, 0x21, 0xA8, 0x29, 
0xE9, 0x29, 0x6E, 0x5B, 0x3D, 0xD7, 0x39, 0xB6, 0x2A, 0x32, 0x26, 0x19, 0xE4, 0x10, 0xC4, 0x10, 
0xC4, 0x10, 0xA3, 0x10, 0x62, 0x08, 0x62, 0x08, 0x42, 0x08, 0x42, 0x08, 0x42, 0x00, 0x41, 0x08, 
0x41, 0x00, 0x41, 0x00, 0x41, 0x08, 0x41, 0x00, 0x41, 0x00, 0x41, 0x00, 0x41, 0x00, 0x41, 0x00, 
0x41, 0x00, 0x42, 0x00, 0x42, 0x08, 0x42, 0x00, 0x42, 0x00, 0x62, 0x08, 0x62, 0x08, 0x42, 0x00, 
0x62, 0x08, 0x83, 0x08, 0x62, 0x00, 0x42, 0x00, 0x62, 0x08, 0x82, 0x08, 0xA3, 0x10, 0xA3, 0x10, 
0x83, 0x08, 0xA3, 0x08, 0x83, 0x08, 0xA3, 0x08, 0x42, 0x00, 0x42, 0x00, 0x42, 0x00, 0x63, 0x08, 
0x83, 0x08, 0x41, 0x00, 0x41, 0x00, 0x42, 0x00, 0x42, 0x08, 0x62, 0x08, 0x62, 0x08, 0x62, 0x08, 
0x62, 0x08, 0x62, 0x08, 0x62, 0x08, 0x62, 0x08, 0x62, 0x08, 0x62, 0x08, 0x62, 0x08, 0x62, 0x08, 
0x62, 0x08, 0x62, 0x08, 0x62, 0x08, 0x62, 0x08, 0x82, 0x08, 0x62, 0x08, 0x82, 0x08, 0x82, 0x08, 
0x82, 0x08, 0x83, 0x08, 0x82, 0x08, 0x82, 0x08, 0x83, 0x08, 0x83, 0x08, 0x82, 0x08, 0x83, 0x08, 
0x82, 0x08, 0x82, 0x08, 0x82, 0x08, 0x83, 0x08, 0x82, 0x08, 0x82, 0x08, 0x82, 0x08, 0x62, 0x08, 
0x62, 0x08, 0x62, 0x08, 0x62, 0x08, 0x62, 0x08, 0x41, 0x08, 0x41, 0x00, 0x62, 0x08, 0x41, 0x08, 
0x41, 0x08, 0x41, 0x08, 0x41, 0x08, 0x41, 0x08, 0x41, 0x08, 0x62, 0x08, 0x62, 0x08, 0x83, 0x08, 
0xA3, 0x08, 0x67, 0x21, 0x2A, 0x3A, 0x72, 0x7C, 0x9F, 0xE7, 0x7E, 0xE7, 0x7E, 0xE7, 0x3D, 0xD7, 
0xDC, 0xCE, 0xDC, 0xCE, 0x6E, 0x63, 0xC4, 0x18, 0xC4, 0x10, 0xA3, 0x10, 0x83, 0x10, 0x83, 0x08, 
0x83, 0x08, 0x83, 0x08, 0x83, 0x08, 0xA3, 0x10, 0xA3, 0x10, 0xA3, 0x08, 0xA3, 0x08, 0xA3, 0x08, 
0x83, 0x08, 0x62, 0x08, 0x62, 0x08, 0x62, 0x08, 0x42, 0x08, 0x62, 0x08, 0x62, 0x08, 0x62, 0x08, 
0x41, 0x08, 0x21, 0x00, 0x00, 0x00, 0x00, 0x00, 0x00, 0x00, 0x20, 0x00, 0x20, 0x00, 0x20, 0x00, 
0x00, 0x00, 0x00, 0x00, 0x00, 0x00, 0x21, 0x00, 0x42, 0x08, 0x42, 0x08, 0x42, 0x08, 0x42, 0x08, 
0x42, 0x00, 0x42, 0x08, 0x62, 0x08, 0x83, 0x08, 0x83, 0x08, 0x83, 0x08, 0x83, 0x08, 0x82, 0x08, 
0x82, 0x08, 0x62, 0x08, 0x62, 0x08, 0x62, 0x08, 0x62, 0x08, 0x62, 0x08, 0x62, 0x08, 0x62, 0x08, 
0x62, 0x08, 0x42, 0x08, 0x62, 0x08, 0x62, 0x08, 0x62, 0x08, 0x62, 0x08, 0x62, 0x08, 0x62, 0x08, 
0x62, 0x08, 0x62, 0x08, 0x62, 0x08, 0x62, 0x08, 0x62, 0x08, 0x62, 0x08, 0x62, 0x08, 0x62, 0x08, 
0x62, 0x08, 0x62, 0x08, 0x62, 0x08, 0x62, 0x08, 0x62, 0x08, 0x62, 0x08, 0x62, 0x00, 0x62, 0x08, 
0x63, 0x08, 0x63, 0x08, 0x62, 0x08, 0x62, 0x08, 0x62, 0x08, 0x62, 0x08, 0x62, 0x08, 0x62, 0x08, 
0x62, 0x08, 0x62, 0x08, 0x62, 0x08, 0x63, 0x08, 0x83, 0x08, 0x82, 0x08, 0x82, 0x08, 0x82, 0x08, 
0x83, 0x08, 0x63, 0x08, 0x62, 0x08, 0x63, 0x08, 0x63, 0x08, 0x63, 0x08, 0x62, 0x08, 0x62, 0x08, 
0x21, 0x00, 0x42, 0x08, 0x62, 0x08, 0x62, 0x08, 0x62, 0x08, 0x62, 0x08, 0x62, 0x08, 0x62, 0x08, 
0x82, 0x08, 0x62, 0x08, 0x62, 0x08, 0x82, 0x08, 0x82, 0x08, 0x62, 0x08, 0x41, 0x00, 0x41, 0x08, 
0x62, 0x08, 0x82, 0x08, 0x83, 0x08, 0xA3, 0x10, 0x46, 0x21, 0x25, 0x19, 0xE4, 0x10, 0xE4, 0x10, 
0xC4, 0x10, 0x04, 0x19, 0xA3, 0x10, 0x41, 0x08, 0x62, 0x10, 0xE9, 0x39, 0x8B, 0x4A, 0x6A, 0x42, 
0x6A, 0x42, 0x4A, 0x42, 0x4A, 0x42, 0x4A, 0x3A, 0x2A, 0x3A, 0x2A, 0x3A, 0x2A, 0x3A, 0x29, 0x3A, 
0x29, 0x3A, 0x09, 0x3A, 0x09, 0x3A, 0x09, 0x3A, 0x09, 0x3A, 0x09, 0x3A, 0x09, 0x3A, 0x09, 0x3A, 
0xA3, 0x10, 0xA3, 0x10, 0x83, 0x10, 0x62, 0x08, 0x62, 0x08, 0x62, 0x08, 0x62, 0x08, 0x82, 0x08, 
0x62, 0x08, 0x82, 0x08, 0xC3, 0x10, 0xC3, 0x10, 0xA4, 0x10, 0xC4, 0x10, 0xA4, 0x10, 0xE4, 0x10, 
0xC4, 0x10, 0xC4, 0x10, 0xE5, 0x18, 0xE5, 0x18, 0xE4, 0x10, 0xE4, 0x18, 0xE4, 0x10, 0xE4, 0x18, 
0xE5, 0x10, 0xE4, 0x10, 0x05, 0x19, 0x05, 0x19, 0x05, 0x19, 0x05, 0x19, 0x05, 0x19, 0x05, 0x19, 
0x05, 0x19, 0x05, 0x11, 0x05, 0x19, 0xE5, 0x18, 0xE5, 0x10, 0xE5, 0x10, 0xE5, 0x18, 0x05, 0x19, 
0x05, 0x19, 0x05, 0x19, 0x25, 0x19, 0x25, 0x19, 0x25, 0x19, 0x05, 0x19, 0x05, 0x19, 0x05, 0x19, 
0x05, 0x19, 0x05, 0x19, 0x25, 0x19, 0x25, 0x19, 0x46, 0x21, 0x66, 0x21, 0x67, 0x21, 0xC8, 0x29, 
0xE9, 0x31, 0x8F, 0x5B, 0x3D, 0xD7, 0x19, 0xB6, 0x09, 0x32, 0x25, 0x19, 0xE4, 0x10, 0xE4, 0x10, 
0xE4, 0x10, 0xE4, 0x10, 0xA3, 0x08, 0xA3, 0x08, 0x83, 0x08, 0x83, 0x08, 0x83, 0x08, 0x83, 0x08, 
0x83, 0x08, 0x83, 0x08, 0x83, 0x08, 0x83, 0x08, 0x83, 0x08, 0x83, 0x08, 0x83, 0x08, 0x83, 0x08, 
0xA3, 0x08, 0xA3, 0x10, 0xA3, 0x10, 0xA3, 0x10, 0xA3, 0x10, 0xA3, 0x10, 0x83, 0x08, 0xA3, 0x08, 
0x82, 0x08, 0x62, 0x08, 0xA3, 0x08, 0x42, 0x00, 0x62, 0x08, 0xA3, 0x10, 0x62, 0x08, 0x62, 0x08, 
0x62, 0x08, 0x41, 0x00, 0x62, 0x08, 0x83, 0x08, 0x62, 0x08, 0x42, 0x00, 0x62, 0x08, 0x62, 0x08, 
0x21, 0x00, 0x21, 0x00, 0x41, 0x00, 0x62, 0x08, 0x62, 0x08, 0x62, 0x08, 0x62, 0x08, 0x62, 0x08, 
0x62, 0x08, 0x62, 0x08, 0x62, 0x08, 0x62, 0x08, 0x62, 0x08, 0x62, 0x08, 0x62, 0x08, 0x62, 0x08, 
0x82, 0x08, 0x82, 0x08, 0x62, 0x08, 0x63, 0x08, 0x62, 0x08, 0x62, 0x08, 0x62, 0x08, 0x82, 0x08, 
0x82, 0x08, 0x83, 0x08, 0x82, 0x08, 0x82, 0x08, 0x82, 0x08, 0x83, 0x08, 0x82, 0x08, 0x62, 0x08, 
0x62, 0x08, 0x62, 0x08, 0x62, 0x08, 0x62, 0x08, 0x82, 0x08, 0x83, 0x08, 0x83, 0x08, 0x83, 0x08, 
0x83, 0x08, 0x62, 0x08, 0x62, 0x08, 0x41, 0x08, 0x41, 0x08, 0x21, 0x00, 0x82, 0x10, 0x62, 0x08, 
0x41, 0x08, 0x41, 0x08, 0x41, 0x08, 0x42, 0x08, 0x62, 0x08, 0x62, 0x08, 0x62, 0x08, 0x83, 0x08, 
0xA3, 0x08, 0x46, 0x19, 0x2A, 0x3A, 0x73, 0x7C, 0x9F, 0xE7, 0x7E, 0xE7, 0x7E, 0xE7, 0x3D, 0xD7, 
0xDC, 0xCE, 0xBB, 0xC6, 0x4E, 0x5B, 0xE5, 0x18, 0xC4, 0x10, 0xC3, 0x10, 0x83, 0x08, 0x62, 0x08, 
0x62, 0x08, 0x62, 0x08, 0x83, 0x08, 0x83, 0x08, 0xA3, 0x08, 0x83, 0x08, 0x83, 0x08, 0x83, 0x08, 
0x62, 0x08, 0x62, 0x08, 0x62, 0x08, 0x42, 0x00, 0x41, 0x00, 0x42, 0x08, 0x41, 0x08, 0x21, 0x00, 
0x00, 0x00, 0x00, 0x00, 0x20, 0x00, 0x20, 0x00, 0x20, 0x00, 0x20, 0x00, 0x21, 0x00, 0x20, 0x00, 
0x20, 0x00, 0x20, 0x00, 0x00, 0x00, 0x00, 0x00, 0x20, 0x00, 0x41, 0x08, 0x42, 0x08, 0x42, 0x08, 
0x62, 0x00, 0x42, 0x00, 0x62, 0x08, 0x82, 0x08, 0x83, 0x08, 0x83, 0x08, 0x83, 0x08, 0x83, 0x08, 
0x82, 0x08, 0x62, 0x08, 0x62, 0x08, 0x62, 0x08, 0x62, 0x08, 0x62, 0x08, 0x62, 0x08, 0x62, 0x08, 
0x62, 0x08, 0x62, 0x08, 0x62, 0x08, 0x62, 0x08, 0x62, 0x08, 0x62, 0x08, 0x62, 0x08, 0x62, 0x08, 
0x62, 0x08, 0x62, 0x08, 0x62, 0x08, 0x62, 0x08, 0x62, 0x08, 0x62, 0x08, 0x62, 0x08, 0x62, 0x08, 
0x62, 0x08, 0x62, 0x08, 0x62, 0x08, 0x62, 0x08, 0x62, 0x08, 0x62, 0x08, 0x62, 0x00, 0x62, 0x08, 
0x62, 0x08, 0x62, 0x08, 0x62, 0x08, 0x62, 0x08, 0x62, 0x08, 0x62, 0x08, 0x62, 0x08, 0x62, 0x08, 
0x62, 0x08, 0x62, 0x08, 0x82, 0x08, 0x82, 0x08, 0x62, 0x08, 0x82, 0x08, 0x62, 0x08, 0x62, 0x08, 
0x62, 0x08, 0x82, 0x08, 0x82, 0x08, 0x82, 0x08, 0x82, 0x08, 0x82, 0x08, 0x62, 0x08, 0x42, 0x08, 
0x21, 0x00, 0x42, 0x08, 0x62, 0x08, 0x62, 0x08, 0x62, 0x08, 0x62, 0x08, 0x62, 0x08, 0x62, 0x08, 
0x62, 0x08, 0x62, 0x08, 0x82, 0x08, 0x62, 0x08, 0x21, 0x00, 0x00, 0x00, 0x20, 0x00, 0x20, 0x00, 
0x20, 0x00, 0x41, 0x00, 0x62, 0x08, 0xA3, 0x08, 0x25, 0x19, 0x46, 0x21, 0xE5, 0x18, 0xE4, 0x10, 
0xE4, 0x10, 0xE5, 0x18, 0xA3, 0x10, 0x41, 0x08, 0x83, 0x18, 0x09, 0x3A, 0xAB, 0x4A, 0x6A, 0x42, 
0x6B, 0x42, 0x6A, 0x42, 0x6A, 0x42, 0x4A, 0x42, 0x4A, 0x42, 0x2A, 0x3A, 0x2A, 0x3A, 0x2A, 0x3A, 
0x09, 0x3A, 0x09, 0x3A, 0x09, 0x3A, 0x09, 0x3A, 0x09, 0x3A, 0x09, 0x3A, 0x09, 0x3A, 0x09, 0x3A, 
0xA3, 0x10, 0xA3, 0x10, 0x83, 0x08, 0x62, 0x08, 0x82, 0x08, 0x82, 0x08, 0x82, 0x10, 0x82, 0x10, 
0x82, 0x10, 0x82, 0x08, 0xC3, 0x10, 0xC4, 0x10, 0xC4, 0x10, 0xC4, 0x10, 0xC4, 0x18, 0xE4, 0x18, 
0xC4, 0x10, 0xE4, 0x18, 0x05, 0x19, 0xE5, 0x18, 0xE4, 0x10, 0x05, 0x19, 0x05, 0x19, 0x05, 0x19, 
0x05, 0x19, 0x05, 0x19, 0x05, 0x19, 0x05, 0x19, 0x05, 0x19, 0x05, 0x19, 0x05, 0x19, 0x05, 0x19, 
0x05, 0x19, 0x05, 0x19, 0x05, 0x19, 0x05, 0x19, 0xE5, 0x10, 0x05, 0x19, 0x05, 0x19, 0x05, 0x19, 
0x05, 0x19, 0x25, 0x19, 0x25, 0x19, 0x25, 0x19, 0x25, 0x19, 0x05, 0x19, 0xE5, 0x18, 0x05, 0x19, 
0x05, 0x19, 0x05, 0x19, 0x25, 0x19, 0x25, 0x19, 0x46, 0x21, 0x66, 0x21, 0x87, 0x29, 0xE8, 0x31, 
0x09, 0x32, 0x6F, 0x5B, 0x1D, 0xD7, 0x19, 0xB6, 0xE8, 0x29, 0x25, 0x19, 0xE4, 0x10, 0xE4, 0x10, 
0x66, 0x21, 0xC8, 0x31, 0x87, 0x29, 0x66, 0x21, 0x46, 0x19, 0x05, 0x19, 0xE5, 0x18, 0xC4, 0x10, 
0xA3, 0x10, 0xA3, 0x10, 0xA3, 0x10, 0xA3, 0x10, 0xA3, 0x10, 0xA3, 0x10, 0xA3, 0x10, 0x83, 0x08, 
0x83, 0x10, 0x83, 0x10, 0xA3, 0x10, 0x83, 0x08, 0x83, 0x08, 0x83, 0x08, 0x83, 0x08, 0x83, 0x08, 
0x82, 0x08, 0x41, 0x08, 0x62, 0x08, 0x62, 0x08, 0x42, 0x08, 0x42, 0x08, 0x21, 0x00, 0x21, 0x00, 
0x41, 0x00, 0x21, 0x00, 0x41, 0x00, 0x41, 0x00, 0x42, 0x00, 0x62, 0x08, 0x42, 0x08, 0x21, 0x00, 
0x21, 0x00, 0x21, 0x00, 0x41, 0x00, 0x41, 0x08, 0x41, 0x08, 0x41, 0x08, 0x41, 0x08, 0x41, 0x08, 
0x42, 0x00, 0x42, 0x08, 0x42, 0x08, 0x42, 0x08, 0x42, 0x08, 0x42, 0x08, 0x42, 0x08, 0x42, 0x00, 
0x62, 0x08, 0x62, 0x08, 0x62, 0x08, 0x62, 0x08, 0x62, 0x08, 0x62, 0x08, 0x62, 0x08, 0x62, 0x08, 
0x63, 0x08, 0x63, 0x08, 0x63, 0x08, 0x62, 0x08, 0x62, 0x08, 0x62, 0x08, 0x62, 0x08, 0x62, 0x08, 
0x62, 0x08, 0x42, 0x08, 0x42, 0x00, 0x41, 0x00, 0x41, 0x08, 0x41, 0x00, 0x41, 0x00, 0x41, 0x00, 
0x41, 0x08, 0x41, 0x00, 0x62, 0x08, 0x62, 0x08, 0x41, 0x08, 0x21, 0x00, 0x62, 0x08, 0x42, 0x08, 
0x41, 0x08, 0x41, 0x08, 0x41, 0x08, 0x41, 0x08, 0x41, 0x08, 0x42, 0x08, 0x62, 0x08, 0xA3, 0x08, 
0xA4, 0x08, 0x05, 0x19, 0x09, 0x32, 0x73, 0x7C, 0x9F, 0xE7, 0x7E, 0xE7, 0x7E, 0xDF, 0x1D, 0xD7, 
0xDC, 0xCE, 0xBB, 0xC6, 0x2E, 0x5B, 0xE5, 0x18, 0xE4, 0x18, 0xA3, 0x10, 0x83, 0x08, 0x62, 0x08, 
0x62, 0x08, 0x62, 0x08, 0x62, 0x08, 0x82, 0x08, 0x83, 0x08, 0x82, 0x08, 0x83, 0x08, 0x62, 0x08, 
0x42, 0x08, 0x62, 0x08, 0x42, 0x00, 0x42, 0x00, 0x42, 0x08, 0x41, 0x08, 0x00, 0x00, 0x00, 0x00, 
0x00, 0x00, 0x20, 0x00, 0x20, 0x00, 0x20, 0x00, 0x20, 0x00, 0x20, 0x00, 0x20, 0x00, 0x20, 0x00, 
0x20, 0x00, 0x20, 0x00, 0x20, 0x00, 0x20, 0x00, 0x20, 0x00, 0x00, 0x00, 0x41, 0x08, 0x41, 0x08, 
0x42, 0x08, 0x42, 0x08, 0x42, 0x00, 0x62, 0x08, 0x83, 0x08, 0x83, 0x08, 0x83, 0x08, 0x83, 0x08, 
0x83, 0x08, 0x62, 0x08, 0x62, 0x08, 0x62, 0x08, 0x62, 0x10, 0x62, 0x08, 0x62, 0x08, 0x62, 0x08, 
0x62, 0x08, 0x62, 0x08, 0x62, 0x08, 0x62, 0x08, 0x62, 0x08, 0x62, 0x08, 0x62, 0x08, 0x62, 0x08, 
0x62, 0x08, 0x62, 0x08, 0x62, 0x08, 0x62, 0x08, 0x62, 0x08, 0x62, 0x08, 0x62, 0x08, 0x62, 0x08, 
0x62, 0x08, 0x62, 0x08, 0x62, 0x08, 0x62, 0x08, 0x62, 0x08, 0x62, 0x08, 0x62, 0x08, 0x62, 0x08, 
0x62, 0x08, 0x62, 0x08, 0x62, 0x08, 0x62, 0x08, 0x62, 0x08, 0x62, 0x08, 0x62, 0x08, 0x62, 0x08, 
0x62, 0x08, 0x62, 0x08, 0x62, 0x08, 0x62, 0x08, 0x62, 0x08, 0x62, 0x08, 0x62, 0x08, 0x62, 0x08, 
0x62, 0x08, 0x62, 0x08, 0x82, 0x08, 0x83, 0x08, 0x82, 0x08, 0x62, 0x08, 0x62, 0x08, 0x42, 0x08, 
0x21, 0x00, 0x41, 0x08, 0x62, 0x08, 0x62, 0x08, 0x62, 0x08, 0x62, 0x08, 0x62, 0x08, 0x62, 0x08, 
0x62, 0x08, 0x62, 0x08, 0x82, 0x08, 0x21, 0x00, 0x00, 0x00, 0x20, 0x00, 0x20, 0x00, 0x20, 0x00, 
0x20, 0x00, 0x20, 0x00, 0x41, 0x00, 0x83, 0x08, 0xE5, 0x10, 0x46, 0x21, 0x05, 0x19, 0xE4, 0x18, 
0xE4, 0x10, 0xE4, 0x18, 0xA3, 0x10, 0x41, 0x08, 0xA3, 0x18, 0x2A, 0x42, 0x8B, 0x4A, 0x6B, 0x42, 
0x6B, 0x42, 0x6A, 0x42, 0x6A, 0x42, 0x4A, 0x42, 0x4A, 0x3A, 0x2A, 0x3A, 0x2A, 0x3A, 0x29, 0x3A, 
0x29, 0x3A, 0x29, 0x3A, 0x09, 0x3A, 0x09, 0x3A, 0x09, 0x3A, 0x09, 0x3A, 0x09, 0x3A, 0x09, 0x3A, 
0xA3, 0x10, 0xA3, 0x10, 0x83, 0x10, 0x82, 0x10, 0x82, 0x10, 0x83, 0x10, 0xA3, 0x10, 0xA3, 0x10, 
0xA3, 0x10, 0xA3, 0x10, 0xC3, 0x10, 0xC4, 0x10, 0xC4, 0x10, 0xC4, 0x10, 0xC4, 0x10, 0xC4, 0x10, 
0xC4, 0x10, 0xC4, 0x10, 0xE4, 0x10, 0xE5, 0x18, 0xE5, 0x18, 0x05, 0x19, 0x05, 0x19, 0x05, 0x19, 
0x05, 0x19, 0x05, 0x19, 0x05, 0x19, 0x05, 0x19, 0x05, 0x19, 0x05, 0x19, 0x05, 0x19, 0x05, 0x19, 
0x05, 0x19, 0x05, 0x19, 0x05, 0x19, 0x05, 0x19, 0x05, 0x19, 0x05, 0x19, 0x05, 0x19, 0x25, 0x19, 
0x25, 0x19, 0x25, 0x19, 0x25, 0x19, 0x05, 0x19, 0x05, 0x19, 0x05, 0x19, 0x25, 0x19, 0x05, 0x19, 
0x05, 0x19, 0x25, 0x19, 0x26, 0x21, 0x26, 0x19, 0x46, 0x21, 0x67, 0x21, 0x87, 0x29, 0xE8, 0x31, 
0x09, 0x32, 0x8F, 0x63, 0x3D, 0xD7, 0x39, 0xB6, 0xE8, 0x29, 0x25, 0x19, 0xC4, 0x10, 0xA4, 0x08, 
0x05, 0x19, 0x05, 0x19, 0xC4, 0x10, 0xA3, 0x10, 0x83, 0x08, 0x83, 0x08, 0x62, 0x08, 0x42, 0x08, 
0x41, 0x00, 0x41, 0x00, 0x41, 0x00, 0x42, 0x08, 0x42, 0x00, 0x42, 0x08, 0x41, 0x08, 0x41, 0x08, 
0x41, 0x00, 0x41, 0x08, 0x41, 0x08, 0x41, 0x08, 0x41, 0x00, 0x42, 0x00, 0x62, 0x08, 0x62, 0x08, 
0x62, 0x08, 0x42, 0x08, 0x41, 0x00, 0x41, 0x00, 0x41, 0x00, 0x41, 0x00, 0x41, 0x00, 0x41, 0x00, 
0x41, 0x00, 0x41, 0x00, 0x41, 0x00, 0x41, 0x00, 0x41, 0x00, 0x21, 0x00, 0x21, 0x00, 0x21, 0x00, 
0x21, 0x00, 0x41, 0x08, 0x42, 0x08, 0x41, 0x08, 0x42, 0x08, 0x41, 0x08, 0x41, 0x08, 0x41, 0x08, 
0x41, 0x08, 0x41, 0x08, 0x42, 0x08, 0x42, 0x08, 0x42, 0x08, 0x62, 0x08, 0x62, 0x08, 0x62, 0x08, 
0x83, 0x08, 0x83, 0x08, 0x83, 0x08, 0x83, 0x08, 0xA4, 0x08, 0xA4, 0x08, 0xA4, 0x08, 0xA4, 0x08, 
0xA4, 0x08, 0xA4, 0x08, 0xA4, 0x10, 0xC4, 0x08, 0xC4, 0x08, 0xC4, 0x10, 0xA4, 0x10, 0xA4, 0x08, 
0x83, 0x08, 0x62, 0x08, 0x42, 0x08, 0x41, 0x00, 0x21, 0x00, 0x21, 0x00, 0x21, 0x00, 0x21, 0x00, 
0x41, 0x00, 0x41, 0x00, 0x41, 0x08, 0x41, 0x08, 0x41, 0x00, 0x21, 0x00, 0x62, 0x08, 0x41, 0x08, 
0x41, 0x08, 0x41, 0x00, 0x41, 0x00, 0x41, 0x00, 0x41, 0x08, 0x42, 0x08, 0x62, 0x08, 0x83, 0x08, 
0xA3, 0x08, 0x26, 0x19, 0xE9, 0x31, 0x11, 0x74, 0x7F, 0xDF, 0x5E, 0xDF, 0x5E, 0xDF, 0x1D, 0xD7, 
0xBC, 0xC6, 0x7B, 0xBE, 0x2D, 0x5B, 0x05, 0x19, 0xE4, 0x18, 0xA3, 0x10, 0x83, 0x08, 0x62, 0x08, 
0x62, 0x08, 0x62, 0x08, 0x62, 0x08, 0x62, 0x08, 0x62, 0x08, 0x82, 0x08, 0x62, 0x08, 0x42, 0x08, 
0x62, 0x08, 0x42, 0x00, 0x42, 0x00, 0x42, 0x08, 0x41, 0x08, 0x00, 0x00, 0x00, 0x00, 0x20, 0x00, 
0x20, 0x00, 0x20, 0x00, 0x00, 0x00, 0x20, 0x00, 0x20, 0x00, 0x20, 0x00, 0x20, 0x00, 0x20, 0x00, 
0x20, 0x00, 0x20, 0x00, 0x20, 0x00, 0x20, 0x00, 0x20, 0x00, 0x20, 0x00, 0x00, 0x00, 0x41, 0x08, 
0x42, 0x08, 0x42, 0x08, 0x42, 0x00, 0x42, 0x08, 0x82, 0x08, 0x83, 0x10, 0x83, 0x10, 0x83, 0x08, 
0x83, 0x08, 0x62, 0x08, 0x62, 0x08, 0x62, 0x08, 0x62, 0x08, 0x62, 0x08, 0x62, 0x08, 0x62, 0x08, 
0x62, 0x08, 0x62, 0x08, 0x62, 0x08, 0x62, 0x08, 0x42, 0x08, 0x62, 0x08, 0x62, 0x08, 0x62, 0x08, 
0x62, 0x08, 0x62, 0x08, 0x62, 0x08, 0x62, 0x08, 0x62, 0x08, 0x62, 0x08, 0x62, 0x08, 0x62, 0x08, 
0x62, 0x08, 0x62, 0x08, 0x62, 0x08, 0x62, 0x08, 0x62, 0x08, 0x62, 0x08, 0x62, 0x08, 0x62, 0x08, 
0x62, 0x08, 0x62, 0x08, 0x62, 0x08, 0x62, 0x08, 0x62, 0x08, 0x62, 0x08, 0x62, 0x08, 0x62, 0x08, 
0x62, 0x08, 0x62, 0x08, 0x62, 0x08, 0x62, 0x08, 0x62, 0x08, 0x62, 0x08, 0x62, 0x08, 0x62, 0x08, 
0x62, 0x08, 0x62, 0x08, 0x82, 0x08, 0x62, 0x08, 0x62, 0x08, 0x62, 0x08, 0x62, 0x08, 0x42, 0x08, 
0x21, 0x00, 0x42, 0x08, 0x62, 0x08, 0x42, 0x08, 0x62, 0x08, 0x62, 0x08, 0x62, 0x08, 0x62, 0x08, 
0x62, 0x08, 0x82, 0x08, 0x41, 0x08, 0x00, 0x00, 0x20, 0x00, 0x20, 0x00, 0x20, 0x00, 0x20, 0x00, 
0x20, 0x00, 0x20, 0x00, 0x21, 0x00, 0x62, 0x08, 0xC4, 0x10, 0x46, 0x21, 0x25, 0x19, 0xE4, 0x10, 
0xE4, 0x10, 0xE4, 0x18, 0xA3, 0x10, 0x21, 0x08, 0x82, 0x10, 0x29, 0x3A, 0x8B, 0x4A, 0x6B, 0x42, 
0x6B, 0x42, 0x6B, 0x42, 0x6A, 0x42, 0x4A, 0x42, 0x4A, 0x42, 0x2A, 0x3A, 0x2A, 0x3A, 0x2A, 0x3A, 
0x29, 0x3A, 0x29, 0x3A, 0x09, 0x3A, 0x09, 0x3A, 0x09, 0x3A, 0x09, 0x3A, 0x09, 0x3A, 0xE9, 0x39, 
0xA3, 0x10, 0xA3, 0x10, 0xA3, 0x10, 0x83, 0x10, 0x83, 0x10, 0xA3, 0x10, 0xA3, 0x10, 0xA3, 0x10, 
0xA3, 0x10, 0xA3, 0x10, 0xE4, 0x18, 0xC4, 0x10, 0xC4, 0x10, 0xC4, 0x18, 0xC4, 0x18, 0xC4, 0x10, 
0xC4, 0x10, 0xC4, 0x10, 0xE4, 0x18, 0xE4, 0x18, 0xE4, 0x18, 0x05, 0x19, 0x05, 0x19, 0x05, 0x19, 
0x05, 0x19, 0x05, 0x19, 0x05, 0x19, 0x05, 0x19, 0x05, 0x19, 0x25, 0x19, 0x05, 0x19, 0x05, 0x19, 
0x05, 0x19, 0x05, 0x19, 0x05, 0x19, 0x05, 0x19, 0x25, 0x19, 0x25, 0x19, 0x25, 0x19, 0x25, 0x19, 
0x05, 0x19, 0x25, 0x19, 0x05, 0x19, 0xE5, 0x10, 0x05, 0x19, 0x05, 0x19, 0x25, 0x19, 0x25, 0x19, 
0x25, 0x19, 0x25, 0x19, 0x25, 0x19, 0x26, 0x19, 0x26, 0x19, 0x66, 0x21, 0x87, 0x29, 0xC8, 0x31, 
0x09, 0x32, 0xAF, 0x63, 0x3D, 0xDF, 0x5A, 0xBE, 0x09, 0x32, 0x25, 0x19, 0xC4, 0x10, 0xA3, 0x08, 
0xA3, 0x10, 0xA3, 0x10, 0x62, 0x08, 0x62, 0x08, 0x62, 0x08, 0x62, 0x08, 0x42, 0x08, 0x41, 0x08, 
0x41, 0x08, 0x41, 0x08, 0x42, 0x08, 0x42, 0x08, 0x42, 0x08, 0x42, 0x08, 0x42, 0x08, 0x41, 0x08, 
0x41, 0x08, 0x41, 0x08, 0x41, 0x08, 0x41, 0x08, 0x42, 0x08, 0x62, 0x08, 0x42, 0x08, 0x62, 0x08, 
0x41, 0x08, 0x41, 0x00, 0x41, 0x08, 0x41, 0x08, 0x21, 0x00, 0x21, 0x00, 0x21, 0x00, 0x20, 0x00, 
0x21, 0x00, 0x21, 0x00, 0x20, 0x00, 0x21, 0x00, 0x20, 0x00, 0x20, 0x00, 0x21, 0x00, 0x21, 0x00, 
0x21, 0x00, 0x41, 0x08, 0x62, 0x08, 0x62, 0x08, 0x42, 0x08, 0x62, 0x08, 0x62, 0x08, 0x42, 0x08, 
0x42, 0x08, 0x42, 0x08, 0x42, 0x08, 0x42, 0x08, 0x62, 0x08, 0x62, 0x08, 0x63, 0x00, 0x83, 0x08, 
0x63, 0x00, 0x84, 0x00, 0x85, 0x00, 0xA5, 0x00, 0xA5, 0x08, 0xE6, 0x08, 0xC6, 0x00, 0xC7, 0x08, 
0xE6, 0x08, 0xC6, 0x08, 0xE7, 0x08, 0xE7, 0x00, 0xC6, 0x08, 0xE7, 0x08, 0xE7, 0x08, 0xE6, 0x08, 
0xA5, 0x08, 0x63, 0x08, 0x62, 0x08, 0x62, 0x08, 0x62, 0x08, 0x62, 0x08, 0x62, 0x08, 0x42, 0x08, 
0x41, 0x08, 0x41, 0x08, 0x41, 0x00, 0x21, 0x00, 0x21, 0x00, 0x21, 0x00, 0x62, 0x08, 0x41, 0x08, 
0x41, 0x00, 0x41, 0x00, 0x41, 0x00, 0x41, 0x08, 0x41, 0x08, 0x62, 0x08, 0x42, 0x08, 0x62, 0x08, 
0x83, 0x08, 0x26, 0x19, 0xE9, 0x31, 0xD0, 0x6B, 0x5E, 0xDF, 0x5E, 0xDF, 0x5E, 0xDF, 0xFC, 0xD6, 
0xBB, 0xC6, 0x5B, 0xBE, 0x2E, 0x5B, 0x25, 0x19, 0xE4, 0x10, 0xA3, 0x10, 0x82, 0x08, 0x62, 0x08, 
0x42, 0x08, 0x62, 0x08, 0x62, 0x08, 0x62, 0x08, 0x62, 0x08, 0x62, 0x08, 0x62, 0x08, 0x42, 0x00, 
0x42, 0x08, 0x41, 0x00, 0x41, 0x00, 0x41, 0x08, 0x00, 0x00, 0x20, 0x00, 0x20, 0x00, 0x20, 0x00, 
0x20, 0x00, 0x20, 0x00, 0x20, 0x00, 0x20, 0x00, 0x20, 0x00, 0x20, 0x00, 0x20, 0x00, 0x20, 0x00, 
0x20, 0x00, 0x20, 0x00, 0x20, 0x00, 0x20, 0x00, 0x20, 0x00, 0x20, 0x00, 0x20, 0x00, 0x20, 0x00, 
0x41, 0x08, 0x42, 0x08, 0x41, 0x08, 0x41, 0x08, 0x62, 0x08, 0x83, 0x10, 0xA3, 0x10, 0xA3, 0x10, 
0x83, 0x08, 0x62, 0x08, 0x62, 0x08, 0x62, 0x08, 0x62, 0x08, 0x62, 0x08, 0x62, 0x08, 0x62, 0x08, 
0x62, 0x08, 0x62, 0x08, 0x62, 0x08, 0x62, 0x08, 0x62, 0x08, 0x42, 0x08, 0x62, 0x08, 0x62, 0x08, 
0x62, 0x08, 0x62, 0x08, 0x62, 0x08, 0x62, 0x08, 0x62, 0x08, 0x62, 0x08, 0x62, 0x08, 0x62, 0x08, 
0x62, 0x08, 0x62, 0x08, 0x62, 0x08, 0x62, 0x08, 0x62, 0x08, 0x62, 0x08, 0x62, 0x08, 0x62, 0x08, 
0x42, 0x08, 0x42, 0x08, 0x42, 0x08, 0x62, 0x08, 0x62, 0x08, 0x62, 0x08, 0x62, 0x08, 0x62, 0x08, 
0x62, 0x08, 0x62, 0x08, 0x62, 0x08, 0x62, 0x08, 0x62, 0x08, 0x62, 0x08, 0x62, 0x08, 0x62, 0x08, 
0x62, 0x08, 0x62, 0x08, 0x62, 0x08, 0x62, 0x08, 0x62, 0x08, 0x62, 0x08, 0x62, 0x08, 0x41, 0x08, 
0x20, 0x00, 0x42, 0x08, 0x42, 0x08, 0x42, 0x08, 0x62, 0x08, 0x62, 0x08, 0x62, 0x08, 0x62, 0x08, 
0x62, 0x08, 0x62, 0x08, 0x00, 0x00, 0x20, 0x00, 0x20, 0x00, 0x20, 0x00, 0x20, 0x00, 0x21, 0x00, 
0x21, 0x00, 0x20, 0x00, 0x20, 0x00, 0x41, 0x08, 0xA3, 0x10, 0x26, 0x21, 0x46, 0x21, 0xE5, 0x10, 
0xE4, 0x10, 0xE4, 0x10, 0xA4, 0x10, 0x21, 0x00, 0x42, 0x08, 0xC8, 0x31, 0xAB, 0x4A, 0x6B, 0x42, 
0x6B, 0x42, 0x6A, 0x42, 0x4A, 0x42, 0x4A, 0x42, 0x4A, 0x42, 0x4A, 0x42, 0x4A, 0x3A, 0x2A, 0x3A, 
0x29, 0x3A, 0x29, 0x3A, 0x09, 0x3A, 0x09, 0x3A, 0x09, 0x3A, 0x09, 0x32, 0xE9, 0x31, 0xE9, 0x31, 
0x82, 0x08, 0x82, 0x08, 0x83, 0x08, 0x83, 0x10, 0xA3, 0x10, 0xA3, 0x10, 0xA3, 0x10, 0xA3, 0x10, 
0xA3, 0x10, 0xA3, 0x10, 0xE4, 0x18, 0xE4, 0x18, 0xC4, 0x10, 0xC4, 0x10, 0xC4, 0x18, 0xC4, 0x18, 
0xC4, 0x18, 0xC4, 0x18, 0xA4, 0x10, 0xC4, 0x10, 0xC4, 0x10, 0xE4, 0x10, 0xE4, 0x18, 0xE4, 0x10, 
0xE4, 0x10, 0xE4, 0x10, 0xE4, 0x10, 0xE4, 0x10, 0xE4, 0x10, 0xE4, 0x10, 0xE4, 0x10, 0xE5, 0x18, 
0x04, 0x11, 0x05, 0x19, 0x05, 0x19, 0x05, 0x19, 0x05, 0x19, 0x05, 0x19, 0xE4, 0x10, 0xE4, 0x10, 
0x05, 0x19, 0x05, 0x19, 0x05, 0x19, 0x05, 0x19, 0x05, 0x19, 0x05, 0x19, 0x25, 0x19, 0x25, 0x19, 
0x25, 0x19, 0x25, 0x19, 0x46, 0x19, 0x46, 0x19, 0x46, 0x21, 0x66, 0x21, 0x87, 0x29, 0xE8, 0x31, 
0x09, 0x32, 0x6E, 0x5B, 0x1D, 0xD7, 0x7A, 0xBE, 0x09, 0x32, 0x05, 0x19, 0x83, 0x08, 0x83, 0x08, 
0xC4, 0x10, 0xC4, 0x10, 0x82, 0x08, 0x42, 0x08, 0x42, 0x08, 0x42, 0x08, 0x42, 0x08, 0x62, 0x08, 
0x62, 0x08, 0x62, 0x08, 0x42, 0x08, 0x41, 0x00, 0x41, 0x00, 0x41, 0x00, 0x41, 0x00, 0x41, 0x08, 
0x62, 0x08, 0x42, 0x08, 0x62, 0x08, 0x62, 0x08, 0x41, 0x08, 0x21, 0x00, 0x41, 0x00, 0x41, 0x00, 
0x41, 0x00, 0x42, 0x08, 0x42, 0x08, 0x42, 0x08, 0x41, 0x08, 0x41, 0x08, 0x21, 0x00, 0x21, 0x00, 
0x21, 0x00, 0x21, 0x00, 0x21, 0x00, 0x21, 0x00, 0x21, 0x00, 0x41, 0x00, 0x41, 0x08, 0x41, 0x08, 
0x41, 0x08, 0x41, 0x08, 0x21, 0x00, 0x21, 0x00, 0x21, 0x00, 0x21, 0x00, 0x21, 0x00, 0x42, 0x08, 
0x62, 0x08, 0x62, 0x08, 0x62, 0x08, 0x82, 0x08, 0x82, 0x08, 0x84, 0x08, 0x28, 0x09, 0x85, 0x00, 
0x4A, 0x09, 0x0F, 0x12, 0xAD, 0x09, 0xCE, 0x11, 0x6C, 0x09, 0xAE, 0x09, 0x30, 0x12, 0x31, 0x12, 
0x51, 0x1A, 0x8D, 0x09, 0x51, 0x1A, 0xB3, 0x22, 0xEE, 0x11, 0xEE, 0x19, 0x91, 0x22, 0xB2, 0x22, 
0x49, 0x09, 0x63, 0x00, 0x62, 0x00, 0x41, 0x00, 0x21, 0x00, 0x21, 0x00, 0x21, 0x00, 0x21, 0x00, 
0x21, 0x00, 0x21, 0x00, 0x42, 0x08, 0x41, 0x08, 0x21, 0x00, 0x21, 0x00, 0x62, 0x08, 0x41, 0x08, 
0x41, 0x00, 0x41, 0x00, 0x41, 0x08, 0x41, 0x08, 0x42, 0x08, 0x62, 0x08, 0x62, 0x08, 0x62, 0x08, 
0x63, 0x08, 0x25, 0x19, 0xE9, 0x31, 0xD0, 0x6B, 0x5E, 0xDF, 0x5E, 0xDF, 0x5E, 0xDF, 0xFC, 0xD6, 
0x9B, 0xC6, 0x5B, 0xBE, 0x0E, 0x5B, 0x25, 0x19, 0xE4, 0x18, 0xA3, 0x10, 0x62, 0x08, 0x62, 0x08, 
0x42, 0x08, 0x62, 0x08, 0x62, 0x08, 0x62, 0x08, 0x62, 0x08, 0x62, 0x08, 0x62, 0x08, 0x42, 0x08, 
0x41, 0x00, 0x41, 0x00, 0x41, 0x00, 0x20, 0x00, 0x00, 0x00, 0x20, 0x00, 0x20, 0x00, 0x20, 0x00, 
0x20, 0x00, 0x20, 0x00, 0x20, 0x00, 0x20, 0x00, 0x20, 0x00, 0x20, 0x00, 0x20, 0x00, 0x20, 0x00, 
0x20, 0x00, 0x20, 0x00, 0x20, 0x00, 0x20, 0x00, 0x20, 0x00, 0x20, 0x00, 0x20, 0x00, 0x00, 0x00, 
0x21, 0x00, 0x42, 0x08, 0x41, 0x08, 0x42, 0x08, 0x62, 0x08, 0x82, 0x08, 0xA3, 0x10, 0xA3, 0x10, 
0x83, 0x08, 0x62, 0x08, 0x62, 0x08, 0x62, 0x08, 0x62, 0x08, 0x62, 0x08, 0x62, 0x08, 0x42, 0x08, 
0x62, 0x08, 0x62, 0x08, 0x62, 0x08, 0x42, 0x08, 0x42, 0x08, 0x42, 0x08, 0x42, 0x08, 0x42, 0x08, 
0x62, 0x08, 0x42, 0x08, 0x62, 0x08, 0x62, 0x08, 0x62, 0x08, 0x62, 0x08, 0x62, 0x08, 0x62, 0x08, 
0x42, 0x08, 0x42, 0x08, 0x42, 0x08, 0x42, 0x08, 0x42, 0x08, 0x42, 0x08, 0x42, 0x08, 0x42, 0x08, 
0x42, 0x08, 0x42, 0x08, 0x62, 0x08, 0x62, 0x08, 0x62, 0x08, 0x62, 0x08, 0x62, 0x08, 0x62, 0x08, 
0x62, 0x08, 0x62, 0x08, 0x62, 0x08, 0x62, 0x08, 0x62, 0x08, 0x62, 0x08, 0x62, 0x08, 0x62, 0x08, 
0x62, 0x08, 0x62, 0x08, 0x62, 0x08, 0x62, 0x08, 0x62, 0x08, 0x62, 0x08, 0x62, 0x08, 0x41, 0x08, 
0x00, 0x00, 0x42, 0x08, 0x42, 0x08, 0x42, 0x08, 0x42, 0x08, 0x62, 0x08, 0x62, 0x08, 0x62, 0x08, 
0x82, 0x08, 0x41, 0x08, 0x00, 0x00, 0x20, 0x00, 0x20, 0x00, 0x20, 0x00, 0x20, 0x00, 0x21, 0x00, 
0x20, 0x00, 0x20, 0x00, 0x20, 0x00, 0x21, 0x00, 0x83, 0x08, 0x05, 0x19, 0x46, 0x21, 0x05, 0x19, 
0xE4, 0x10, 0xE4, 0x10, 0xC4, 0x10, 0x62, 0x08, 0x83, 0x08, 0xE8, 0x31, 0xAB, 0x4A, 0x6B, 0x42, 
0x6B, 0x42, 0x4A, 0x42, 0x4A, 0x42, 0x4A, 0x42, 0x4A, 0x3A, 0x4A, 0x3A, 0x2A, 0x3A, 0x29, 0x3A, 
0x29, 0x3A, 0x09, 0x3A, 0x09, 0x3A, 0x09, 0x32, 0x09, 0x32, 0x09, 0x32, 0x09, 0x32, 0x09, 0x32, 
0xA3, 0x10, 0xA3, 0x10, 0xA3, 0x10, 0xA3, 0x10, 0xA3, 0x10, 0xC4, 0x10, 0xC4, 0x10, 0xC3, 0x10, 
0xA3, 0x10, 0xA3, 0x10, 0xC4, 0x10, 0xC4, 0x10, 0xC4, 0x10, 0xC4, 0x10, 0xC4, 0x10, 0xC4, 0x18, 
0xC4, 0x18, 0xC4, 0x10, 0xC4, 0x10, 0xE4, 0x10, 0xE5, 0x18, 0xC4, 0x10, 0xE4, 0x18, 0xE4, 0x18, 
0xE4, 0x10, 0xE4, 0x10, 0xE4, 0x10, 0xE4, 0x10, 0xE4, 0x10, 0xE4, 0x10, 0xE4, 0x10, 0xE4, 0x10, 
0xE4, 0x10, 0xE4, 0x10, 0xE4, 0x10, 0xE4, 0x10, 0xE4, 0x10, 0xC4, 0x10, 0xC4, 0x10, 0xE4, 0x10, 
0xC4, 0x10, 0xC4, 0x10, 0xE4, 0x10, 0xE4, 0x10, 0xE4, 0x10, 0xE4, 0x10, 0xE4, 0x10, 0xE4, 0x18, 
0xE5, 0x18, 0x04, 0x19, 0x05, 0x19, 0x05, 0x19, 0x05, 0x19, 0x25, 0x19, 0x66, 0x21, 0xA7, 0x29, 
0xE9, 0x31, 0x4E, 0x5B, 0x3D, 0xD7, 0x9B, 0xC6, 0x4A, 0x3A, 0x26, 0x19, 0xC4, 0x10, 0x83, 0x08, 
0x83, 0x08, 0x62, 0x08, 0x62, 0x08, 0x62, 0x08, 0x62, 0x08, 0x62, 0x08, 0x41, 0x08, 0x41, 0x00, 
0x21, 0x00, 0x21, 0x00, 0x41, 0x00, 0x41, 0x08, 0x42, 0x08, 0x42, 0x08, 0x62, 0x08, 0x41, 0x08, 
0x21, 0x00, 0x41, 0x00, 0x21, 0x00, 0x21, 0x00, 0x41, 0x08, 0x42, 0x08, 0x42, 0x08, 0x42, 0x08, 
0x42, 0x08, 0x41, 0x08, 0x21, 0x00, 0x21, 0x00, 0x41, 0x00, 0x41, 0x00, 0x41, 0x08, 0x41, 0x08, 
0x41, 0x08, 0x41, 0x08, 0x41, 0x08, 0x41, 0x08, 0x41, 0x08, 0x21, 0x00, 0x21, 0x00, 0x21, 0x00, 
0x41, 0x00, 0x41, 0x00, 0x42, 0x08, 0x62, 0x08, 0x42, 0x08, 0x42, 0x08, 0x62, 0x08, 0x42, 0x00, 
0x21, 0x00, 0x21, 0x00, 0x21, 0x00, 0x21, 0x00, 0x42, 0x00, 0xC6, 0x08, 0x70, 0x22, 0xCE, 0x11, 
0x72, 0x22, 0xF5, 0x2A, 0x72, 0x1A, 0xCF, 0x09, 0xEF, 0x11, 0xAD, 0x09, 0xAE, 0x11, 0x8D, 0x09, 
0xAD, 0x09, 0x30, 0x12, 0xF5, 0x22, 0x92, 0x1A, 0x30, 0x22, 0x71, 0x2A, 0x14, 0x33, 0x55, 0x3B, 
0x6A, 0x11, 0x63, 0x00, 0x63, 0x08, 0x41, 0x00, 0x21, 0x00, 0x41, 0x08, 0x41, 0x00, 0x41, 0x08, 
0x41, 0x08, 0x41, 0x08, 0x21, 0x00, 0x21, 0x00, 0x21, 0x00, 0x21, 0x00, 0x41, 0x08, 0x41, 0x08, 
0x21, 0x00, 0x41, 0x00, 0x41, 0x00, 0x41, 0x00, 0x42, 0x08, 0x62, 0x08, 0x62, 0x08, 0x62, 0x08, 
0x63, 0x08, 0x05, 0x19, 0xE8, 0x31, 0xD0, 0x6B, 0x5E, 0xDF, 0x5E, 0xDF, 0x5E, 0xDF, 0xFC, 0xCE, 
0x9B, 0xC6, 0x3A, 0xBE, 0x0E, 0x53, 0x25, 0x19, 0xE4, 0x10, 0xA3, 0x10, 0x82, 0x08, 0x62, 0x08, 
0x62, 0x08, 0x42, 0x08, 0x62, 0x08, 0x62, 0x08, 0x62, 0x08, 0x42, 0x00, 0x42, 0x08, 0x41, 0x08, 
0x41, 0x08, 0x41, 0x00, 0x21, 0x00, 0x00, 0x00, 0x00, 0x00, 0x20, 0x00, 0x20, 0x00, 0x20, 0x00, 
0x20, 0x00, 0x00, 0x00, 0x20, 0x00, 0x20, 0x00, 0x20, 0x00, 0x20, 0x00, 0x20, 0x00, 0x20, 0x00, 
0x20, 0x00, 0x20, 0x00, 0x20, 0x00, 0x20, 0x00, 0x20, 0x00, 0x20, 0x00, 0x20, 0x00, 0x20, 0x00, 
0x00, 0x00, 0x21, 0x00, 0x42, 0x08, 0x42, 0x08, 0x42, 0x08, 0x62, 0x08, 0xA3, 0x10, 0xA3, 0x10, 
0x83, 0x10, 0x62, 0x08, 0x62, 0x08, 0x82, 0x08, 0x62, 0x08, 0x62, 0x08, 0x62, 0x08, 0x62, 0x08, 
0x62, 0x08, 0x42, 0x08, 0x42, 0x08, 0x42, 0x08, 0x42, 0x08, 0x42, 0x08, 0x42, 0x08, 0x42, 0x08, 
0x42, 0x08, 0x42, 0x08, 0x42, 0x08, 0x42, 0x08, 0x42, 0x08, 0x42, 0x00, 0x42, 0x00, 0x42, 0x08, 
0x42, 0x00, 0x41, 0x00, 0x41, 0x08, 0x41, 0x08, 0x41, 0x08, 0x42, 0x08, 0x42, 0x08, 0x42, 0x08, 
0x42, 0x08, 0x62, 0x08, 0x62, 0x08, 0x62, 0x08, 0x62, 0x08, 0x62, 0x08, 0x62, 0x08, 0x62, 0x08, 
0x62, 0x08, 0x62, 0x08, 0x62, 0x08, 0x62, 0x08, 0x62, 0x08, 0x62, 0x08, 0x62, 0x08, 0x62, 0x08, 
0x62, 0x08, 0x62, 0x08, 0x62, 0x08, 0x62, 0x08, 0x62, 0x08, 0x62, 0x08, 0x62, 0x08, 0x41, 0x08, 
0x00, 0x00, 0x41, 0x08, 0x42, 0x08, 0x42, 0x08, 0x42, 0x08, 0x62, 0x08, 0x62, 0x08, 0x82, 0x08, 
0x62, 0x08, 0x20, 0x00, 0x20, 0x00, 0x20, 0x00, 0x20, 0x00, 0x20, 0x00, 0x20, 0x00, 0x20, 0x00, 
0x21, 0x00, 0x21, 0x00, 0x20, 0x00, 0x21, 0x00, 0x62, 0x08, 0xE4, 0x10, 0x46, 0x21, 0x05, 0x19, 
0xE5, 0x10, 0xE4, 0x10, 0xE4, 0x10, 0xA4, 0x08, 0x26, 0x19, 0x6A, 0x42, 0x8B, 0x42, 0x6B, 0x42, 
0x6B, 0x42, 0x4A, 0x42, 0x4A, 0x42, 0x4A, 0x3A, 0x2A, 0x3A, 0x2A, 0x3A, 0x29, 0x3A, 0x09, 0x3A, 
0x29, 0x3A, 0x09, 0x3A, 0x09, 0x3A, 0xE9, 0x31, 0x09, 0x32, 0x09, 0x32, 0xE9, 0x31, 0x09, 0x32, 
0xC3, 0x10, 0xC4, 0x10, 0xA4, 0x10, 0xA3, 0x10, 0xA4, 0x10, 0xC4, 0x10, 0xE4, 0x10, 0xC4, 0x10, 
0xC4, 0x10, 0xC4, 0x10, 0xE4, 0x18, 0xC4, 0x10, 0xC4, 0x10, 0xC4, 0x10, 0xE4, 0x10, 0xE4, 0x18, 
0xE4, 0x18, 0xE4, 0x18, 0xE5, 0x18, 0x05, 0x19, 0x05, 0x19, 0x05, 0x19, 0x05, 0x19, 0x05, 0x19, 
0x05, 0x19, 0x05, 0x19, 0x05, 0x19, 0x05, 0x19, 0x05, 0x19, 0x05, 0x19, 0x05, 0x19, 0x05, 0x19, 
0x05, 0x19, 0xE5, 0x10, 0xE5, 0x10, 0xE5, 0x10, 0xE5, 0x10, 0xE5, 0x18, 0xE5, 0x18, 0x05, 0x19, 
0x05, 0x19, 0xE5, 0x10, 0x05, 0x11, 0xE5, 0x10, 0x05, 0x19, 0x05, 0x19, 0x05, 0x19, 0x05, 0x19, 
0x05, 0x19, 0x25, 0x19, 0x25, 0x19, 0x05, 0x19, 0x25, 0x19, 0x46, 0x19, 0x46, 0x21, 0xC8, 0x29, 
0x09, 0x32, 0x6F, 0x63, 0x3D, 0xDF, 0xFC, 0xD6, 0x8B, 0x42, 0x46, 0x19, 0xC4, 0x10, 0x62, 0x08, 
0xA3, 0x10, 0xA3, 0x10, 0x62, 0x08, 0x41, 0x08, 0x41, 0x08, 0x41, 0x08, 0x41, 0x08, 0x42, 0x08, 
0x41, 0x08, 0x41, 0x08, 0x41, 0x08, 0x41, 0x00, 0x41, 0x00, 0x41, 0x08, 0x41, 0x08, 0x41, 0x00, 
0x41, 0x08, 0x41, 0x08, 0x41, 0x08, 0x41, 0x08, 0x41, 0x08, 0x41, 0x00, 0x41, 0x00, 0x41, 0x00, 
0x41, 0x00, 0x41, 0x00, 0x41, 0x08, 0x41, 0x08, 0x41, 0x08, 0x41, 0x08, 0x41, 0x08, 0x41, 0x08, 
0x41, 0x08, 0x41, 0x08, 0x41, 0x08, 0x41, 0x00, 0x41, 0x08, 0x41, 0x08, 0x41, 0x08, 0x41, 0x08, 
0x41, 0x00, 0x41, 0x00, 0x41, 0x00, 0x41, 0x00, 0x41, 0x00, 0x41, 0x00, 0x41, 0x00, 0x41, 0x00, 
0x42, 0x08, 0x42, 0x08, 0x62, 0x08, 0x42, 0x08, 0x62, 0x08, 0x83, 0x08, 0xC7, 0x08, 0x29, 0x09, 
0xE8, 0x00, 0x08, 0x09, 0x08, 0x09, 0xA6, 0x00, 0xA5, 0x00, 0xA6, 0x00, 0xA5, 0x00, 0xA5, 0x00, 
0x84, 0x00, 0xA6, 0x00, 0x08, 0x09, 0xC6, 0x00, 0x85, 0x08, 0x07, 0x11, 0x28, 0x11, 0x08, 0x11, 
0xC5, 0x08, 0x83, 0x08, 0x62, 0x08, 0x42, 0x08, 0x42, 0x08, 0x41, 0x08, 0x41, 0x08, 0x41, 0x00, 
0x21, 0x00, 0x41, 0x00, 0x41, 0x08, 0x41, 0x00, 0x21, 0x00, 0x21, 0x00, 0x41, 0x08, 0x21, 0x08, 
0x21, 0x08, 0x41, 0x00, 0x41, 0x00, 0x41, 0x08, 0x41, 0x08, 0x41, 0x08, 0x42, 0x08, 0x62, 0x08, 
0x63, 0x08, 0x05, 0x19, 0xE9, 0x31, 0xD0, 0x6B, 0x5E, 0xDF, 0x5E, 0xDF, 0x5E, 0xDF, 0xFD, 0xCE, 
0x9B, 0xC6, 0x3A, 0xB6, 0x0D, 0x53, 0x05, 0x19, 0xC4, 0x10, 0x83, 0x08, 0x62, 0x08, 0x62, 0x08, 
0x42, 0x08, 0x42, 0x08, 0x42, 0x08, 0x62, 0x08, 0x42, 0x00, 0x41, 0x00, 0x41, 0x00, 0x41, 0x00, 
0x41, 0x08, 0x41, 0x08, 0x00, 0x00, 0x00, 0x00, 0x00, 0x00, 0x20, 0x00, 0x20, 0x00, 0x20, 0x00, 
0x01, 0x00, 0x01, 0x00, 0x21, 0x00, 0x21, 0x00, 0x21, 0x00, 0x21, 0x00, 0x21, 0x00, 0x20, 0x00, 
0x20, 0x00, 0x20, 0x00, 0x20, 0x00, 0x20, 0x00, 0x20, 0x00, 0x20, 0x00, 0x20, 0x00, 0x20, 0x00, 
0x20, 0x00, 0x20, 0x00, 0x41, 0x08, 0x42, 0x08, 0x41, 0x08, 0x62, 0x08, 0x83, 0x10, 0xA3, 0x10, 
0xA3, 0x10, 0x62, 0x08, 0x62, 0x08, 0x83, 0x08, 0x82, 0x08, 0x62, 0x08, 0x62, 0x08, 0x62, 0x08, 
0x42, 0x08, 0x42, 0x08, 0x42, 0x08, 0x42, 0x08, 0x42, 0x08, 0x42, 0x08, 0x42, 0x08, 0x42, 0x08, 
0x42, 0x08, 0x42, 0x00, 0x42, 0x08, 0x42, 0x08, 0x42, 0x00, 0x42, 0x08, 0x42, 0x00, 0x42, 0x08, 
0x42, 0x08, 0x42, 0x08, 0x42, 0x08, 0x42, 0x08, 0x42, 0x08, 0x42, 0x08, 0x42, 0x08, 0x62, 0x08, 
0x42, 0x08, 0x42, 0x08, 0x42, 0x08, 0x62, 0x08, 0x42, 0x08, 0x62, 0x08, 0x62, 0x08, 0x62, 0x08, 
0x62, 0x08, 0x62, 0x08, 0x62, 0x08, 0x62, 0x08, 0x62, 0x08, 0x62, 0x08, 0x62, 0x08, 0x62, 0x08, 
0x62, 0x08, 0x62, 0x08, 0x62, 0x08, 0x62, 0x08, 0x62, 0x08, 0x62, 0x08, 0x62, 0x08, 0x41, 0x08, 
0x20, 0x00, 0x41, 0x08, 0x42, 0x08, 0x41, 0x08, 0x62, 0x08, 0x62, 0x08, 0x62, 0x08, 0x82, 0x08, 
0x41, 0x08, 0x00, 0x00, 0x20, 0x00, 0x20, 0x00, 0x20, 0x00, 0x20, 0x00, 0x21, 0x00, 0x21, 0x00, 
0x21, 0x00, 0x21, 0x00, 0x20, 0x00, 0x21, 0x00, 0x41, 0x08, 0xA4, 0x10, 0x46, 0x21, 0x26, 0x21, 
0xE5, 0x10, 0xE4, 0x10, 0x05, 0x19, 0xA8, 0x29, 0x8B, 0x42, 0xAB, 0x4A, 0x8B, 0x42, 0x6B, 0x42, 
0x6B, 0x42, 0x4A, 0x42, 0x4A, 0x3A, 0x4A, 0x3A, 0x2A, 0x3A, 0x2A, 0x3A, 0x09, 0x3A, 0x09, 0x3A, 
0x09, 0x3A, 0x09, 0x3A, 0xE9, 0x31, 0x09, 0x32, 0x09, 0x3A, 0xE9, 0x31, 0xE9, 0x31, 0xE9, 0x31, 
0xC4, 0x10, 0xC4, 0x10, 0xC4, 0x10, 0xE4, 0x10, 0xC4, 0x10, 0xE4, 0x10, 0xE5, 0x18, 0xE5, 0x18, 
0xC4, 0x10, 0xC4, 0x18, 0xE5, 0x18, 0xE5, 0x18, 0xE4, 0x10, 0xE4, 0x10, 0xC4, 0x10, 0xC4, 0x10, 
0xC4, 0x10, 0xC4, 0x10, 0xE5, 0x18, 0xE5, 0x18, 0x05, 0x19, 0x05, 0x19, 0x05, 0x19, 0x05, 0x19, 
0x05, 0x19, 0x05, 0x19, 0x05, 0x19, 0x05, 0x19, 0x05, 0x19, 0x26, 0x19, 0x26, 0x19, 0x25, 0x19, 
0x05, 0x11, 0xE4, 0x10, 0xE4, 0x10, 0xE5, 0x10, 0xE5, 0x10, 0x05, 0x19, 0x05, 0x19, 0xE5, 0x10, 
0x05, 0x19, 0x05, 0x19, 0x05, 0x19, 0x25, 0x19, 0x25, 0x19, 0x25, 0x19, 0x25, 0x19, 0x25, 0x19, 
0x46, 0x19, 0x46, 0x21, 0x46, 0x19, 0x25, 0x19, 0x26, 0x19, 0x46, 0x21, 0x87, 0x29, 0xE8, 0x31, 
0x29, 0x3A, 0x4E, 0x5B, 0x1D, 0xD7, 0x1D, 0xD7, 0x4E, 0x5B, 0x46, 0x19, 0xC4, 0x10, 0x83, 0x08, 
0x83, 0x08, 0x82, 0x08, 0x62, 0x08, 0x41, 0x08, 0x41, 0x08, 0x42, 0x08, 0x41, 0x08, 0x41, 0x08, 
0x41, 0x08, 0x41, 0x08, 0x41, 0x08, 0x41, 0x08, 0x41, 0x08, 0x41, 0x00, 0x41, 0x00, 0x41, 0x00, 
0x41, 0x00, 0x41, 0x08, 0x41, 0x08, 0x41, 0x08, 0x41, 0x08, 0x41, 0x00, 0x41, 0x08, 0x41, 0x08, 
0x41, 0x08, 0x41, 0x08, 0x41, 0x08, 0x41, 0x08, 0x41, 0x08, 0x41, 0x08, 0x41, 0x08, 0x21, 0x00, 
0x41, 0x00, 0x21, 0x00, 0x41, 0x00, 0x41, 0x00, 0x41, 0x08, 0x62, 0x08, 0x42, 0x08, 0x42, 0x08, 
0x41, 0x08, 0x41, 0x08, 0x41, 0x00, 0x41, 0x00, 0x41, 0x08, 0x41, 0x08, 0x41, 0x08, 0x41, 0x08, 
0x41, 0x00, 0x41, 0x00, 0x41, 0x08, 0x42, 0x08, 0x42, 0x00, 0x41, 0x00, 0x41, 0x00, 0x42, 0x00, 
0x62, 0x00, 0x63, 0x00, 0x62, 0x00, 0x63, 0x08, 0x63, 0x08, 0x63, 0x00, 0x63, 0x08, 0x83, 0x08, 
0x83, 0x08, 0x83, 0x08, 0x83, 0x08, 0x83, 0x08, 0x84, 0x08, 0x84, 0x08, 0x83, 0x08, 0x84, 0x08, 
0x63, 0x08, 0x42, 0x08, 0x21, 0x00, 0x21, 0x00, 0x21, 0x00, 0x21, 0x00, 0x21, 0x00, 0x21, 0x00, 
0x21, 0x00, 0x21, 0x00, 0x41, 0x08, 0x41, 0x08, 0x21, 0x00, 0x20, 0x00, 0x21, 0x00, 0x21, 0x00, 
0x21, 0x00, 0x21, 0x00, 0x41, 0x00, 0x21, 0x00, 0x41, 0x00, 0x41, 0x08, 0x41, 0x08, 0x42, 0x08, 
0x83, 0x08, 0xE5, 0x10, 0xA8, 0x29, 0xF0, 0x73, 0x5E, 0xDF, 0x5E, 0xDF, 0x5E, 0xDF, 0xFC, 0xCE, 
0x9B, 0xC6, 0x3A, 0xB6, 0xCC, 0x4A, 0xE4, 0x10, 0xC4, 0x10, 0x83, 0x08, 0x62, 0x08, 0x42, 0x08, 
0x42, 0x00, 0x62, 0x08, 0x62, 0x08, 0x42, 0x08, 0x42, 0x08, 0x42, 0x08, 0x62, 0x08, 0x41, 0x08, 
0x41, 0x08, 0x20, 0x00, 0x00, 0x00, 0x00, 0x00, 0x00, 0x00, 0x20, 0x00, 0x00, 0x00, 0x20, 0x00, 
0x21, 0x00, 0x01, 0x00, 0x01, 0x00, 0x21, 0x00, 0x01, 0x00, 0x21, 0x00, 0x21, 0x00, 0x20, 0x00, 
0x20, 0x00, 0x20, 0x00, 0x20, 0x00, 0x20, 0x00, 0x20, 0x00, 0x20, 0x00, 0x20, 0x00, 0x20, 0x00, 
0x20, 0x00, 0x20, 0x00, 0x21, 0x00, 0x41, 0x08, 0x42, 0x08, 0x42, 0x08, 0x83, 0x08, 0x83, 0x10, 
0xA3, 0x10, 0x83, 0x08, 0x82, 0x08, 0x82, 0x08, 0x83, 0x08, 0x82, 0x08, 0x62, 0x08, 0x62, 0x08, 
0x62, 0x08, 0x62, 0x08, 0x42, 0x08, 0x42, 0x08, 0x42, 0x08, 0x42, 0x08, 0x42, 0x08, 0x42, 0x08, 
0x42, 0x08, 0x42, 0x08, 0x42, 0x08, 0x42, 0x08, 0x42, 0x08, 0x42, 0x08, 0x42, 0x08, 0x42, 0x08, 
0x42, 0x08, 0x42, 0x08, 0x42, 0x08, 0x42, 0x08, 0x42, 0x08, 0x42, 0x08, 0x42, 0x08, 0x42, 0x08, 
0x42, 0x08, 0x42, 0x08, 0x42, 0x08, 0x62, 0x08, 0x62, 0x08, 0x42, 0x08, 0x42, 0x08, 0x42, 0x08, 
0x62, 0x08, 0x62, 0x08, 0x62, 0x08, 0x62, 0x08, 0x62, 0x08, 0x62, 0x08, 0x42, 0x08, 0x62, 0x08, 
0x62, 0x08, 0x62, 0x08, 0x62, 0x08, 0x62, 0x08, 0x62, 0x08, 0x62, 0x08, 0x62, 0x08, 0x21, 0x00, 
0x00, 0x00, 0x42, 0x08, 0x41, 0x08, 0x41, 0x00, 0x42, 0x08, 0x62, 0x08, 0x62, 0x08, 0x62, 0x08, 
0x41, 0x00, 0x00, 0x00, 0x20, 0x00, 0x20, 0x00, 0x20, 0x00, 0x21, 0x00, 0x21, 0x00, 0x21, 0x00, 
0x21, 0x00, 0x20, 0x00, 0x20, 0x00, 0x20, 0x00, 0x21, 0x00, 0x83, 0x08, 0x26, 0x19, 0x46, 0x21, 
0xE4, 0x10, 0xE4, 0x10, 0xE5, 0x18, 0x46, 0x21, 0x4A, 0x3A, 0xAB, 0x4A, 0x8B, 0x42, 0x6B, 0x42, 
0x6A, 0x42, 0x4A, 0x42, 0x4A, 0x42, 0x4A, 0x42, 0x2A, 0x3A, 0x2A, 0x3A, 0x29, 0x3A, 0x09, 0x3A, 
0x09, 0x3A, 0x09, 0x3A, 0x09, 0x3A, 0x09, 0x3A, 0xE9, 0x31, 0x09, 0x3A, 0x09, 0x3A, 0xE9, 0x31, 
0xC4, 0x10, 0xE4, 0x10, 0xE5, 0x10, 0xE4, 0x10, 0xE4, 0x10, 0xE4, 0x18, 0x05, 0x19, 0xE5, 0x18, 
0xE4, 0x10, 0xE4, 0x18, 0x05, 0x19, 0x05, 0x19, 0x05, 0x19, 0xE5, 0x18, 0xE4, 0x10, 0xE4, 0x10, 
0xC4, 0x10, 0xC4, 0x10, 0xE5, 0x10, 0xE5, 0x18, 0xE5, 0x18, 0xE5, 0x18, 0xE5, 0x18, 0xE5, 0x18, 
0x05, 0x19, 0x05, 0x19, 0x05, 0x19, 0x05, 0x19, 0xE5, 0x18, 0x05, 0x19, 0x25, 0x19, 0x05, 0x19, 
0x05, 0x19, 0x05, 0x19, 0xE5, 0x18, 0xE5, 0x18, 0x05, 0x19, 0x05, 0x19, 0x05, 0x19, 0x05, 0x19, 
0x05, 0x19, 0x05, 0x19, 0x26, 0x19, 0x46, 0x21, 0x25, 0x19, 0x25, 0x19, 0x25, 0x19, 0x26, 0x19, 
0x46, 0x21, 0x46, 0x21, 0x46, 0x21, 0x46, 0x21, 0x66, 0x21, 0x67, 0x21, 0xA7, 0x29, 0xE8, 0x31, 
0x29, 0x3A, 0x0D, 0x53, 0xFC, 0xD6, 0xDB, 0xCE, 0x4E, 0x5B, 0xC8, 0x29, 0xC4, 0x10, 0x83, 0x08, 
0x82, 0x08, 0x62, 0x08, 0x62, 0x08, 0x41, 0x08, 0x41, 0x08, 0x42, 0x08, 0x41, 0x08, 0x41, 0x00, 
0x21, 0x00, 0x21, 0x00, 0x41, 0x00, 0x41, 0x08, 0x41, 0x08, 0x41, 0x08, 0x41, 0x08, 0x41, 0x00, 
0x21, 0x00, 0x21, 0x00, 0x21, 0x00, 0x21, 0x00, 0x41, 0x08, 0x41, 0x08, 0x42, 0x08, 0x41, 0x08, 
0x42, 0x08, 0x41, 0x08, 0x21, 0x08, 0x21, 0x00, 0x21, 0x00, 0x21, 0x00, 0x41, 0x00, 0x41, 0x08, 
0x42, 0x08, 0x42, 0x08, 0x41, 0x08, 0x41, 0x08, 0x41, 0x08, 0x21, 0x00, 0x41, 0x00, 0x21, 0x00, 
0x21, 0x00, 0x41, 0x08, 0x42, 0x08, 0x62, 0x08, 0x42, 0x08, 0x42, 0x08, 0x42, 0x08, 0x41, 0x08, 
0x41, 0x08, 0x41, 0x08, 0x41, 0x08, 0x41, 0x08, 0x41, 0x08, 0x41, 0x08, 0x42, 0x08, 0x42, 0x00, 
0x62, 0x08, 0x62, 0x08, 0x62, 0x08, 0x62, 0x08, 0x62, 0x08, 0x62, 0x08, 0x62, 0x08, 0x62, 0x08, 
0x62, 0x08, 0x62, 0x08, 0x62, 0x08, 0x62, 0x08, 0x62, 0x08, 0x62, 0x08, 0x62, 0x08, 0x42, 0x08, 
0x42, 0x08, 0x41, 0x08, 0x41, 0x08, 0x41, 0x00, 0x21, 0x00, 0x21, 0x00, 0x21, 0x00, 0x21, 0x00, 
0x21, 0x00, 0x21, 0x00, 0x21, 0x00, 0x21, 0x00, 0x21, 0x00, 0x20, 0x00, 0x20, 0x00, 0x21, 0x00, 
0x41, 0x00, 0x41, 0x08, 0x21, 0x00, 0x21, 0x00, 0x21, 0x00, 0x21, 0x00, 0x41, 0x08, 0x42, 0x08, 
0x62, 0x08, 0xC4, 0x10, 0x46, 0x19, 0xF1, 0x73, 0x7E, 0xDF, 0x5E, 0xE7, 0x5E, 0xDF, 0xFC, 0xCE, 
0x9B, 0xC6, 0x5A, 0xB6, 0xCC, 0x4A, 0xC4, 0x10, 0xC4, 0x10, 0x82, 0x08, 0x62, 0x08, 0x42, 0x08, 
0x41, 0x00, 0x62, 0x08, 0x62, 0x08, 0x42, 0x08, 0x41, 0x08, 0x42, 0x08, 0x42, 0x08, 0x41, 0x08, 
0x21, 0x00, 0x00, 0x00, 0x00, 0x00, 0x00, 0x00, 0x00, 0x00, 0x20, 0x00, 0x20, 0x00, 0x20, 0x00, 
0x21, 0x00, 0x21, 0x00, 0x21, 0x00, 0x21, 0x00, 0x62, 0x08, 0x62, 0x08, 0x62, 0x08, 0x62, 0x08, 
0x62, 0x08, 0x21, 0x00, 0x20, 0x00, 0x20, 0x00, 0x20, 0x00, 0x20, 0x00, 0x20, 0x00, 0x20, 0x00, 
0x20, 0x00, 0x20, 0x00, 0x21, 0x00, 0x41, 0x08, 0x42, 0x08, 0x42, 0x08, 0x82, 0x08, 0x83, 0x10, 
0xA3, 0x10, 0x83, 0x08, 0x82, 0x08, 0x83, 0x08, 0x83, 0x08, 0x83, 0x08, 0x62, 0x08, 0x62, 0x08, 
0x62, 0x08, 0x62, 0x08, 0x42, 0x08, 0x42, 0x08, 0x42, 0x08, 0x42, 0x08, 0x42, 0x08, 0x42, 0x08, 
0x42, 0x08, 0x41, 0x08, 0x42, 0x08, 0x42, 0x08, 0x42, 0x08, 0x42, 0x08, 0x42, 0x08, 0x41, 0x08, 
0x41, 0x08, 0x41, 0x08, 0x41, 0x08, 0x41, 0x08, 0x41, 0x08, 0x41, 0x08, 0x42, 0x08, 0x42, 0x08, 
0x62, 0x08, 0x42, 0x08, 0x42, 0x08, 0x42, 0x08, 0x42, 0x08, 0x42, 0x08, 0x42, 0x08, 0x42, 0x08, 
0x62, 0x08, 0x62, 0x08, 0x62, 0x08, 0x62, 0x08, 0x62, 0x08, 0x42, 0x08, 0x42, 0x08, 0x42, 0x08, 
0x42, 0x08, 0x62, 0x08, 0x62, 0x08, 0x62, 0x08, 0x62, 0x08, 0x62, 0x08, 0x62, 0x08, 0x21, 0x00, 
0x21, 0x00, 0x41, 0x08, 0x41, 0x08, 0x41, 0x00, 0x42, 0x08, 0x62, 0x08, 0x62, 0x08, 0x62, 0x08, 
0x21, 0x00, 0x20, 0x00, 0x20, 0x00, 0x21, 0x00, 0x21, 0x00, 0x21, 0x00, 0x21, 0x00, 0x21, 0x00, 
0x20, 0x00, 0x21, 0x00, 0x21, 0x00, 0x20, 0x00, 0x21, 0x00, 0x62, 0x08, 0x05, 0x19, 0x46, 0x21, 
0xE5, 0x18, 0xE4, 0x18, 0xE4, 0x10, 0xE5, 0x10, 0x2A, 0x3A, 0xAB, 0x4A, 0x6B, 0x42, 0x6B, 0x42, 
0x6B, 0x42, 0x4A, 0x42, 0x4A, 0x42, 0x4A, 0x42, 0x2A, 0x3A, 0x2A, 0x3A, 0x29, 0x3A, 0x09, 0x3A, 
0x09, 0x3A, 0x09, 0x3A, 0x09, 0x3A, 0x09, 0x3A, 0xE9, 0x31, 0x09, 0x32, 0x09, 0x3A, 0xE9, 0x31, 
0xE4, 0x10, 0xE5, 0x18, 0x05, 0x19, 0xE5, 0x18, 0xE5, 0x18, 0xE5, 0x10, 0xE5, 0x18, 0xE5, 0x18, 
0xE5, 0x10, 0xE5, 0x18, 0x25, 0x19, 0x05, 0x19, 0xE5, 0x18, 0xE5, 0x18, 0xE5, 0x18, 0xE5, 0x10, 
0xE4, 0x10, 0xE4, 0x10, 0xE5, 0x18, 0xE5, 0x18, 0xE5, 0x18, 0xE5, 0x18, 0xE5, 0x18, 0xE5, 0x18, 
0x05, 0x19, 0x05, 0x19, 0x05, 0x19, 0x05, 0x19, 0xE5, 0x18, 0xE5, 0x18, 0xE5, 0x18, 0xE5, 0x18, 
0x05, 0x19, 0x05, 0x19, 0x05, 0x19, 0x05, 0x19, 0x26, 0x19, 0x05, 0x19, 0x05, 0x19, 0x05, 0x19, 
0x25, 0x19, 0x26, 0x19, 0x46, 0x21, 0x46, 0x21, 0x26, 0x19, 0x46, 0x19, 0x46, 0x21, 0x46, 0x21, 
0x46, 0x21, 0x66, 0x21, 0x66, 0x21, 0x67, 0x21, 0x67, 0x29, 0x67, 0x29, 0x87, 0x29, 0xC8, 0x31, 
0x09, 0x3A, 0xCC, 0x4A, 0x9A, 0xC6, 0xDC, 0xCE, 0xCC, 0x4A, 0x8B, 0x42, 0xE5, 0x10, 0x83, 0x08, 
0x42, 0x08, 0x41, 0x08, 0x41, 0x08, 0x21, 0x00, 0x21, 0x00, 0x21, 0x00, 0x21, 0x00, 0x41, 0x08, 
0x41, 0x00, 0x21, 0x00, 0x41, 0x08, 0x41, 0x00, 0x21, 0x00, 0x21, 0x00, 0x21, 0x00, 0x21, 0x00, 
0x41, 0x08, 0x41, 0x08, 0x41, 0x08, 0x21, 0x08, 0x21, 0x08, 0x21, 0x08, 0x21, 0x08, 0x21, 0x08, 
0x21, 0x00, 0x41, 0x00, 0x41, 0x00, 0x41, 0x08, 0x41, 0x08, 0x41, 0x08, 0x41, 0x08, 0x21, 0x00, 
0x21, 0x00, 0x41, 0x00, 0x21, 0x00, 0x21, 0x00, 0x41, 0x08, 0x41, 0x08, 0x41, 0x08, 0x41, 0x00, 
0x41, 0x08, 0x41, 0x00, 0x21, 0x00, 0x21, 0x00, 0x21, 0x00, 0x21, 0x08, 0x21, 0x00, 0x21, 0x00, 
0x21, 0x08, 0x41, 0x08, 0x41, 0x08, 0x41, 0x08, 0x41, 0x08, 0x41, 0x08, 0x21, 0x08, 0x41, 0x00, 
0x41, 0x00, 0x41, 0x00, 0x41, 0x00, 0x42, 0x00, 0x41, 0x00, 0x42, 0x08, 0x42, 0x00, 0x42, 0x00, 
0x42, 0x00, 0x41, 0x00, 0x41, 0x00, 0x42, 0x00, 0x41, 0x00, 0x41, 0x00, 0x41, 0x08, 0x21, 0x00, 
0x21, 0x00, 0x21, 0x00, 0x21, 0x00, 0x21, 0x00, 0x01, 0x00, 0x21, 0x00, 0x21, 0x00, 0x21, 0x00, 
0x21, 0x00, 0x21, 0x00, 0x21, 0x00, 0x21, 0x00, 0x21, 0x00, 0x20, 0x00, 0x20, 0x00, 0x41, 0x08, 
0x41, 0x08, 0x41, 0x08, 0x41, 0x00, 0x41, 0x08, 0x41, 0x00, 0x41, 0x00, 0x41, 0x08, 0x62, 0x08, 
0x83, 0x08, 0xE4, 0x10, 0x26, 0x19, 0x8F, 0x63, 0x1D, 0xD7, 0x3D, 0xD7, 0x1D, 0xD7, 0xDC, 0xCE, 
0x7B, 0xBE, 0x3A, 0xB6, 0xCC, 0x4A, 0xA4, 0x08, 0xA4, 0x10, 0x62, 0x08, 0x62, 0x08, 0x42, 0x08, 
0x42, 0x00, 0x62, 0x08, 0x62, 0x08, 0x42, 0x08, 0x42, 0x08, 0x41, 0x08, 0x42, 0x08, 0x41, 0x08, 
0x00, 0x00, 0x00, 0x00, 0x00, 0x00, 0x20, 0x00, 0x20, 0x00, 0x20, 0x00, 0x21, 0x00, 0x21, 0x00, 
0x21, 0x00, 0x21, 0x00, 0x62, 0x08, 0x82, 0x08, 0x82, 0x10, 0x62, 0x08, 0x83, 0x08, 0x83, 0x08, 
0xA3, 0x10, 0xA3, 0x10, 0x82, 0x08, 0x21, 0x00, 0x00, 0x00, 0x20, 0x00, 0x20, 0x00, 0x20, 0x00, 
0x20, 0x00, 0x20, 0x00, 0x00, 0x00, 0x21, 0x08, 0x41, 0x08, 0x41, 0x00, 0x62, 0x08, 0x83, 0x10, 
0xA3, 0x10, 0x83, 0x08, 0x82, 0x08, 0x83, 0x10, 0xA3, 0x10, 0x83, 0x08, 0x62, 0x08, 0x62, 0x08, 
0x62, 0x08, 0x42, 0x08, 0x42, 0x08, 0x42, 0x08, 0x41, 0x08, 0x41, 0x08, 0x41, 0x08, 0x41, 0x08, 
0x41, 0x08, 0x41, 0x08, 0x41, 0x08, 0x42, 0x08, 0x41, 0x08, 0x41, 0x08, 0x42, 0x08, 0x41, 0x08, 
0x41, 0x08, 0x41, 0x08, 0x41, 0x08, 0x41, 0x08, 0x41, 0x08, 0x41, 0x08, 0x42, 0x08, 0x42, 0x08, 
0x42, 0x08, 0x42, 0x08, 0x42, 0x08, 0x42, 0x08, 0x42, 0x08, 0x62, 0x08, 0x62, 0x08, 0x42, 0x08, 
0x62, 0x08, 0x62, 0x08, 0x62, 0x08, 0x62, 0x08, 0x62, 0x08, 0x62, 0x08, 0x42, 0x08, 0x62, 0x08, 
0x42, 0x08, 0x62, 0x08, 0x62, 0x08, 0x62, 0x08, 0x62, 0x08, 0x62, 0x08, 0x62, 0x08, 0x21, 0x00, 
0x21, 0x00, 0x41, 0x08, 0x21, 0x08, 0x41, 0x00, 0x42, 0x00, 0x62, 0x08, 0x62, 0x08, 0x62, 0x08, 
0x00, 0x00, 0x21, 0x00, 0x21, 0x00, 0x21, 0x00, 0x21, 0x00, 0x41, 0x08, 0x62, 0x08, 0x82, 0x08, 
0x62, 0x08, 0x21, 0x00, 0x20, 0x00, 0x20, 0x00, 0x01, 0x00, 0x42, 0x08, 0xE5, 0x18, 0x67, 0x21, 
0x05, 0x19, 0xE4, 0x10, 0xE5, 0x18, 0x05, 0x11, 0x4A, 0x3A, 0xAB, 0x4A, 0x8B, 0x42, 0x6B, 0x42, 
0x4A, 0x42, 0x4A, 0x42, 0x4A, 0x42, 0x4A, 0x3A, 0x2A, 0x3A, 0x2A, 0x3A, 0x2A, 0x3A, 0x2A, 0x3A, 
0x09, 0x3A, 0x09, 0x3A, 0x09, 0x3A, 0x09, 0x3A, 0x09, 0x3A, 0xE9, 0x31, 0xE9, 0x31, 0xE9, 0x31, 
0xE5, 0x18, 0x05, 0x19, 0x05, 0x19, 0x05, 0x19, 0xE5, 0x18, 0xE5, 0x18, 0xE5, 0x18, 0xE5, 0x18, 
0xE5, 0x10, 0xE5, 0x18, 0x25, 0x19, 0x05, 0x19, 0x05, 0x19, 0xE5, 0x18, 0x05, 0x19, 0xE5, 0x18, 
0xE5, 0x10, 0xE5, 0x18, 0xE5, 0x18, 0xE5, 0x18, 0xE5, 0x18, 0xE5, 0x18, 0xE5, 0x18, 0x05, 0x19, 
0x05, 0x19, 0xE5, 0x18, 0x05, 0x19, 0x05, 0x19, 0x05, 0x19, 0x05, 0x19, 0x05, 0x19, 0x05, 0x19, 
0x25, 0x19, 0x05, 0x19, 0x05, 0x19, 0x05, 0x19, 0x25, 0x19, 0x25, 0x19, 0x25, 0x19, 0x25, 0x19, 
0x46, 0x21, 0x46, 0x21, 0x46, 0x21, 0x46, 0x21, 0x46, 0x21, 0x46, 0x21, 0x46, 0x21, 0x66, 0x21, 
0x66, 0x21, 0x67, 0x21, 0x67, 0x21, 0x67, 0x29, 0x67, 0x29, 0x67, 0x29, 0x87, 0x29, 0xA8, 0x29, 
0x09, 0x3A, 0x2A, 0x3A, 0x97, 0xA5, 0xFC, 0xCE, 0x2A, 0x3A, 0xC8, 0x29, 0x87, 0x29, 0x83, 0x08, 
0xA3, 0x10, 0x42, 0x08, 0x41, 0x00, 0x41, 0x08, 0x21, 0x00, 0x21, 0x00, 0x21, 0x00, 0x21, 0x00, 
0x20, 0x00, 0x20, 0x00, 0x20, 0x00, 0x20, 0x00, 0x20, 0x00, 0x20, 0x00, 0x21, 0x00, 0x21, 0x00, 
0x21, 0x00, 0x21, 0x00, 0x21, 0x00, 0x21, 0x00, 0x21, 0x00, 0x21, 0x00, 0x21, 0x00, 0x20, 0x00, 
0x20, 0x00, 0x21, 0x00, 0x20, 0x00, 0x20, 0x00, 0x20, 0x00, 0x20, 0x00, 0x20, 0x00, 0x20, 0x00, 
0x21, 0x00, 0x21, 0x00, 0x21, 0x00, 0x21, 0x00, 0x21, 0x00, 0x21, 0x00, 0x21, 0x00, 0x21, 0x00, 
0x21, 0x00, 0x21, 0x00, 0x21, 0x00, 0x21, 0x00, 0x21, 0x00, 0x21, 0x00, 0x21, 0x00, 0x21, 0x00, 
0x21, 0x00, 0x21, 0x00, 0x21, 0x00, 0x21, 0x00, 0x21, 0x00, 0x20, 0x00, 0x21, 0x00, 0x21, 0x00, 
0x21, 0x00, 0x21, 0x00, 0x41, 0x08, 0x41, 0x00, 0x41, 0x08, 0x41, 0x08, 0x41, 0x00, 0x41, 0x00, 
0x41, 0x00, 0x41, 0x00, 0x21, 0x00, 0x41, 0x00, 0x21, 0x00, 0x21, 0x00, 0x21, 0x00, 0x21, 0x00, 
0x21, 0x00, 0x21, 0x00, 0x21, 0x00, 0x21, 0x00, 0x21, 0x00, 0x20, 0x00, 0x20, 0x00, 0x21, 0x00, 
0x21, 0x00, 0x20, 0x00, 0x21, 0x00, 0x20, 0x00, 0x21, 0x00, 0x20, 0x00, 0x20, 0x00, 0x21, 0x00, 
0x21, 0x00, 0x21, 0x00, 0x41, 0x00, 0x21, 0x00, 0x41, 0x00, 0x41, 0x00, 0x41, 0x08, 0x42, 0x08, 
0x62, 0x08, 0xA3, 0x10, 0xE5, 0x10, 0x0E, 0x53, 0x9B, 0xBE, 0xDC, 0xCE, 0xBC, 0xC6, 0x9B, 0xBE, 
0x7B, 0xBE, 0x56, 0x9D, 0xA7, 0x29, 0xA4, 0x10, 0x83, 0x08, 0x62, 0x08, 0x42, 0x00, 0x42, 0x08, 
0x42, 0x08, 0x62, 0x08, 0x42, 0x08, 0x41, 0x00, 0x42, 0x08, 0x42, 0x08, 0x42, 0x08, 0x20, 0x00, 
0x00, 0x00, 0x00, 0x00, 0x20, 0x00, 0x20, 0x00, 0x21, 0x00, 0x21, 0x00, 0x21, 0x00, 0x21, 0x00, 
0x42, 0x08, 0x62, 0x08, 0x41, 0x08, 0x82, 0x08, 0x62, 0x08, 0x83, 0x08, 0x83, 0x08, 0x83, 0x08, 
0x82, 0x08, 0x83, 0x08, 0x83, 0x10, 0x83, 0x08, 0x82, 0x10, 0x00, 0x00, 0x20, 0x00, 0x20, 0x00, 
0x20, 0x00, 0x20, 0x00, 0x00, 0x00, 0x21, 0x00, 0x41, 0x08, 0x41, 0x08, 0x62, 0x08, 0x83, 0x08, 
0xA3, 0x10, 0x83, 0x10, 0x82, 0x08, 0xA3, 0x10, 0xA3, 0x10, 0x83, 0x08, 0x82, 0x08, 0x62, 0x08, 
0x62, 0x08, 0x42, 0x08, 0x42, 0x08, 0x42, 0x08, 0x41, 0x08, 0x41, 0x08, 0x41, 0x08, 0x41, 0x08, 
0x41, 0x08, 0x42, 0x08, 0x42, 0x08, 0x42, 0x08, 0x42, 0x08, 0x42, 0x08, 0x42, 0x08, 0x41, 0x08, 
0x41, 0x08, 0x41, 0x08, 0x41, 0x08, 0x41, 0x08, 0x41, 0x08, 0x41, 0x08, 0x41, 0x08, 0x42, 0x08, 
0x42, 0x08, 0x42, 0x08, 0x42, 0x08, 0x62, 0x08, 0x42, 0x08, 0x62, 0x08, 0x62, 0x08, 0x62, 0x08, 
0x62, 0x08, 0x62, 0x08, 0x62, 0x08, 0x62, 0x08, 0x42, 0x08, 0x42, 0x08, 0x41, 0x08, 0x42, 0x08, 
0x41, 0x08, 0x41, 0x08, 0x42, 0x08, 0x42, 0x08, 0x42, 0x08, 0x41, 0x08, 0x41, 0x08, 0x21, 0x00, 
0x21, 0x00, 0x41, 0x08, 0x41, 0x00, 0x41, 0x00, 0x42, 0x00, 0x62, 0x08, 0x62, 0x08, 0x41, 0x00, 
0x21, 0x00, 0x21, 0x00, 0x21, 0x00, 0x21, 0x00, 0x41, 0x08, 0x82, 0x08, 0x82, 0x08, 0x83, 0x10, 
0xC4, 0x10, 0xA3, 0x10, 0x21, 0x00, 0x00, 0x00, 0x01, 0x00, 0x21, 0x00, 0xE4, 0x10, 0x67, 0x29, 
0x05, 0x19, 0xE4, 0x10, 0xE5, 0x18, 0x05, 0x19, 0x4A, 0x42, 0x8B, 0x4A, 0x8B, 0x42, 0x8B, 0x42, 
0x6B, 0x42, 0x4A, 0x42, 0x4A, 0x42, 0x4A, 0x42, 0x4A, 0x42, 0x4A, 0x42, 0x4A, 0x3A, 0x2A, 0x3A, 
0x29, 0x3A, 0x09, 0x3A, 0x09, 0x3A, 0x09, 0x3A, 0x09, 0x3A, 0x09, 0x3A, 0x09, 0x3A, 0x09, 0x32, 
0xE5, 0x18, 0xE5, 0x18, 0xE4, 0x10, 0xE5, 0x10, 0xE5, 0x18, 0xE5, 0x18, 0x05, 0x19, 0xE5, 0x18, 
0xE5, 0x18, 0xE4, 0x18, 0x25, 0x19, 0x05, 0x19, 0x05, 0x19, 0xE5, 0x18, 0xE5, 0x18, 0xE5, 0x18, 
0x05, 0x19, 0xE5, 0x18, 0xE4, 0x18, 0xE5, 0x18, 0xE5, 0x18, 0x05, 0x19, 0xE5, 0x18, 0xE5, 0x18, 
0x05, 0x19, 0x05, 0x19, 0x05, 0x19, 0x05, 0x19, 0x05, 0x19, 0x05, 0x19, 0x05, 0x19, 0x25, 0x19, 
0x05, 0x19, 0x05, 0x19, 0x05, 0x19, 0x05, 0x19, 0x05, 0x19, 0x46, 0x19, 0x46, 0x21, 0x26, 0x19, 
0x46, 0x21, 0x46, 0x21, 0x66, 0x21, 0x66, 0x21, 0x66, 0x21, 0x46, 0x21, 0x66, 0x21, 0x66, 0x21, 
0x46, 0x21, 0x67, 0x21, 0x67, 0x29, 0x67, 0x21, 0x87, 0x21, 0x67, 0x29, 0x87, 0x29, 0xA8, 0x29, 
0xC8, 0x31, 0x09, 0x32, 0x0D, 0x53, 0x52, 0x7C, 0x4A, 0x3A, 0x46, 0x21, 0x05, 0x19, 0x83, 0x08, 
0x42, 0x00, 0x83, 0x08, 0x62, 0x08, 0x41, 0x00, 0x21, 0x00, 0x21, 0x00, 0x21, 0x00, 0x21, 0x00, 
0x20, 0x00, 0x20, 0x00, 0x21, 0x00, 0x20, 0x00, 0x20, 0x00, 0x20, 0x00, 0x20, 0x00, 0x20, 0x00, 
0x21, 0x00, 0x20, 0x00, 0x20, 0x00, 0x20, 0x00, 0x20, 0x00, 0x21, 0x00, 0x20, 0x00, 0x20, 0x00, 
0x20, 0x00, 0x20, 0x00, 0x20, 0x00, 0x20, 0x00, 0x20, 0x00, 0x20, 0x00, 0x20, 0x00, 0x20, 0x00, 
0x20, 0x00, 0x20, 0x00, 0x00, 0x00, 0x20, 0x00, 0x00, 0x00, 0x00, 0x00, 0x20, 0x00, 0x20, 0x00, 
0x20, 0x00, 0x20, 0x00, 0x20, 0x00, 0x20, 0x00, 0x00, 0x00, 0x20, 0x00, 0x20, 0x00, 0x20, 0x00, 
0x20, 0x00, 0x20, 0x00, 0x20, 0x00, 0x20, 0x00, 0x20, 0x00, 0x20, 0x00, 0x20, 0x00, 0x20, 0x00, 
0x21, 0x00, 0x21, 0x00, 0x21, 0x00, 0x21, 0x00, 0x21, 0x00, 0x21, 0x00, 0x21, 0x00, 0x21, 0x00, 
0x20, 0x00, 0x20, 0x00, 0x20, 0x00, 0x20, 0x00, 0x20, 0x00, 0x20, 0x00, 0x20, 0x00, 0x20, 0x00, 
0x20, 0x00, 0x20, 0x00, 0x20, 0x00, 0x20, 0x00, 0x20, 0x00, 0x20, 0x00, 0x20, 0x00, 0x20, 0x00, 
0x20, 0x00, 0x20, 0x00, 0x20, 0x00, 0x20, 0x00, 0x20, 0x00, 0x20, 0x00, 0x00, 0x00, 0x00, 0x00, 
0x20, 0x00, 0x20, 0x00, 0x20, 0x00, 0x20, 0x00, 0x21, 0x00, 0x21, 0x00, 0x21, 0x00, 0x41, 0x08, 
0x62, 0x08, 0x82, 0x08, 0x83, 0x08, 0xC8, 0x31, 0x94, 0x84, 0x16, 0x95, 0x36, 0x95, 0x36, 0x95, 
0xB4, 0x84, 0xAC, 0x4A, 0x05, 0x11, 0xC4, 0x10, 0x83, 0x08, 0x62, 0x08, 0x42, 0x00, 0x42, 0x08, 
0x62, 0x08, 0x62, 0x08, 0x41, 0x08, 0x41, 0x08, 0x41, 0x08, 0x42, 0x08, 0x41, 0x08, 0x00, 0x00, 
0x00, 0x00, 0x00, 0x00, 0x20, 0x00, 0x20, 0x00, 0x21, 0x00, 0x21, 0x00, 0x41, 0x08, 0x41, 0x08, 
0x42, 0x08, 0x62, 0x08, 0x62, 0x08, 0x62, 0x08, 0xA3, 0x10, 0x83, 0x08, 0xA4, 0x10, 0x83, 0x08, 
0xC4, 0x10, 0xE4, 0x18, 0xC4, 0x10, 0xE4, 0x18, 0xE5, 0x18, 0x62, 0x08, 0x21, 0x00, 0x20, 0x00, 
0x20, 0x00, 0x20, 0x00, 0x00, 0x00, 0x20, 0x00, 0x41, 0x08, 0x41, 0x08, 0x42, 0x08, 0x82, 0x08, 
0x83, 0x08, 0x83, 0x08, 0x83, 0x08, 0xA3, 0x08, 0xA3, 0x10, 0x83, 0x08, 0x83, 0x08, 0x62, 0x08, 
0x62, 0x08, 0x41, 0x08, 0x42, 0x08, 0x41, 0x08, 0x41, 0x08, 0x41, 0x08, 0x41, 0x08, 0x41, 0x08, 
0x42, 0x08, 0x42, 0x08, 0x42, 0x08, 0x41, 0x08, 0x41, 0x08, 0x41, 0x08, 0x41, 0x08, 0x41, 0x08, 
0x41, 0x08, 0x41, 0x08, 0x41, 0x08, 0x41, 0x08, 0x41, 0x08, 0x41, 0x08, 0x41, 0x08, 0x41, 0x08, 
0x41, 0x08, 0x41, 0x08, 0x41, 0x08, 0x41, 0x08, 0x41, 0x08, 0x41, 0x08, 0x41, 0x08, 0x41, 0x00, 
0x41, 0x08, 0x41, 0x08, 0x42, 0x08, 0x42, 0x08, 0x62, 0x08, 0x62, 0x08, 0x62, 0x08, 0x82, 0x08, 
0x83, 0x08, 0x83, 0x08, 0xA3, 0x10, 0xA3, 0x10, 0xA3, 0x10, 0xA3, 0x10, 0xA3, 0x10, 0x01, 0x00, 
0x83, 0x10, 0x82, 0x10, 0x21, 0x00, 0x21, 0x00, 0x41, 0x00, 0x62, 0x08, 0x62, 0x08, 0x21, 0x00, 
0x21, 0x00, 0x21, 0x00, 0x21, 0x00, 0x41, 0x08, 0x62, 0x08, 0x62, 0x08, 0x82, 0x08, 0xA3, 0x10, 
0xA3, 0x10, 0x05, 0x19, 0x83, 0x10, 0x21, 0x00, 0x21, 0x00, 0x21, 0x00, 0xC4, 0x10, 0x67, 0x29, 
0x25, 0x19, 0xE4, 0x10, 0xC4, 0x10, 0x05, 0x19, 0x6A, 0x42, 0x8B, 0x4A, 0x6B, 0x42, 0x6B, 0x42, 
0x6A, 0x42, 0x6A, 0x42, 0x4A, 0x42, 0x2A, 0x42, 0x2A, 0x3A, 0x2A, 0x3A, 0x2A, 0x3A, 0x09, 0x3A, 
0x09, 0x3A, 0x09, 0x3A, 0x09, 0x3A, 0x09, 0x32, 0x09, 0x3A, 0x09, 0x3A, 0x09, 0x3A, 0xE9, 0x31, 
0xC4, 0x10, 0xE4, 0x10, 0xE4, 0x10, 0x05, 0x19, 0xE5, 0x18, 0x05, 0x19, 0x05, 0x19, 0xE5, 0x18, 
0xE4, 0x10, 0xE4, 0x10, 0x05, 0x19, 0x05, 0x19, 0x05, 0x19, 0x05, 0x19, 0x05, 0x19, 0x05, 0x19, 
0x05, 0x19, 0x05, 0x19, 0x05, 0x19, 0xE4, 0x10, 0xE5, 0x10, 0x05, 0x19, 0x05, 0x19, 0x05, 0x19, 
0x05, 0x19, 0x05, 0x19, 0x05, 0x19, 0x05, 0x19, 0x05, 0x19, 0x25, 0x19, 0x26, 0x19, 0x26, 0x19, 
0x26, 0x19, 0x05, 0x19, 0x05, 0x19, 0x05, 0x19, 0x25, 0x19, 0x46, 0x19, 0x46, 0x21, 0x26, 0x19, 
0x26, 0x19, 0x46, 0x21, 0x46, 0x21, 0x66, 0x21, 0x46, 0x21, 0x46, 0x21, 0x46, 0x21, 0x46, 0x21, 
0x66, 0x21, 0x67, 0x29, 0x87, 0x29, 0x67, 0x29, 0x67, 0x29, 0x87, 0x29, 0x87, 0x29, 0x87, 0x29, 
0xA8, 0x31, 0xE8, 0x31, 0x87, 0x21, 0xE8, 0x31, 0x8B, 0x42, 0x8B, 0x4A, 0xC8, 0x31, 0x25, 0x19, 
0x05, 0x19, 0xC4, 0x10, 0x62, 0x08, 0x41, 0x00, 0x21, 0x00, 0x21, 0x00, 0x20, 0x00, 0x20, 0x00, 
0x20, 0x00, 0x20, 0x00, 0x20, 0x00, 0x00, 0x00, 0x20, 0x00, 0x20, 0x00, 0x20, 0x00, 0x00, 0x00, 
0x20, 0x00, 0x00, 0x00, 0x20, 0x00, 0x20, 0x00, 0x20, 0x00, 0x20, 0x00, 0x00, 0x00, 0x20, 0x00, 
0x20, 0x00, 0x00, 0x00, 0x20, 0x00, 0x20, 0x00, 0x20, 0x00, 0x20, 0x00, 0x20, 0x00, 0x20, 0x00, 
0x20, 0x00, 0x20, 0x00, 0x20, 0x00, 0x20, 0x00, 0x20, 0x00, 0x20, 0x00, 0x20, 0x00, 0x20, 0x00, 
0x20, 0x00, 0x20, 0x00, 0x20, 0x00, 0x20, 0x00, 0x20, 0x00, 0x20, 0x00, 0x20, 0x00, 0x20, 0x00, 
0x20, 0x00, 0x20, 0x00, 0x20, 0x00, 0x20, 0x00, 0x20, 0x00, 0x20, 0x00, 0x20, 0x00, 0x20, 0x00, 
0x20, 0x00, 0x20, 0x00, 0x21, 0x00, 0x20, 0x00, 0x20, 0x00, 0x20, 0x00, 0x20, 0x00, 0x20, 0x00, 
0x20, 0x00, 0x20, 0x00, 0x20, 0x00, 0x20, 0x00, 0x20, 0x00, 0x20, 0x00, 0x20, 0x00, 0x20, 0x00, 
0x20, 0x00, 0x00, 0x00, 0x20, 0x00, 0x20, 0x00, 0x20, 0x00, 0x00, 0x00, 0x20, 0x00, 0x20, 0x00, 
0x20, 0x00, 0x20, 0x00, 0x20, 0x00, 0x20, 0x00, 0x21, 0x00, 0x20, 0x00, 0x21, 0x00, 0x21, 0x00, 
0x21, 0x08, 0x41, 0x08, 0x41, 0x08, 0x41, 0x08, 0x42, 0x08, 0x62, 0x08, 0x62, 0x08, 0x62, 0x08, 
0x82, 0x08, 0x83, 0x10, 0xA4, 0x10, 0xE4, 0x18, 0x67, 0x21, 0xA8, 0x29, 0xC8, 0x29, 0xC8, 0x29, 
0x67, 0x21, 0x25, 0x19, 0xE4, 0x10, 0xA3, 0x10, 0x82, 0x08, 0x62, 0x08, 0x42, 0x08, 0x42, 0x08, 
0x62, 0x08, 0x42, 0x08, 0x41, 0x08, 0x41, 0x08, 0x41, 0x08, 0x41, 0x08, 0x21, 0x00, 0x00, 0x00, 
0x20, 0x00, 0x21, 0x00, 0x20, 0x00, 0x21, 0x00, 0x21, 0x00, 0x21, 0x00, 0x41, 0x08, 0x62, 0x08, 
0x41, 0x08, 0x62, 0x08, 0x82, 0x08, 0x83, 0x08, 0xA3, 0x10, 0xC4, 0x10, 0xA3, 0x10, 0xC4, 0x10, 
0xA3, 0x08, 0xA3, 0x10, 0xC4, 0x10, 0xE5, 0x18, 0xC4, 0x18, 0xC4, 0x18, 0x62, 0x08, 0x00, 0x00, 
0x20, 0x00, 0x20, 0x00, 0x20, 0x00, 0x00, 0x00, 0x21, 0x08, 0x41, 0x08, 0x42, 0x08, 0x62, 0x08, 
0x83, 0x08, 0x83, 0x08, 0x83, 0x08, 0x83, 0x08, 0xA3, 0x10, 0x83, 0x08, 0x82, 0x08, 0x62, 0x08, 
0x62, 0x08, 0x42, 0x08, 0x41, 0x08, 0x41, 0x08, 0x41, 0x08, 0x41, 0x08, 0x41, 0x08, 0x41, 0x08, 
0x41, 0x08, 0x41, 0x08, 0x41, 0x08, 0x41, 0x08, 0x41, 0x08, 0x21, 0x08, 0x21, 0x00, 0x21, 0x08, 
0x21, 0x08, 0x21, 0x08, 0x21, 0x08, 0x41, 0x00, 0x41, 0x08, 0x42, 0x08, 0x42, 0x08, 0x62, 0x08, 
0x82, 0x08, 0x62, 0x08, 0x82, 0x08, 0xA3, 0x10, 0xA3, 0x10, 0xC4, 0x10, 0xC4, 0x10, 0xE4, 0x18, 
0xE4, 0x18, 0x05, 0x19, 0x05, 0x19, 0x05, 0x19, 0x05, 0x19, 0x05, 0x19, 0x05, 0x19, 0x05, 0x19, 
0x05, 0x19, 0x05, 0x19, 0xE5, 0x18, 0x05, 0x19, 0x05, 0x19, 0xE5, 0x18, 0x05, 0x19, 0x41, 0x08, 
0x62, 0x08, 0xC4, 0x18, 0x62, 0x08, 0x21, 0x00, 0x41, 0x00, 0x62, 0x08, 0x62, 0x08, 0x21, 0x00, 
0x21, 0x00, 0x21, 0x08, 0x21, 0x00, 0x62, 0x08, 0x42, 0x08, 0x62, 0x08, 0x83, 0x10, 0xA3, 0x10, 
0xA4, 0x10, 0xA3, 0x10, 0xE4, 0x18, 0x82, 0x08, 0x21, 0x00, 0x21, 0x00, 0xC4, 0x10, 0x87, 0x29, 
0x25, 0x19, 0xE4, 0x10, 0xE4, 0x10, 0xE4, 0x18, 0x87, 0x29, 0xAB, 0x4A, 0x6B, 0x42, 0x6B, 0x42, 
0x4A, 0x42, 0x4A, 0x42, 0x4A, 0x42, 0x2A, 0x3A, 0x2A, 0x3A, 0x2A, 0x3A, 0x29, 0x3A, 0x09, 0x3A, 
0x09, 0x3A, 0x09, 0x3A, 0xE9, 0x31, 0xE9, 0x31, 0x09, 0x32, 0x09, 0x3A, 0xE9, 0x31, 0xE9, 0x31, 
0xE4, 0x10, 0xE5, 0x10, 0xE4, 0x10, 0xE4, 0x10, 0xE5, 0x10, 0xE5, 0x18, 0x05, 0x19, 0x05, 0x19, 
0xE5, 0x10, 0xE4, 0x10, 0x05, 0x19, 0x05, 0x19, 0x05, 0x19, 0x05, 0x19, 0x05, 0x19, 0x05, 0x19, 
0x05, 0x19, 0x05, 0x19, 0x05, 0x19, 0x05, 0x19, 0xE5, 0x10, 0x05, 0x19, 0x05, 0x19, 0x05, 0x19, 
0x05, 0x19, 0x25, 0x19, 0x05, 0x19, 0x25, 0x19, 0x25, 0x19, 0x05, 0x19, 0x25, 0x19, 0x25, 0x19, 
0x25, 0x19, 0x25, 0x19, 0x26, 0x19, 0x26, 0x19, 0x46, 0x21, 0x46, 0x21, 0x26, 0x19, 0x25, 0x19, 
0x26, 0x19, 0x46, 0x21, 0x46, 0x21, 0x46, 0x21, 0x46, 0x21, 0x46, 0x21, 0x46, 0x21, 0x46, 0x21, 
0x67, 0x21, 0x87, 0x29, 0x87, 0x29, 0x87, 0x29, 0x87, 0x29, 0x87, 0x29, 0x87, 0x29, 0x87, 0x29, 
0xA8, 0x29, 0xA8, 0x29, 0x66, 0x21, 0x05, 0x19, 0xC4, 0x10, 0xC4, 0x10, 0xC4, 0x10, 0xE4, 0x10, 
0xE4, 0x18, 0x05, 0x19, 0x83, 0x10, 0x62, 0x08, 0x62, 0x08, 0x41, 0x08, 0x41, 0x08, 0x41, 0x08, 
0x41, 0x00, 0x21, 0x00, 0x21, 0x00, 0x21, 0x00, 0x21, 0x00, 0x21, 0x00, 0x21, 0x00, 0x21, 0x00, 
0x21, 0x00, 0x21, 0x00, 0x21, 0x00, 0x21, 0x00, 0x21, 0x00, 0x21, 0x00, 0x21, 0x00, 0x20, 0x00, 
0x20, 0x00, 0x20, 0x00, 0x20, 0x00, 0x21, 0x00, 0x20, 0x00, 0x20, 0x00, 0x20, 0x00, 0x20, 0x00, 
0x20, 0x00, 0x20, 0x00, 0x20, 0x00, 0x20, 0x00, 0x20, 0x00, 0x00, 0x00, 0x20, 0x00, 0x20, 0x00, 
0x20, 0x00, 0x00, 0x00, 0x20, 0x00, 0x00, 0x00, 0x20, 0x00, 0x20, 0x00, 0x00, 0x00, 0x20, 0x00, 
0x20, 0x00, 0x20, 0x00, 0x20, 0x00, 0x20, 0x00, 0x20, 0x00, 0x20, 0x00, 0x20, 0x00, 0x20, 0x00, 
0x20, 0x00, 0x20, 0x00, 0x21, 0x00, 0x21, 0x00, 0x21, 0x00, 0x21, 0x00, 0x21, 0x00, 0x21, 0x00, 
0x21, 0x00, 0x21, 0x00, 0x21, 0x00, 0x21, 0x00, 0x21, 0x00, 0x21, 0x00, 0x21, 0x00, 0x21, 0x00, 
0x21, 0x00, 0x21, 0x00, 0x41, 0x00, 0x21, 0x00, 0x41, 0x00, 0x41, 0x08, 0x41, 0x08, 0x41, 0x08, 
0x41, 0x08, 0x41, 0x08, 0x42, 0x08, 0x41, 0x08, 0x42, 0x08, 0x42, 0x08, 0x62, 0x08, 0x62, 0x08, 
0x62, 0x08, 0x62, 0x08, 0x62, 0x08, 0x62, 0x08, 0x62, 0x08, 0x62, 0x08, 0x62, 0x08, 0x62, 0x08, 
0x62, 0x08, 0x83, 0x08, 0x83, 0x08, 0xA3, 0x10, 0xC4, 0x10, 0xE4, 0x10, 0xE4, 0x10, 0xE5, 0x10, 
0xE4, 0x10, 0xC4, 0x10, 0xA3, 0x10, 0x82, 0x08, 0x62, 0x08, 0x62, 0x08, 0x42, 0x08, 0x42, 0x00, 
0x42, 0x08, 0x42, 0x08, 0x41, 0x08, 0x41, 0x08, 0x41, 0x08, 0x41, 0x08, 0x00, 0x00, 0x20, 0x00, 
0x20, 0x00, 0x20, 0x00, 0x21, 0x00, 0x21, 0x00, 0x21, 0x00, 0x41, 0x08, 0x41, 0x00, 0x42, 0x08, 
0x62, 0x08, 0x42, 0x08, 0x82, 0x08, 0xA3, 0x10, 0x83, 0x10, 0x83, 0x08, 0xA3, 0x10, 0xA3, 0x10, 
0xA3, 0x10, 0x83, 0x08, 0x83, 0x10, 0x83, 0x08, 0xC4, 0x10, 0xC4, 0x18, 0xA3, 0x10, 0x41, 0x08, 
0x00, 0x00, 0x20, 0x00, 0x20, 0x00, 0x20, 0x00, 0x21, 0x00, 0x41, 0x08, 0x41, 0x00, 0x62, 0x08, 
0x83, 0x08, 0x83, 0x08, 0x82, 0x08, 0x83, 0x08, 0x83, 0x10, 0x83, 0x08, 0x82, 0x08, 0x62, 0x08, 
0x42, 0x08, 0x41, 0x08, 0x41, 0x00, 0x21, 0x00, 0x21, 0x08, 0x21, 0x08, 0x41, 0x08, 0x42, 0x08, 
0x41, 0x08, 0x62, 0x08, 0x62, 0x08, 0x62, 0x08, 0x62, 0x08, 0x82, 0x08, 0x83, 0x08, 0xA4, 0x10, 
0xA4, 0x10, 0xC4, 0x10, 0xE4, 0x10, 0xE4, 0x10, 0xE4, 0x18, 0x05, 0x19, 0x05, 0x19, 0x05, 0x19, 
0x26, 0x19, 0x05, 0x19, 0x05, 0x19, 0x46, 0x21, 0x46, 0x21, 0x26, 0x21, 0x26, 0x21, 0x26, 0x21, 
0x26, 0x19, 0x25, 0x19, 0x05, 0x19, 0x05, 0x19, 0x05, 0x19, 0xE5, 0x18, 0xE4, 0x10, 0xC4, 0x10, 
0xC4, 0x10, 0xC4, 0x10, 0xC4, 0x10, 0xC4, 0x10, 0xC4, 0x10, 0xC4, 0x10, 0xC4, 0x10, 0x82, 0x08, 
0x21, 0x00, 0xA3, 0x10, 0x83, 0x10, 0x41, 0x08, 0x21, 0x00, 0x62, 0x08, 0x41, 0x08, 0x20, 0x00, 
0x21, 0x00, 0x21, 0x00, 0x41, 0x08, 0x42, 0x08, 0x62, 0x08, 0x82, 0x08, 0xA3, 0x10, 0x83, 0x08, 
0x83, 0x08, 0x83, 0x08, 0xA3, 0x10, 0xE4, 0x18, 0x41, 0x08, 0x21, 0x00, 0xA3, 0x10, 0xA7, 0x31, 
0x87, 0x29, 0x05, 0x19, 0x25, 0x19, 0x05, 0x19, 0x25, 0x19, 0x4A, 0x42, 0x8B, 0x42, 0x6A, 0x42, 
0x4A, 0x42, 0x4A, 0x42, 0x4A, 0x42, 0x4A, 0x42, 0x2A, 0x3A, 0x2A, 0x3A, 0x2A, 0x3A, 0x29, 0x3A, 
0x09, 0x3A, 0x09, 0x3A, 0xE9, 0x31, 0x09, 0x32, 0x09, 0x3A, 0x09, 0x3A, 0xE9, 0x31, 0xE9, 0x31, 
0xE4, 0x10, 0xE4, 0x10, 0xE4, 0x10, 0xC4, 0x10, 0xE4, 0x10, 0xE4, 0x10, 0xE5, 0x18, 0xE5, 0x18, 
0xE5, 0x18, 0xE5, 0x18, 0x05, 0x19, 0x05, 0x19, 0x05, 0x19, 0x05, 0x19, 0x05, 0x19, 0x05, 0x19, 
0x05, 0x19, 0x05, 0x19, 0x05, 0x19, 0x05, 0x19, 0xE5, 0x10, 0xE5, 0x18, 0x05, 0x19, 0x05, 0x19, 
0x25, 0x19, 0x25, 0x19, 0x25, 0x19, 0x25, 0x19, 0x26, 0x19, 0x25, 0x19, 0x25, 0x19, 0x05, 0x19, 
0x05, 0x19, 0x26, 0x19, 0x26, 0x19, 0x26, 0x19, 0x46, 0x21, 0x46, 0x21, 0x26, 0x21, 0x25, 0x19, 
0x46, 0x19, 0x66, 0x21, 0x66, 0x21, 0x46, 0x21, 0x46, 0x21, 0x66, 0x21, 0x67, 0x21, 0x66, 0x21, 
0x87, 0x29, 0xA8, 0x29, 0x87, 0x29, 0x87, 0x29, 0x87, 0x29, 0x87, 0x29, 0x87, 0x29, 0xA8, 0x29, 
0xA8, 0x29, 0x87, 0x29, 0x25, 0x19, 0x05, 0x19, 0xC4, 0x10, 0xC3, 0x10, 0xA3, 0x10, 0x83, 0x08, 
0x62, 0x08, 0x62, 0x08, 0x62, 0x08, 0x42, 0x00, 0x41, 0x00, 0x41, 0x08, 0x41, 0x00, 0x41, 0x00, 
0x41, 0x00, 0x21, 0x00, 0x41, 0x00, 0x41, 0x00, 0x41, 0x00, 0x41, 0x08, 0x41, 0x00, 0x41, 0x08, 
0x41, 0x08, 0x21, 0x08, 0x41, 0x08, 0x41, 0x08, 0x21, 0x08, 0x41, 0x08, 0x41, 0x08, 0x41, 0x00, 
0x41, 0x00, 0x41, 0x08, 0x41, 0x08, 0x41, 0x08, 0x41, 0x08, 0x41, 0x08, 0x41, 0x08, 0x41, 0x00, 
0x41, 0x00, 0x41, 0x00, 0x41, 0x00, 0x41, 0x00, 0x21, 0x00, 0x21, 0x00, 0x21, 0x00, 0x21, 0x00, 
0x41, 0x00, 0x41, 0x00, 0x41, 0x08, 0x41, 0x08, 0x41, 0x00, 0x41, 0x00, 0x41, 0x00, 0x41, 0x00, 
0x41, 0x00, 0x41, 0x00, 0x41, 0x00, 0x41, 0x08, 0x41, 0x00, 0x41, 0x08, 0x41, 0x00, 0x41, 0x00, 
0x41, 0x00, 0x41, 0x00, 0x42, 0x00, 0x42, 0x08, 0x42, 0x00, 0x42, 0x00, 0x42, 0x08, 0x42, 0x08, 
0x42, 0x08, 0x62, 0x08, 0x42, 0x08, 0x42, 0x08, 0x42, 0x08, 0x42, 0x08, 0x42, 0x08, 0x42, 0x08, 
0x42, 0x08, 0x62, 0x08, 0x62, 0x08, 0x62, 0x08, 0x62, 0x08, 0x62, 0x08, 0x42, 0x08, 0x42, 0x08, 
0x62, 0x08, 0x62, 0x08, 0x62, 0x08, 0x42, 0x08, 0x42, 0x08, 0x62, 0x08, 0x62, 0x08, 0x62, 0x08, 
0x62, 0x08, 0x62, 0x08, 0x62, 0x08, 0x62, 0x08, 0x62, 0x08, 0x62, 0x08, 0x42, 0x08, 0x62, 0x08, 
0x62, 0x08, 0x62, 0x08, 0x62, 0x08, 0x82, 0x08, 0x83, 0x08, 0xA3, 0x08, 0xA3, 0x10, 0xA3, 0x08, 
0xA3, 0x10, 0x83, 0x08, 0x82, 0x08, 0x62, 0x08, 0x62, 0x08, 0x62, 0x08, 0x42, 0x08, 0x42, 0x08, 
0x62, 0x08, 0x41, 0x08, 0x41, 0x08, 0x41, 0x08, 0x41, 0x08, 0x21, 0x00, 0x00, 0x00, 0x20, 0x00, 
0x21, 0x00, 0x20, 0x00, 0x21, 0x00, 0x20, 0x00, 0x41, 0x08, 0x62, 0x08, 0x41, 0x08, 0x42, 0x08, 
0x62, 0x08, 0x62, 0x08, 0xA3, 0x08, 0xA3, 0x10, 0x83, 0x10, 0x83, 0x08, 0x62, 0x08, 0x62, 0x08, 
0x62, 0x08, 0x62, 0x08, 0x83, 0x08, 0x83, 0x08, 0xA4, 0x10, 0xE4, 0x18, 0x46, 0x21, 0xE4, 0x18, 
0x00, 0x00, 0x00, 0x00, 0x20, 0x00, 0x00, 0x00, 0x21, 0x00, 0x41, 0x08, 0x41, 0x08, 0x42, 0x08, 
0x62, 0x08, 0x83, 0x08, 0x62, 0x08, 0x83, 0x08, 0xA3, 0x10, 0x83, 0x08, 0x62, 0x08, 0x62, 0x08, 
0x62, 0x08, 0x82, 0x08, 0x82, 0x08, 0xA3, 0x10, 0xA3, 0x10, 0xC4, 0x10, 0xC4, 0x18, 0xE4, 0x18, 
0x05, 0x19, 0x05, 0x19, 0x05, 0x19, 0x05, 0x19, 0x05, 0x19, 0x25, 0x19, 0x25, 0x19, 0x26, 0x19, 
0x26, 0x19, 0x26, 0x19, 0x25, 0x19, 0x05, 0x19, 0x25, 0x19, 0x25, 0x19, 0x25, 0x19, 0x05, 0x19, 
0x05, 0x19, 0xE5, 0x18, 0xC4, 0x10, 0x05, 0x19, 0x05, 0x19, 0x05, 0x19, 0x05, 0x19, 0xE5, 0x18, 
0xE5, 0x10, 0xE4, 0x10, 0xE4, 0x10, 0xC4, 0x10, 0xC4, 0x10, 0xC4, 0x10, 0xA4, 0x10, 0xA3, 0x10, 
0xA3, 0x08, 0xA3, 0x08, 0xA3, 0x08, 0xA3, 0x08, 0x83, 0x08, 0xA3, 0x08, 0x83, 0x08, 0x83, 0x08, 
0x21, 0x00, 0x83, 0x08, 0x83, 0x08, 0x62, 0x08, 0x41, 0x00, 0x42, 0x08, 0x41, 0x08, 0x21, 0x00, 
0x21, 0x00, 0x41, 0x00, 0x41, 0x08, 0x42, 0x08, 0x62, 0x08, 0x83, 0x08, 0x83, 0x10, 0x83, 0x08, 
0x62, 0x08, 0x62, 0x08, 0x62, 0x08, 0x05, 0x21, 0xC4, 0x18, 0x41, 0x00, 0xA3, 0x10, 0xC8, 0x31, 
0x87, 0x29, 0xC4, 0x10, 0xC4, 0x10, 0xA3, 0x08, 0x05, 0x19, 0x4A, 0x42, 0x8B, 0x42, 0x6A, 0x42, 
0x4A, 0x42, 0x4A, 0x42, 0x4A, 0x42, 0x4A, 0x3A, 0x2A, 0x3A, 0x2A, 0x3A, 0x2A, 0x3A, 0x29, 0x3A, 
0x09, 0x3A, 0x09, 0x3A, 0x09, 0x32, 0x09, 0x32, 0x09, 0x32, 0x09, 0x3A, 0xE9, 0x31, 0xE9, 0x31, 
0xC4, 0x10, 0xC4, 0x10, 0xC4, 0x10, 0xC4, 0x10, 0xC4, 0x10, 0xC4, 0x10, 0xE5, 0x18, 0xE4, 0x10, 
0xE4, 0x18, 0xE4, 0x18, 0x05, 0x19, 0x05, 0x19, 0x05, 0x19, 0x05, 0x19, 0x05, 0x19, 0x25, 0x19, 
0x05, 0x19, 0x25, 0x19, 0x25, 0x19, 0x25, 0x19, 0x05, 0x19, 0xE5, 0x18, 0x05, 0x19, 0x25, 0x19, 
0x26, 0x19, 0x05, 0x19, 0x26, 0x19, 0x26, 0x19, 0x26, 0x19, 0x25, 0x19, 0x26, 0x19, 0x26, 0x19, 
0x26, 0x19, 0x25, 0x19, 0x26, 0x19, 0x46, 0x21, 0x46, 0x21, 0x46, 0x21, 0x46, 0x21, 0x26, 0x19, 
0x46, 0x21, 0x66, 0x21, 0x66, 0x21, 0x66, 0x21, 0x66, 0x21, 0x67, 0x21, 0x67, 0x21, 0x87, 0x29, 
0x87, 0x29, 0xA7, 0x29, 0xA7, 0x29, 0xA8, 0x29, 0xA8, 0x29, 0xA7, 0x29, 0xA7, 0x29, 0xA8, 0x29, 
0xA8, 0x29, 0x87, 0x29, 0x05, 0x19, 0xC4, 0x10, 0xA3, 0x10, 0xA3, 0x10, 0xA3, 0x10, 0xA3, 0x10, 
0x83, 0x08, 0x83, 0x08, 0x62, 0x08, 0x42, 0x08, 0x41, 0x00, 0x41, 0x00, 0x41, 0x00, 0x21, 0x00, 
0x21, 0x00, 0x21, 0x00, 0x21, 0x00, 0x21, 0x00, 0x21, 0x00, 0x21, 0x00, 0x21, 0x00, 0x21, 0x00, 
0x21, 0x00, 0x21, 0x00, 0x21, 0x00, 0x21, 0x00, 0x41, 0x00, 0x41, 0x08, 0x41, 0x08, 0x41, 0x08, 
0x41, 0x08, 0x41, 0x08, 0x41, 0x08, 0x41, 0x08, 0x41, 0x08, 0x41, 0x08, 0x41, 0x08, 0x41, 0x00, 
0x42, 0x08, 0x41, 0x00, 0x41, 0x00, 0x41, 0x00, 0x41, 0x00, 0x41, 0x00, 0x41, 0x00, 0x41, 0x08, 
0x41, 0x08, 0x41, 0x00, 0x41, 0x08, 0x41, 0x08, 0x41, 0x08, 0x41, 0x00, 0x41, 0x00, 0x41, 0x00, 
0x41, 0x00, 0x41, 0x00, 0x41, 0x00, 0x41, 0x00, 0x41, 0x00, 0x41, 0x00, 0x41, 0x00, 0x41, 0x00, 
0x41, 0x00, 0x41, 0x00, 0x41, 0x00, 0x42, 0x08, 0x42, 0x00, 0x42, 0x08, 0x42, 0x08, 0x42, 0x08, 
0x62, 0x08, 0x42, 0x08, 0x42, 0x08, 0x42, 0x08, 0x42, 0x08, 0x62, 0x08, 0x42, 0x08, 0x42, 0x00, 
0x62, 0x08, 0x62, 0x00, 0x62, 0x08, 0x42, 0x08, 0x42, 0x08, 0x62, 0x08, 0x62, 0x08, 0x42, 0x08, 
0x62, 0x08, 0x62, 0x08, 0x62, 0x00, 0x62, 0x08, 0x62, 0x08, 0x62, 0x08, 0x62, 0x08, 0x62, 0x08, 
0x62, 0x08, 0x62, 0x08, 0x62, 0x08, 0x62, 0x08, 0x62, 0x08, 0x42, 0x08, 0x62, 0x08, 0x62, 0x08, 
0x62, 0x08, 0x62, 0x08, 0x62, 0x08, 0x62, 0x08, 0x62, 0x08, 0x82, 0x08, 0x82, 0x08, 0x82, 0x08, 
0x62, 0x08, 0x62, 0x08, 0x62, 0x08, 0x62, 0x08, 0x62, 0x08, 0x42, 0x08, 0x42, 0x08, 0x42, 0x08, 
0x42, 0x08, 0x41, 0x08, 0x41, 0x08, 0x41, 0x08, 0x41, 0x08, 0x20, 0x00, 0x00, 0x00, 0x20, 0x00, 
0x20, 0x00, 0x21, 0x00, 0x21, 0x00, 0x41, 0x00, 0x41, 0x08, 0x41, 0x00, 0x62, 0x08, 0x62, 0x08, 
0x62, 0x08, 0x62, 0x08, 0x83, 0x08, 0x83, 0x08, 0x83, 0x08, 0x82, 0x08, 0x62, 0x08, 0x62, 0x08, 
0x62, 0x08, 0x62, 0x08, 0x62, 0x08, 0x62, 0x08, 0x83, 0x08, 0xA3, 0x10, 0xC4, 0x10, 0x05, 0x19, 
0x83, 0x08, 0x00, 0x00, 0x00, 0x00, 0x00, 0x00, 0x21, 0x00, 0x41, 0x08, 0x41, 0x08, 0x42, 0x08, 
0x62, 0x08, 0x62, 0x08, 0x62, 0x08, 0x83, 0x08, 0xA3, 0x10, 0x63, 0x08, 0xA3, 0x08, 0xE4, 0x18, 
0x05, 0x19, 0x05, 0x19, 0x05, 0x19, 0x05, 0x21, 0x05, 0x19, 0x05, 0x19, 0x05, 0x19, 0x05, 0x19, 
0x05, 0x19, 0x25, 0x19, 0x25, 0x19, 0x05, 0x19, 0x05, 0x19, 0x05, 0x19, 0x05, 0x19, 0x05, 0x19, 
0x25, 0x19, 0x05, 0x19, 0x05, 0x19, 0x05, 0x19, 0xE5, 0x18, 0xE5, 0x10, 0xE4, 0x10, 0xE4, 0x10, 
0xC4, 0x10, 0xC4, 0x10, 0xA4, 0x10, 0xA4, 0x10, 0xC4, 0x10, 0xC4, 0x10, 0xC4, 0x10, 0xA4, 0x10, 
0xA4, 0x10, 0xA4, 0x10, 0xA3, 0x10, 0xA3, 0x10, 0xA3, 0x10, 0xA3, 0x10, 0xA3, 0x08, 0xA3, 0x08, 
0x83, 0x08, 0x83, 0x10, 0x83, 0x08, 0x83, 0x08, 0x83, 0x08, 0x83, 0x08, 0x83, 0x08, 0x82, 0x08, 
0x41, 0x00, 0x62, 0x08, 0x83, 0x08, 0x82, 0x08, 0x62, 0x08, 0x83, 0x08, 0x21, 0x00, 0x21, 0x00, 
0x21, 0x00, 0x41, 0x08, 0x42, 0x08, 0x41, 0x08, 0x82, 0x08, 0xA3, 0x10, 0x62, 0x08, 0x41, 0x08, 
0x41, 0x08, 0x41, 0x08, 0x62, 0x08, 0xA3, 0x10, 0xA3, 0x10, 0x41, 0x00, 0x62, 0x08, 0xE4, 0x18, 
0x04, 0x19, 0xA3, 0x10, 0xA3, 0x10, 0x83, 0x08, 0x05, 0x11, 0x8B, 0x42, 0x6B, 0x42, 0x6B, 0x42, 
0x6A, 0x42, 0x6A, 0x42, 0x4A, 0x42, 0x4A, 0x3A, 0x2A, 0x3A, 0x2A, 0x3A, 0x2A, 0x3A, 0x29, 0x3A, 
0x09, 0x3A, 0x09, 0x3A, 0x09, 0x3A, 0x09, 0x32, 0x09, 0x3A, 0x09, 0x3A, 0x09, 0x32, 0x09, 0x32, 
0xC4, 0x10, 0xC4, 0x10, 0xC4, 0x10, 0xC4, 0x10, 0xC4, 0x10, 0xC4, 0x10, 0xC4, 0x10, 0xE4, 0x10, 
0xE4, 0x10, 0xE4, 0x10, 0xE5, 0x18, 0x05, 0x19, 0x05, 0x19, 0x05, 0x19, 0x05, 0x19, 0x05, 0x19, 
0x05, 0x19, 0x25, 0x19, 0x25, 0x19, 0x25, 0x19, 0x25, 0x19, 0x05, 0x19, 0x05, 0x19, 0x05, 0x19, 
0x26, 0x19, 0x05, 0x19, 0x26, 0x21, 0x26, 0x19, 0x26, 0x19, 0x46, 0x19, 0x26, 0x21, 0x46, 0x21, 
0x26, 0x19, 0x26, 0x19, 0x46, 0x21, 0x46, 0x21, 0x66, 0x21, 0x67, 0x21, 0x46, 0x21, 0x46, 0x19, 
0x46, 0x19, 0x46, 0x21, 0x46, 0x21, 0x66, 0x21, 0x67, 0x21, 0x87, 0x29, 0x87, 0x29, 0x87, 0x29, 
0xA7, 0x29, 0xA7, 0x29, 0xA8, 0x29, 0xA8, 0x29, 0xA8, 0x31, 0xA8, 0x29, 0xA8, 0x31, 0xA8, 0x31, 
0xC8, 0x31, 0x87, 0x29, 0xE4, 0x10, 0xC4, 0x10, 0xA3, 0x10, 0xA3, 0x08, 0x83, 0x08, 0x83, 0x08, 
0xA3, 0x10, 0x42, 0x08, 0x21, 0x00, 0x21, 0x00, 0x00, 0x00, 0x00, 0x00, 0x00, 0x00, 0x00, 0x00, 
0x00, 0x00, 0x00, 0x00, 0x00, 0x00, 0x00, 0x00, 0x00, 0x00, 0x00, 0x00, 0x00, 0x00, 0x00, 0x00, 
0x00, 0x00, 0x00, 0x00, 0x00, 0x00, 0x00, 0x00, 0x00, 0x00, 0x00, 0x00, 0x20, 0x00, 0x20, 0x00, 
0x20, 0x00, 0x20, 0x00, 0x20, 0x00, 0x20, 0x00, 0x20, 0x00, 0x21, 0x00, 0x21, 0x00, 0x20, 0x00, 
0x20, 0x00, 0x20, 0x00, 0x20, 0x00, 0x20, 0x00, 0x20, 0x00, 0x20, 0x00, 0x20, 0x00, 0x20, 0x00, 
0x20, 0x00, 0x21, 0x00, 0x20, 0x00, 0x20, 0x00, 0x20, 0x00, 0x20, 0x00, 0x20, 0x00, 0x20, 0x00, 
0x20, 0x00, 0x20, 0x00, 0x21, 0x00, 0x21, 0x00, 0x20, 0x00, 0x00, 0x00, 0x20, 0x00, 0x20, 0x00, 
0x20, 0x00, 0x20, 0x00, 0x20, 0x00, 0x20, 0x00, 0x20, 0x00, 0x20, 0x00, 0x20, 0x00, 0x20, 0x00, 
0x20, 0x00, 0x21, 0x00, 0x20, 0x00, 0x00, 0x00, 0x21, 0x00, 0x21, 0x00, 0x21, 0x00, 0x41, 0x00, 
0x42, 0x00, 0x42, 0x08, 0x62, 0x08, 0x62, 0x00, 0x62, 0x08, 0x62, 0x08, 0x62, 0x08, 0x62, 0x08, 
0x62, 0x08, 0x62, 0x08, 0x62, 0x08, 0x62, 0x08, 0x62, 0x08, 0x62, 0x08, 0x42, 0x08, 0x62, 0x08, 
0x62, 0x08, 0x62, 0x08, 0x62, 0x08, 0x62, 0x08, 0x62, 0x08, 0x42, 0x08, 0x42, 0x08, 0x42, 0x08, 
0x42, 0x08, 0x42, 0x00, 0x42, 0x08, 0x62, 0x08, 0x42, 0x08, 0x62, 0x08, 0x62, 0x08, 0x62, 0x08, 
0x62, 0x08, 0x62, 0x08, 0x62, 0x08, 0x62, 0x00, 0x42, 0x00, 0x42, 0x08, 0x42, 0x00, 0x42, 0x08, 
0x41, 0x08, 0x41, 0x08, 0x21, 0x00, 0x41, 0x08, 0x41, 0x00, 0x00, 0x00, 0x20, 0x00, 0x20, 0x00, 
0x20, 0x00, 0x21, 0x00, 0x21, 0x00, 0x62, 0x08, 0x42, 0x08, 0x41, 0x00, 0x62, 0x08, 0x62, 0x08, 
0x83, 0x08, 0x83, 0x08, 0x83, 0x08, 0x83, 0x08, 0x83, 0x08, 0x62, 0x08, 0x62, 0x08, 0x41, 0x08, 
0x41, 0x08, 0x42, 0x08, 0x42, 0x08, 0x62, 0x08, 0x62, 0x08, 0x83, 0x08, 0xA3, 0x10, 0xC4, 0x10, 
0x25, 0x21, 0x21, 0x00, 0x00, 0x00, 0x20, 0x00, 0x00, 0x00, 0x41, 0x08, 0x41, 0x08, 0x42, 0x08, 
0x62, 0x08, 0x82, 0x08, 0x82, 0x08, 0x83, 0x10, 0x83, 0x08, 0xC4, 0x10, 0x05, 0x19, 0x05, 0x19, 
0x05, 0x19, 0x05, 0x19, 0x05, 0x19, 0x05, 0x19, 0x05, 0x19, 0x05, 0x19, 0x05, 0x19, 0xE5, 0x18, 
0xE5, 0x18, 0xE5, 0x10, 0xE5, 0x18, 0xE5, 0x18, 0xE5, 0x10, 0xE4, 0x10, 0xE4, 0x10, 0xC4, 0x10, 
0xC4, 0x10, 0xC4, 0x10, 0xC4, 0x10, 0xC4, 0x10, 0xC4, 0x10, 0xA4, 0x10, 0xA4, 0x10, 0xA3, 0x10, 
0xA3, 0x10, 0x83, 0x10, 0xA3, 0x08, 0xA3, 0x10, 0xA3, 0x10, 0xA3, 0x10, 0xA3, 0x10, 0xA3, 0x10, 
0xA3, 0x10, 0xA3, 0x10, 0x83, 0x10, 0x83, 0x08, 0x83, 0x08, 0x83, 0x08, 0x82, 0x08, 0x82, 0x08, 
0x62, 0x08, 0x62, 0x08, 0x62, 0x08, 0x62, 0x08, 0x62, 0x08, 0x62, 0x08, 0x62, 0x08, 0x42, 0x08, 
0x41, 0x00, 0x42, 0x08, 0x62, 0x08, 0x42, 0x08, 0x42, 0x08, 0x62, 0x08, 0x21, 0x00, 0x21, 0x00, 
0x21, 0x00, 0x41, 0x08, 0x41, 0x08, 0x62, 0x08, 0x83, 0x08, 0x83, 0x08, 0x42, 0x08, 0x41, 0x08, 
0x41, 0x08, 0x41, 0x08, 0x42, 0x08, 0x62, 0x08, 0xA3, 0x10, 0x82, 0x08, 0x42, 0x00, 0xC4, 0x10, 
0xE4, 0x18, 0xA3, 0x10, 0x83, 0x08, 0x63, 0x08, 0x26, 0x19, 0xAB, 0x4A, 0x6B, 0x42, 0x6B, 0x42, 
0x6B, 0x42, 0x6A, 0x42, 0x6A, 0x42, 0x4A, 0x42, 0x4A, 0x42, 0x4A, 0x42, 0x4A, 0x42, 0x2A, 0x3A, 
0x2A, 0x3A, 0x29, 0x3A, 0x29, 0x3A, 0x29, 0x3A, 0x09, 0x3A, 0x09, 0x3A, 0x09, 0x3A, 0x09, 0x3A, 
0xC4, 0x10, 0xC4, 0x10, 0xC4, 0x10, 0xC4, 0x10, 0xC4, 0x10, 0xC4, 0x10, 0xC4, 0x10, 0xC4, 0x10, 
0xC4, 0x10, 0xC4, 0x10, 0xE4, 0x10, 0x25, 0x19, 0x05, 0x19, 0x05, 0x19, 0x05, 0x19, 0x05, 0x19, 
0x25, 0x19, 0x25, 0x19, 0x05, 0x19, 0x25, 0x19, 0x05, 0x19, 0x05, 0x19, 0x05, 0x19, 0x25, 0x19, 
0x26, 0x19, 0x26, 0x19, 0x26, 0x19, 0x26, 0x19, 0x26, 0x19, 0x26, 0x21, 0x26, 0x19, 0x26, 0x19, 
0x26, 0x21, 0x46, 0x21, 0x67, 0x21, 0x66, 0x21, 0x66, 0x21, 0x67, 0x21, 0x66, 0x21, 0x46, 0x21, 
0x66, 0x21, 0x46, 0x21, 0x67, 0x21, 0x67, 0x21, 0x67, 0x21, 0x87, 0x29, 0x87, 0x29, 0x87, 0x29, 
0xA7, 0x29, 0xA8, 0x29, 0xA8, 0x29, 0xA8, 0x29, 0xA8, 0x29, 0xA8, 0x29, 0xA8, 0x29, 0xA8, 0x31, 
0xC8, 0x31, 0x87, 0x29, 0xE4, 0x10, 0xC4, 0x10, 0xA3, 0x10, 0xA3, 0x08, 0x82, 0x08, 0x82, 0x08, 
0x41, 0x00, 0x00, 0x00, 0x21, 0x00, 0x41, 0x00, 0x41, 0x08, 0x41, 0x08, 0x41, 0x00, 0x21, 0x00, 
0x21, 0x00, 0x21, 0x00, 0x21, 0x00, 0x21, 0x00, 0x21, 0x00, 0x21, 0x00, 0x21, 0x00, 0x21, 0x00, 
0x21, 0x00, 0x20, 0x00, 0x20, 0x00, 0x20, 0x00, 0x20, 0x00, 0x20, 0x00, 0x20, 0x00, 0x20, 0x00, 
0x20, 0x00, 0x20, 0x00, 0x21, 0x00, 0x00, 0x00, 0x20, 0x00, 0x20, 0x00, 0x20, 0x00, 0x20, 0x00, 
0x00, 0x00, 0x00, 0x00, 0x00, 0x00, 0x20, 0x00, 0x00, 0x00, 0x20, 0x00, 0x00, 0x00, 0x00, 0x00, 
0x20, 0x00, 0x00, 0x00, 0x00, 0x00, 0x00, 0x00, 0x20, 0x00, 0x20, 0x00, 0x20, 0x00, 0x20, 0x00, 
0x20, 0x00, 0x20, 0x00, 0x20, 0x00, 0x20, 0x00, 0x20, 0x00, 0x20, 0x00, 0x20, 0x00, 0x20, 0x00, 
0x00, 0x00, 0x00, 0x00, 0x20, 0x00, 0x00, 0x00, 0x20, 0x00, 0x20, 0x00, 0x20, 0x00, 0x00, 0x00, 
0x20, 0x00, 0x20, 0x00, 0x20, 0x00, 0x20, 0x00, 0x00, 0x00, 0x00, 0x00, 0x20, 0x00, 0x20, 0x00, 
0x20, 0x00, 0x21, 0x00, 0x41, 0x00, 0x41, 0x08, 0x62, 0x08, 0x62, 0x08, 0x42, 0x08, 0x42, 0x00, 
0x42, 0x00, 0x62, 0x08, 0x62, 0x08, 0x62, 0x08, 0x62, 0x00, 0x62, 0x08, 0x42, 0x08, 0x42, 0x08, 
0x42, 0x08, 0x62, 0x08, 0x42, 0x08, 0x42, 0x08, 0x62, 0x08, 0x42, 0x08, 0x42, 0x08, 0x41, 0x08, 
0x41, 0x08, 0x41, 0x08, 0x42, 0x08, 0x42, 0x00, 0x42, 0x00, 0x42, 0x00, 0x42, 0x08, 0x42, 0x08, 
0x42, 0x08, 0x42, 0x08, 0x42, 0x00, 0x42, 0x08, 0x41, 0x08, 0x41, 0x00, 0x42, 0x08, 0x42, 0x08, 
0x41, 0x08, 0x41, 0x08, 0x41, 0x00, 0x41, 0x08, 0x21, 0x00, 0x20, 0x00, 0x20, 0x00, 0x20, 0x00, 
0x21, 0x00, 0x21, 0x00, 0x21, 0x00, 0x41, 0x00, 0x62, 0x08, 0x62, 0x08, 0x42, 0x08, 0x62, 0x08, 
0xA3, 0x10, 0xA3, 0x10, 0x83, 0x08, 0x62, 0x08, 0x62, 0x08, 0x42, 0x08, 0x41, 0x08, 0x41, 0x08, 
0x41, 0x08, 0x41, 0x08, 0x41, 0x08, 0x41, 0x08, 0x41, 0x08, 0x62, 0x08, 0x62, 0x08, 0xA3, 0x10, 
0xE4, 0x18, 0xA3, 0x10, 0x21, 0x00, 0x20, 0x00, 0x20, 0x00, 0x21, 0x00, 0x41, 0x08, 0x42, 0x08, 
0x62, 0x08, 0x62, 0x08, 0x62, 0x08, 0x62, 0x08, 0xA4, 0x10, 0xE5, 0x18, 0xE5, 0x18, 0xE5, 0x18, 
0xE5, 0x18, 0xE4, 0x18, 0xC4, 0x18, 0xE4, 0x10, 0xC4, 0x10, 0xC4, 0x10, 0xC4, 0x10, 0xA4, 0x10, 
0xC4, 0x10, 0xA3, 0x10, 0xA4, 0x10, 0xA4, 0x10, 0xA4, 0x10, 0xA3, 0x08, 0xA3, 0x10, 0xA3, 0x10, 
0xA3, 0x08, 0xA3, 0x08, 0xA3, 0x10, 0xA3, 0x10, 0xA3, 0x10, 0x83, 0x10, 0x83, 0x10, 0x83, 0x08, 
0x83, 0x08, 0x83, 0x08, 0x62, 0x08, 0x82, 0x08, 0x62, 0x08, 0x62, 0x08, 0x62, 0x08, 0x62, 0x08, 
0x62, 0x08, 0x62, 0x08, 0x62, 0x08, 0x42, 0x08, 0x42, 0x08, 0x41, 0x08, 0x41, 0x08, 0x41, 0x08, 
0x41, 0x08, 0x41, 0x08, 0x41, 0x08, 0x41, 0x08, 0x41, 0x08, 0x41, 0x08, 0x41, 0x08, 0x41, 0x08, 
0x21, 0x00, 0x41, 0x08, 0x42, 0x08, 0x41, 0x08, 0x42, 0x08, 0x42, 0x08, 0x21, 0x00, 0x21, 0x08, 
0x21, 0x00, 0x42, 0x08, 0x62, 0x08, 0x62, 0x08, 0x83, 0x10, 0x62, 0x08, 0x62, 0x08, 0x62, 0x08, 
0x41, 0x08, 0x41, 0x08, 0x41, 0x08, 0x62, 0x08, 0xC3, 0x10, 0xA3, 0x10, 0x41, 0x00, 0xA3, 0x10, 
0xC4, 0x10, 0x83, 0x08, 0x83, 0x08, 0x63, 0x08, 0xC8, 0x29, 0xAC, 0x4A, 0x6B, 0x42, 0x6B, 0x42, 
0x6B, 0x42, 0x6A, 0x42, 0x6A, 0x42, 0x4A, 0x42, 0x4A, 0x42, 0x4A, 0x42, 0x4A, 0x3A, 0x2A, 0x3A, 
0x2A, 0x3A, 0x2A, 0x3A, 0x29, 0x3A, 0x29, 0x3A, 0x09, 0x3A, 0x09, 0x3A, 0x09, 0x3A, 0x09, 0x3A, 
0xC4, 0x10, 0xC4, 0x10, 0xA3, 0x10, 0xC4, 0x10, 0xC4, 0x10, 0xC4, 0x10, 0xC4, 0x10, 0xC4, 0x10, 
0xC4, 0x10, 0xC4, 0x10, 0xE5, 0x18, 0x05, 0x19, 0x05, 0x19, 0x05, 0x19, 0x05, 0x19, 0xE5, 0x18, 
0x05, 0x19, 0x25, 0x19, 0x26, 0x19, 0x26, 0x19, 0x25, 0x19, 0x05, 0x19, 0x05, 0x19, 0x26, 0x19, 
0x26, 0x19, 0x26, 0x19, 0x25, 0x19, 0x26, 0x19, 0x26, 0x21, 0x26, 0x19, 0x25, 0x19, 0x25, 0x19, 
0x46, 0x21, 0x46, 0x21, 0x67, 0x21, 0x67, 0x21, 0x67, 0x21, 0x67, 0x21, 0x67, 0x21, 0x67, 0x21, 
0x46, 0x21, 0x46, 0x21, 0x66, 0x21, 0x67, 0x21, 0x87, 0x29, 0x87, 0x29, 0x87, 0x29, 0xA7, 0x29, 
0xA7, 0x29, 0xA7, 0x29, 0xA7, 0x29, 0xA7, 0x29, 0x87, 0x29, 0x87, 0x29, 0x87, 0x29, 0x87, 0x29, 
0xA7, 0x29, 0x67, 0x21, 0xC4, 0x10, 0xC4, 0x10, 0xA3, 0x10, 0x83, 0x08, 0x83, 0x08, 0x41, 0x00, 
0x00, 0x00, 0x42, 0x08, 0x82, 0x08, 0x62, 0x08, 0x42, 0x08, 0x42, 0x08, 0x42, 0x08, 0x42, 0x08, 
0x62, 0x08, 0x62, 0x08, 0x42, 0x08, 0x62, 0x08, 0x41, 0x08, 0x41, 0x08, 0x41, 0x08, 0x41, 0x08, 
0x41, 0x08, 0x41, 0x08, 0x41, 0x08, 0x41, 0x08, 0x41, 0x08, 0x41, 0x08, 0x41, 0x08, 0x41, 0x08, 
0x41, 0x08, 0x41, 0x08, 0x41, 0x08, 0x41, 0x08, 0x41, 0x08, 0x41, 0x08, 0x41, 0x08, 0x41, 0x08, 
0x41, 0x08, 0x41, 0x08, 0x41, 0x08, 0x41, 0x08, 0x41, 0x08, 0x41, 0x08, 0x41, 0x00, 0x41, 0x00, 
0x41, 0x00, 0x21, 0x00, 0x21, 0x00, 0x41, 0x00, 0x41, 0x08, 0x41, 0x08, 0x41, 0x08, 0x41, 0x08, 
0x41, 0x08, 0x41, 0x00, 0x41, 0x00, 0x41, 0x08, 0x41, 0x08, 0x41, 0x00, 0x41, 0x08, 0x41, 0x08, 
0x41, 0x08, 0x41, 0x08, 0x41, 0x00, 0x41, 0x00, 0x41, 0x00, 0x41, 0x08, 0x41, 0x00, 0x41, 0x00, 
0x41, 0x00, 0x41, 0x00, 0x41, 0x08, 0x41, 0x00, 0x41, 0x00, 0x41, 0x00, 0x21, 0x00, 0x21, 0x00, 
0x20, 0x00, 0x20, 0x00, 0x20, 0x00, 0x20, 0x00, 0x20, 0x00, 0x41, 0x00, 0x41, 0x08, 0x42, 0x08, 
0x42, 0x08, 0x42, 0x08, 0x42, 0x08, 0x42, 0x08, 0x42, 0x08, 0x62, 0x08, 0x42, 0x08, 0x42, 0x08, 
0x42, 0x08, 0x42, 0x08, 0x41, 0x08, 0x42, 0x08, 0x42, 0x08, 0x41, 0x08, 0x41, 0x08, 0x41, 0x08, 
0x41, 0x08, 0x41, 0x08, 0x41, 0x08, 0x42, 0x08, 0x42, 0x08, 0x42, 0x08, 0x42, 0x08, 0x41, 0x08, 
0x42, 0x08, 0x41, 0x08, 0x41, 0x08, 0x41, 0x08, 0x41, 0x08, 0x41, 0x08, 0x41, 0x08, 0x41, 0x08, 
0x21, 0x08, 0x21, 0x00, 0x21, 0x00, 0x21, 0x08, 0x20, 0x00, 0x20, 0x00, 0x20, 0x00, 0x21, 0x00, 
0x21, 0x00, 0x21, 0x00, 0x42, 0x08, 0x41, 0x00, 0x41, 0x08, 0x62, 0x08, 0x62, 0x08, 0x83, 0x08, 
0x83, 0x08, 0x83, 0x08, 0x62, 0x08, 0x42, 0x08, 0x62, 0x08, 0x42, 0x08, 0x41, 0x08, 0x41, 0x08, 
0x41, 0x08, 0x41, 0x08, 0x21, 0x08, 0x41, 0x00, 0x41, 0x08, 0x62, 0x08, 0x62, 0x08, 0x83, 0x10, 
0xA3, 0x10, 0xE4, 0x18, 0x82, 0x08, 0x20, 0x00, 0x20, 0x00, 0x21, 0x00, 0x41, 0x00, 0x41, 0x00, 
0x42, 0x08, 0x42, 0x08, 0x62, 0x08, 0xA3, 0x10, 0xC4, 0x18, 0xC4, 0x10, 0xC4, 0x10, 0xA4, 0x10, 
0xA3, 0x10, 0xA4, 0x10, 0xA3, 0x10, 0xA3, 0x10, 0xA3, 0x10, 0x83, 0x10, 0x83, 0x08, 0x83, 0x08, 
0x83, 0x08, 0x83, 0x08, 0x82, 0x08, 0x82, 0x08, 0x82, 0x08, 0x83, 0x08, 0x82, 0x08, 0x62, 0x08, 
0x62, 0x08, 0x62, 0x08, 0x62, 0x08, 0x62, 0x08, 0x62, 0x08, 0x62, 0x08, 0x62, 0x08, 0x42, 0x08, 
0x42, 0x08, 0x41, 0x08, 0x41, 0x08, 0x41, 0x08, 0x41, 0x08, 0x41, 0x08, 0x41, 0x08, 0x41, 0x08, 
0x41, 0x08, 0x41, 0x08, 0x41, 0x08, 0x41, 0x08, 0x41, 0x08, 0x41, 0x08, 0x41, 0x08, 0x41, 0x08, 
0x41, 0x08, 0x41, 0x08, 0x41, 0x08, 0x41, 0x08, 0x41, 0x08, 0x41, 0x08, 0x41, 0x08, 0x41, 0x08, 
0x21, 0x00, 0x62, 0x08, 0x41, 0x08, 0x41, 0x08, 0x42, 0x08, 0x42, 0x08, 0x21, 0x00, 0x41, 0x00, 
0x41, 0x00, 0x41, 0x00, 0x41, 0x08, 0x82, 0x08, 0x83, 0x08, 0xA3, 0x10, 0xA3, 0x10, 0x82, 0x08, 
0x62, 0x08, 0x41, 0x08, 0x41, 0x08, 0x42, 0x08, 0x82, 0x08, 0xA3, 0x10, 0x62, 0x08, 0x83, 0x08, 
0xA3, 0x10, 0x83, 0x08, 0x83, 0x08, 0x83, 0x08, 0x2A, 0x3A, 0xAB, 0x4A, 0x8B, 0x42, 0x6B, 0x42, 
0x6B, 0x42, 0x6A, 0x42, 0x4A, 0x42, 0x4A, 0x42, 0x4A, 0x42, 0x4A, 0x3A, 0x4A, 0x3A, 0x2A, 0x3A, 
0x2A, 0x3A, 0x2A, 0x3A, 0x29, 0x3A, 0x29, 0x3A, 0x09, 0x3A, 0x09, 0x3A, 0x09, 0x3A, 0x09, 0x32, 
0xC4, 0x10, 0xC4, 0x10, 0xA4, 0x10, 0xA4, 0x10, 0xC4, 0x10, 0xC4, 0x10, 0xC4, 0x10, 0xC4, 0x10, 
0xC4, 0x10, 0xC4, 0x10, 0x05, 0x19, 0x25, 0x19, 0x25, 0x19, 0x26, 0x19, 0x05, 0x19, 0x05, 0x19, 
0x05, 0x19, 0x26, 0x19, 0x25, 0x19, 0x26, 0x19, 0x25, 0x19, 0x05, 0x19, 0x05, 0x19, 0x26, 0x19, 
0x25, 0x19, 0x26, 0x19, 0x26, 0x19, 0x26, 0x19, 0x26, 0x21, 0x26, 0x19, 0x26, 0x19, 0x46, 0x21, 
0x46, 0x21, 0x46, 0x21, 0x46, 0x21, 0x66, 0x21, 0x67, 0x21, 0x67, 0x21, 0x67, 0x29, 0x67, 0x21, 
0x46, 0x21, 0x66, 0x21, 0x67, 0x21, 0x67, 0x21, 0x87, 0x29, 0x87, 0x29, 0x87, 0x29, 0xA7, 0x29, 
0x87, 0x29, 0xA7, 0x29, 0xA7, 0x29, 0xA7, 0x29, 0x87, 0x29, 0x87, 0x29, 0x87, 0x29, 0x87, 0x29, 
0x87, 0x29, 0x87, 0x29, 0xE5, 0x10, 0x62, 0x08, 0x62, 0x08, 0x62, 0x08, 0x41, 0x08, 0x20, 0x00, 
0x62, 0x08, 0x62, 0x08, 0x21, 0x00, 0x21, 0x00, 0x21, 0x00, 0x21, 0x00, 0x21, 0x00, 0x21, 0x00, 
0x21, 0x00, 0x21, 0x00, 0x21, 0x00, 0x21, 0x00, 0x21, 0x00, 0x21, 0x00, 0x21, 0x00, 0x21, 0x00, 
0x21, 0x00, 0x41, 0x00, 0x21, 0x00, 0x21, 0x00, 0x21, 0x00, 0x21, 0x00, 0x21, 0x00, 0x21, 0x00, 
0x21, 0x00, 0x21, 0x08, 0x21, 0x00, 0x41, 0x00, 0x41, 0x00, 0x21, 0x08, 0x41, 0x08, 0x21, 0x08, 
0x41, 0x08, 0x41, 0x08, 0x41, 0x08, 0x41, 0x08, 0x41, 0x08, 0x41, 0x08, 0x41, 0x08, 0x41, 0x08, 
0x41, 0x08, 0x41, 0x08, 0x41, 0x08, 0x42, 0x08, 0x42, 0x08, 0x62, 0x08, 0x62, 0x08, 0x62, 0x08, 
0x62, 0x08, 0x62, 0x08, 0x62, 0x08, 0x42, 0x08, 0x62, 0x08, 0x42, 0x00, 0x42, 0x08, 0x62, 0x08, 
0x62, 0x08, 0x62, 0x08, 0x62, 0x08, 0x62, 0x08, 0x62, 0x08, 0x62, 0x08, 0x62, 0x08, 0x62, 0x08, 
0x62, 0x08, 0x62, 0x08, 0x62, 0x08, 0x62, 0x08, 0x62, 0x08, 0x62, 0x08, 0x62, 0x08, 0x62, 0x08, 
0x41, 0x08, 0x41, 0x00, 0x21, 0x00, 0x20, 0x00, 0x00, 0x00, 0x00, 0x00, 0x20, 0x00, 0x21, 0x00, 
0x41, 0x08, 0x42, 0x08, 0x42, 0x08, 0x62, 0x08, 0x62, 0x08, 0x62, 0x08, 0x62, 0x08, 0x62, 0x08, 
0x62, 0x08, 0x62, 0x08, 0x42, 0x08, 0x42, 0x08, 0x42, 0x08, 0x41, 0x08, 0x41, 0x08, 0x41, 0x08, 
0x41, 0x08, 0x41, 0x08, 0x41, 0x08, 0x41, 0x08, 0x41, 0x08, 0x41, 0x08, 0x41, 0x08, 0x41, 0x08, 
0x41, 0x08, 0x41, 0x08, 0x21, 0x08, 0x41, 0x08, 0x41, 0x08, 0x21, 0x08, 0x21, 0x08, 0x21, 0x00, 
0x21, 0x00, 0x20, 0x00, 0x20, 0x00, 0x20, 0x00, 0x20, 0x00, 0x20, 0x00, 0x20, 0x00, 0x21, 0x00, 
0x21, 0x00, 0x41, 0x08, 0x62, 0x08, 0x42, 0x00, 0x41, 0x08, 0x41, 0x08, 0x62, 0x08, 0x83, 0x08, 
0x83, 0x10, 0x62, 0x08, 0x62, 0x08, 0x42, 0x08, 0x62, 0x08, 0x62, 0x08, 0x62, 0x08, 0x62, 0x08, 
0x42, 0x08, 0x21, 0x00, 0x41, 0x00, 0x21, 0x00, 0x41, 0x00, 0x41, 0x08, 0x62, 0x08, 0x62, 0x08, 
0xC4, 0x10, 0x25, 0x21, 0x82, 0x08, 0x21, 0x00, 0x21, 0x00, 0x62, 0x08, 0xA3, 0x08, 0xA4, 0x10, 
0xE5, 0x18, 0xE4, 0x18, 0xC3, 0x10, 0xC4, 0x10, 0xA3, 0x10, 0x83, 0x08, 0x83, 0x08, 0x83, 0x08, 
0x82, 0x08, 0x82, 0x08, 0x62, 0x08, 0x62, 0x08, 0x62, 0x08, 0x62, 0x08, 0x62, 0x08, 0x42, 0x08, 
0x41, 0x08, 0x41, 0x08, 0x41, 0x08, 0x41, 0x08, 0x41, 0x08, 0x41, 0x00, 0x41, 0x08, 0x41, 0x08, 
0x41, 0x08, 0x41, 0x08, 0x41, 0x08, 0x41, 0x08, 0x41, 0x08, 0x41, 0x08, 0x41, 0x08, 0x41, 0x08, 
0x41, 0x08, 0x41, 0x08, 0x41, 0x08, 0x41, 0x08, 0x41, 0x08, 0x41, 0x08, 0x41, 0x08, 0x41, 0x08, 
0x42, 0x08, 0x41, 0x08, 0x41, 0x08, 0x41, 0x08, 0x41, 0x08, 0x41, 0x08, 0x41, 0x08, 0x41, 0x08, 
0x41, 0x08, 0x41, 0x08, 0x41, 0x08, 0x41, 0x08, 0x41, 0x08, 0x42, 0x08, 0x41, 0x08, 0x21, 0x08, 
0x21, 0x00, 0x62, 0x08, 0x41, 0x08, 0x41, 0x08, 0x62, 0x08, 0x41, 0x08, 0x21, 0x00, 0x21, 0x00, 
0x21, 0x00, 0x42, 0x08, 0x41, 0x08, 0x62, 0x08, 0xA3, 0x10, 0x82, 0x08, 0x41, 0x08, 0x82, 0x08, 
0x82, 0x10, 0x62, 0x08, 0x41, 0x08, 0x42, 0x08, 0x62, 0x08, 0xC3, 0x10, 0x62, 0x08, 0x62, 0x08, 
0x83, 0x08, 0x83, 0x08, 0x63, 0x08, 0xC4, 0x10, 0x8B, 0x42, 0x8B, 0x4A, 0x8B, 0x42, 0x8B, 0x42, 
0x6B, 0x42, 0x4A, 0x42, 0x4A, 0x42, 0x4A, 0x3A, 0x4A, 0x42, 0x4A, 0x3A, 0x4A, 0x3A, 0x4A, 0x3A, 
0x2A, 0x3A, 0x29, 0x3A, 0x29, 0x3A, 0x29, 0x3A, 0x09, 0x3A, 0x09, 0x3A, 0x09, 0x3A, 0x09, 0x32, 
0xA4, 0x10, 0xC4, 0x10, 0xC4, 0x10, 0xC4, 0x10, 0xC4, 0x10, 0xC4, 0x10, 0xC4, 0x10, 0xC4, 0x10, 
0xC4, 0x10, 0xE4, 0x10, 0x05, 0x19, 0x05, 0x19, 0x05, 0x19, 0x25, 0x19, 0x05, 0x19, 0x05, 0x19, 
0x05, 0x19, 0x26, 0x19, 0x25, 0x19, 0x25, 0x19, 0x25, 0x19, 0x25, 0x19, 0x05, 0x19, 0x05, 0x19, 
0x25, 0x19, 0x25, 0x19, 0x26, 0x19, 0x46, 0x19, 0x26, 0x19, 0x26, 0x19, 0x46, 0x21, 0x46, 0x21, 
0x46, 0x21, 0x66, 0x21, 0x46, 0x21, 0x46, 0x21, 0x66, 0x21, 0x67, 0x21, 0x67, 0x21, 0x67, 0x21, 
0x46, 0x21, 0x67, 0x21, 0x67, 0x21, 0x87, 0x29, 0xA7, 0x29, 0xA7, 0x29, 0xA7, 0x29, 0xA7, 0x29, 
0x87, 0x29, 0xA7, 0x29, 0xA7, 0x29, 0xA7, 0x29, 0x87, 0x29, 0x67, 0x21, 0x87, 0x29, 0x87, 0x29, 
0x87, 0x29, 0xC8, 0x31, 0xC8, 0x29, 0xE4, 0x10, 0x42, 0x00, 0x42, 0x00, 0x42, 0x08, 0x82, 0x08, 
0x83, 0x08, 0x21, 0x00, 0x21, 0x00, 0x21, 0x00, 0x21, 0x00, 0x21, 0x00, 0x21, 0x00, 0x21, 0x00, 
0x21, 0x00, 0x21, 0x00, 0x21, 0x00, 0x21, 0x00, 0x21, 0x00, 0x21, 0x00, 0x21, 0x00, 0x21, 0x00, 
0x21, 0x00, 0x21, 0x00, 0x21, 0x00, 0x21, 0x00, 0x21, 0x00, 0x21, 0x00, 0x21, 0x00, 0x21, 0x00, 
0x21, 0x00, 0x21, 0x00, 0x21, 0x00, 0x21, 0x00, 0x21, 0x00, 0x21, 0x00, 0x21, 0x00, 0x21, 0x00, 
0x21, 0x00, 0x21, 0x00, 0x21, 0x00, 0x41, 0x00, 0x41, 0x00, 0x41, 0x08, 0x41, 0x08, 0x41, 0x08, 
0x41, 0x08, 0x41, 0x08, 0x41, 0x08, 0x41, 0x08, 0x41, 0x08, 0x41, 0x00, 0x41, 0x00, 0x41, 0x00, 
0x41, 0x08, 0x41, 0x00, 0x41, 0x00, 0x42, 0x08, 0x41, 0x00, 0x41, 0x00, 0x41, 0x00, 0x41, 0x00, 
0x41, 0x00, 0x41, 0x00, 0x41, 0x00, 0x41, 0x00, 0x41, 0x00, 0x41, 0x00, 0x41, 0x00, 0x41, 0x00, 
0x41, 0x00, 0x41, 0x00, 0x41, 0x00, 0x41, 0x00, 0x41, 0x00, 0x42, 0x00, 0x42, 0x00, 0x42, 0x08, 
0x62, 0x08, 0x62, 0x08, 0x62, 0x08, 0x42, 0x00, 0x41, 0x00, 0x21, 0x00, 0x20, 0x00, 0x00, 0x00, 
0x20, 0x00, 0x20, 0x00, 0x21, 0x00, 0x41, 0x00, 0x41, 0x00, 0x41, 0x00, 0x41, 0x00, 0x41, 0x00, 
0x21, 0x00, 0x21, 0x00, 0x21, 0x00, 0x21, 0x00, 0x21, 0x00, 0x21, 0x00, 0x21, 0x00, 0x21, 0x00, 
0x21, 0x00, 0x21, 0x00, 0x21, 0x00, 0x21, 0x00, 0x21, 0x00, 0x21, 0x00, 0x21, 0x00, 0x21, 0x00, 
0x21, 0x00, 0x21, 0x00, 0x21, 0x00, 0x21, 0x00, 0x00, 0x00, 0x20, 0x00, 0x00, 0x00, 0x00, 0x00, 
0x20, 0x00, 0x20, 0x00, 0x20, 0x00, 0x20, 0x00, 0x20, 0x00, 0x21, 0x00, 0x21, 0x00, 0x21, 0x00, 
0x21, 0x08, 0x21, 0x00, 0x21, 0x00, 0x62, 0x08, 0x62, 0x08, 0x62, 0x08, 0x83, 0x08, 0x83, 0x08, 
0x83, 0x10, 0x62, 0x08, 0x62, 0x08, 0x62, 0x10, 0x83, 0x10, 0x83, 0x10, 0x83, 0x08, 0xA3, 0x10, 
0x83, 0x10, 0x62, 0x08, 0x21, 0x00, 0x21, 0x00, 0x21, 0x00, 0x41, 0x08, 0x41, 0x08, 0x42, 0x08, 
0x62, 0x08, 0xC4, 0x18, 0xE4, 0x18, 0x62, 0x08, 0x01, 0x00, 0x62, 0x08, 0x83, 0x08, 0x83, 0x08, 
0xA3, 0x10, 0x62, 0x08, 0x41, 0x08, 0x41, 0x08, 0x41, 0x08, 0x41, 0x08, 0x41, 0x08, 0x41, 0x08, 
0x21, 0x00, 0x41, 0x08, 0x41, 0x00, 0x41, 0x00, 0x41, 0x08, 0x41, 0x08, 0x41, 0x08, 0x41, 0x08, 
0x41, 0x08, 0x41, 0x08, 0x41, 0x08, 0x41, 0x08, 0x41, 0x08, 0x41, 0x08, 0x41, 0x08, 0x41, 0x08, 
0x41, 0x08, 0x41, 0x08, 0x41, 0x08, 0x41, 0x08, 0x42, 0x08, 0x42, 0x08, 0x41, 0x08, 0x41, 0x08, 
0x41, 0x08, 0x41, 0x08, 0x21, 0x08, 0x41, 0x08, 0x41, 0x08, 0x41, 0x08, 0x41, 0x08, 0x41, 0x08, 
0x41, 0x08, 0x41, 0x08, 0x41, 0x08, 0x42, 0x08, 0x41, 0x08, 0x41, 0x08, 0x41, 0x08, 0x42, 0x08, 
0x41, 0x08, 0x41, 0x08, 0x41, 0x08, 0x41, 0x08, 0x41, 0x08, 0x41, 0x08, 0x41, 0x08, 0x21, 0x00, 
0x41, 0x08, 0x41, 0x08, 0x41, 0x08, 0x41, 0x08, 0x42, 0x08, 0x21, 0x00, 0x21, 0x00, 0x21, 0x00, 
0x41, 0x08, 0x41, 0x08, 0x62, 0x08, 0x62, 0x08, 0xA3, 0x10, 0x82, 0x08, 0x41, 0x00, 0x82, 0x08, 
0x82, 0x10, 0x62, 0x08, 0x41, 0x08, 0x41, 0x08, 0x62, 0x08, 0x83, 0x10, 0x62, 0x08, 0x62, 0x08, 
0x83, 0x08, 0x83, 0x10, 0x62, 0x08, 0x87, 0x21, 0xAB, 0x4A, 0x6B, 0x42, 0x6B, 0x42, 0x6B, 0x42, 
0x6A, 0x42, 0x4A, 0x42, 0x4A, 0x42, 0x4A, 0x3A, 0x4A, 0x42, 0x4A, 0x3A, 0x4A, 0x3A, 0x2A, 0x3A, 
0x2A, 0x3A, 0x2A, 0x3A, 0x29, 0x3A, 0x29, 0x3A, 0x09, 0x3A, 0x09, 0x3A, 0x09, 0x32, 0x09, 0x32, 
0xA3, 0x10, 0xC4, 0x10, 0xC4, 0x10, 0xC4, 0x10, 0xC4, 0x10, 0xC4, 0x10, 0xC4, 0x10, 0xC4, 0x10, 
0xC4, 0x10, 0xC4, 0x10, 0x05, 0x19, 0x05, 0x19, 0x05, 0x19, 0x05, 0x19, 0x05, 0x19, 0x05, 0x19, 
0x05, 0x19, 0x26, 0x19, 0x25, 0x19, 0x26, 0x19, 0x26, 0x19, 0x25, 0x19, 0x05, 0x19, 0x05, 0x19, 
0x05, 0x19, 0x05, 0x19, 0x26, 0x19, 0x46, 0x21, 0x46, 0x21, 0x46, 0x21, 0x46, 0x21, 0x46, 0x21, 
0x26, 0x19, 0x46, 0x21, 0x46, 0x21, 0x26, 0x19, 0x46, 0x21, 0x46, 0x21, 0x46, 0x21, 0x66, 0x21, 
0x87, 0x29, 0x87, 0x29, 0x67, 0x21, 0x87, 0x29, 0x87, 0x29, 0xA7, 0x29, 0xA7, 0x29, 0x87, 0x29, 
0xA7, 0x29, 0xA7, 0x29, 0x87, 0x29, 0x87, 0x29, 0x67, 0x21, 0x67, 0x21, 0x67, 0x21, 0x67, 0x21, 
0x66, 0x21, 0xE9, 0x31, 0x6B, 0x42, 0xE9, 0x31, 0xC8, 0x31, 0x46, 0x21, 0x83, 0x08, 0x63, 0x08, 
0x42, 0x00, 0x21, 0x00, 0x21, 0x00, 0x41, 0x08, 0x21, 0x00, 0x21, 0x00, 0x21, 0x00, 0x21, 0x00, 
0x21, 0x00, 0x21, 0x00, 0x21, 0x00, 0x21, 0x00, 0x21, 0x00, 0x21, 0x00, 0x21, 0x00, 0x21, 0x00, 
0x21, 0x00, 0x21, 0x00, 0x21, 0x00, 0x21, 0x00, 0x21, 0x00, 0x21, 0x00, 0x21, 0x00, 0x21, 0x00, 
0x21, 0x00, 0x21, 0x00, 0x21, 0x00, 0x21, 0x00, 0x21, 0x00, 0x01, 0x00, 0x01, 0x00, 0x21, 0x00, 
0x21, 0x00, 0x21, 0x00, 0x21, 0x00, 0x21, 0x00, 0x21, 0x00, 0x21, 0x00, 0x21, 0x00, 0x21, 0x00, 
0x21, 0x00, 0x21, 0x00, 0x21, 0x00, 0x21, 0x00, 0x21, 0x00, 0x21, 0x00, 0x21, 0x00, 0x21, 0x00, 
0x21, 0x00, 0x41, 0x00, 0x21, 0x00, 0x21, 0x00, 0x21, 0x00, 0x21, 0x00, 0x21, 0x00, 0x21, 0x00, 
0x21, 0x00, 0x41, 0x00, 0x21, 0x00, 0x41, 0x00, 0x21, 0x00, 0x21, 0x00, 0x41, 0x00, 0x21, 0x08, 
0x21, 0x00, 0x21, 0x00, 0x41, 0x08, 0x41, 0x08, 0x41, 0x08, 0x41, 0x08, 0x41, 0x00, 0x41, 0x00, 
0x41, 0x00, 0x41, 0x00, 0x41, 0x08, 0x42, 0x08, 0x62, 0x08, 0x62, 0x08, 0x41, 0x08, 0x21, 0x00, 
0x21, 0x00, 0x20, 0x00, 0x20, 0x00, 0x20, 0x00, 0x00, 0x00, 0x20, 0x00, 0x20, 0x00, 0x20, 0x00, 
0x00, 0x00, 0x20, 0x00, 0x20, 0x00, 0x20, 0x00, 0x20, 0x00, 0x20, 0x00, 0x20, 0x00, 0x00, 0x00, 
0x00, 0x00, 0x20, 0x00, 0x20, 0x00, 0x20, 0x00, 0x20, 0x00, 0x20, 0x00, 0x00, 0x00, 0x20, 0x00, 
0x20, 0x00, 0x20, 0x00, 0x00, 0x00, 0x20, 0x00, 0x20, 0x00, 0x21, 0x00, 0x21, 0x00, 0x21, 0x00, 
0x21, 0x00, 0x41, 0x00, 0x41, 0x08, 0x41, 0x08, 0x21, 0x00, 0x21, 0x00, 0x21, 0x00, 0x21, 0x00, 
0x41, 0x08, 0x42, 0x08, 0x41, 0x08, 0x41, 0x00, 0x62, 0x08, 0x62, 0x08, 0x83, 0x08, 0x83, 0x08, 
0x62, 0x08, 0x62, 0x08, 0x82, 0x10, 0x82, 0x10, 0x82, 0x08, 0x82, 0x08, 0x83, 0x08, 0x83, 0x08, 
0x82, 0x08, 0x82, 0x08, 0x62, 0x08, 0x21, 0x00, 0x21, 0x00, 0x41, 0x00, 0x41, 0x08, 0x41, 0x08, 
0x62, 0x08, 0x62, 0x08, 0x04, 0x21, 0xA3, 0x10, 0x00, 0x00, 0x41, 0x08, 0x41, 0x08, 0x62, 0x08, 
0x62, 0x08, 0x41, 0x08, 0x41, 0x08, 0x41, 0x08, 0x41, 0x08, 0x41, 0x08, 0x41, 0x08, 0x41, 0x08, 
0x41, 0x08, 0x41, 0x08, 0x42, 0x08, 0x42, 0x08, 0x41, 0x08, 0x41, 0x08, 0x41, 0x08, 0x41, 0x08, 
0x41, 0x08, 0x42, 0x08, 0x42, 0x08, 0x42, 0x08, 0x41, 0x08, 0x41, 0x08, 0x41, 0x08, 0x41, 0x08, 
0x41, 0x08, 0x41, 0x08, 0x41, 0x08, 0x41, 0x08, 0x41, 0x08, 0x41, 0x08, 0x41, 0x08, 0x41, 0x08, 
0x41, 0x08, 0x41, 0x08, 0x21, 0x08, 0x41, 0x08, 0x41, 0x08, 0x41, 0x08, 0x41, 0x08, 0x41, 0x08, 
0x41, 0x08, 0x41, 0x08, 0x41, 0x08, 0x41, 0x08, 0x41, 0x08, 0x41, 0x08, 0x42, 0x08, 0x41, 0x08, 
0x41, 0x08, 0x41, 0x08, 0x41, 0x08, 0x41, 0x08, 0x41, 0x08, 0x41, 0x08, 0x41, 0x00, 0x21, 0x00, 
0x41, 0x08, 0x41, 0x00, 0x41, 0x08, 0x41, 0x08, 0x41, 0x08, 0x21, 0x00, 0x21, 0x00, 0x21, 0x00, 
0x41, 0x08, 0x41, 0x08, 0x62, 0x08, 0x83, 0x10, 0xA3, 0x10, 0x83, 0x10, 0x21, 0x00, 0x62, 0x08, 
0x82, 0x08, 0x41, 0x08, 0x41, 0x08, 0x41, 0x08, 0x42, 0x08, 0x82, 0x08, 0xA3, 0x10, 0x83, 0x10, 
0xA3, 0x10, 0xA4, 0x10, 0x05, 0x19, 0x4A, 0x3A, 0x6A, 0x42, 0x6A, 0x42, 0x6B, 0x42, 0x6A, 0x42, 
0x4A, 0x42, 0x4A, 0x42, 0x4A, 0x42, 0x4A, 0x3A, 0x2A, 0x3A, 0x2A, 0x3A, 0x29, 0x3A, 0x29, 0x3A, 
0x09, 0x3A, 0x29, 0x3A, 0x09, 0x3A, 0x09, 0x3A, 0x09, 0x3A, 0xE9, 0x31, 0xE9, 0x31, 0xE9, 0x31, 
0xC4, 0x10, 0xA4, 0x10, 0xA4, 0x10, 0xA4, 0x10, 0xA4, 0x10, 0xC4, 0x10, 0xC4, 0x10, 0xC4, 0x10, 
0xC4, 0x10, 0xC4, 0x10, 0x05, 0x19, 0x05, 0x19, 0x05, 0x19, 0x05, 0x19, 0x05, 0x19, 0x25, 0x19, 
0x05, 0x19, 0x26, 0x21, 0x26, 0x19, 0x26, 0x19, 0x25, 0x19, 0x25, 0x19, 0x05, 0x19, 0x05, 0x19, 
0x25, 0x19, 0x05, 0x19, 0x26, 0x19, 0x46, 0x21, 0x46, 0x21, 0x66, 0x21, 0x46, 0x21, 0x46, 0x21, 
0x46, 0x21, 0x46, 0x21, 0x46, 0x21, 0x46, 0x21, 0x46, 0x21, 0x66, 0x21, 0x67, 0x21, 0x87, 0x29, 
0x87, 0x21, 0x87, 0x29, 0x67, 0x21, 0x67, 0x29, 0x87, 0x29, 0xA7, 0x29, 0x87, 0x29, 0x87, 0x29, 
0x87, 0x29, 0x87, 0x29, 0x67, 0x21, 0x67, 0x21, 0x66, 0x21, 0x66, 0x21, 0x66, 0x21, 0x87, 0x29, 
0x25, 0x19, 0x62, 0x00, 0xA3, 0x08, 0xC4, 0x10, 0x25, 0x19, 0xE4, 0x18, 0x62, 0x08, 0x42, 0x00, 
0x21, 0x00, 0x62, 0x08, 0x82, 0x10, 0x62, 0x08, 0x42, 0x08, 0x41, 0x08, 0x41, 0x08, 0x41, 0x08, 
0x41, 0x00, 0x41, 0x08, 0x41, 0x08, 0x41, 0x08, 0x41, 0x08, 0x41, 0x08, 0x41, 0x08, 0x41, 0x08, 
0x41, 0x08, 0x41, 0x08, 0x41, 0x08, 0x41, 0x08, 0x41, 0x08, 0x21, 0x08, 0x21, 0x00, 0x21, 0x00, 
0x21, 0x08, 0x21, 0x00, 0x21, 0x08, 0x21, 0x00, 0x21, 0x00, 0x21, 0x00, 0x21, 0x08, 0x21, 0x08, 
0x21, 0x00, 0x21, 0x00, 0x21, 0x08, 0x21, 0x08, 0x41, 0x08, 0x21, 0x08, 0x21, 0x00, 0x41, 0x00, 
0x21, 0x00, 0x21, 0x00, 0x21, 0x00, 0x21, 0x00, 0x21, 0x00, 0x21, 0x00, 0x21, 0x00, 0x21, 0x00, 
0x21, 0x00, 0x21, 0x00, 0x21, 0x00, 0x21, 0x00, 0x21, 0x00, 0x21, 0x00, 0x21, 0x00, 0x21, 0x00, 
0x21, 0x00, 0x21, 0x00, 0x21, 0x00, 0x21, 0x00, 0x21, 0x00, 0x21, 0x00, 0x21, 0x00, 0x21, 0x00, 
0x21, 0x00, 0x21, 0x00, 0x21, 0x00, 0x21, 0x00, 0x21, 0x00, 0x21, 0x00, 0x21, 0x00, 0x21, 0x00, 
0x41, 0x00, 0x41, 0x00, 0x21, 0x00, 0x41, 0x00, 0x41, 0x00, 0x42, 0x08, 0x62, 0x08, 0x62, 0x08, 
0x62, 0x08, 0x42, 0x00, 0x41, 0x00, 0x21, 0x00, 0x21, 0x00, 0x21, 0x00, 0x21, 0x00, 0x21, 0x00, 
0x21, 0x00, 0x21, 0x00, 0x21, 0x00, 0x21, 0x00, 0x21, 0x00, 0x21, 0x00, 0x21, 0x00, 0x21, 0x00, 
0x21, 0x00, 0x41, 0x00, 0x41, 0x00, 0x41, 0x00, 0x41, 0x00, 0x41, 0x00, 0x41, 0x00, 0x41, 0x00, 
0x41, 0x00, 0x41, 0x08, 0x41, 0x00, 0x41, 0x00, 0x41, 0x00, 0x41, 0x00, 0x42, 0x08, 0x62, 0x08, 
0x62, 0x08, 0x83, 0x08, 0xA3, 0x10, 0xA3, 0x10, 0x41, 0x00, 0x21, 0x00, 0x21, 0x00, 0x21, 0x00, 
0x41, 0x08, 0x42, 0x08, 0x42, 0x08, 0x41, 0x00, 0x41, 0x08, 0x62, 0x08, 0x83, 0x08, 0x83, 0x10, 
0x62, 0x08, 0x82, 0x08, 0x62, 0x08, 0x62, 0x08, 0x62, 0x08, 0x62, 0x08, 0x62, 0x08, 0x83, 0x08, 
0x83, 0x08, 0x42, 0x08, 0x42, 0x08, 0x42, 0x08, 0x21, 0x00, 0x41, 0x00, 0x41, 0x00, 0x41, 0x08, 
0x42, 0x08, 0x62, 0x08, 0xA3, 0x10, 0xE4, 0x18, 0x21, 0x00, 0x21, 0x08, 0x42, 0x08, 0x62, 0x08, 
0x62, 0x08, 0x42, 0x08, 0x41, 0x08, 0x41, 0x08, 0x42, 0x08, 0x41, 0x08, 0x41, 0x08, 0x41, 0x08, 
0x41, 0x08, 0x41, 0x08, 0x41, 0x08, 0x41, 0x08, 0x41, 0x08, 0x42, 0x08, 0x41, 0x08, 0x41, 0x08, 
0x41, 0x08, 0x41, 0x08, 0x42, 0x08, 0x42, 0x08, 0x41, 0x08, 0x41, 0x08, 0x41, 0x08, 0x41, 0x08, 
0x41, 0x08, 0x41, 0x08, 0x41, 0x08, 0x41, 0x08, 0x41, 0x08, 0x41, 0x08, 0x41, 0x08, 0x41, 0x08, 
0x41, 0x08, 0x41, 0x08, 0x41, 0x08, 0x41, 0x08, 0x41, 0x08, 0x41, 0x08, 0x41, 0x08, 0x41, 0x08, 
0x41, 0x08, 0x41, 0x08, 0x41, 0x08, 0x41, 0x08, 0x41, 0x08, 0x41, 0x08, 0x41, 0x08, 0x41, 0x08, 
0x41, 0x08, 0x41, 0x08, 0x41, 0x00, 0x41, 0x00, 0x41, 0x00, 0x41, 0x00, 0x41, 0x08, 0x41, 0x08, 
0x62, 0x08, 0x42, 0x08, 0x41, 0x08, 0x41, 0x08, 0x21, 0x08, 0x21, 0x00, 0x21, 0x00, 0x21, 0x00, 
0x21, 0x00, 0x41, 0x08, 0x82, 0x08, 0xA3, 0x08, 0x83, 0x10, 0x83, 0x08, 0x41, 0x00, 0x62, 0x08, 
0x82, 0x08, 0x41, 0x08, 0x41, 0x08, 0x41, 0x00, 0x62, 0x08, 0x62, 0x08, 0x25, 0x21, 0x26, 0x21, 
0x87, 0x29, 0x2A, 0x3A, 0x6B, 0x42, 0x4A, 0x42, 0x4A, 0x42, 0x4A, 0x42, 0x6A, 0x42, 0x4A, 0x42, 
0x4A, 0x42, 0x4A, 0x42, 0x4A, 0x42, 0x4A, 0x3A, 0x2A, 0x3A, 0x2A, 0x3A, 0x2A, 0x3A, 0x29, 0x3A, 
0x29, 0x3A, 0x29, 0x3A, 0x09, 0x3A, 0x09, 0x3A, 0x09, 0x32, 0x09, 0x32, 0xE9, 0x31, 0xE9, 0x31, 
0xC4, 0x08, 0xC4, 0x10, 0xA4, 0x10, 0xA4, 0x10, 0xA4, 0x10, 0xA4, 0x10, 0xC4, 0x10, 0xC4, 0x10, 
0xC4, 0x10, 0xC4, 0x10, 0x05, 0x19, 0x05, 0x19, 0x05, 0x19, 0x05, 0x19, 0x05, 0x19, 0x25, 0x19, 
0x25, 0x19, 0x46, 0x21, 0x26, 0x21, 0x26, 0x19, 0x26, 0x19, 0x25, 0x19, 0x05, 0x19, 0x05, 0x19, 
0x05, 0x19, 0x25, 0x19, 0x25, 0x19, 0x46, 0x21, 0x46, 0x21, 0x26, 0x19, 0x46, 0x21, 0x46, 0x21, 
0x46, 0x21, 0x46, 0x21, 0x46, 0x21, 0x46, 0x21, 0x46, 0x21, 0x46, 0x21, 0x66, 0x21, 0x67, 0x21, 
0x67, 0x21, 0x67, 0x21, 0x67, 0x21, 0x67, 0x29, 0x87, 0x29, 0x87, 0x29, 0x87, 0x29, 0x87, 0x29, 
0x87, 0x29, 0x87, 0x29, 0x87, 0x21, 0x67, 0x21, 0x66, 0x21, 0x66, 0x21, 0x66, 0x21, 0x67, 0x21, 
0x05, 0x19, 0x62, 0x08, 0x63, 0x08, 0x42, 0x08, 0x42, 0x00, 0x21, 0x00, 0x42, 0x00, 0x41, 0x00, 
0x62, 0x08, 0x82, 0x10, 0x41, 0x00, 0x21, 0x00, 0x21, 0x00, 0x21, 0x00, 0x21, 0x00, 0x21, 0x00, 
0x20, 0x00, 0x21, 0x00, 0x20, 0x00, 0x20, 0x00, 0x21, 0x00, 0x21, 0x00, 0x21, 0x00, 0x21, 0x00, 
0x21, 0x00, 0x21, 0x00, 0x21, 0x00, 0x21, 0x00, 0x21, 0x00, 0x21, 0x00, 0x21, 0x00, 0x21, 0x00, 
0x21, 0x00, 0x21, 0x00, 0x21, 0x00, 0x21, 0x00, 0x21, 0x00, 0x21, 0x00, 0x21, 0x00, 0x21, 0x00, 
0x21, 0x00, 0x21, 0x00, 0x21, 0x00, 0x21, 0x00, 0x21, 0x00, 0x21, 0x00, 0x21, 0x00, 0x21, 0x00, 
0x21, 0x00, 0x21, 0x00, 0x21, 0x00, 0x21, 0x00, 0x21, 0x00, 0x21, 0x00, 0x21, 0x00, 0x21, 0x00, 
0x21, 0x00, 0x21, 0x00, 0x21, 0x00, 0x21, 0x00, 0x21, 0x00, 0x21, 0x00, 0x21, 0x00, 0x21, 0x00, 
0x21, 0x08, 0x41, 0x00, 0x41, 0x00, 0x41, 0x00, 0x41, 0x00, 0x41, 0x08, 0x41, 0x08, 0x41, 0x00, 
0x41, 0x00, 0x41, 0x00, 0x41, 0x00, 0x41, 0x00, 0x21, 0x08, 0x21, 0x00, 0x21, 0x00, 0x21, 0x00, 
0x21, 0x00, 0x21, 0x00, 0x41, 0x08, 0x21, 0x08, 0x21, 0x08, 0x21, 0x00, 0x41, 0x08, 0x41, 0x08, 
0x42, 0x08, 0x62, 0x08, 0x62, 0x08, 0x62, 0x08, 0x62, 0x08, 0x62, 0x08, 0x62, 0x08, 0x42, 0x08, 
0x42, 0x08, 0x42, 0x08, 0x62, 0x08, 0x62, 0x08, 0x42, 0x08, 0x62, 0x08, 0x42, 0x08, 0x62, 0x08, 
0x42, 0x08, 0x42, 0x08, 0x42, 0x08, 0x42, 0x08, 0x42, 0x00, 0x41, 0x08, 0x42, 0x08, 0x41, 0x08, 
0x41, 0x00, 0x41, 0x08, 0x41, 0x00, 0x41, 0x00, 0x41, 0x00, 0x41, 0x00, 0x41, 0x00, 0x42, 0x00, 
0x42, 0x08, 0x42, 0x08, 0x42, 0x00, 0x41, 0x00, 0x21, 0x00, 0x21, 0x00, 0x21, 0x00, 0x41, 0x08, 
0x41, 0x08, 0x41, 0x00, 0x62, 0x08, 0x62, 0x08, 0x82, 0x08, 0x83, 0x08, 0x83, 0x08, 0x83, 0x08, 
0x82, 0x08, 0x62, 0x08, 0x21, 0x00, 0x41, 0x08, 0x82, 0x10, 0x62, 0x08, 0x62, 0x08, 0x82, 0x08, 
0x82, 0x10, 0x42, 0x08, 0x41, 0x08, 0x62, 0x08, 0x41, 0x00, 0x21, 0x00, 0x21, 0x00, 0x41, 0x08, 
0x42, 0x08, 0x42, 0x08, 0xA3, 0x10, 0xC3, 0x18, 0x41, 0x08, 0x21, 0x00, 0x41, 0x08, 0x62, 0x08, 
0x62, 0x08, 0x41, 0x08, 0x41, 0x08, 0x41, 0x08, 0x41, 0x08, 0x41, 0x08, 0x41, 0x08, 0x41, 0x08, 
0x41, 0x08, 0x41, 0x08, 0x41, 0x08, 0x41, 0x08, 0x41, 0x08, 0x41, 0x08, 0x41, 0x08, 0x41, 0x08, 
0x41, 0x08, 0x41, 0x08, 0x41, 0x08, 0x41, 0x08, 0x41, 0x08, 0x41, 0x08, 0x41, 0x08, 0x41, 0x08, 
0x41, 0x08, 0x41, 0x08, 0x41, 0x08, 0x41, 0x08, 0x41, 0x08, 0x41, 0x08, 0x41, 0x08, 0x41, 0x08, 
0x41, 0x08, 0x41, 0x08, 0x41, 0x08, 0x41, 0x08, 0x41, 0x08, 0x41, 0x08, 0x41, 0x08, 0x41, 0x08, 
0x41, 0x08, 0x41, 0x08, 0x41, 0x08, 0x41, 0x00, 0x41, 0x00, 0x42, 0x08, 0x42, 0x08, 0x62, 0x08, 
0x62, 0x08, 0x62, 0x08, 0x62, 0x08, 0x83, 0x08, 0x83, 0x08, 0x83, 0x10, 0x62, 0x08, 0x62, 0x08, 
0xA3, 0x10, 0x62, 0x08, 0x41, 0x08, 0x41, 0x08, 0x21, 0x00, 0x21, 0x00, 0x21, 0x00, 0x21, 0x00, 
0x41, 0x08, 0x41, 0x08, 0x82, 0x08, 0xA3, 0x10, 0x83, 0x08, 0x83, 0x08, 0x41, 0x00, 0x62, 0x08, 
0x62, 0x08, 0x41, 0x08, 0x42, 0x08, 0x41, 0x08, 0x41, 0x08, 0x62, 0x08, 0x46, 0x21, 0x6B, 0x42, 
0x8B, 0x4A, 0x6B, 0x42, 0x4A, 0x42, 0x4A, 0x42, 0x4A, 0x42, 0x4A, 0x42, 0x4A, 0x42, 0x4A, 0x42, 
0x4A, 0x42, 0x4A, 0x42, 0x4A, 0x3A, 0x4A, 0x3A, 0x4A, 0x3A, 0x2A, 0x3A, 0x2A, 0x3A, 0x29, 0x3A, 
0x09, 0x3A, 0x09, 0x3A, 0x09, 0x3A, 0x09, 0x3A, 0x09, 0x3A, 0x09, 0x32, 0xE9, 0x31, 0xE9, 0x31, 
0xA4, 0x10, 0xA4, 0x08, 0xA4, 0x10, 0xA4, 0x10, 0xC4, 0x10, 0xC4, 0x10, 0xC4, 0x10, 0xA4, 0x10, 
0xA4, 0x10, 0xC4, 0x10, 0x05, 0x19, 0x25, 0x19, 0x05, 0x19, 0x05, 0x19, 0x25, 0x19, 0x26, 0x21, 
0x25, 0x19, 0x26, 0x21, 0x26, 0x21, 0x26, 0x19, 0x25, 0x19, 0x25, 0x19, 0x05, 0x19, 0x25, 0x19, 
0x25, 0x19, 0x26, 0x19, 0x25, 0x19, 0x46, 0x21, 0x26, 0x19, 0x05, 0x19, 0x25, 0x19, 0x25, 0x19, 
0x46, 0x21, 0x26, 0x19, 0x26, 0x21, 0x46, 0x21, 0x46, 0x21, 0x46, 0x21, 0x46, 0x21, 0x46, 0x21, 
0x67, 0x21, 0x66, 0x21, 0x67, 0x21, 0x67, 0x21, 0x67, 0x29, 0x87, 0x29, 0x87, 0x29, 0x87, 0x29, 
0x87, 0x29, 0x87, 0x29, 0x87, 0x29, 0x67, 0x29, 0x67, 0x21, 0x66, 0x21, 0x66, 0x21, 0x66, 0x21, 
0x25, 0x19, 0x42, 0x08, 0x62, 0x08, 0x62, 0x08, 0x42, 0x08, 0x42, 0x08, 0x41, 0x08, 0x41, 0x08, 
0x41, 0x08, 0x21, 0x00, 0x21, 0x00, 0x21, 0x08, 0x21, 0x00, 0x21, 0x00, 0x21, 0x00, 0x20, 0x00, 
0x20, 0x00, 0x20, 0x00, 0x20, 0x00, 0x20, 0x00, 0x20, 0x00, 0x20, 0x00, 0x20, 0x00, 0x20, 0x00, 
0x20, 0x00, 0x00, 0x00, 0x00, 0x00, 0x00, 0x00, 0x00, 0x00, 0x00, 0x00, 0x00, 0x00, 0x20, 0x00, 
0x00, 0x00, 0x00, 0x00, 0x00, 0x00, 0x00, 0x00, 0x00, 0x00, 0x00, 0x00, 0x00, 0x00, 0x00, 0x00, 
0x00, 0x00, 0x00, 0x00, 0x20, 0x00, 0x20, 0x00, 0x00, 0x00, 0x00, 0x00, 0x00, 0x00, 0x20, 0x00, 
0x20, 0x00, 0x20, 0x00, 0x00, 0x00, 0x00, 0x00, 0x00, 0x00, 0x00, 0x00, 0x20, 0x00, 0x20, 0x00, 
0x20, 0x00, 0x20, 0x00, 0x00, 0x00, 0x20, 0x00, 0x21, 0x00, 0x21, 0x00, 0x21, 0x00, 0x21, 0x00, 
0x21, 0x00, 0x21, 0x00, 0x21, 0x00, 0x21, 0x00, 0x21, 0x00, 0x21, 0x00, 0x21, 0x00, 0x21, 0x00, 
0x21, 0x00, 0x21, 0x00, 0x21, 0x00, 0x21, 0x00, 0x21, 0x00, 0x21, 0x08, 0x21, 0x08, 0x21, 0x08, 
0x21, 0x00, 0x21, 0x00, 0x21, 0x00, 0x21, 0x00, 0x21, 0x08, 0x41, 0x08, 0x41, 0x08, 0x41, 0x00, 
0x41, 0x00, 0x41, 0x00, 0x41, 0x00, 0x41, 0x00, 0x41, 0x00, 0x41, 0x00, 0x41, 0x00, 0x41, 0x00, 
0x41, 0x00, 0x41, 0x00, 0x41, 0x00, 0x41, 0x00, 0x41, 0x00, 0x41, 0x00, 0x41, 0x00, 0x41, 0x00, 
0x41, 0x00, 0x41, 0x00, 0x41, 0x00, 0x41, 0x00, 0x21, 0x00, 0x41, 0x00, 0x41, 0x00, 0x41, 0x00, 
0x41, 0x00, 0x21, 0x08, 0x21, 0x08, 0x21, 0x08, 0x21, 0x00, 0x21, 0x00, 0x21, 0x08, 0x41, 0x00, 
0x41, 0x00, 0x41, 0x00, 0x42, 0x00, 0x41, 0x08, 0x21, 0x00, 0x21, 0x00, 0x41, 0x08, 0x41, 0x08, 
0x42, 0x08, 0x41, 0x00, 0x41, 0x08, 0x42, 0x08, 0x62, 0x08, 0x83, 0x08, 0x83, 0x10, 0x62, 0x08, 
0x62, 0x08, 0x21, 0x00, 0x20, 0x00, 0x20, 0x00, 0x62, 0x08, 0x82, 0x10, 0x62, 0x08, 0x82, 0x10, 
0x82, 0x10, 0x42, 0x08, 0x41, 0x08, 0x41, 0x08, 0x62, 0x08, 0x21, 0x00, 0x21, 0x00, 0x21, 0x00, 
0x41, 0x08, 0x62, 0x08, 0x62, 0x08, 0xE4, 0x18, 0x83, 0x10, 0x21, 0x00, 0x41, 0x08, 0x62, 0x08, 
0x62, 0x08, 0x41, 0x08, 0x41, 0x08, 0x41, 0x08, 0x41, 0x08, 0x41, 0x08, 0x41, 0x08, 0x41, 0x08, 
0x41, 0x08, 0x41, 0x08, 0x41, 0x08, 0x41, 0x08, 0x41, 0x08, 0x41, 0x08, 0x41, 0x08, 0x41, 0x08, 
0x41, 0x08, 0x41, 0x08, 0x41, 0x08, 0x41, 0x08, 0x41, 0x08, 0x41, 0x08, 0x41, 0x08, 0x41, 0x08, 
0x41, 0x08, 0x41, 0x08, 0x41, 0x08, 0x41, 0x08, 0x41, 0x08, 0x41, 0x00, 0x41, 0x08, 0x41, 0x08, 
0x41, 0x08, 0x41, 0x08, 0x42, 0x08, 0x42, 0x08, 0x42, 0x08, 0x62, 0x08, 0x62, 0x08, 0x62, 0x08, 
0x83, 0x08, 0x83, 0x08, 0xA3, 0x10, 0xA3, 0x10, 0xA3, 0x10, 0xA3, 0x10, 0xC3, 0x10, 0xA3, 0x10, 
0xA3, 0x10, 0x83, 0x10, 0x83, 0x10, 0x82, 0x08, 0x62, 0x08, 0x62, 0x08, 0x41, 0x08, 0x41, 0x08, 
0x41, 0x08, 0x21, 0x00, 0x21, 0x00, 0x21, 0x00, 0x21, 0x00, 0x21, 0x00, 0x21, 0x00, 0x21, 0x00, 
0x41, 0x08, 0x62, 0x08, 0x83, 0x08, 0xA3, 0x10, 0x82, 0x08, 0x62, 0x08, 0x41, 0x08, 0x41, 0x08, 
0x41, 0x08, 0x21, 0x00, 0x41, 0x08, 0x21, 0x08, 0x41, 0x08, 0x62, 0x08, 0x25, 0x21, 0x4A, 0x42, 
0x4A, 0x42, 0x6A, 0x42, 0x4A, 0x42, 0x6A, 0x42, 0x4A, 0x42, 0x4A, 0x42, 0x4A, 0x3A, 0x4A, 0x42, 
0x4A, 0x3A, 0x2A, 0x3A, 0x4A, 0x3A, 0x2A, 0x3A, 0x2A, 0x3A, 0x29, 0x3A, 0x29, 0x3A, 0x29, 0x3A, 
0x09, 0x3A, 0x09, 0x3A, 0x09, 0x3A, 0x09, 0x3A, 0x09, 0x3A, 0xE9, 0x31, 0xE9, 0x31, 0xE8, 0x31, 
0xC4, 0x10, 0xA4, 0x08, 0xA4, 0x08, 0xA4, 0x10, 0xA4, 0x10, 0xC4, 0x10, 0xC4, 0x10, 0xA4, 0x10, 
0xA4, 0x10, 0xC4, 0x10, 0x05, 0x19, 0x25, 0x19, 0x05, 0x19, 0x25, 0x19, 0x26, 0x21, 0x26, 0x21, 
0x26, 0x19, 0x26, 0x19, 0x25, 0x19, 0x25, 0x19, 0x05, 0x19, 0x25, 0x19, 0x26, 0x19, 0x26, 0x19, 
0x26, 0x19, 0x26, 0x19, 0x25, 0x19, 0x25, 0x19, 0x05, 0x19, 0x05, 0x19, 0x05, 0x19, 0x25, 0x19, 
0x26, 0x19, 0x26, 0x19, 0x26, 0x19, 0x26, 0x19, 0x26, 0x19, 0x46, 0x21, 0x26, 0x21, 0x46, 0x21, 
0x46, 0x21, 0x67, 0x21, 0x66, 0x21, 0x67, 0x21, 0x67, 0x21, 0x67, 0x21, 0x67, 0x29, 0x87, 0x29, 
0x87, 0x29, 0x87, 0x29, 0x87, 0x29, 0x87, 0x29, 0x67, 0x21, 0x66, 0x21, 0x66, 0x21, 0x66, 0x21, 
0x25, 0x19, 0x42, 0x00, 0x62, 0x08, 0x42, 0x08, 0x42, 0x08, 0x41, 0x08, 0x41, 0x08, 0x41, 0x08, 
0x41, 0x08, 0x41, 0x08, 0x21, 0x00, 0x21, 0x08, 0x21, 0x00, 0x21, 0x00, 0x20, 0x00, 0x20, 0x00, 
0x21, 0x00, 0x20, 0x00, 0x21, 0x00, 0x21, 0x00, 0x21, 0x00, 0x20, 0x00, 0x21, 0x00, 0x21, 0x00, 
0x21, 0x00, 0x20, 0x00, 0x00, 0x00, 0x20, 0x00, 0x00, 0x00, 0x00, 0x00, 0x00, 0x00, 0x20, 0x00, 
0x20, 0x00, 0x20, 0x00, 0x20, 0x00, 0x20, 0x00, 0x00, 0x00, 0x20, 0x00, 0x20, 0x00, 0x20, 0x00, 
0x20, 0x00, 0x20, 0x00, 0x20, 0x00, 0x00, 0x00, 0x20, 0x00, 0x00, 0x00, 0x00, 0x00, 0x20, 0x00, 
0x00, 0x00, 0x20, 0x00, 0x00, 0x00, 0x20, 0x00, 0x20, 0x00, 0x20, 0x00, 0x20, 0x00, 0x20, 0x00, 
0x20, 0x00, 0x20, 0x00, 0x20, 0x00, 0x20, 0x00, 0x21, 0x00, 0x21, 0x00, 0x21, 0x00, 0x21, 0x00, 
0x21, 0x00, 0x21, 0x00, 0x21, 0x00, 0x21, 0x00, 0x21, 0x00, 0x20, 0x00, 0x20, 0x00, 0x21, 0x00, 
0x21, 0x00, 0x21, 0x00, 0x21, 0x00, 0x21, 0x00, 0x21, 0x00, 0x21, 0x00, 0x21, 0x00, 0x21, 0x00, 
0x21, 0x08, 0x21, 0x08, 0x21, 0x00, 0x21, 0x00, 0x21, 0x00, 0x21, 0x00, 0x41, 0x00, 0x41, 0x00, 
0x41, 0x08, 0x41, 0x08, 0x41, 0x08, 0x41, 0x08, 0x41, 0x00, 0x41, 0x00, 0x41, 0x00, 0x41, 0x00, 
0x41, 0x00, 0x41, 0x00, 0x41, 0x00, 0x41, 0x00, 0x41, 0x08, 0x41, 0x08, 0x41, 0x08, 0x41, 0x08, 
0x41, 0x00, 0x41, 0x00, 0x41, 0x00, 0x41, 0x00, 0x41, 0x00, 0x41, 0x00, 0x41, 0x00, 0x41, 0x00, 
0x21, 0x08, 0x21, 0x08, 0x21, 0x08, 0x21, 0x08, 0x21, 0x08, 0x21, 0x00, 0x41, 0x00, 0x41, 0x00, 
0x41, 0x08, 0x41, 0x08, 0x41, 0x08, 0x21, 0x00, 0x21, 0x00, 0x21, 0x00, 0x21, 0x08, 0x41, 0x08, 
0x42, 0x08, 0x62, 0x08, 0x42, 0x08, 0x62, 0x08, 0x62, 0x08, 0x83, 0x08, 0x62, 0x08, 0x62, 0x08, 
0x82, 0x10, 0x21, 0x00, 0x20, 0x00, 0x20, 0x00, 0x20, 0x00, 0x42, 0x08, 0x62, 0x08, 0x82, 0x08, 
0x82, 0x10, 0x41, 0x00, 0x21, 0x00, 0x41, 0x08, 0x82, 0x08, 0x41, 0x08, 0x21, 0x00, 0x21, 0x00, 
0x41, 0x08, 0x42, 0x08, 0x42, 0x08, 0xA3, 0x10, 0xC4, 0x18, 0x21, 0x00, 0x41, 0x08, 0x62, 0x08, 
0x62, 0x08, 0x41, 0x08, 0x41, 0x08, 0x41, 0x08, 0x41, 0x08, 0x41, 0x08, 0x41, 0x08, 0x41, 0x08, 
0x41, 0x08, 0x41, 0x08, 0x41, 0x08, 0x41, 0x08, 0x41, 0x08, 0x41, 0x08, 0x41, 0x08, 0x41, 0x08, 
0x41, 0x08, 0x21, 0x08, 0x21, 0x08, 0x41, 0x08, 0x41, 0x08, 0x21, 0x08, 0x21, 0x08, 0x41, 0x00, 
0x42, 0x08, 0x42, 0x08, 0x62, 0x08, 0x62, 0x08, 0x62, 0x08, 0x62, 0x08, 0x82, 0x08, 0x83, 0x08, 
0xA3, 0x10, 0xA3, 0x10, 0xA3, 0x10, 0xC4, 0x10, 0xA4, 0x10, 0xA4, 0x10, 0xA3, 0x10, 0xA3, 0x10, 
0xA3, 0x10, 0x83, 0x08, 0x82, 0x08, 0x62, 0x08, 0x62, 0x08, 0x62, 0x08, 0x41, 0x08, 0x41, 0x00, 
0x21, 0x00, 0x21, 0x00, 0x21, 0x00, 0x21, 0x00, 0x21, 0x00, 0x21, 0x00, 0x21, 0x00, 0x21, 0x00, 
0x21, 0x00, 0x21, 0x00, 0x21, 0x00, 0x21, 0x00, 0x21, 0x00, 0x21, 0x00, 0x21, 0x00, 0x21, 0x00, 
0x41, 0x08, 0x42, 0x08, 0x83, 0x10, 0x83, 0x08, 0x41, 0x08, 0x41, 0x08, 0x41, 0x08, 0x21, 0x00, 
0x21, 0x00, 0x21, 0x00, 0x42, 0x08, 0x41, 0x08, 0x41, 0x08, 0x42, 0x08, 0xE4, 0x18, 0x4A, 0x3A, 
0x4A, 0x42, 0x4A, 0x42, 0x4A, 0x42, 0x4A, 0x42, 0x4A, 0x3A, 0x4A, 0x3A, 0x4A, 0x3A, 0x4A, 0x3A, 
0x2A, 0x3A, 0x29, 0x3A, 0x29, 0x3A, 0x29, 0x3A, 0x2A, 0x3A, 0x29, 0x3A, 0x29, 0x3A, 0x29, 0x3A, 
0x09, 0x3A, 0x09, 0x3A, 0x09, 0x3A, 0x09, 0x3A, 0x09, 0x3A, 0x09, 0x32, 0xE9, 0x31, 0xE8, 0x31, 
0xA4, 0x08, 0xA4, 0x10, 0xA4, 0x08, 0xA4, 0x10, 0xA4, 0x10, 0xA4, 0x10, 0xA4, 0x10, 0xA4, 0x10, 
0xA4, 0x10, 0xC4, 0x10, 0xE5, 0x18, 0x25, 0x19, 0x26, 0x19, 0x26, 0x19, 0x26, 0x19, 0x26, 0x19, 
0x26, 0x19, 0x46, 0x19, 0x25, 0x19, 0x25, 0x19, 0x05, 0x19, 0x25, 0x19, 0x26, 0x19, 0x26, 0x21, 
0x25, 0x21, 0x26, 0x19, 0x26, 0x19, 0x25, 0x19, 0x05, 0x19, 0x05, 0x19, 0x05, 0x19, 0x25, 0x19, 
0x25, 0x19, 0x26, 0x19, 0x26, 0x19, 0x26, 0x19, 0x26, 0x19, 0x46, 0x21, 0x26, 0x21, 0x26, 0x21, 
0x46, 0x21, 0x46, 0x21, 0x46, 0x21, 0x66, 0x21, 0x66, 0x21, 0x66, 0x21, 0x67, 0x21, 0x67, 0x21, 
0x87, 0x29, 0x87, 0x29, 0x87, 0x29, 0x87, 0x29, 0x67, 0x21, 0x67, 0x21, 0x67, 0x21, 0x67, 0x21, 
0x25, 0x19, 0x41, 0x00, 0x42, 0x08, 0x42, 0x08, 0x42, 0x08, 0x41, 0x08, 0x41, 0x08, 0x41, 0x08, 
0x41, 0x08, 0x41, 0x08, 0x21, 0x00, 0x21, 0x00, 0x21, 0x00, 0x21, 0x00, 0x21, 0x00, 0x21, 0x00, 
0x21, 0x00, 0x21, 0x00, 0x20, 0x00, 0x21, 0x00, 0x21, 0x00, 0x20, 0x00, 0x21, 0x00, 0x20, 0x00, 
0x21, 0x00, 0x00, 0x00, 0x00, 0x00, 0x20, 0x00, 0x20, 0x00, 0x00, 0x00, 0x00, 0x00, 0x20, 0x00, 
0x20, 0x00, 0x00, 0x00, 0x20, 0x00, 0x20, 0x00, 0x20, 0x00, 0x20, 0x00, 0x20, 0x00, 0x20, 0x00, 
0x20, 0x00, 0x20, 0x00, 0x20, 0x00, 0x20, 0x00, 0x20, 0x00, 0x20, 0x00, 0x20, 0x00, 0x20, 0x00, 
0x00, 0x00, 0x20, 0x00, 0x20, 0x00, 0x20, 0x00, 0x00, 0x00, 0x20, 0x00, 0x20, 0x00, 0x20, 0x00, 
0x20, 0x00, 0x20, 0x00, 0x20, 0x00, 0x20, 0x00, 0x21, 0x00, 0x21, 0x00, 0x21, 0x00, 0x21, 0x00, 
0x21, 0x00, 0x21, 0x00, 0x21, 0x00, 0x21, 0x00, 0x21, 0x00, 0x21, 0x00, 0x21, 0x00, 0x21, 0x00, 
0x20, 0x00, 0x21, 0x00, 0x21, 0x00, 0x21, 0x00, 0x21, 0x00, 0x21, 0x00, 0x21, 0x00, 0x21, 0x00, 
0x21, 0x00, 0x21, 0x00, 0x21, 0x00, 0x21, 0x08, 0x21, 0x00, 0x21, 0x00, 0x21, 0x00, 0x21, 0x00, 
0x41, 0x00, 0x21, 0x08, 0x21, 0x08, 0x41, 0x08, 0x41, 0x08, 0x41, 0x08, 0x41, 0x08, 0x41, 0x00, 
0x41, 0x00, 0x41, 0x00, 0x41, 0x00, 0x42, 0x00, 0x41, 0x00, 0x41, 0x00, 0x41, 0x00, 0x41, 0x00, 
0x21, 0x00, 0x21, 0x00, 0x41, 0x00, 0x41, 0x00, 0x41, 0x00, 0x41, 0x00, 0x41, 0x08, 0x21, 0x08, 
0x21, 0x08, 0x41, 0x08, 0x21, 0x08, 0x21, 0x08, 0x21, 0x08, 0x21, 0x00, 0x41, 0x08, 0x41, 0x00, 
0x41, 0x08, 0x41, 0x08, 0x41, 0x08, 0x21, 0x00, 0x20, 0x00, 0x21, 0x00, 0x21, 0x00, 0x41, 0x08, 
0x62, 0x08, 0x62, 0x08, 0x62, 0x08, 0x62, 0x08, 0x83, 0x08, 0x83, 0x08, 0x62, 0x08, 0x62, 0x08, 
0x83, 0x10, 0x62, 0x08, 0x20, 0x00, 0x20, 0x00, 0x20, 0x00, 0x21, 0x00, 0x62, 0x08, 0x82, 0x10, 
0x62, 0x08, 0x21, 0x00, 0x21, 0x00, 0x41, 0x00, 0x62, 0x08, 0x62, 0x08, 0x21, 0x00, 0x21, 0x00, 
0x41, 0x08, 0x42, 0x08, 0x42, 0x08, 0xA3, 0x10, 0x83, 0x10, 0x21, 0x00, 0x21, 0x08, 0x62, 0x08, 
0x62, 0x08, 0x42, 0x08, 0x42, 0x08, 0x41, 0x08, 0x41, 0x08, 0x41, 0x08, 0x41, 0x08, 0x41, 0x08, 
0x41, 0x08, 0x41, 0x00, 0x41, 0x00, 0x41, 0x00, 0x41, 0x00, 0x41, 0x00, 0x41, 0x08, 0x42, 0x08, 
0x42, 0x08, 0x62, 0x08, 0x62, 0x08, 0x62, 0x08, 0x83, 0x08, 0x83, 0x10, 0x83, 0x08, 0xA3, 0x10, 
0xA3, 0x10, 0xA3, 0x10, 0xA3, 0x10, 0xA3, 0x10, 0xA3, 0x10, 0x83, 0x08, 0x83, 0x08, 0x83, 0x08, 
0x82, 0x08, 0x62, 0x08, 0x62, 0x08, 0x42, 0x08, 0x41, 0x08, 0x21, 0x00, 0x21, 0x00, 0x21, 0x00, 
0x21, 0x00, 0x21, 0x00, 0x21, 0x00, 0x21, 0x00, 0x21, 0x00, 0x21, 0x00, 0x21, 0x00, 0x21, 0x00, 
0x21, 0x00, 0x21, 0x00, 0x21, 0x00, 0x21, 0x00, 0x21, 0x00, 0x20, 0x00, 0x21, 0x00, 0x20, 0x00, 
0x20, 0x00, 0x21, 0x00, 0x20, 0x00, 0x41, 0x00, 0x20, 0x00, 0x21, 0x00, 0x21, 0x00, 0x21, 0x00, 
0x41, 0x08, 0x42, 0x08, 0x83, 0x10, 0x41, 0x00, 0x01, 0x00, 0x21, 0x08, 0x21, 0x00, 0x21, 0x00, 
0x21, 0x00, 0x41, 0x08, 0x62, 0x10, 0x41, 0x08, 0x41, 0x08, 0x62, 0x08, 0x83, 0x08, 0x09, 0x3A, 
0x6A, 0x42, 0x4A, 0x3A, 0x6A, 0x42, 0x6A, 0x42, 0x6A, 0x42, 0x4A, 0x42, 0x4A, 0x3A, 0x4A, 0x3A, 
0x2A, 0x3A, 0x2A, 0x3A, 0x2A, 0x3A, 0x2A, 0x3A, 0x2A, 0x3A, 0x29, 0x3A, 0x2A, 0x3A, 0x29, 0x3A, 
0x09, 0x3A, 0x09, 0x3A, 0x09, 0x3A, 0x09, 0x32, 0xE9, 0x31, 0xE9, 0x31, 0xE8, 0x31, 0xE9, 0x31, 
0xA4, 0x10, 0xA4, 0x10, 0xA3, 0x10, 0xA4, 0x10, 0xA3, 0x10, 0xA4, 0x10, 0xA4, 0x10, 0xA4, 0x10, 
0xA4, 0x10, 0xA4, 0x10, 0x05, 0x19, 0x25, 0x19, 0x25, 0x19, 0x26, 0x19, 0x26, 0x19, 0x26, 0x19, 
0x46, 0x19, 0x46, 0x19, 0x25, 0x19, 0x05, 0x19, 0x05, 0x19, 0x25, 0x19, 0x26, 0x19, 0x26, 0x19, 
0x25, 0x19, 0x25, 0x19, 0x25, 0x19, 0x05, 0x19, 0x05, 0x19, 0x05, 0x19, 0x05, 0x19, 0x05, 0x19, 
0x26, 0x19, 0x26, 0x19, 0x25, 0x19, 0x25, 0x19, 0x25, 0x19, 0x26, 0x19, 0x26, 0x19, 0x25, 0x19, 
0x25, 0x19, 0x46, 0x21, 0x46, 0x21, 0x46, 0x21, 0x46, 0x21, 0x46, 0x21, 0x46, 0x21, 0x67, 0x21, 
0x87, 0x29, 0x87, 0x21, 0x87, 0x21, 0x67, 0x21, 0x67, 0x21, 0x67, 0x21, 0x67, 0x21, 0x67, 0x21, 
0x26, 0x21, 0x42, 0x08, 0x42, 0x08, 0x62, 0x08, 0x41, 0x08, 0x41, 0x08, 0x41, 0x08, 0x42, 0x08, 
0x41, 0x08, 0x41, 0x08, 0x21, 0x08, 0x21, 0x00, 0x21, 0x00, 0x21, 0x00, 0x21, 0x00, 0x21, 0x00, 
0x21, 0x00, 0x21, 0x00, 0x21, 0x00, 0x21, 0x00, 0x21, 0x00, 0x21, 0x00, 0x21, 0x00, 0x21, 0x00, 
0x21, 0x00, 0x20, 0x00, 0x00, 0x00, 0x20, 0x00, 0x20, 0x00, 0x20, 0x00, 0x00, 0x00, 0x20, 0x00, 
0x20, 0x00, 0x00, 0x00, 0x20, 0x00, 0x20, 0x00, 0x20, 0x00, 0x20, 0x00, 0x20, 0x00, 0x20, 0x00, 
0x20, 0x00, 0x20, 0x00, 0x20, 0x00, 0x20, 0x00, 0x20, 0x00, 0x20, 0x00, 0x20, 0x00, 0x20, 0x00, 
0x00, 0x00, 0x20, 0x00, 0x20, 0x00, 0x20, 0x00, 0x20, 0x00, 0x20, 0x00, 0x20, 0x00, 0x20, 0x00, 
0x20, 0x00, 0x20, 0x00, 0x00, 0x00, 0x20, 0x00, 0x21, 0x00, 0x21, 0x00, 0x21, 0x00, 0x21, 0x00, 
0x21, 0x00, 0x21, 0x00, 0x21, 0x00, 0x21, 0x00, 0x21, 0x00, 0x21, 0x00, 0x21, 0x00, 0x21, 0x00, 
0x21, 0x00, 0x20, 0x00, 0x21, 0x00, 0x21, 0x00, 0x21, 0x00, 0x21, 0x00, 0x21, 0x00, 0x21, 0x00, 
0x21, 0x00, 0x21, 0x00, 0x21, 0x00, 0x21, 0x00, 0x21, 0x00, 0x21, 0x00, 0x21, 0x00, 0x21, 0x00, 
0x21, 0x00, 0x21, 0x00, 0x21, 0x00, 0x21, 0x00, 0x21, 0x08, 0x21, 0x08, 0x21, 0x08, 0x41, 0x08, 
0x41, 0x00, 0x41, 0x00, 0x41, 0x00, 0x41, 0x00, 0x41, 0x00, 0x41, 0x00, 0x41, 0x00, 0x41, 0x00, 
0x41, 0x00, 0x41, 0x00, 0x41, 0x00, 0x21, 0x08, 0x21, 0x08, 0x21, 0x00, 0x41, 0x08, 0x41, 0x08, 
0x21, 0x08, 0x21, 0x08, 0x21, 0x00, 0x21, 0x00, 0x21, 0x08, 0x21, 0x00, 0x41, 0x08, 0x41, 0x00, 
0x41, 0x08, 0x41, 0x08, 0x41, 0x08, 0x21, 0x00, 0x21, 0x00, 0x21, 0x08, 0x21, 0x08, 0x41, 0x08, 
0x41, 0x00, 0x41, 0x08, 0x42, 0x08, 0x62, 0x08, 0x62, 0x08, 0x83, 0x08, 0x62, 0x08, 0x82, 0x08, 
0x82, 0x08, 0x83, 0x10, 0x41, 0x08, 0x20, 0x00, 0x20, 0x00, 0x21, 0x00, 0x62, 0x08, 0x62, 0x08, 
0x21, 0x00, 0x21, 0x00, 0x20, 0x00, 0x41, 0x08, 0x62, 0x08, 0x62, 0x08, 0x21, 0x00, 0x21, 0x00, 
0x41, 0x08, 0x41, 0x08, 0x41, 0x08, 0x82, 0x10, 0xE4, 0x18, 0x42, 0x08, 0x21, 0x00, 0x62, 0x08, 
0x42, 0x00, 0x21, 0x00, 0x42, 0x00, 0x42, 0x08, 0x42, 0x08, 0x62, 0x08, 0x62, 0x08, 0x62, 0x08, 
0x83, 0x08, 0x83, 0x08, 0x83, 0x08, 0x83, 0x08, 0x83, 0x08, 0xA3, 0x10, 0xA3, 0x10, 0xA3, 0x10, 
0xA3, 0x08, 0xA3, 0x08, 0x83, 0x08, 0x83, 0x08, 0x83, 0x08, 0x62, 0x08, 0x62, 0x08, 0x62, 0x08, 
0x42, 0x08, 0x42, 0x08, 0x41, 0x08, 0x21, 0x08, 0x21, 0x00, 0x21, 0x00, 0x21, 0x00, 0x21, 0x00, 
0x21, 0x00, 0x21, 0x00, 0x21, 0x00, 0x21, 0x00, 0x21, 0x00, 0x21, 0x00, 0x21, 0x08, 0x21, 0x08, 
0x21, 0x08, 0x21, 0x00, 0x21, 0x00, 0x21, 0x00, 0x21, 0x00, 0x21, 0x00, 0x21, 0x00, 0x21, 0x00, 
0x01, 0x00, 0x00, 0x00, 0x20, 0x00, 0x20, 0x00, 0x00, 0x00, 0x00, 0x00, 0x20, 0x00, 0x21, 0x00, 
0x21, 0x00, 0x21, 0x00, 0x21, 0x00, 0x21, 0x08, 0x21, 0x00, 0x21, 0x00, 0x21, 0x00, 0x21, 0x00, 
0x41, 0x08, 0x62, 0x08, 0x83, 0x10, 0x21, 0x00, 0x21, 0x00, 0x41, 0x08, 0x41, 0x08, 0x21, 0x00, 
0x21, 0x00, 0x62, 0x08, 0x83, 0x10, 0x42, 0x08, 0x41, 0x08, 0x62, 0x08, 0xA3, 0x10, 0x4A, 0x42, 
0x8B, 0x4A, 0x8B, 0x42, 0x8B, 0x42, 0x8B, 0x4A, 0x8B, 0x42, 0x8B, 0x42, 0x8B, 0x42, 0x6B, 0x42, 
0x6B, 0x42, 0x6B, 0x42, 0x6B, 0x42, 0x4A, 0x42, 0x4A, 0x42, 0x4A, 0x42, 0x4A, 0x3A, 0x4A, 0x3A, 
0x4A, 0x3A, 0x2A, 0x3A, 0x2A, 0x3A, 0x2A, 0x3A, 0x29, 0x3A, 0x29, 0x3A, 0x09, 0x3A, 0x09, 0x3A, 
0xA3, 0x08, 0xA3, 0x08, 0xA3, 0x08, 0xA3, 0x10, 0xA3, 0x10, 0xA3, 0x10, 0xA4, 0x10, 0xA4, 0x10, 
0xA4, 0x10, 0xC4, 0x10, 0x05, 0x19, 0x25, 0x19, 0x25, 0x19, 0x46, 0x21, 0x26, 0x21, 0x26, 0x19, 
0x25, 0x19, 0x25, 0x19, 0x25, 0x19, 0x05, 0x19, 0x05, 0x19, 0x25, 0x19, 0x26, 0x19, 0x26, 0x21, 
0x26, 0x19, 0x05, 0x19, 0x05, 0x19, 0x05, 0x21, 0x05, 0x21, 0x05, 0x19, 0x05, 0x19, 0x05, 0x19, 
0x25, 0x19, 0x05, 0x19, 0x05, 0x19, 0x05, 0x19, 0x05, 0x19, 0x05, 0x19, 0x25, 0x19, 0x05, 0x19, 
0x25, 0x19, 0x26, 0x19, 0x26, 0x21, 0x46, 0x21, 0x46, 0x21, 0x46, 0x21, 0x46, 0x21, 0x46, 0x21, 
0x66, 0x21, 0x46, 0x21, 0x46, 0x21, 0x46, 0x21, 0x46, 0x21, 0x46, 0x21, 0x46, 0x21, 0x26, 0x19, 
0x25, 0x19, 0x62, 0x08, 0x42, 0x08, 0x42, 0x08, 0x41, 0x08, 0x41, 0x00, 0x62, 0x08, 0x62, 0x08, 
0x41, 0x08, 0x41, 0x08, 0x21, 0x08, 0x21, 0x00, 0x21, 0x00, 0x21, 0x00, 0x21, 0x00, 0x21, 0x00, 
0x21, 0x00, 0x21, 0x00, 0x21, 0x00, 0x21, 0x00, 0x20, 0x00, 0x20, 0x00, 0x20, 0x00, 0x20, 0x00, 
0x20, 0x00, 0x20, 0x00, 0x00, 0x00, 0x20, 0x00, 0x20, 0x00, 0x20, 0x00, 0x00, 0x00, 0x20, 0x00, 
0x20, 0x00, 0x20, 0x00, 0x20, 0x00, 0x20, 0x00, 0x20, 0x00, 0x20, 0x00, 0x20, 0x00, 0x20, 0x00, 
0x20, 0x00, 0x20, 0x00, 0x20, 0x00, 0x00, 0x00, 0x00, 0x00, 0x20, 0x00, 0x20, 0x00, 0x20, 0x00, 
0x20, 0x00, 0x20, 0x00, 0x20, 0x00, 0x20, 0x00, 0x20, 0x00, 0x20, 0x00, 0x20, 0x00, 0x20, 0x00, 
0x20, 0x00, 0x20, 0x00, 0x20, 0x00, 0x20, 0x00, 0x21, 0x00, 0x21, 0x00, 0x21, 0x00, 0x21, 0x00, 
0x21, 0x00, 0x21, 0x00, 0x21, 0x00, 0x21, 0x00, 0x21, 0x00, 0x21, 0x00, 0x21, 0x00, 0x21, 0x00, 
0x21, 0x00, 0x21, 0x00, 0x21, 0x00, 0x21, 0x00, 0x21, 0x00, 0x21, 0x00, 0x21, 0x00, 0x21, 0x00, 
0x21, 0x00, 0x21, 0x00, 0x21, 0x00, 0x21, 0x00, 0x21, 0x00, 0x21, 0x00, 0x21, 0x00, 0x21, 0x00, 
0x21, 0x00, 0x21, 0x00, 0x21, 0x00, 0x21, 0x00, 0x21, 0x08, 0x21, 0x08, 0x41, 0x08, 0x41, 0x08, 
0x41, 0x00, 0x41, 0x00, 0x41, 0x00, 0x41, 0x00, 0x41, 0x00, 0x41, 0x00, 0x41, 0x00, 0x41, 0x00, 
0x41, 0x00, 0x41, 0x00, 0x41, 0x00, 0x21, 0x08, 0x21, 0x00, 0x21, 0x00, 0x21, 0x00, 0x21, 0x08, 
0x21, 0x08, 0x21, 0x00, 0x21, 0x00, 0x21, 0x00, 0x41, 0x08, 0x21, 0x08, 0x41, 0x08, 0x41, 0x08, 
0x41, 0x08, 0x41, 0x08, 0x41, 0x08, 0x20, 0x00, 0x21, 0x00, 0x41, 0x08, 0x41, 0x08, 0x42, 0x08, 
0x42, 0x08, 0x42, 0x08, 0x62, 0x08, 0x62, 0x08, 0x62, 0x08, 0x82, 0x08, 0x62, 0x08, 0x82, 0x08, 
0x82, 0x10, 0x83, 0x10, 0x62, 0x08, 0x20, 0x00, 0x20, 0x00, 0x21, 0x00, 0x21, 0x00, 0x21, 0x00, 
0x21, 0x00, 0x21, 0x00, 0x20, 0x00, 0x41, 0x00, 0x62, 0x08, 0x62, 0x08, 0x41, 0x08, 0x21, 0x00, 
0x21, 0x00, 0x21, 0x08, 0x42, 0x08, 0x62, 0x08, 0xA3, 0x10, 0x82, 0x10, 0x41, 0x08, 0x83, 0x10, 
0x04, 0x19, 0xC4, 0x10, 0xA3, 0x10, 0xA3, 0x10, 0xC3, 0x10, 0xA3, 0x10, 0xA3, 0x10, 0xA3, 0x10, 
0xA3, 0x10, 0x83, 0x08, 0x82, 0x08, 0x62, 0x08, 0x62, 0x08, 0x42, 0x08, 0x41, 0x00, 0x41, 0x00, 
0x21, 0x00, 0x21, 0x00, 0x21, 0x00, 0x21, 0x00, 0x21, 0x00, 0x21, 0x00, 0x21, 0x00, 0x21, 0x00, 
0x21, 0x00, 0x41, 0x08, 0x41, 0x08, 0x41, 0x08, 0x21, 0x08, 0x41, 0x08, 0x21, 0x00, 0x21, 0x08, 
0x41, 0x08, 0x41, 0x00, 0x21, 0x00, 0x21, 0x00, 0x21, 0x00, 0x21, 0x00, 0x21, 0x00, 0x21, 0x00, 
0x01, 0x00, 0x21, 0x00, 0x20, 0x00, 0x01, 0x00, 0x01, 0x00, 0x01, 0x00, 0x01, 0x00, 0x00, 0x00, 
0x01, 0x00, 0x01, 0x00, 0x01, 0x00, 0x20, 0x00, 0x00, 0x00, 0x20, 0x00, 0x20, 0x00, 0x21, 0x00, 
0x21, 0x00, 0x21, 0x00, 0x21, 0x00, 0x21, 0x00, 0x21, 0x08, 0x21, 0x08, 0x21, 0x08, 0x21, 0x00, 
0x41, 0x08, 0x62, 0x08, 0x82, 0x10, 0x41, 0x08, 0x62, 0x08, 0x82, 0x10, 0x62, 0x08, 0x21, 0x08, 
0x42, 0x08, 0x83, 0x10, 0x83, 0x10, 0x62, 0x08, 0x41, 0x08, 0x62, 0x08, 0xA3, 0x10, 0x4A, 0x3A, 
0x8B, 0x42, 0x6B, 0x42, 0x8B, 0x42, 0x8B, 0x42, 0x8B, 0x42, 0x8B, 0x4A, 0x8B, 0x42, 0x8B, 0x42, 
0x8B, 0x42, 0x8B, 0x4A, 0x6B, 0x42, 0x6B, 0x42, 0x6B, 0x42, 0x6B, 0x42, 0x6B, 0x42, 0x6B, 0x42, 
0x6B, 0x42, 0x6B, 0x42, 0x6A, 0x42, 0x4A, 0x42, 0x4A, 0x3A, 0x4A, 0x3A, 0x4A, 0x3A, 0x2A, 0x3A, 
0xA3, 0x08, 0xA3, 0x08, 0xA3, 0x08, 0xA3, 0x10, 0xA4, 0x10, 0xA3, 0x10, 0xA4, 0x10, 0xA4, 0x10, 
0xC4, 0x10, 0xE4, 0x18, 0x05, 0x19, 0x26, 0x19, 0x46, 0x19, 0x46, 0x19, 0x26, 0x21, 0x26, 0x21, 
0x05, 0x19, 0x05, 0x19, 0x25, 0x19, 0x05, 0x19, 0x05, 0x19, 0x25, 0x19, 0x25, 0x19, 0x25, 0x19, 
0x25, 0x19, 0x05, 0x19, 0x05, 0x19, 0x05, 0x19, 0x05, 0x19, 0x05, 0x19, 0x05, 0x19, 0x05, 0x19, 
0x05, 0x19, 0x05, 0x19, 0x05, 0x19, 0x05, 0x19, 0x05, 0x19, 0x05, 0x19, 0x05, 0x19, 0x05, 0x19, 
0x05, 0x19, 0x25, 0x19, 0x25, 0x19, 0x46, 0x21, 0x25, 0x19, 0x25, 0x19, 0x46, 0x19, 0x26, 0x21, 
0x46, 0x19, 0x46, 0x21, 0x46, 0x21, 0x46, 0x21, 0x26, 0x21, 0x46, 0x21, 0x26, 0x21, 0x46, 0x21, 
0x46, 0x21, 0xA3, 0x10, 0x42, 0x08, 0x42, 0x08, 0x41, 0x08, 0x62, 0x08, 0x42, 0x08, 0x41, 0x08, 
0x41, 0x08, 0x41, 0x08, 0x21, 0x00, 0x21, 0x00, 0x21, 0x08, 0x21, 0x00, 0x21, 0x00, 0x21, 0x00, 
0x21, 0x00, 0x21, 0x00, 0x21, 0x00, 0x21, 0x00, 0x21, 0x00, 0x20, 0x00, 0x21, 0x00, 0x20, 0x00, 
0x20, 0x00, 0x20, 0x00, 0x00, 0x00, 0x20, 0x00, 0x20, 0x00, 0x00, 0x00, 0x00, 0x00, 0x20, 0x00, 
0x20, 0x00, 0x00, 0x00, 0x00, 0x00, 0x00, 0x00, 0x00, 0x00, 0x00, 0x00, 0x00, 0x00, 0x00, 0x00, 
0x20, 0x00, 0x20, 0x00, 0x20, 0x00, 0x00, 0x00, 0x00, 0x00, 0x20, 0x00, 0x20, 0x00, 0x00, 0x00, 
0x20, 0x00, 0x21, 0x00, 0x20, 0x00, 0x00, 0x00, 0x00, 0x00, 0x20, 0x00, 0x20, 0x00, 0x20, 0x00, 
0x20, 0x00, 0x20, 0x00, 0x20, 0x00, 0x20, 0x00, 0x21, 0x00, 0x21, 0x00, 0x21, 0x00, 0x21, 0x00, 
0x21, 0x00, 0x21, 0x00, 0x21, 0x00, 0x21, 0x00, 0x21, 0x00, 0x21, 0x00, 0x21, 0x00, 0x21, 0x00, 
0x21, 0x00, 0x21, 0x00, 0x21, 0x00, 0x21, 0x00, 0x21, 0x00, 0x21, 0x00, 0x21, 0x00, 0x21, 0x00, 
0x21, 0x00, 0x21, 0x00, 0x21, 0x00, 0x21, 0x00, 0x21, 0x00, 0x21, 0x00, 0x21, 0x00, 0x21, 0x00, 
0x21, 0x00, 0x21, 0x00, 0x41, 0x08, 0x21, 0x00, 0x21, 0x00, 0x41, 0x08, 0x41, 0x08, 0x41, 0x08, 
0x41, 0x08, 0x41, 0x00, 0x42, 0x00, 0x41, 0x00, 0x41, 0x00, 0x41, 0x00, 0x41, 0x00, 0x41, 0x00, 
0x41, 0x00, 0x41, 0x00, 0x41, 0x00, 0x21, 0x08, 0x21, 0x08, 0x41, 0x00, 0x41, 0x00, 0x21, 0x08, 
0x21, 0x08, 0x21, 0x00, 0x21, 0x00, 0x21, 0x00, 0x21, 0x00, 0x21, 0x00, 0x21, 0x08, 0x21, 0x08, 
0x41, 0x08, 0x41, 0x08, 0x21, 0x00, 0x20, 0x00, 0x21, 0x00, 0x21, 0x00, 0x41, 0x08, 0x62, 0x08, 
0x62, 0x08, 0x62, 0x08, 0x62, 0x08, 0x62, 0x08, 0x83, 0x08, 0x82, 0x08, 0x62, 0x08, 0x82, 0x10, 
0x82, 0x10, 0x83, 0x10, 0x62, 0x08, 0x20, 0x00, 0x20, 0x00, 0x21, 0x00, 0x20, 0x00, 0x21, 0x00, 
0x20, 0x00, 0x21, 0x00, 0x21, 0x00, 0x21, 0x00, 0x62, 0x08, 0x62, 0x08, 0x41, 0x08, 0x21, 0x00, 
0x21, 0x00, 0x21, 0x08, 0x41, 0x08, 0x62, 0x08, 0x82, 0x10, 0x41, 0x08, 0x21, 0x08, 0x83, 0x10, 
0xC4, 0x18, 0x82, 0x08, 0x62, 0x08, 0x41, 0x08, 0x41, 0x00, 0x41, 0x00, 0x21, 0x00, 0x21, 0x00, 
0x21, 0x00, 0x21, 0x00, 0x21, 0x00, 0x21, 0x00, 0x21, 0x00, 0x21, 0x00, 0x21, 0x00, 0x21, 0x00, 
0x21, 0x00, 0x21, 0x00, 0x21, 0x08, 0x21, 0x08, 0x21, 0x00, 0x21, 0x08, 0x21, 0x08, 0x21, 0x08, 
0x21, 0x00, 0x21, 0x00, 0x21, 0x00, 0x21, 0x00, 0x21, 0x00, 0x21, 0x00, 0x21, 0x00, 0x21, 0x00, 
0x20, 0x00, 0x20, 0x00, 0x20, 0x00, 0x20, 0x00, 0x00, 0x00, 0x00, 0x00, 0x00, 0x00, 0x01, 0x00, 
0x21, 0x00, 0x21, 0x00, 0x21, 0x00, 0x21, 0x00, 0x41, 0x00, 0x62, 0x08, 0x62, 0x08, 0x42, 0x08, 
0x42, 0x08, 0x21, 0x00, 0x01, 0x00, 0x21, 0x00, 0x21, 0x00, 0x21, 0x00, 0x01, 0x00, 0x01, 0x00, 
0x21, 0x00, 0x21, 0x00, 0x41, 0x00, 0x41, 0x08, 0x41, 0x08, 0x41, 0x08, 0x41, 0x08, 0x41, 0x08, 
0x42, 0x08, 0x62, 0x08, 0x83, 0x08, 0xC3, 0x10, 0x82, 0x10, 0x62, 0x08, 0x62, 0x08, 0x41, 0x08, 
0x21, 0x00, 0x62, 0x08, 0x82, 0x08, 0x62, 0x08, 0x42, 0x08, 0x62, 0x08, 0x83, 0x08, 0x09, 0x3A, 
0x8B, 0x4A, 0x8B, 0x42, 0xAB, 0x4A, 0xAB, 0x4A, 0xAB, 0x4A, 0xAB, 0x4A, 0xAB, 0x4A, 0x8B, 0x4A, 
0x8B, 0x4A, 0x8B, 0x4A, 0x8B, 0x42, 0x8B, 0x4A, 0x6B, 0x42, 0x6B, 0x42, 0x6B, 0x42, 0x6A, 0x42, 
0x6B, 0x42, 0x4A, 0x3A, 0x4A, 0x3A, 0x4A, 0x3A, 0x4A, 0x3A, 0x4A, 0x3A, 0x2A, 0x3A, 0x2A, 0x3A, 
0xA3, 0x10, 0xA3, 0x10, 0xA3, 0x08, 0xC4, 0x10, 0xC4, 0x10, 0xC4, 0x10, 0xC4, 0x10, 0xC4, 0x10, 
0xC4, 0x10, 0xE4, 0x18, 0x05, 0x19, 0x26, 0x19, 0x46, 0x19, 0x46, 0x21, 0x46, 0x21, 0x46, 0x21, 
0x25, 0x19, 0x05, 0x19, 0x05, 0x19, 0x05, 0x19, 0x05, 0x19, 0x05, 0x19, 0x05, 0x19, 0x05, 0x19, 
0x05, 0x19, 0x05, 0x19, 0x05, 0x19, 0x05, 0x19, 0x05, 0x19, 0x05, 0x19, 0x05, 0x19, 0x05, 0x19, 
0x25, 0x19, 0x05, 0x19, 0x25, 0x19, 0x25, 0x19, 0x25, 0x19, 0x25, 0x19, 0x25, 0x19, 0x25, 0x21, 
0x25, 0x19, 0x25, 0x19, 0x26, 0x19, 0x46, 0x21, 0x46, 0x21, 0x46, 0x21, 0x46, 0x21, 0x46, 0x21, 
0x66, 0x21, 0x46, 0x21, 0x46, 0x21, 0x46, 0x21, 0x46, 0x21, 0x46, 0x21, 0x46, 0x21, 0x46, 0x21, 
0x46, 0x21, 0xE4, 0x10, 0x42, 0x00, 0x41, 0x08, 0x42, 0x08, 0xA3, 0x10, 0xA3, 0x10, 0x82, 0x10, 
0x62, 0x08, 0x41, 0x08, 0x41, 0x08, 0x21, 0x00, 0x21, 0x00, 0x21, 0x00, 0x21, 0x00, 0x21, 0x00, 
0x21, 0x00, 0x21, 0x00, 0x21, 0x00, 0x21, 0x00, 0x21, 0x00, 0x21, 0x00, 0x21, 0x00, 0x20, 0x00, 
0x21, 0x00, 0x20, 0x00, 0x20, 0x00, 0x20, 0x00, 0x20, 0x00, 0x20, 0x00, 0x20, 0x00, 0x20, 0x00, 
0x20, 0x00, 0x20, 0x00, 0x20, 0x00, 0x00, 0x00, 0x00, 0x00, 0x00, 0x00, 0x20, 0x00, 0x00, 0x00, 
0x00, 0x00, 0x00, 0x00, 0x00, 0x00, 0x00, 0x00, 0x20, 0x00, 0x20, 0x00, 0x20, 0x00, 0x20, 0x00, 
0x00, 0x00, 0x20, 0x00, 0x20, 0x00, 0x00, 0x00, 0x00, 0x00, 0x00, 0x00, 0x00, 0x00, 0x00, 0x00, 
0x20, 0x00, 0x20, 0x00, 0x20, 0x00, 0x20, 0x00, 0x21, 0x00, 0x21, 0x00, 0x21, 0x00, 0x21, 0x00, 
0x21, 0x00, 0x21, 0x00, 0x41, 0x00, 0x21, 0x00, 0x21, 0x00, 0x21, 0x00, 0x21, 0x00, 0x21, 0x00, 
0x21, 0x08, 0x21, 0x00, 0x21, 0x00, 0x21, 0x00, 0x21, 0x00, 0x21, 0x00, 0x21, 0x00, 0x21, 0x00, 
0x21, 0x00, 0x21, 0x00, 0x21, 0x00, 0x21, 0x00, 0x21, 0x00, 0x21, 0x00, 0x21, 0x00, 0x21, 0x00, 
0x21, 0x00, 0x21, 0x00, 0x41, 0x00, 0x41, 0x08, 0x21, 0x00, 0x21, 0x00, 0x21, 0x08, 0x41, 0x08, 
0x41, 0x08, 0x41, 0x08, 0x41, 0x00, 0x41, 0x00, 0x41, 0x00, 0x41, 0x00, 0x41, 0x00, 0x41, 0x00, 
0x41, 0x08, 0x21, 0x08, 0x21, 0x08, 0x21, 0x00, 0x41, 0x00, 0x41, 0x00, 0x21, 0x08, 0x21, 0x08, 
0x21, 0x08, 0x21, 0x00, 0x21, 0x00, 0x21, 0x00, 0x21, 0x08, 0x21, 0x00, 0x21, 0x08, 0x21, 0x00, 
0x41, 0x08, 0x41, 0x08, 0x21, 0x00, 0x20, 0x00, 0x21, 0x00, 0x41, 0x08, 0x41, 0x00, 0x41, 0x08, 
0x42, 0x08, 0x42, 0x08, 0x62, 0x08, 0x62, 0x08, 0x83, 0x08, 0x62, 0x08, 0x62, 0x08, 0x62, 0x08, 
0x82, 0x08, 0x82, 0x08, 0x82, 0x08, 0x21, 0x00, 0x21, 0x00, 0x21, 0x00, 0x21, 0x00, 0x21, 0x00, 
0x20, 0x00, 0x20, 0x00, 0x20, 0x00, 0x41, 0x00, 0x62, 0x08, 0x62, 0x08, 0x41, 0x08, 0x21, 0x00, 
0x41, 0x00, 0x21, 0x00, 0x41, 0x08, 0x62, 0x08, 0xE4, 0x18, 0xA3, 0x10, 0x41, 0x08, 0x41, 0x08, 
0x41, 0x08, 0x41, 0x00, 0x41, 0x08, 0x41, 0x08, 0x41, 0x08, 0x41, 0x08, 0x41, 0x08, 0x41, 0x08, 
0x41, 0x00, 0x41, 0x00, 0x41, 0x00, 0x41, 0x00, 0x41, 0x00, 0x21, 0x08, 0x21, 0x00, 0x21, 0x00, 
0x21, 0x00, 0x21, 0x00, 0x21, 0x00, 0x21, 0x00, 0x21, 0x00, 0x21, 0x00, 0x21, 0x00, 0x21, 0x00, 
0x20, 0x00, 0x20, 0x00, 0x20, 0x00, 0x20, 0x00, 0x21, 0x00, 0x21, 0x00, 0x21, 0x00, 0x01, 0x00, 
0x20, 0x00, 0x21, 0x00, 0x21, 0x00, 0x21, 0x00, 0x21, 0x00, 0x41, 0x08, 0x41, 0x08, 0x42, 0x08, 
0x62, 0x08, 0x62, 0x08, 0x62, 0x08, 0x83, 0x08, 0xA3, 0x10, 0xA3, 0x10, 0xA3, 0x10, 0x62, 0x08, 
0x41, 0x08, 0x21, 0x00, 0x21, 0x00, 0x21, 0x00, 0x21, 0x00, 0x21, 0x00, 0x41, 0x08, 0x62, 0x08, 
0x82, 0x10, 0xA3, 0x10, 0xA3, 0x10, 0xE4, 0x18, 0x82, 0x08, 0x41, 0x08, 0x41, 0x08, 0x41, 0x08, 
0x42, 0x08, 0x62, 0x08, 0xA3, 0x10, 0x82, 0x08, 0x62, 0x08, 0x62, 0x08, 0x41, 0x08, 0x21, 0x00, 
0x21, 0x00, 0x42, 0x08, 0x62, 0x08, 0x42, 0x08, 0x41, 0x08, 0x82, 0x08, 0x83, 0x08, 0x09, 0x3A, 
0xAB, 0x4A, 0x8B, 0x42, 0xAB, 0x4A, 0xAC, 0x4A, 0xAB, 0x4A, 0xAB, 0x4A, 0x8B, 0x4A, 0x8B, 0x42, 
0x8B, 0x42, 0x8B, 0x4A, 0x8B, 0x42, 0x8B, 0x4A, 0x8B, 0x4A, 0x8B, 0x4A, 0x8B, 0x42, 0x8B, 0x42, 
0x8B, 0x42, 0x8B, 0x42, 0x8B, 0x42, 0x6B, 0x42, 0x6B, 0x42, 0x6B, 0x42, 0x6B, 0x42, 0x6A, 0x42, 
0xA3, 0x10, 0xA4, 0x10, 0xA3, 0x10, 0xC4, 0x10, 0xC4, 0x10, 0xC4, 0x10, 0xC4, 0x18, 0xE4, 0x18, 
0xE4, 0x18, 0x05, 0x19, 0xE5, 0x18, 0x26, 0x19, 0x46, 0x19, 0x26, 0x19, 0x26, 0x21, 0x46, 0x19, 
0x25, 0x19, 0xE5, 0x18, 0x05, 0x19, 0x05, 0x19, 0x05, 0x19, 0x05, 0x19, 0x05, 0x19, 0x05, 0x19, 
0x05, 0x19, 0x05, 0x19, 0x25, 0x19, 0x25, 0x19, 0x05, 0x19, 0x05, 0x19, 0x05, 0x19, 0x25, 0x19, 
0x25, 0x19, 0x25, 0x19, 0x25, 0x19, 0x25, 0x19, 0x25, 0x21, 0x25, 0x21, 0x25, 0x21, 0x25, 0x21, 
0x26, 0x21, 0x46, 0x21, 0x46, 0x21, 0x66, 0x21, 0x66, 0x21, 0x66, 0x21, 0x66, 0x21, 0x66, 0x21, 
0x66, 0x21, 0x46, 0x21, 0x66, 0x21, 0x46, 0x21, 0x46, 0x21, 0x46, 0x21, 0x46, 0x21, 0x46, 0x21, 
0x46, 0x21, 0x25, 0x19, 0x62, 0x08, 0x42, 0x08, 0x42, 0x08, 0x62, 0x08, 0x62, 0x08, 0x82, 0x08, 
0x62, 0x08, 0x62, 0x08, 0x41, 0x08, 0x41, 0x08, 0x21, 0x00, 0x21, 0x00, 0x21, 0x00, 0x21, 0x00, 
0x21, 0x00, 0x21, 0x00, 0x21, 0x00, 0x21, 0x00, 0x21, 0x00, 0x21, 0x00, 0x21, 0x00, 0x21, 0x00, 
0x21, 0x00, 0x20, 0x00, 0x20, 0x00, 0x00, 0x00, 0x20, 0x00, 0x20, 0x00, 0x20, 0x00, 0x20, 0x00, 
0x20, 0x00, 0x20, 0x00, 0x20, 0x00, 0x20, 0x00, 0x20, 0x00, 0x20, 0x00, 0x20, 0x00, 0x20, 0x00, 
0x20, 0x00, 0x20, 0x00, 0x20, 0x00, 0x20, 0x00, 0x20, 0x00, 0x20, 0x00, 0x20, 0x00, 0x20, 0x00, 
0x20, 0x00, 0x20, 0x00, 0x20, 0x00, 0x20, 0x00, 0x20, 0x00, 0x20, 0x00, 0x20, 0x00, 0x20, 0x00, 
0x20, 0x00, 0x20, 0x00, 0x21, 0x00, 0x21, 0x00, 0x21, 0x00, 0x21, 0x00, 0x21, 0x00, 0x21, 0x00, 
0x21, 0x00, 0x21, 0x00, 0x21, 0x00, 0x21, 0x00, 0x21, 0x00, 0x21, 0x00, 0x20, 0x00, 0x20, 0x00, 
0x20, 0x00, 0x21, 0x00, 0x21, 0x00, 0x21, 0x00, 0x21, 0x00, 0x21, 0x00, 0x21, 0x00, 0x21, 0x00, 
0x21, 0x00, 0x21, 0x00, 0x21, 0x00, 0x21, 0x00, 0x21, 0x00, 0x21, 0x00, 0x21, 0x00, 0x21, 0x00, 
0x21, 0x00, 0x21, 0x00, 0x21, 0x00, 0x21, 0x00, 0x21, 0x00, 0x21, 0x00, 0x41, 0x08, 0x21, 0x00, 
0x41, 0x08, 0x41, 0x08, 0x41, 0x00, 0x41, 0x00, 0x41, 0x08, 0x41, 0x00, 0x41, 0x00, 0x41, 0x00, 
0x41, 0x08, 0x41, 0x08, 0x21, 0x00, 0x21, 0x00, 0x41, 0x00, 0x21, 0x00, 0x21, 0x00, 0x21, 0x08, 
0x21, 0x08, 0x21, 0x00, 0x21, 0x00, 0x21, 0x00, 0x21, 0x00, 0x21, 0x00, 0x21, 0x00, 0x41, 0x00, 
0x41, 0x00, 0x41, 0x08, 0x21, 0x00, 0x20, 0x00, 0x21, 0x08, 0x41, 0x08, 0x41, 0x08, 0x42, 0x08, 
0x42, 0x08, 0x42, 0x08, 0x62, 0x08, 0x82, 0x08, 0x83, 0x10, 0x62, 0x08, 0x62, 0x08, 0x62, 0x08, 
0x62, 0x08, 0x62, 0x08, 0x62, 0x08, 0x21, 0x00, 0x41, 0x00, 0x21, 0x00, 0x21, 0x00, 0x21, 0x00, 
0x00, 0x00, 0x20, 0x00, 0x20, 0x00, 0x21, 0x00, 0x62, 0x08, 0x62, 0x08, 0x42, 0x08, 0x21, 0x00, 
0x21, 0x00, 0x41, 0x08, 0x41, 0x08, 0x42, 0x08, 0x62, 0x08, 0xC3, 0x10, 0x41, 0x08, 0x41, 0x08, 
0x41, 0x08, 0x41, 0x08, 0x41, 0x08, 0x41, 0x08, 0x41, 0x08, 0x41, 0x00, 0x21, 0x00, 0x21, 0x00, 
0x21, 0x00, 0x21, 0x00, 0x21, 0x00, 0x21, 0x00, 0x21, 0x00, 0x21, 0x00, 0x21, 0x00, 0x21, 0x00, 
0x01, 0x00, 0x20, 0x00, 0x20, 0x00, 0x20, 0x00, 0x20, 0x00, 0x20, 0x00, 0x20, 0x00, 0x20, 0x00, 
0x21, 0x00, 0x21, 0x00, 0x21, 0x00, 0x21, 0x00, 0x21, 0x00, 0x21, 0x00, 0x41, 0x08, 0x41, 0x08, 
0x41, 0x08, 0x42, 0x08, 0x42, 0x08, 0x62, 0x08, 0x62, 0x08, 0x62, 0x08, 0x62, 0x08, 0x62, 0x08, 
0x62, 0x08, 0x82, 0x08, 0x83, 0x08, 0x63, 0x08, 0x62, 0x08, 0x42, 0x08, 0x42, 0x08, 0x41, 0x00, 
0x21, 0x00, 0x41, 0x08, 0x62, 0x08, 0x82, 0x08, 0x83, 0x10, 0xA3, 0x10, 0xA3, 0x10, 0xA3, 0x10, 
0xA3, 0x10, 0xA3, 0x10, 0x83, 0x10, 0xA3, 0x10, 0x62, 0x08, 0x21, 0x08, 0x41, 0x08, 0x41, 0x08, 
0x42, 0x08, 0x62, 0x08, 0x83, 0x10, 0x82, 0x10, 0x62, 0x08, 0x82, 0x10, 0xA3, 0x10, 0x41, 0x08, 
0x21, 0x00, 0x41, 0x08, 0x62, 0x08, 0x42, 0x08, 0x41, 0x08, 0x62, 0x08, 0x62, 0x08, 0x2A, 0x3A, 
0xEC, 0x52, 0xCC, 0x4A, 0xED, 0x52, 0xED, 0x52, 0xEC, 0x52, 0xED, 0x52, 0xCC, 0x52, 0xCC, 0x4A, 
0xCC, 0x4A, 0xCC, 0x4A, 0xCC, 0x4A, 0xCC, 0x4A, 0xCC, 0x4A, 0xCC, 0x4A, 0xCC, 0x4A, 0xCC, 0x4A, 
0xAC, 0x4A, 0xAC, 0x4A, 0xAB, 0x4A, 0xAB, 0x4A, 0xAB, 0x4A, 0xAB, 0x4A, 0x8B, 0x4A, 0x8B, 0x42, 
0xA4, 0x10, 0xA4, 0x10, 0xA4, 0x10, 0xC4, 0x10, 0xC4, 0x10, 0xE4, 0x18, 0xE4, 0x18, 0xE5, 0x18, 
0x05, 0x19, 0xE4, 0x18, 0x05, 0x19, 0x25, 0x19, 0x46, 0x19, 0x26, 0x19, 0x26, 0x19, 0x25, 0x19, 
0x05, 0x19, 0x05, 0x19, 0x05, 0x19, 0x05, 0x19, 0x05, 0x19, 0x05, 0x19, 0x05, 0x19, 0x25, 0x19, 
0x05, 0x19, 0x25, 0x19, 0x25, 0x19, 0x25, 0x19, 0x25, 0x19, 0x25, 0x19, 0x25, 0x19, 0x25, 0x19, 
0x25, 0x19, 0x25, 0x19, 0x26, 0x21, 0x46, 0x21, 0x46, 0x21, 0x46, 0x21, 0x46, 0x21, 0x46, 0x21, 
0x46, 0x21, 0x46, 0x21, 0x66, 0x21, 0x66, 0x21, 0x66, 0x21, 0x66, 0x21, 0x66, 0x21, 0x66, 0x21, 
0x46, 0x21, 0x66, 0x21, 0x66, 0x21, 0x46, 0x21, 0x46, 0x21, 0x66, 0x21, 0x66, 0x21, 0x46, 0x21, 
0x66, 0x21, 0x66, 0x21, 0xA3, 0x08, 0x42, 0x08, 0x42, 0x00, 0x62, 0x08, 0x62, 0x08, 0x62, 0x08, 
0x41, 0x08, 0x41, 0x08, 0x41, 0x08, 0x21, 0x00, 0x21, 0x00, 0x21, 0x00, 0x21, 0x00, 0x20, 0x00, 
0x21, 0x00, 0x21, 0x00, 0x21, 0x00, 0x21, 0x00, 0x21, 0x00, 0x21, 0x00, 0x21, 0x00, 0x21, 0x00, 
0x41, 0x00, 0x21, 0x00, 0x20, 0x00, 0x20, 0x00, 0x20, 0x00, 0x20, 0x00, 0x20, 0x00, 0x20, 0x00, 
0x20, 0x00, 0x20, 0x00, 0x20, 0x00, 0x20, 0x00, 0x20, 0x00, 0x20, 0x00, 0x20, 0x00, 0x20, 0x00, 
0x20, 0x00, 0x20, 0x00, 0x20, 0x00, 0x20, 0x00, 0x20, 0x00, 0x20, 0x00, 0x20, 0x00, 0x20, 0x00, 
0x20, 0x00, 0x20, 0x00, 0x20, 0x00, 0x20, 0x00, 0x20, 0x00, 0x20, 0x00, 0x20, 0x00, 0x20, 0x00, 
0x20, 0x00, 0x20, 0x00, 0x20, 0x00, 0x21, 0x00, 0x21, 0x00, 0x21, 0x00, 0x41, 0x08, 0x21, 0x00, 
0x21, 0x00, 0x21, 0x00, 0x21, 0x00, 0x21, 0x00, 0x21, 0x00, 0x21, 0x00, 0x21, 0x00, 0x21, 0x00, 
0x21, 0x00, 0x21, 0x00, 0x21, 0x00, 0x21, 0x00, 0x21, 0x00, 0x21, 0x00, 0x21, 0x00, 0x21, 0x00, 
0x21, 0x00, 0x21, 0x00, 0x21, 0x00, 0x21, 0x00, 0x21, 0x00, 0x21, 0x00, 0x21, 0x00, 0x21, 0x00, 
0x41, 0x00, 0x41, 0x00, 0x21, 0x00, 0x21, 0x00, 0x41, 0x08, 0x21, 0x00, 0x21, 0x00, 0x21, 0x00, 
0x21, 0x08, 0x41, 0x08, 0x41, 0x08, 0x41, 0x08, 0x41, 0x08, 0x41, 0x00, 0x41, 0x00, 0x41, 0x00, 
0x41, 0x08, 0x41, 0x00, 0x41, 0x00, 0x41, 0x00, 0x41, 0x00, 0x41, 0x08, 0x21, 0x08, 0x21, 0x08, 
0x21, 0x08, 0x21, 0x00, 0x21, 0x00, 0x21, 0x00, 0x21, 0x00, 0x21, 0x00, 0x21, 0x00, 0x21, 0x08, 
0x41, 0x08, 0x41, 0x08, 0x21, 0x00, 0x21, 0x00, 0x21, 0x08, 0x41, 0x08, 0x42, 0x08, 0x62, 0x08, 
0x62, 0x08, 0x62, 0x08, 0x62, 0x08, 0x62, 0x08, 0xA3, 0x10, 0x62, 0x08, 0x62, 0x08, 0x62, 0x08, 
0x41, 0x08, 0x62, 0x08, 0x62, 0x08, 0x41, 0x08, 0x62, 0x08, 0x21, 0x00, 0x21, 0x00, 0x21, 0x00, 
0x21, 0x00, 0x20, 0x00, 0x21, 0x00, 0x41, 0x08, 0x62, 0x08, 0x62, 0x08, 0x62, 0x08, 0x41, 0x08, 
0x21, 0x00, 0x21, 0x08, 0x41, 0x08, 0x62, 0x08, 0x82, 0x10, 0xA3, 0x10, 0x41, 0x08, 0x21, 0x00, 
0x21, 0x00, 0x21, 0x00, 0x21, 0x00, 0x20, 0x00, 0x20, 0x00, 0x21, 0x00, 0x20, 0x00, 0x20, 0x00, 
0x20, 0x00, 0x20, 0x00, 0x20, 0x00, 0x20, 0x00, 0x20, 0x00, 0x20, 0x00, 0x20, 0x00, 0x20, 0x00, 
0x20, 0x00, 0x20, 0x00, 0x21, 0x00, 0x21, 0x00, 0x21, 0x00, 0x21, 0x00, 0x21, 0x00, 0x41, 0x00, 
0x41, 0x08, 0x41, 0x08, 0x62, 0x08, 0x62, 0x08, 0x62, 0x08, 0x82, 0x08, 0x82, 0x08, 0x82, 0x08, 
0x62, 0x08, 0x62, 0x08, 0x62, 0x08, 0x42, 0x08, 0x42, 0x08, 0x42, 0x08, 0x42, 0x08, 0x42, 0x08, 
0x62, 0x08, 0x62, 0x08, 0x82, 0x08, 0x83, 0x08, 0xA3, 0x10, 0xC3, 0x10, 0xE4, 0x10, 0xC3, 0x10, 
0xA3, 0x10, 0xC3, 0x10, 0xA3, 0x10, 0xA3, 0x10, 0x82, 0x08, 0x82, 0x08, 0x62, 0x08, 0x62, 0x08, 
0x62, 0x08, 0x62, 0x08, 0x62, 0x08, 0x82, 0x10, 0x41, 0x08, 0x41, 0x08, 0x41, 0x08, 0x41, 0x08, 
0x62, 0x08, 0x62, 0x08, 0x83, 0x10, 0x83, 0x10, 0x82, 0x10, 0x82, 0x10, 0x82, 0x10, 0x41, 0x08, 
0x41, 0x00, 0x41, 0x00, 0x41, 0x08, 0x41, 0x08, 0x41, 0x08, 0x62, 0x08, 0x62, 0x08, 0x29, 0x3A, 
0xCC, 0x4A, 0xCC, 0x4A, 0xCC, 0x52, 0xEC, 0x52, 0xEC, 0x52, 0xCC, 0x52, 0xEC, 0x52, 0xCC, 0x4A, 
0xCC, 0x4A, 0xCC, 0x4A, 0xCC, 0x4A, 0xCC, 0x4A, 0xCC, 0x52, 0xCC, 0x4A, 0xCC, 0x4A, 0xCC, 0x4A, 
0xAC, 0x4A, 0xCC, 0x4A, 0xCC, 0x4A, 0xAC, 0x4A, 0xAB, 0x4A, 0xAB, 0x4A, 0xAB, 0x4A, 0xAB, 0x4A, 
0xC4, 0x10, 0xC4, 0x10, 0xC4, 0x10, 0xC4, 0x10, 0xE4, 0x18, 0xE4, 0x18, 0xE5, 0x18, 0xE5, 0x18, 
0xE4, 0x10, 0x05, 0x19, 0xE5, 0x18, 0x05, 0x19, 0x25, 0x19, 0x25, 0x19, 0x25, 0x19, 0x05, 0x19, 
0x05, 0x19, 0xE5, 0x18, 0xE5, 0x18, 0x05, 0x19, 0x05, 0x19, 0x05, 0x19, 0x05, 0x19, 0x25, 0x19, 
0x25, 0x19, 0x25, 0x19, 0x25, 0x19, 0x25, 0x19, 0x25, 0x19, 0x25, 0x19, 0x25, 0x19, 0x25, 0x21, 
0x46, 0x21, 0x46, 0x21, 0x46, 0x21, 0x46, 0x21, 0x46, 0x21, 0x46, 0x21, 0x66, 0x21, 0x66, 0x21, 
0x66, 0x21, 0x66, 0x21, 0x66, 0x21, 0x67, 0x21, 0x66, 0x21, 0x66, 0x21, 0x67, 0x21, 0x66, 0x21, 
0x66, 0x21, 0x66, 0x21, 0x66, 0x21, 0x66, 0x21, 0x66, 0x21, 0x66, 0x21, 0x66, 0x21, 0x66, 0x21, 
0x67, 0x21, 0x87, 0x21, 0xC4, 0x10, 0x62, 0x00, 0x62, 0x08, 0x62, 0x08, 0x62, 0x08, 0x62, 0x08, 
0x41, 0x08, 0x61, 0x08, 0x41, 0x08, 0x21, 0x00, 0x21, 0x00, 0x20, 0x00, 0x21, 0x00, 0x20, 0x00, 
0x20, 0x00, 0x20, 0x00, 0x21, 0x00, 0x21, 0x00, 0x21, 0x00, 0x21, 0x00, 0x21, 0x00, 0x21, 0x00, 
0x21, 0x00, 0x21, 0x00, 0x20, 0x00, 0x20, 0x00, 0x21, 0x00, 0x20, 0x00, 0x20, 0x00, 0x20, 0x00, 
0x20, 0x00, 0x20, 0x00, 0x20, 0x00, 0x20, 0x00, 0x20, 0x00, 0x20, 0x00, 0x20, 0x00, 0x20, 0x00, 
0x20, 0x00, 0x20, 0x00, 0x20, 0x00, 0x20, 0x00, 0x20, 0x00, 0x20, 0x00, 0x20, 0x00, 0x20, 0x00, 
0x20, 0x00, 0x20, 0x00, 0x20, 0x00, 0x20, 0x00, 0x20, 0x00, 0x20, 0x00, 0x20, 0x00, 0x20, 0x00, 
0x20, 0x00, 0x20, 0x00, 0x20, 0x00, 0x20, 0x00, 0x21, 0x00, 0x21, 0x00, 0x21, 0x00, 0x20, 0x00, 
0x20, 0x00, 0x21, 0x00, 0x21, 0x00, 0x20, 0x00, 0x20, 0x00, 0x20, 0x00, 0x20, 0x00, 0x21, 0x00, 
0x21, 0x00, 0x20, 0x00, 0x21, 0x00, 0x21, 0x00, 0x21, 0x00, 0x20, 0x00, 0x21, 0x00, 0x21, 0x00, 
0x21, 0x00, 0x21, 0x00, 0x21, 0x00, 0x21, 0x00, 0x21, 0x00, 0x21, 0x00, 0x20, 0x00, 0x21, 0x00, 
0x21, 0x00, 0x21, 0x00, 0x21, 0x00, 0x21, 0x00, 0x21, 0x00, 0x21, 0x00, 0x21, 0x00, 0x41, 0x00, 
0x21, 0x08, 0x21, 0x08, 0x41, 0x08, 0x41, 0x08, 0x21, 0x08, 0x41, 0x00, 0x41, 0x08, 0x41, 0x08, 
0x41, 0x08, 0x41, 0x08, 0x41, 0x08, 0x41, 0x00, 0x41, 0x00, 0x41, 0x08, 0x41, 0x00, 0x21, 0x08, 
0x21, 0x08, 0x21, 0x00, 0x21, 0x00, 0x21, 0x00, 0x21, 0x00, 0x21, 0x00, 0x21, 0x00, 0x21, 0x00, 
0x21, 0x08, 0x21, 0x08, 0x20, 0x00, 0x21, 0x00, 0x21, 0x00, 0x41, 0x08, 0x62, 0x08, 0x62, 0x08, 
0x62, 0x08, 0x62, 0x08, 0x62, 0x08, 0x82, 0x08, 0x83, 0x10, 0x62, 0x08, 0x62, 0x08, 0x41, 0x00, 
0x21, 0x00, 0x41, 0x08, 0x41, 0x08, 0x04, 0x21, 0xC4, 0x18, 0xC4, 0x18, 0x62, 0x08, 0x21, 0x00, 
0x21, 0x00, 0x21, 0x00, 0x41, 0x08, 0x62, 0x08, 0x62, 0x08, 0x62, 0x08, 0x62, 0x08, 0x41, 0x08, 
0x21, 0x08, 0x21, 0x08, 0x41, 0x08, 0x42, 0x08, 0xA3, 0x10, 0xA3, 0x10, 0x20, 0x00, 0x20, 0x00, 
0x20, 0x00, 0x20, 0x00, 0x20, 0x00, 0x20, 0x00, 0x20, 0x00, 0x20, 0x00, 0x20, 0x00, 0x20, 0x00, 
0x20, 0x00, 0x20, 0x00, 0x21, 0x00, 0x21, 0x00, 0x21, 0x00, 0x21, 0x00, 0x21, 0x00, 0x21, 0x00, 
0x41, 0x00, 0x41, 0x08, 0x41, 0x08, 0x41, 0x08, 0x42, 0x08, 0x62, 0x08, 0x42, 0x08, 0x62, 0x08, 
0x62, 0x08, 0x62, 0x08, 0x62, 0x08, 0x62, 0x08, 0x62, 0x08, 0x62, 0x08, 0x62, 0x08, 0x82, 0x08, 
0x82, 0x08, 0x82, 0x08, 0xA3, 0x08, 0xA3, 0x10, 0xA3, 0x10, 0xA3, 0x10, 0xC3, 0x10, 0xC4, 0x10, 
0xC4, 0x10, 0xC4, 0x10, 0xC4, 0x10, 0xA3, 0x10, 0xC3, 0x10, 0xA3, 0x10, 0x82, 0x08, 0x62, 0x08, 
0x62, 0x08, 0x62, 0x08, 0x41, 0x08, 0x41, 0x08, 0x41, 0x08, 0x41, 0x08, 0x41, 0x08, 0x41, 0x08, 
0x41, 0x00, 0x41, 0x00, 0x21, 0x00, 0x41, 0x00, 0x21, 0x00, 0x41, 0x08, 0x41, 0x08, 0x41, 0x08, 
0x62, 0x08, 0x62, 0x08, 0xA3, 0x10, 0x82, 0x10, 0x82, 0x08, 0xA3, 0x10, 0xA3, 0x10, 0x21, 0x00, 
0x41, 0x08, 0x41, 0x08, 0x62, 0x08, 0x41, 0x08, 0x41, 0x00, 0x62, 0x08, 0x62, 0x08, 0x09, 0x32, 
0xCC, 0x4A, 0xAC, 0x4A, 0xCC, 0x4A, 0xCC, 0x4A, 0xCC, 0x4A, 0xCC, 0x4A, 0xCC, 0x4A, 0xCC, 0x4A, 
0xCC, 0x4A, 0xCC, 0x4A, 0xAC, 0x4A, 0xAC, 0x4A, 0xAC, 0x4A, 0xAB, 0x4A, 0xAB, 0x4A, 0xAB, 0x4A, 
0xAB, 0x4A, 0xAB, 0x4A, 0xAB, 0x42, 0xAB, 0x4A, 0xAB, 0x4A, 0x8B, 0x4A, 0x8B, 0x4A, 0x8B, 0x42, 
0xC4, 0x10, 0xC4, 0x10, 0xC4, 0x10, 0xC4, 0x18, 0xE4, 0x18, 0xE4, 0x18, 0x05, 0x19, 0xE4, 0x18, 
0xE4, 0x10, 0xE4, 0x10, 0xE4, 0x18, 0xE4, 0x18, 0x05, 0x19, 0x05, 0x19, 0x05, 0x19, 0x05, 0x19, 
0x05, 0x19, 0x05, 0x19, 0x05, 0x19, 0x05, 0x19, 0x05, 0x19, 0x05, 0x19, 0x26, 0x19, 0x26, 0x19, 
0x25, 0x19, 0x25, 0x19, 0x25, 0x19, 0x25, 0x19, 0x25, 0x19, 0x25, 0x21, 0x25, 0x19, 0x25, 0x19, 
0x46, 0x21, 0x46, 0x21, 0x46, 0x21, 0x66, 0x21, 0x66, 0x21, 0x66, 0x21, 0x66, 0x21, 0x66, 0x21, 
0x66, 0x21, 0x66, 0x21, 0x66, 0x21, 0x66, 0x21, 0x66, 0x21, 0x46, 0x21, 0x46, 0x21, 0x46, 0x21, 
0x46, 0x21, 0x66, 0x21, 0x66, 0x21, 0x46, 0x21, 0x66, 0x21, 0x66, 0x21, 0x66, 0x21, 0x67, 0x21, 
0x67, 0x21, 0x87, 0x21, 0x05, 0x19, 0x42, 0x00, 0x62, 0x08, 0x61, 0x08, 0x62, 0x08, 0x62, 0x08, 
0x61, 0x08, 0x41, 0x00, 0x41, 0x08, 0x21, 0x00, 0x21, 0x00, 0x20, 0x00, 0x20, 0x00, 0x20, 0x00, 
0x20, 0x00, 0x20, 0x00, 0x20, 0x00, 0x20, 0x00, 0x20, 0x00, 0x20, 0x00, 0x21, 0x00, 0x21, 0x00, 
0x21, 0x00, 0x41, 0x00, 0x41, 0x00, 0x20, 0x00, 0x20, 0x00, 0x20, 0x00, 0x20, 0x00, 0x20, 0x00, 
0x20, 0x00, 0x20, 0x00, 0x20, 0x00, 0x20, 0x00, 0x20, 0x00, 0x20, 0x00, 0x20, 0x00, 0x20, 0x00, 
0x20, 0x00, 0x20, 0x00, 0x20, 0x00, 0x20, 0x00, 0x20, 0x00, 0x20, 0x00, 0x20, 0x00, 0x20, 0x00, 
0x20, 0x00, 0x20, 0x00, 0x20, 0x00, 0x20, 0x00, 0x20, 0x00, 0x20, 0x00, 0x20, 0x00, 0x20, 0x00, 
0x20, 0x00, 0x20, 0x00, 0x20, 0x00, 0x20, 0x00, 0x21, 0x00, 0x21, 0x00, 0x20, 0x00, 0x20, 0x00, 
0x20, 0x00, 0x20, 0x00, 0x21, 0x00, 0x20, 0x00, 0x20, 0x00, 0x21, 0x00, 0x20, 0x00, 0x20, 0x00, 
0x20, 0x00, 0x20, 0x00, 0x20, 0x00, 0x20, 0x00, 0x20, 0x00, 0x21, 0x00, 0x21, 0x00, 0x21, 0x00, 
0x21, 0x00, 0x21, 0x00, 0x21, 0x00, 0x21, 0x00, 0x21, 0x00, 0x20, 0x00, 0x21, 0x00, 0x21, 0x00, 
0x21, 0x00, 0x21, 0x00, 0x21, 0x00, 0x21, 0x00, 0x21, 0x00, 0x21, 0x00, 0x21, 0x00, 0x21, 0x00, 
0x21, 0x00, 0x21, 0x00, 0x41, 0x00, 0x41, 0x00, 0x41, 0x08, 0x41, 0x00, 0x41, 0x00, 0x41, 0x00, 
0x21, 0x00, 0x41, 0x00, 0x41, 0x00, 0x41, 0x00, 0x41, 0x00, 0x41, 0x00, 0x41, 0x00, 0x41, 0x08, 
0x41, 0x00, 0x21, 0x00, 0x21, 0x00, 0x20, 0x00, 0x21, 0x00, 0x21, 0x00, 0x21, 0x00, 0x21, 0x00, 
0x21, 0x00, 0x21, 0x00, 0x20, 0x00, 0x21, 0x00, 0x21, 0x00, 0x41, 0x08, 0x42, 0x08, 0x42, 0x08, 
0x42, 0x08, 0x42, 0x08, 0x62, 0x08, 0x82, 0x08, 0x83, 0x10, 0x62, 0x08, 0x21, 0x00, 0x00, 0x00, 
0x00, 0x00, 0x21, 0x00, 0x41, 0x08, 0x41, 0x00, 0x62, 0x08, 0x42, 0x08, 0x41, 0x00, 0x41, 0x08, 
0x41, 0x08, 0x41, 0x08, 0x21, 0x00, 0x42, 0x08, 0x82, 0x08, 0x62, 0x08, 0x62, 0x08, 0x41, 0x08, 
0x21, 0x00, 0x21, 0x08, 0x41, 0x08, 0x62, 0x08, 0x62, 0x08, 0xA3, 0x10, 0x41, 0x08, 0x21, 0x00, 
0x21, 0x00, 0x41, 0x00, 0x41, 0x00, 0x41, 0x08, 0x41, 0x08, 0x41, 0x08, 0x42, 0x08, 0x62, 0x08, 
0x62, 0x08, 0x62, 0x08, 0x62, 0x08, 0x62, 0x08, 0x62, 0x08, 0x62, 0x08, 0x62, 0x08, 0x62, 0x08, 
0x42, 0x08, 0x62, 0x08, 0x62, 0x08, 0x42, 0x08, 0x42, 0x08, 0x41, 0x08, 0x41, 0x00, 0x41, 0x08, 
0x62, 0x08, 0x62, 0x08, 0x62, 0x08, 0x83, 0x08, 0xA3, 0x08, 0xA3, 0x10, 0xC3, 0x10, 0xC3, 0x10, 
0xC4, 0x10, 0xC4, 0x10, 0xC4, 0x10, 0xC3, 0x10, 0xA3, 0x10, 0x83, 0x10, 0x83, 0x08, 0x62, 0x08, 
0x62, 0x08, 0x42, 0x08, 0x42, 0x08, 0x42, 0x08, 0x42, 0x08, 0x41, 0x00, 0x41, 0x00, 0x41, 0x00, 
0x41, 0x00, 0x21, 0x00, 0x21, 0x00, 0x21, 0x00, 0x21, 0x00, 0x20, 0x00, 0x20, 0x00, 0x20, 0x00, 
0x20, 0x00, 0x20, 0x00, 0x21, 0x00, 0x21, 0x00, 0x41, 0x00, 0x41, 0x08, 0x41, 0x08, 0x42, 0x08, 
0x62, 0x08, 0x62, 0x08, 0xA3, 0x10, 0xC3, 0x10, 0x05, 0x19, 0xC3, 0x10, 0xA3, 0x10, 0x83, 0x10, 
0x21, 0x00, 0x21, 0x00, 0x41, 0x08, 0x41, 0x08, 0x41, 0x08, 0x62, 0x08, 0x62, 0x08, 0xE9, 0x31, 
0x8B, 0x42, 0x6B, 0x42, 0xAC, 0x4A, 0xAC, 0x4A, 0xAB, 0x4A, 0xAB, 0x4A, 0x8B, 0x42, 0x8B, 0x42, 
0x8B, 0x42, 0x6B, 0x42, 0x6B, 0x42, 0x6B, 0x42, 0x6B, 0x42, 0x6B, 0x42, 0x6B, 0x42, 0x8B, 0x42, 
0x6B, 0x42, 0x6B, 0x42, 0x6A, 0x42, 0x6A, 0x42, 0x6A, 0x42, 0x6A, 0x42, 0x6A, 0x42, 0x6A, 0x42, 
0xC4, 0x10, 0xC4, 0x10, 0xC4, 0x10, 0xE4, 0x10, 0xE5, 0x18, 0xE4, 0x18, 0xE4, 0x18, 0xE4, 0x10, 
0xE4, 0x10, 0xE4, 0x10, 0xE4, 0x10, 0xE4, 0x10, 0xE5, 0x18, 0x05, 0x19, 0xE5, 0x18, 0xE5, 0x18, 
0xE5, 0x18, 0xE5, 0x18, 0x05, 0x19, 0x25, 0x19, 0x25, 0x19, 0x05, 0x19, 0x26, 0x19, 0x25, 0x19, 
0x25, 0x19, 0x45, 0x19, 0x25, 0x21, 0x45, 0x21, 0x46, 0x19, 0x46, 0x21, 0x46, 0x21, 0x46, 0x21, 
0x46, 0x21, 0x46, 0x21, 0x46, 0x21, 0x66, 0x21, 0x46, 0x21, 0x66, 0x21, 0x66, 0x21, 0x66, 0x21, 
0x66, 0x21, 0x66, 0x21, 0x66, 0x21, 0x66, 0x21, 0x66, 0x21, 0x46, 0x21, 0x46, 0x21, 0x46, 0x21, 
0x46, 0x21, 0x46, 0x21, 0x66, 0x21, 0x66, 0x21, 0x66, 0x21, 0x66, 0x21, 0x87, 0x21, 0x87, 0x21, 
0x87, 0x21, 0x87, 0x21, 0x66, 0x21, 0x83, 0x08, 0x62, 0x00, 0x62, 0x08, 0x41, 0x00, 0x82, 0x08, 
0x82, 0x10, 0xA3, 0x10, 0x62, 0x08, 0x21, 0x00, 0x21, 0x00, 0x21, 0x00, 0x20, 0x00, 0x20, 0x00, 
0x21, 0x00, 0x21, 0x00, 0x21, 0x00, 0x20, 0x00, 0x20, 0x00, 0x41, 0x00, 0x41, 0x08, 0x41, 0x00, 
0x21, 0x00, 0x21, 0x00, 0x21, 0x00, 0x21, 0x00, 0x21, 0x00, 0x21, 0x00, 0x21, 0x00, 0x20, 0x00, 
0x20, 0x00, 0x20, 0x00, 0x20, 0x00, 0x20, 0x00, 0x20, 0x00, 0x00, 0x00, 0x20, 0x00, 0x20, 0x00, 
0x20, 0x00, 0x20, 0x00, 0x20, 0x00, 0x21, 0x00, 0x21, 0x00, 0x21, 0x00, 0x21, 0x00, 0x21, 0x00, 
0x21, 0x00, 0x21, 0x00, 0x21, 0x00, 0x21, 0x00, 0x20, 0x00, 0x20, 0x00, 0x20, 0x00, 0x20, 0x00, 
0x20, 0x00, 0x21, 0x00, 0x20, 0x00, 0x20, 0x00, 0x20, 0x00, 0x20, 0x00, 0x20, 0x00, 0x20, 0x00, 
0x20, 0x00, 0x20, 0x00, 0x20, 0x00, 0x20, 0x00, 0x20, 0x00, 0x20, 0x00, 0x20, 0x00, 0x20, 0x00, 
0x20, 0x00, 0x20, 0x00, 0x20, 0x00, 0x20, 0x00, 0x20, 0x00, 0x20, 0x00, 0x20, 0x00, 0x21, 0x00, 
0x21, 0x00, 0x21, 0x00, 0x21, 0x00, 0x21, 0x00, 0x20, 0x00, 0x20, 0x00, 0x20, 0x00, 0x20, 0x00, 
0x20, 0x00, 0x21, 0x00, 0x21, 0x00, 0x21, 0x00, 0x21, 0x00, 0x21, 0x00, 0x21, 0x00, 0x21, 0x00, 
0x41, 0x08, 0x41, 0x08, 0x41, 0x00, 0x41, 0x00, 0x41, 0x00, 0x41, 0x08, 0x41, 0x00, 0x41, 0x00, 
0x41, 0x00, 0x41, 0x00, 0x41, 0x00, 0x41, 0x00, 0x41, 0x00, 0x41, 0x08, 0x41, 0x00, 0x21, 0x00, 
0x21, 0x00, 0x21, 0x00, 0x20, 0x00, 0x20, 0x00, 0x20, 0x00, 0x21, 0x00, 0x21, 0x00, 0x21, 0x00, 
0x21, 0x00, 0x21, 0x00, 0x21, 0x00, 0x21, 0x00, 0x41, 0x08, 0x42, 0x08, 0x42, 0x08, 0x42, 0x08, 
0x62, 0x08, 0x62, 0x08, 0x62, 0x08, 0xA3, 0x08, 0xA3, 0x10, 0x41, 0x08, 0x20, 0x00, 0x20, 0x00, 
0x00, 0x00, 0x21, 0x00, 0x41, 0x00, 0xC3, 0x10, 0x41, 0x08, 0x42, 0x08, 0x42, 0x08, 0x41, 0x00, 
0x21, 0x00, 0x21, 0x00, 0x21, 0x00, 0x21, 0x00, 0x62, 0x08, 0x42, 0x08, 0x21, 0x00, 0x41, 0x08, 
0x21, 0x00, 0x21, 0x00, 0x41, 0x08, 0x62, 0x08, 0x62, 0x08, 0x62, 0x08, 0x62, 0x08, 0x62, 0x08, 
0x62, 0x08, 0x82, 0x08, 0x82, 0x08, 0x83, 0x08, 0x82, 0x08, 0x62, 0x08, 0x62, 0x08, 0x62, 0x08, 
0x42, 0x08, 0x42, 0x00, 0x41, 0x08, 0x42, 0x00, 0x41, 0x00, 0x41, 0x00, 0x42, 0x08, 0x42, 0x08, 
0x41, 0x08, 0x41, 0x00, 0x42, 0x08, 0x62, 0x08, 0x82, 0x08, 0x83, 0x08, 0xA3, 0x08, 0xA3, 0x10, 
0xA3, 0x10, 0xA3, 0x10, 0xA3, 0x10, 0xA3, 0x10, 0xA3, 0x10, 0x83, 0x10, 0x83, 0x08, 0x82, 0x08, 
0x62, 0x08, 0x62, 0x08, 0x42, 0x08, 0x41, 0x08, 0x41, 0x08, 0x41, 0x08, 0x41, 0x00, 0x41, 0x00, 
0x41, 0x08, 0x21, 0x00, 0x21, 0x00, 0x21, 0x00, 0x21, 0x00, 0x21, 0x00, 0x20, 0x00, 0x20, 0x00, 
0x20, 0x00, 0x20, 0x00, 0x20, 0x00, 0x20, 0x00, 0x20, 0x00, 0x21, 0x00, 0x21, 0x00, 0x20, 0x00, 
0x20, 0x00, 0x20, 0x00, 0x21, 0x00, 0x21, 0x00, 0x41, 0x08, 0x42, 0x08, 0x42, 0x08, 0x42, 0x08, 
0x42, 0x08, 0x62, 0x08, 0xA3, 0x10, 0xC4, 0x10, 0xC4, 0x10, 0xE4, 0x18, 0x62, 0x08, 0xA3, 0x10, 
0x82, 0x08, 0x21, 0x00, 0x41, 0x08, 0x41, 0x00, 0x41, 0x08, 0x62, 0x08, 0x62, 0x08, 0xC8, 0x31, 
0x4A, 0x3A, 0x2A, 0x3A, 0x4A, 0x42, 0x6A, 0x42, 0x6A, 0x42, 0x6A, 0x42, 0x4A, 0x42, 0x4A, 0x42, 
0x4A, 0x3A, 0x4A, 0x3A, 0x4A, 0x3A, 0x4A, 0x3A, 0x2A, 0x3A, 0x2A, 0x3A, 0x29, 0x3A, 0x2A, 0x3A, 
0x2A, 0x3A, 0x2A, 0x3A, 0x29, 0x3A, 0x29, 0x3A, 0x29, 0x3A, 0x09, 0x3A, 0x09, 0x3A, 0x09, 0x3A, 
0xC4, 0x10, 0xC4, 0x10, 0xC4, 0x10, 0xC4, 0x10, 0xE4, 0x18, 0xE4, 0x10, 0xE4, 0x18, 0xE5, 0x18, 
0xE5, 0x18, 0xE5, 0x18, 0xE5, 0x18, 0xE4, 0x18, 0x05, 0x19, 0xE5, 0x18, 0xE5, 0x18, 0xE5, 0x18, 
0xE5, 0x18, 0xE4, 0x18, 0x05, 0x19, 0x05, 0x19, 0x05, 0x19, 0x05, 0x19, 0x25, 0x19, 0x25, 0x21, 
0x26, 0x21, 0x45, 0x21, 0x46, 0x21, 0x46, 0x21, 0x46, 0x21, 0x46, 0x21, 0x46, 0x21, 0x46, 0x21, 
0x46, 0x21, 0x46, 0x21, 0x46, 0x21, 0x46, 0x21, 0x46, 0x21, 0x66, 0x21, 0x66, 0x21, 0x66, 0x21, 
0x66, 0x21, 0x66, 0x21, 0x66, 0x21, 0x66, 0x21, 0x66, 0x21, 0x66, 0x21, 0x66, 0x21, 0x46, 0x21, 
0x66, 0x21, 0x66, 0x21, 0x67, 0x21, 0x87, 0x21, 0x87, 0x21, 0x87, 0x29, 0x87, 0x29, 0x87, 0x29, 
0x87, 0x21, 0x87, 0x21, 0x87, 0x29, 0xE4, 0x18, 0x41, 0x00, 0x21, 0x00, 0x41, 0x00, 0x41, 0x00, 
0x41, 0x00, 0x41, 0x08, 0x41, 0x08, 0x21, 0x00, 0x21, 0x00, 0x21, 0x08, 0x41, 0x08, 0x21, 0x00, 
0x21, 0x00, 0x21, 0x00, 0x21, 0x00, 0x21, 0x00, 0x20, 0x00, 0x41, 0x08, 0x62, 0x08, 0x62, 0x08, 
0x62, 0x08, 0x42, 0x08, 0x41, 0x08, 0x42, 0x08, 0x41, 0x08, 0x41, 0x08, 0x42, 0x08, 0x41, 0x08, 
0x41, 0x08, 0x41, 0x08, 0x41, 0x08, 0x41, 0x08, 0x41, 0x08, 0x41, 0x08, 0x21, 0x08, 0x41, 0x08, 
0x21, 0x08, 0x21, 0x00, 0x21, 0x00, 0x21, 0x00, 0x21, 0x00, 0x21, 0x00, 0x21, 0x00, 0x21, 0x00, 
0x21, 0x00, 0x21, 0x00, 0x21, 0x00, 0x21, 0x00, 0x21, 0x00, 0x21, 0x00, 0x21, 0x00, 0x21, 0x00, 
0x21, 0x00, 0x21, 0x00, 0x41, 0x00, 0x21, 0x00, 0x21, 0x00, 0x41, 0x00, 0x21, 0x08, 0x21, 0x00, 
0x20, 0x00, 0x20, 0x00, 0x20, 0x00, 0x20, 0x00, 0x20, 0x00, 0x20, 0x00, 0x20, 0x00, 0x20, 0x00, 
0x20, 0x00, 0x20, 0x00, 0x20, 0x00, 0x20, 0x00, 0x20, 0x00, 0x20, 0x00, 0x20, 0x00, 0x20, 0x00, 
0x21, 0x00, 0x21, 0x00, 0x21, 0x00, 0x21, 0x00, 0x21, 0x00, 0x21, 0x00, 0x20, 0x00, 0x20, 0x00, 
0x20, 0x00, 0x21, 0x00, 0x21, 0x00, 0x21, 0x00, 0x21, 0x00, 0x21, 0x00, 0x20, 0x00, 0x21, 0x00, 
0x41, 0x00, 0x21, 0x00, 0x21, 0x00, 0x21, 0x00, 0x41, 0x00, 0x41, 0x00, 0x21, 0x00, 0x21, 0x00, 
0x21, 0x00, 0x21, 0x00, 0x21, 0x00, 0x21, 0x00, 0x21, 0x00, 0x21, 0x00, 0x21, 0x00, 0x21, 0x00, 
0x21, 0x00, 0x21, 0x00, 0x20, 0x00, 0x20, 0x00, 0x21, 0x00, 0x20, 0x00, 0x21, 0x00, 0x21, 0x00, 
0x21, 0x00, 0x21, 0x00, 0x21, 0x00, 0x41, 0x08, 0x41, 0x08, 0x42, 0x08, 0x62, 0x08, 0x62, 0x08, 
0x62, 0x08, 0x62, 0x08, 0x62, 0x08, 0xA3, 0x08, 0xA3, 0x10, 0x21, 0x00, 0x20, 0x00, 0x20, 0x00, 
0x21, 0x00, 0x62, 0x08, 0x62, 0x08, 0x41, 0x00, 0xC3, 0x10, 0x82, 0x10, 0x21, 0x00, 0x21, 0x00, 
0x21, 0x00, 0x20, 0x00, 0x20, 0x00, 0x21, 0x00, 0x21, 0x00, 0x21, 0x00, 0x41, 0x08, 0x41, 0x08, 
0x21, 0x00, 0x21, 0x00, 0x41, 0x08, 0x42, 0x08, 0x62, 0x08, 0x82, 0x10, 0x62, 0x08, 0x41, 0x08, 
0x62, 0x08, 0x42, 0x08, 0x42, 0x00, 0x41, 0x08, 0x21, 0x08, 0x21, 0x00, 0x21, 0x00, 0x41, 0x00, 
0x62, 0x08, 0x62, 0x08, 0x62, 0x08, 0x62, 0x08, 0x62, 0x08, 0x82, 0x08, 0x82, 0x08, 0x62, 0x08, 
0x82, 0x10, 0xA3, 0x10, 0xA3, 0x10, 0xA3, 0x10, 0xA3, 0x10, 0x82, 0x08, 0x82, 0x08, 0x62, 0x08, 
0x62, 0x08, 0x42, 0x08, 0x41, 0x08, 0x41, 0x08, 0x21, 0x00, 0x21, 0x00, 0x21, 0x08, 0x41, 0x08, 
0x41, 0x08, 0x21, 0x00, 0x21, 0x00, 0x21, 0x00, 0x20, 0x00, 0x00, 0x00, 0x00, 0x00, 0x00, 0x00, 
0x20, 0x00, 0x20, 0x00, 0x20, 0x00, 0x20, 0x00, 0x20, 0x00, 0x20, 0x00, 0x20, 0x00, 0x20, 0x00, 
0x20, 0x00, 0x20, 0x00, 0x20, 0x00, 0x20, 0x00, 0x20, 0x00, 0x21, 0x00, 0x21, 0x00, 0x21, 0x00, 
0x21, 0x00, 0x21, 0x00, 0x21, 0x00, 0x21, 0x08, 0x41, 0x08, 0x41, 0x08, 0x42, 0x08, 0x42, 0x08, 
0x42, 0x08, 0x62, 0x08, 0xA3, 0x10, 0x62, 0x08, 0x83, 0x10, 0xC4, 0x18, 0x83, 0x08, 0x62, 0x08, 
0xA3, 0x10, 0x62, 0x08, 0x62, 0x08, 0x41, 0x00, 0x42, 0x08, 0x62, 0x08, 0xA3, 0x10, 0xE8, 0x31, 
0x09, 0x3A, 0x09, 0x3A, 0x09, 0x3A, 0x29, 0x3A, 0x09, 0x3A, 0x09, 0x3A, 0x09, 0x3A, 0x09, 0x3A, 
0x09, 0x3A, 0x09, 0x32, 0x09, 0x32, 0x09, 0x32, 0x09, 0x32, 0xE9, 0x31, 0x09, 0x32, 0x09, 0x32, 
0x09, 0x32, 0x09, 0x32, 0x09, 0x32, 0x09, 0x32, 0xE9, 0x31, 0xE8, 0x31, 0xE9, 0x31, 0xE9, 0x31, 
0xC4, 0x10, 0xC4, 0x10, 0xC4, 0x10, 0xC4, 0x10, 0xE4, 0x18, 0xE4, 0x18, 0xE4, 0x18, 0xE5, 0x18, 
0xE5, 0x18, 0x05, 0x19, 0x05, 0x19, 0x05, 0x19, 0x05, 0x19, 0x05, 0x19, 0x05, 0x19, 0x05, 0x19, 
0x05, 0x19, 0x05, 0x19, 0x05, 0x19, 0x05, 0x19, 0x05, 0x19, 0x25, 0x19, 0x46, 0x21, 0x46, 0x21, 
0x46, 0x21, 0x46, 0x21, 0x46, 0x21, 0x46, 0x21, 0x46, 0x21, 0x66, 0x21, 0x66, 0x21, 0x66, 0x21, 
0x66, 0x21, 0x66, 0x21, 0x66, 0x21, 0x66, 0x21, 0x66, 0x21, 0x66, 0x21, 0x66, 0x21, 0x66, 0x21, 
0x66, 0x21, 0x66, 0x21, 0x66, 0x21, 0x66, 0x21, 0x66, 0x21, 0x46, 0x21, 0x66, 0x21, 0x46, 0x21, 
0x46, 0x21, 0x66, 0x21, 0x66, 0x21, 0x66, 0x21, 0x66, 0x21, 0x67, 0x21, 0x87, 0x21, 0x67, 0x21, 
0x67, 0x21, 0x66, 0x21, 0x66, 0x21, 0xC4, 0x10, 0x62, 0x08, 0x21, 0x00, 0x21, 0x00, 0x41, 0x00, 
0x41, 0x00, 0x21, 0x00, 0x21, 0x08, 0x41, 0x00, 0x41, 0x00, 0x21, 0x00, 0x41, 0x08, 0x21, 0x00, 
0x21, 0x00, 0x21, 0x00, 0x21, 0x00, 0x21, 0x00, 0x20, 0x00, 0x20, 0x00, 0x20, 0x00, 0x20, 0x00, 
0x20, 0x00, 0x20, 0x00, 0x21, 0x00, 0x21, 0x00, 0x21, 0x00, 0x21, 0x00, 0x21, 0x00, 0x21, 0x00, 
0x21, 0x00, 0x21, 0x00, 0x21, 0x00, 0x21, 0x00, 0x21, 0x00, 0x21, 0x00, 0x21, 0x08, 0x21, 0x08, 
0x21, 0x08, 0x41, 0x08, 0x41, 0x08, 0x41, 0x08, 0x41, 0x08, 0x41, 0x08, 0x41, 0x08, 0x41, 0x08, 
0x41, 0x08, 0x41, 0x08, 0x41, 0x08, 0x41, 0x08, 0x41, 0x08, 0x41, 0x08, 0x41, 0x08, 0x41, 0x08, 
0x41, 0x08, 0x41, 0x08, 0x42, 0x08, 0x41, 0x08, 0x41, 0x08, 0x41, 0x08, 0x41, 0x08, 0x20, 0x00, 
0x20, 0x00, 0x20, 0x00, 0x20, 0x00, 0x20, 0x00, 0x20, 0x00, 0x20, 0x00, 0x20, 0x00, 0x20, 0x00, 
0x20, 0x00, 0x20, 0x00, 0x20, 0x00, 0x20, 0x00, 0x20, 0x00, 0x20, 0x00, 0x20, 0x00, 0x41, 0x00, 
0x41, 0x08, 0x41, 0x08, 0x41, 0x08, 0x41, 0x08, 0x41, 0x08, 0x41, 0x08, 0x21, 0x00, 0x21, 0x00, 
0x21, 0x00, 0x20, 0x00, 0x20, 0x00, 0x21, 0x00, 0x21, 0x00, 0x20, 0x00, 0x21, 0x00, 0x21, 0x00, 
0x21, 0x00, 0x21, 0x00, 0x21, 0x00, 0x21, 0x00, 0x21, 0x00, 0x21, 0x00, 0x21, 0x00, 0x21, 0x00, 
0x21, 0x00, 0x21, 0x00, 0x21, 0x00, 0x21, 0x00, 0x21, 0x00, 0x21, 0x00, 0x21, 0x00, 0x20, 0x00, 
0x20, 0x00, 0x20, 0x00, 0x21, 0x00, 0x20, 0x00, 0x20, 0x00, 0x20, 0x00, 0x21, 0x00, 0x21, 0x00, 
0x21, 0x00, 0x21, 0x00, 0x21, 0x00, 0x41, 0x08, 0x42, 0x08, 0x42, 0x08, 0x62, 0x08, 0x42, 0x08, 
0x42, 0x08, 0x42, 0x08, 0x62, 0x08, 0xA3, 0x10, 0xA3, 0x10, 0x20, 0x00, 0x21, 0x00, 0x21, 0x00, 
0x21, 0x00, 0x61, 0x08, 0x62, 0x08, 0x41, 0x08, 0x62, 0x08, 0x62, 0x08, 0xA3, 0x10, 0x21, 0x00, 
0x21, 0x00, 0x20, 0x00, 0x20, 0x00, 0x21, 0x00, 0x21, 0x00, 0x21, 0x00, 0x21, 0x08, 0x41, 0x08, 
0x41, 0x00, 0x21, 0x00, 0x41, 0x08, 0x42, 0x08, 0x82, 0x08, 0xC3, 0x10, 0x41, 0x08, 0x21, 0x00, 
0x21, 0x00, 0x41, 0x00, 0x41, 0x00, 0x21, 0x00, 0x21, 0x00, 0x21, 0x00, 0x21, 0x00, 0x41, 0x08, 
0x82, 0x10, 0x82, 0x10, 0x62, 0x08, 0x62, 0x08, 0x62, 0x08, 0x42, 0x08, 0x41, 0x08, 0x41, 0x08, 
0x41, 0x08, 0x41, 0x08, 0x41, 0x08, 0x41, 0x08, 0x41, 0x08, 0x41, 0x08, 0x41, 0x08, 0x41, 0x08, 
0x21, 0x00, 0x21, 0x00, 0x21, 0x00, 0x21, 0x00, 0x01, 0x00, 0x21, 0x00, 0x00, 0x00, 0x00, 0x00, 
0x00, 0x00, 0x00, 0x00, 0x00, 0x00, 0x00, 0x00, 0x62, 0x08, 0xA3, 0x08, 0x62, 0x08, 0x21, 0x00, 
0x20, 0x00, 0x00, 0x00, 0x00, 0x00, 0x21, 0x00, 0x20, 0x00, 0x20, 0x00, 0x20, 0x00, 0x20, 0x00, 
0x20, 0x00, 0x20, 0x00, 0x21, 0x00, 0x20, 0x00, 0x20, 0x00, 0x21, 0x00, 0x21, 0x00, 0x21, 0x00, 
0x21, 0x00, 0x21, 0x00, 0x21, 0x00, 0x41, 0x08, 0x41, 0x08, 0x41, 0x08, 0x62, 0x08, 0x62, 0x08, 
0x42, 0x08, 0x62, 0x08, 0xA3, 0x10, 0x62, 0x08, 0x83, 0x10, 0xA3, 0x10, 0x82, 0x08, 0x62, 0x08, 
0x62, 0x08, 0x62, 0x08, 0x62, 0x08, 0x41, 0x08, 0x62, 0x08, 0x82, 0x08, 0xC4, 0x10, 0xE8, 0x31, 
0xE8, 0x31, 0xE8, 0x31, 0xE9, 0x31, 0xE9, 0x31, 0xE8, 0x31, 0xE9, 0x31, 0xE9, 0x31, 0xE8, 0x31, 
0xE8, 0x31, 0xE8, 0x31, 0xE8, 0x31, 0xE8, 0x31, 0xE8, 0x31, 0xE8, 0x31, 0xE8, 0x31, 0xE8, 0x31, 
0xE8, 0x31, 0xE8, 0x31, 0xE8, 0x31, 0xE8, 0x31, 0xE8, 0x31, 0xC8, 0x31, 0xE8, 0x31, 0xE8, 0x31, 
0xC4, 0x10, 0xC4, 0x10, 0xC4, 0x10, 0xC4, 0x10, 0xE4, 0x18, 0xE4, 0x18, 0xE4, 0x18, 0x05, 0x19, 
0x05, 0x19, 0x05, 0x19, 0x05, 0x19, 0x05, 0x19, 0x25, 0x19, 0x25, 0x19, 0x05, 0x19, 0x25, 0x21, 
0x25, 0x19, 0x26, 0x21, 0x26, 0x19, 0x26, 0x21, 0x26, 0x21, 0x26, 0x19, 0x46, 0x21, 0x46, 0x21, 
0x46, 0x21, 0x46, 0x21, 0x46, 0x21, 0x46, 0x21, 0x46, 0x21, 0x46, 0x21, 0x66, 0x21, 0x46, 0x21, 
0x46, 0x21, 0x46, 0x21, 0x46, 0x21, 0x46, 0x21, 0x46, 0x21, 0x46, 0x19, 0x46, 0x19, 0x46, 0x19, 
0x46, 0x19, 0x46, 0x19, 0x46, 0x19, 0x46, 0x19, 0x26, 0x19, 0x26, 0x19, 0x26, 0x19, 0x26, 0x19, 
0x26, 0x19, 0x46, 0x21, 0x46, 0x19, 0x46, 0x21, 0x46, 0x21, 0x46, 0x21, 0x66, 0x21, 0x46, 0x21, 
0x46, 0x21, 0x46, 0x19, 0x46, 0x19, 0xC4, 0x10, 0x42, 0x08, 0x42, 0x08, 0x21, 0x00, 0x21, 0x00, 
0x21, 0x00, 0x21, 0x00, 0x21, 0x00, 0x21, 0x00, 0x21, 0x00, 0x21, 0x00, 0x20, 0x00, 0x20, 0x00, 
0x20, 0x00, 0x20, 0x00, 0x21, 0x00, 0x21, 0x00, 0x20, 0x00, 0x20, 0x00, 0x20, 0x00, 0x20, 0x00, 
0x20, 0x00, 0x20, 0x00, 0x20, 0x00, 0x20, 0x00, 0x20, 0x00, 0x20, 0x00, 0x20, 0x00, 0x20, 0x00, 
0x20, 0x00, 0x20, 0x00, 0x20, 0x00, 0x00, 0x00, 0x00, 0x00, 0x20, 0x00, 0x00, 0x00, 0x00, 0x00, 
0x00, 0x00, 0x00, 0x00, 0x00, 0x00, 0x00, 0x00, 0x00, 0x00, 0x20, 0x00, 0x20, 0x00, 0x00, 0x00, 
0x20, 0x00, 0x20, 0x00, 0x00, 0x00, 0x00, 0x00, 0x00, 0x00, 0x20, 0x00, 0x20, 0x00, 0x20, 0x00, 
0x20, 0x00, 0x20, 0x00, 0x00, 0x00, 0x20, 0x00, 0x00, 0x00, 0x00, 0x00, 0x00, 0x00, 0x20, 0x00, 
0x20, 0x00, 0x20, 0x00, 0x21, 0x00, 0x21, 0x00, 0x21, 0x00, 0x21, 0x00, 0x21, 0x00, 0x20, 0x00, 
0x20, 0x00, 0x20, 0x00, 0x20, 0x00, 0x20, 0x00, 0x20, 0x00, 0x20, 0x00, 0x20, 0x00, 0x20, 0x00, 
0x20, 0x00, 0x20, 0x00, 0x20, 0x00, 0x20, 0x00, 0x20, 0x00, 0x20, 0x00, 0x20, 0x00, 0x20, 0x00, 
0x20, 0x00, 0x20, 0x00, 0x20, 0x00, 0x20, 0x00, 0x20, 0x00, 0x20, 0x00, 0x20, 0x00, 0x20, 0x00, 
0x20, 0x00, 0x20, 0x00, 0x20, 0x00, 0x20, 0x00, 0x20, 0x00, 0x20, 0x00, 0x20, 0x00, 0x20, 0x00, 
0x20, 0x00, 0x20, 0x00, 0x20, 0x00, 0x20, 0x00, 0x20, 0x00, 0x20, 0x00, 0x20, 0x00, 0x20, 0x00, 
0x20, 0x00, 0x20, 0x00, 0x20, 0x00, 0x20, 0x00, 0x20, 0x00, 0x20, 0x00, 0x20, 0x00, 0x20, 0x00, 
0x20, 0x00, 0x21, 0x00, 0x21, 0x00, 0x41, 0x08, 0x41, 0x08, 0x41, 0x08, 0x42, 0x08, 0x42, 0x08, 
0x42, 0x08, 0x41, 0x08, 0x62, 0x08, 0xA3, 0x10, 0xA3, 0x10, 0x20, 0x00, 0x21, 0x00, 0x62, 0x08, 
0xA3, 0x10, 0x00, 0x00, 0x21, 0x00, 0x41, 0x08, 0x21, 0x00, 0x41, 0x08, 0x21, 0x00, 0x21, 0x00, 
0x21, 0x00, 0x20, 0x00, 0x21, 0x00, 0x21, 0x00, 0x41, 0x08, 0x41, 0x08, 0x21, 0x08, 0x41, 0x08, 
0x21, 0x08, 0x21, 0x00, 0x41, 0x08, 0x42, 0x08, 0x62, 0x08, 0x82, 0x08, 0x41, 0x00, 0x21, 0x00, 
0x21, 0x00, 0x41, 0x00, 0x41, 0x00, 0x21, 0x08, 0x21, 0x00, 0x21, 0x00, 0x21, 0x00, 0x41, 0x00, 
0x41, 0x08, 0x41, 0x08, 0x41, 0x08, 0x41, 0x08, 0x42, 0x08, 0x41, 0x08, 0x41, 0x00, 0x21, 0x00, 
0x21, 0x00, 0x21, 0x00, 0x21, 0x00, 0x21, 0x00, 0x21, 0x00, 0x21, 0x00, 0x41, 0x00, 0x41, 0x08, 
0x62, 0x08, 0x82, 0x08, 0x82, 0x08, 0x62, 0x08, 0x82, 0x08, 0x82, 0x08, 0x82, 0x08, 0xA3, 0x10, 
0x83, 0x10, 0x83, 0x08, 0xC4, 0x10, 0x25, 0x21, 0x87, 0x29, 0x87, 0x29, 0x67, 0x29, 0x46, 0x21, 
0x05, 0x19, 0xE4, 0x18, 0x83, 0x10, 0x42, 0x08, 0x41, 0x00, 0x20, 0x00, 0x00, 0x00, 0x00, 0x00, 
0x20, 0x00, 0x20, 0x00, 0x21, 0x00, 0x20, 0x00, 0x20, 0x00, 0x21, 0x00, 0x21, 0x00, 0x21, 0x00, 
0x21, 0x00, 0x41, 0x08, 0x41, 0x08, 0x41, 0x08, 0x41, 0x08, 0x62, 0x08, 0x62, 0x08, 0x62, 0x08, 
0x42, 0x08, 0x42, 0x08, 0x83, 0x10, 0x62, 0x08, 0x62, 0x08, 0xA3, 0x10, 0x62, 0x08, 0x41, 0x08, 
0x62, 0x08, 0x82, 0x08, 0x62, 0x08, 0x41, 0x08, 0x62, 0x08, 0x82, 0x08, 0xC4, 0x10, 0xC8, 0x31, 
0xC8, 0x31, 0xC8, 0x31, 0xC8, 0x31, 0xC8, 0x29, 0xC8, 0x29, 0xC8, 0x29, 0xC8, 0x29, 0xC8, 0x29, 
0xC8, 0x29, 0xC8, 0x29, 0xC8, 0x31, 0xC8, 0x31, 0xC8, 0x31, 0xC8, 0x29, 0xC8, 0x29, 0xC8, 0x29, 
0xC8, 0x29, 0xC8, 0x29, 0xC8, 0x29, 0xC8, 0x29, 0xC8, 0x29, 0xC8, 0x29, 0xC8, 0x29, 0xC8, 0x29, 
0xE4, 0x10, 0xE5, 0x18, 0xE4, 0x18, 0xE4, 0x18, 0x05, 0x19, 0x05, 0x19, 0x05, 0x19, 0x05, 0x19, 
0x05, 0x19, 0x05, 0x19, 0x05, 0x19, 0x05, 0x19, 0x05, 0x19, 0x05, 0x19, 0x05, 0x19, 0x05, 0x19, 
0x05, 0x19, 0x05, 0x19, 0x05, 0x19, 0x25, 0x19, 0x25, 0x19, 0x05, 0x19, 0x25, 0x19, 0x25, 0x19, 
0x25, 0x21, 0x25, 0x19, 0x25, 0x19, 0x25, 0x19, 0x25, 0x19, 0x25, 0x19, 0x26, 0x19, 0x26, 0x19, 
0x26, 0x19, 0x26, 0x19, 0x46, 0x19, 0x46, 0x19, 0x46, 0x19, 0x46, 0x21, 0x46, 0x21, 0x46, 0x21, 
0x46, 0x21, 0x46, 0x21, 0x46, 0x21, 0x46, 0x21, 0x46, 0x21, 0x46, 0x21, 0x46, 0x21, 0x66, 0x21, 
0x66, 0x21, 0x66, 0x21, 0x67, 0x21, 0x67, 0x21, 0x67, 0x21, 0x66, 0x21, 0x66, 0x21, 0x66, 0x21, 
0x66, 0x21, 0x46, 0x21, 0x66, 0x21, 0x25, 0x19, 0x62, 0x08, 0x62, 0x08, 0x41, 0x08, 0x21, 0x00, 
0x21, 0x00, 0x21, 0x00, 0x20, 0x00, 0x20, 0x00, 0x20, 0x00, 0x20, 0x00, 0x20, 0x00, 0x20, 0x00, 
0x00, 0x00, 0x20, 0x00, 0x20, 0x00, 0x20, 0x00, 0x20, 0x00, 0x20, 0x00, 0x20, 0x00, 0x00, 0x00, 
0x20, 0x00, 0x20, 0x00, 0x20, 0x00, 0x20, 0x00, 0x20, 0x00, 0x20, 0x00, 0x20, 0x00, 0x00, 0x00, 
0x00, 0x00, 0x20, 0x00, 0x20, 0x00, 0x20, 0x00, 0x20, 0x00, 0x20, 0x00, 0x00, 0x00, 0x00, 0x00, 
0x00, 0x00, 0x00, 0x00, 0x00, 0x00, 0x00, 0x00, 0x00, 0x00, 0x20, 0x00, 0x00, 0x00, 0x20, 0x00, 
0x20, 0x00, 0x20, 0x00, 0x00, 0x00, 0x20, 0x00, 0x20, 0x00, 0x20, 0x00, 0x20, 0x00, 0x20, 0x00, 
0x20, 0x00, 0x20, 0x00, 0x20, 0x00, 0x20, 0x00, 0x20, 0x00, 0x20, 0x00, 0x20, 0x00, 0x20, 0x00, 
0x20, 0x00, 0x00, 0x00, 0x00, 0x00, 0x00, 0x00, 0x00, 0x00, 0x20, 0x00, 0x20, 0x00, 0x20, 0x00, 
0x20, 0x00, 0x20, 0x00, 0x20, 0x00, 0x20, 0x00, 0x20, 0x00, 0x00, 0x00, 0x20, 0x00, 0x20, 0x00, 
0x00, 0x00, 0x20, 0x00, 0x20, 0x00, 0x20, 0x00, 0x20, 0x00, 0x20, 0x00, 0x00, 0x00, 0x20, 0x00, 
0x20, 0x00, 0x20, 0x00, 0x20, 0x00, 0x20, 0x00, 0x00, 0x00, 0x20, 0x00, 0x20, 0x00, 0x00, 0x00, 
0x00, 0x00, 0x20, 0x00, 0x20, 0x00, 0x20, 0x00, 0x20, 0x00, 0x20, 0x00, 0x20, 0x00, 0x00, 0x00, 
0x20, 0x00, 0x00, 0x00, 0x00, 0x00, 0x00, 0x00, 0x20, 0x00, 0x20, 0x00, 0x00, 0x00, 0x20, 0x00, 
0x20, 0x00, 0x20, 0x00, 0x00, 0x00, 0x20, 0x00, 0x20, 0x00, 0x20, 0x00, 0x20, 0x00, 0x20, 0x00, 
0x20, 0x00, 0x21, 0x00, 0x21, 0x08, 0x41, 0x08, 0x41, 0x08, 0x42, 0x08, 0x42, 0x08, 0x41, 0x08, 
0x42, 0x08, 0x41, 0x08, 0x62, 0x08, 0x82, 0x08, 0x83, 0x10, 0x21, 0x00, 0x21, 0x00, 0x82, 0x10, 
0x82, 0x08, 0x62, 0x08, 0x42, 0x08, 0x41, 0x08, 0x21, 0x00, 0x62, 0x08, 0x82, 0x10, 0x21, 0x08, 
0x21, 0x00, 0x21, 0x00, 0x21, 0x00, 0x21, 0x00, 0x41, 0x08, 0x21, 0x08, 0x41, 0x08, 0x41, 0x08, 
0x21, 0x00, 0x21, 0x00, 0x21, 0x08, 0x42, 0x08, 0x62, 0x08, 0x42, 0x08, 0x21, 0x00, 0x21, 0x00, 
0x21, 0x00, 0x21, 0x00, 0x21, 0x00, 0x21, 0x00, 0x21, 0x00, 0x21, 0x00, 0x21, 0x00, 0x21, 0x00, 
0x41, 0x08, 0x41, 0x08, 0x21, 0x00, 0x21, 0x00, 0x21, 0x00, 0x21, 0x00, 0x21, 0x00, 0x41, 0x00, 
0x62, 0x08, 0x82, 0x08, 0xA3, 0x10, 0xC4, 0x10, 0x04, 0x19, 0x05, 0x19, 0x26, 0x21, 0x46, 0x21, 
0x66, 0x21, 0x66, 0x21, 0x66, 0x21, 0x66, 0x21, 0x66, 0x21, 0x66, 0x29, 0x66, 0x21, 0x67, 0x29, 
0x87, 0x29, 0x87, 0x29, 0x87, 0x29, 0x87, 0x21, 0x66, 0x21, 0x46, 0x21, 0x66, 0x21, 0x66, 0x21, 
0x66, 0x21, 0x66, 0x21, 0x66, 0x21, 0x46, 0x21, 0x05, 0x19, 0xE4, 0x10, 0xA3, 0x10, 0x82, 0x08, 
0x21, 0x00, 0x20, 0x00, 0x21, 0x00, 0x21, 0x00, 0x21, 0x00, 0x21, 0x00, 0x21, 0x00, 0x41, 0x00, 
0x41, 0x08, 0x41, 0x08, 0x41, 0x08, 0x42, 0x08, 0x41, 0x08, 0x42, 0x08, 0x62, 0x08, 0x42, 0x08, 
0x42, 0x08, 0x42, 0x08, 0x83, 0x10, 0x82, 0x10, 0x41, 0x08, 0xA3, 0x10, 0x61, 0x08, 0x21, 0x00, 
0x62, 0x08, 0x82, 0x08, 0x62, 0x08, 0x41, 0x08, 0x62, 0x08, 0x82, 0x08, 0xC4, 0x10, 0xC8, 0x31, 
0xA8, 0x29, 0xA7, 0x29, 0xA8, 0x29, 0xA7, 0x29, 0xA8, 0x29, 0xA8, 0x29, 0xA8, 0x29, 0xA7, 0x29, 
0xA7, 0x29, 0xA7, 0x29, 0xA7, 0x29, 0xA8, 0x29, 0xA8, 0x29, 0xA8, 0x29, 0xA8, 0x29, 0xA7, 0x29, 
0x87, 0x29, 0x87, 0x29, 0x87, 0x29, 0x87, 0x29, 0x87, 0x29, 0x87, 0x29, 0xA7, 0x29, 0xA7, 0x29, 
0x05, 0x19, 0x05, 0x19, 0x05, 0x19, 0x05, 0x19, 0x05, 0x19, 0x05, 0x19, 0x05, 0x19, 0x05, 0x19, 
0x05, 0x19, 0x25, 0x19, 0x05, 0x19, 0x25, 0x19, 0x25, 0x19, 0x25, 0x19, 0x25, 0x19, 0x26, 0x19, 
0x26, 0x19, 0x25, 0x19, 0x26, 0x19, 0x25, 0x19, 0x25, 0x19, 0x26, 0x21, 0x26, 0x19, 0x26, 0x19, 
0x25, 0x19, 0x26, 0x19, 0x25, 0x19, 0x25, 0x19, 0x25, 0x19, 0x25, 0x19, 0x26, 0x19, 0x26, 0x19, 
0x25, 0x19, 0x46, 0x19, 0x46, 0x19, 0x46, 0x19, 0x46, 0x21, 0x46, 0x21, 0x46, 0x21, 0x46, 0x21, 
0x46, 0x21, 0x46, 0x21, 0x46, 0x21, 0x46, 0x21, 0x66, 0x21, 0x66, 0x21, 0x66, 0x21, 0x66, 0x21, 
0x66, 0x21, 0x66, 0x21, 0x66, 0x21, 0x66, 0x21, 0x67, 0x21, 0x66, 0x21, 0x66, 0x21, 0x66, 0x21, 
0x66, 0x21, 0x46, 0x21, 0x66, 0x21, 0x25, 0x19, 0x82, 0x08, 0x62, 0x08, 0x42, 0x08, 0x41, 0x08, 
0x41, 0x08, 0x21, 0x08, 0x21, 0x08, 0x21, 0x00, 0x21, 0x00, 0x21, 0x00, 0x20, 0x00, 0x20, 0x00, 
0x20, 0x00, 0x20, 0x00, 0x20, 0x00, 0x20, 0x00, 0x20, 0x00, 0x20, 0x00, 0x00, 0x00, 0x00, 0x00, 
0x00, 0x00, 0x20, 0x00, 0x20, 0x00, 0x20, 0x00, 0x00, 0x00, 0x20, 0x00, 0x20, 0x00, 0x20, 0x00, 
0x20, 0x00, 0x20, 0x00, 0x20, 0x00, 0x00, 0x00, 0x20, 0x00, 0x20, 0x00, 0x00, 0x00, 0x00, 0x00, 
0x00, 0x00, 0x00, 0x00, 0x00, 0x00, 0x00, 0x00, 0x00, 0x00, 0x00, 0x00, 0x00, 0x00, 0x20, 0x00, 
0x00, 0x00, 0x00, 0x00, 0x00, 0x00, 0x20, 0x00, 0x20, 0x00, 0x20, 0x00, 0x20, 0x00, 0x20, 0x00, 
0x20, 0x00, 0x20, 0x00, 0x20, 0x00, 0x00, 0x00, 0x20, 0x00, 0x20, 0x00, 0x20, 0x00, 0x20, 0x00, 
0x00, 0x00, 0x20, 0x00, 0x20, 0x00, 0x20, 0x00, 0x20, 0x00, 0x20, 0x00, 0x20, 0x00, 0x20, 0x00, 
0x20, 0x00, 0x20, 0x00, 0x20, 0x00, 0x20, 0x00, 0x20, 0x00, 0x20, 0x00, 0x20, 0x00, 0x20, 0x00, 
0x20, 0x00, 0x20, 0x00, 0x20, 0x00, 0x20, 0x00, 0x00, 0x00, 0x20, 0x00, 0x20, 0x00, 0x00, 0x00, 
0x20, 0x00, 0x20, 0x00, 0x20, 0x00, 0x20, 0x00, 0x20, 0x00, 0x00, 0x00, 0x20, 0x00, 0x20, 0x00, 
0x20, 0x00, 0x20, 0x00, 0x20, 0x00, 0x20, 0x00, 0x20, 0x00, 0x20, 0x00, 0x20, 0x00, 0x00, 0x00, 
0x20, 0x00, 0x20, 0x00, 0x00, 0x00, 0x00, 0x00, 0x20, 0x00, 0x20, 0x00, 0x20, 0x00, 0x20, 0x00, 
0x20, 0x00, 0x20, 0x00, 0x20, 0x00, 0x20, 0x00, 0x20, 0x00, 0x20, 0x00, 0x20, 0x00, 0x20, 0x00, 
0x21, 0x00, 0x21, 0x00, 0x41, 0x08, 0x41, 0x08, 0x42, 0x08, 0x62, 0x08, 0x62, 0x08, 0x41, 0x08, 
0x62, 0x08, 0x41, 0x08, 0x62, 0x08, 0x82, 0x08, 0x83, 0x10, 0x62, 0x08, 0xA3, 0x10, 0x83, 0x10, 
0xA3, 0x10, 0xC3, 0x10, 0x21, 0x00, 0x41, 0x08, 0x62, 0x08, 0xA3, 0x10, 0xC3, 0x18, 0x41, 0x08, 
0x00, 0x00, 0x21, 0x00, 0x21, 0x00, 0x21, 0x00, 0x21, 0x00, 0x21, 0x00, 0x62, 0x08, 0x41, 0x08, 
0x21, 0x00, 0x41, 0x08, 0x41, 0x08, 0x42, 0x08, 0x62, 0x08, 0x82, 0x08, 0x21, 0x00, 0x21, 0x00, 
0x01, 0x00, 0x00, 0x00, 0x01, 0x00, 0x21, 0x00, 0x21, 0x00, 0x21, 0x00, 0x21, 0x00, 0x41, 0x08, 
0x62, 0x08, 0x82, 0x08, 0xA3, 0x10, 0xC4, 0x10, 0xE4, 0x18, 0x05, 0x19, 0x25, 0x21, 0x46, 0x21, 
0x46, 0x21, 0x66, 0x21, 0x86, 0x21, 0x67, 0x29, 0x66, 0x21, 0x67, 0x21, 0x67, 0x21, 0x66, 0x21, 
0x66, 0x21, 0x46, 0x21, 0x46, 0x21, 0x66, 0x21, 0x46, 0x21, 0x46, 0x21, 0x46, 0x21, 0x46, 0x21, 
0x46, 0x21, 0x46, 0x21, 0x46, 0x21, 0x66, 0x21, 0x66, 0x21, 0x46, 0x21, 0x46, 0x21, 0x46, 0x21, 
0x46, 0x21, 0x46, 0x21, 0x46, 0x21, 0x46, 0x21, 0x46, 0x21, 0x66, 0x21, 0x66, 0x21, 0x87, 0x29, 
0xA3, 0x10, 0x21, 0x00, 0x21, 0x00, 0x21, 0x00, 0x21, 0x00, 0x21, 0x08, 0x21, 0x08, 0x41, 0x08, 
0x41, 0x08, 0x41, 0x08, 0x41, 0x08, 0x42, 0x08, 0x41, 0x08, 0x42, 0x08, 0x62, 0x08, 0x62, 0x08, 
0x62, 0x08, 0x42, 0x08, 0x82, 0x08, 0xA3, 0x10, 0x41, 0x08, 0x82, 0x10, 0x62, 0x08, 0x21, 0x00, 
0x41, 0x08, 0x62, 0x08, 0x62, 0x08, 0x62, 0x08, 0x82, 0x08, 0x83, 0x08, 0x25, 0x19, 0xC8, 0x29, 
0x87, 0x29, 0x87, 0x29, 0x87, 0x29, 0x87, 0x29, 0x87, 0x29, 0x87, 0x29, 0x87, 0x29, 0x87, 0x29, 
0x87, 0x29, 0x87, 0x29, 0x87, 0x29, 0x87, 0x29, 0x87, 0x29, 0x87, 0x29, 0x87, 0x29, 0x87, 0x29, 
0x87, 0x29, 0x87, 0x29, 0x87, 0x29, 0x87, 0x29, 0x87, 0x29, 0x87, 0x29, 0x87, 0x29, 0x87, 0x29, 
0xE4, 0x10, 0xE4, 0x10, 0xE4, 0x10, 0xE5, 0x10, 0xE5, 0x18, 0x05, 0x19, 0xE5, 0x18, 0x05, 0x19, 
0x05, 0x19, 0x05, 0x19, 0x05, 0x19, 0x05, 0x19, 0x25, 0x19, 0x25, 0x19, 0x25, 0x19, 0x26, 0x19, 
0x46, 0x19, 0x46, 0x19, 0x46, 0x19, 0x46, 0x21, 0x46, 0x21, 0x46, 0x21, 0x46, 0x21, 0x46, 0x21, 
0x46, 0x21, 0x46, 0x21, 0x46, 0x21, 0x46, 0x21, 0x46, 0x21, 0x46, 0x21, 0x46, 0x21, 0x46, 0x21, 
0x46, 0x21, 0x46, 0x21, 0x46, 0x19, 0x46, 0x19, 0x46, 0x21, 0x46, 0x19, 0x46, 0x21, 0x46, 0x21, 
0x46, 0x21, 0x46, 0x21, 0x46, 0x19, 0x46, 0x21, 0x46, 0x21, 0x46, 0x21, 0x46, 0x21, 0x46, 0x21, 
0x46, 0x21, 0x46, 0x21, 0x46, 0x21, 0x46, 0x21, 0x46, 0x21, 0x66, 0x21, 0x46, 0x21, 0x46, 0x21, 
0x46, 0x21, 0x46, 0x21, 0x46, 0x21, 0x05, 0x19, 0x62, 0x08, 0x62, 0x08, 0x42, 0x08, 0x41, 0x08, 
0x41, 0x08, 0x41, 0x08, 0x41, 0x08, 0x21, 0x08, 0x21, 0x00, 0x21, 0x00, 0x21, 0x00, 0x21, 0x00, 
0x21, 0x00, 0x20, 0x00, 0x20, 0x00, 0x20, 0x00, 0x20, 0x00, 0x20, 0x00, 0x20, 0x00, 0x20, 0x00, 
0x20, 0x00, 0x20, 0x00, 0x20, 0x00, 0x20, 0x00, 0x20, 0x00, 0x20, 0x00, 0x21, 0x00, 0x21, 0x00, 
0x20, 0x00, 0x20, 0x00, 0x20, 0x00, 0x20, 0x00, 0x00, 0x00, 0x00, 0x00, 0x00, 0x00, 0x00, 0x00, 
0x00, 0x00, 0x00, 0x00, 0x00, 0x00, 0x00, 0x00, 0x00, 0x00, 0x00, 0x00, 0x20, 0x00, 0x20, 0x00, 
0x00, 0x00, 0x00, 0x00, 0x00, 0x00, 0x20, 0x00, 0x20, 0x00, 0x20, 0x00, 0x20, 0x00, 0x00, 0x00, 
0x00, 0x00, 0x20, 0x00, 0x00, 0x00, 0x00, 0x00, 0x00, 0x00, 0x00, 0x00, 0x20, 0x00, 0x20, 0x00, 
0x00, 0x00, 0x00, 0x00, 0x00, 0x00, 0x20, 0x00, 0x20, 0x00, 0x20, 0x00, 0x20, 0x00, 0x20, 0x00, 
0x00, 0x00, 0x00, 0x00, 0x00, 0x00, 0x00, 0x00, 0x00, 0x00, 0x20, 0x00, 0x20, 0x00, 0x20, 0x00, 
0x20, 0x00, 0x20, 0x00, 0x00, 0x00, 0x00, 0x00, 0x20, 0x00, 0x00, 0x00, 0x20, 0x00, 0x20, 0x00, 
0x20, 0x00, 0x20, 0x00, 0x20, 0x00, 0x20, 0x00, 0x00, 0x00, 0x00, 0x00, 0x20, 0x00, 0x20, 0x00, 
0x20, 0x00, 0x20, 0x00, 0x20, 0x00, 0x20, 0x00, 0x20, 0x00, 0x20, 0x00, 0x20, 0x00, 0x20, 0x00, 
0x20, 0x00, 0x20, 0x00, 0x20, 0x00, 0x20, 0x00, 0x20, 0x00, 0x20, 0x00, 0x20, 0x00, 0x20, 0x00, 
0x20, 0x00, 0x20, 0x00, 0x21, 0x00, 0x20, 0x00, 0x20, 0x00, 0x20, 0x00, 0x20, 0x00, 0x20, 0x00, 
0x20, 0x00, 0x21, 0x00, 0x41, 0x08, 0x41, 0x08, 0x62, 0x08, 0x62, 0x08, 0x62, 0x08, 0x41, 0x08, 
0x42, 0x08, 0x42, 0x08, 0x62, 0x08, 0x82, 0x08, 0xA3, 0x10, 0x62, 0x08, 0x62, 0x08, 0x62, 0x08, 
0x83, 0x08, 0xA3, 0x10, 0x41, 0x08, 0x83, 0x10, 0xC3, 0x10, 0xE4, 0x18, 0x62, 0x08, 0x82, 0x10, 
0x62, 0x08, 0x21, 0x00, 0x21, 0x00, 0x21, 0x00, 0x21, 0x00, 0x41, 0x08, 0x41, 0x08, 0x41, 0x08, 
0x21, 0x00, 0x21, 0x08, 0x41, 0x08, 0x42, 0x08, 0x83, 0x10, 0xC3, 0x10, 0x83, 0x10, 0x83, 0x10, 
0x83, 0x10, 0xA3, 0x10, 0xC4, 0x10, 0xC4, 0x10, 0xE4, 0x18, 0x05, 0x19, 0x05, 0x19, 0x25, 0x19, 
0x26, 0x19, 0x46, 0x21, 0x46, 0x21, 0x46, 0x21, 0x46, 0x21, 0x46, 0x21, 0x66, 0x21, 0x46, 0x21, 
0x46, 0x21, 0x46, 0x21, 0x46, 0x21, 0x46, 0x21, 0x46, 0x21, 0x46, 0x21, 0x46, 0x21, 0x46, 0x21, 
0x46, 0x21, 0x46, 0x21, 0x46, 0x21, 0x46, 0x21, 0x46, 0x21, 0x46, 0x21, 0x46, 0x21, 0x46, 0x21, 
0x46, 0x21, 0x46, 0x21, 0x46, 0x21, 0x66, 0x21, 0x66, 0x21, 0x46, 0x21, 0x66, 0x21, 0x66, 0x21, 
0x66, 0x21, 0x66, 0x21, 0x66, 0x21, 0x66, 0x21, 0x66, 0x21, 0x66, 0x21, 0x46, 0x21, 0x67, 0x21, 
0xC4, 0x10, 0x21, 0x00, 0x41, 0x08, 0x41, 0x08, 0x41, 0x08, 0x41, 0x08, 0x41, 0x08, 0x41, 0x08, 
0x41, 0x08, 0x41, 0x08, 0x42, 0x08, 0x42, 0x08, 0x41, 0x08, 0x42, 0x08, 0x62, 0x08, 0x42, 0x08, 
0x42, 0x08, 0x62, 0x08, 0x62, 0x08, 0xA3, 0x10, 0x62, 0x08, 0x82, 0x08, 0x82, 0x10, 0x21, 0x00, 
0x21, 0x00, 0x62, 0x08, 0x62, 0x08, 0x62, 0x08, 0x83, 0x10, 0x82, 0x08, 0x46, 0x21, 0xC8, 0x31, 
0x87, 0x29, 0x87, 0x29, 0x87, 0x29, 0xA7, 0x29, 0x87, 0x29, 0x87, 0x29, 0x87, 0x29, 0x87, 0x29, 
0x87, 0x29, 0x87, 0x29, 0x87, 0x29, 0x87, 0x29, 0x87, 0x29, 0x87, 0x29, 0x87, 0x29, 0x87, 0x29, 
0x66, 0x21, 0x66, 0x21, 0x66, 0x21, 0x66, 0x21, 0x67, 0x21, 0x67, 0x21, 0x66, 0x21, 0x67, 0x21, 
0xC4, 0x10, 0xC4, 0x10, 0xC4, 0x10, 0xC4, 0x10, 0xC4, 0x10, 0xC4, 0x10, 0xE4, 0x10, 0xE4, 0x10, 
0xE4, 0x10, 0xE5, 0x10, 0xE5, 0x18, 0x05, 0x19, 0x05, 0x19, 0x05, 0x19, 0x05, 0x19, 0x05, 0x19, 
0x25, 0x19, 0x25, 0x19, 0x25, 0x19, 0x25, 0x19, 0x26, 0x19, 0x26, 0x19, 0x46, 0x19, 0x46, 0x19, 
0x46, 0x19, 0x46, 0x19, 0x46, 0x19, 0x46, 0x19, 0x26, 0x19, 0x46, 0x21, 0x46, 0x21, 0x46, 0x21, 
0x46, 0x21, 0x46, 0x21, 0x46, 0x21, 0x46, 0x21, 0x46, 0x21, 0x46, 0x21, 0x46, 0x21, 0x46, 0x21, 
0x46, 0x21, 0x46, 0x21, 0x46, 0x21, 0x46, 0x21, 0x46, 0x21, 0x46, 0x21, 0x46, 0x21, 0x46, 0x21, 
0x46, 0x21, 0x46, 0x21, 0x46, 0x21, 0x46, 0x21, 0x46, 0x21, 0x46, 0x21, 0x46, 0x21, 0x46, 0x21, 
0x46, 0x21, 0x46, 0x21, 0x46, 0x21, 0x25, 0x21, 0x83, 0x10, 0x62, 0x08, 0x62, 0x08, 0x42, 0x08, 
0x41, 0x08, 0x41, 0x08, 0x41, 0x08, 0x21, 0x08, 0x21, 0x00, 0x21, 0x00, 0x21, 0x00, 0x21, 0x00, 
0x21, 0x00, 0x21, 0x00, 0x21, 0x00, 0x21, 0x00, 0x21, 0x00, 0x20, 0x00, 0x20, 0x00, 0x20, 0x00, 
0x20, 0x00, 0x20, 0x00, 0x20, 0x00, 0x20, 0x00, 0x20, 0x00, 0x20, 0x00, 0x20, 0x00, 0x20, 0x00, 
0x20, 0x00, 0x20, 0x00, 0x20, 0x00, 0x20, 0x00, 0x20, 0x00, 0x20, 0x00, 0x20, 0x00, 0x20, 0x00, 
0x20, 0x00, 0x20, 0x00, 0x20, 0x00, 0x20, 0x00, 0x20, 0x00, 0x20, 0x00, 0x20, 0x00, 0x20, 0x00, 
0x20, 0x00, 0x20, 0x00, 0x20, 0x00, 0x20, 0x00, 0x00, 0x00, 0x00, 0x00, 0x20, 0x00, 0x20, 0x00, 
0x20, 0x00, 0x20, 0x00, 0x20, 0x00, 0x20, 0x00, 0x20, 0x00, 0x20, 0x00, 0x20, 0x00, 0x20, 0x00, 
0x20, 0x00, 0x20, 0x00, 0x20, 0x00, 0x20, 0x00, 0x20, 0x00, 0x20, 0x00, 0x20, 0x00, 0x20, 0x00, 
0x20, 0x00, 0x20, 0x00, 0x20, 0x00, 0x20, 0x00, 0x20, 0x00, 0x20, 0x00, 0x20, 0x00, 0x20, 0x00, 
0x00, 0x00, 0x20, 0x00, 0x20, 0x00, 0x20, 0x00, 0x20, 0x00, 0x20, 0x00, 0x20, 0x00, 0x20, 0x00, 
0x20, 0x00, 0x20, 0x00, 0x00, 0x00, 0x20, 0x00, 0x20, 0x00, 0x20, 0x00, 0x20, 0x00, 0x20, 0x00, 
0x20, 0x00, 0x20, 0x00, 0x20, 0x00, 0x20, 0x00, 0x20, 0x00, 0x20, 0x00, 0x20, 0x00, 0x20, 0x00, 
0x20, 0x00, 0x20, 0x00, 0x20, 0x00, 0x20, 0x00, 0x20, 0x00, 0x20, 0x00, 0x20, 0x00, 0x20, 0x00, 
0x20, 0x00, 0x20, 0x00, 0x20, 0x00, 0x20, 0x00, 0x20, 0x00, 0x20, 0x00, 0x20, 0x00, 0x21, 0x00, 
0x20, 0x00, 0x21, 0x00, 0x41, 0x00, 0x41, 0x08, 0x41, 0x08, 0x42, 0x08, 0x42, 0x08, 0x41, 0x08, 
0x42, 0x08, 0x42, 0x08, 0x62, 0x08, 0x62, 0x08, 0x83, 0x10, 0x62, 0x08, 0x62, 0x08, 0x62, 0x08, 
0x82, 0x08, 0x83, 0x10, 0x62, 0x08, 0xE4, 0x18, 0xA3, 0x10, 0x62, 0x08, 0x62, 0x08, 0x62, 0x08, 
0x83, 0x10, 0x82, 0x10, 0x21, 0x08, 0x21, 0x00, 0x62, 0x08, 0x62, 0x08, 0x41, 0x08, 0x41, 0x08, 
0x21, 0x08, 0x41, 0x08, 0x41, 0x08, 0x62, 0x08, 0x62, 0x08, 0xA3, 0x10, 0x87, 0x29, 0x87, 0x29, 
0x87, 0x29, 0x87, 0x29, 0x87, 0x29, 0x67, 0x21, 0x67, 0x21, 0x67, 0x21, 0x66, 0x21, 0x46, 0x21, 
0x46, 0x21, 0x46, 0x21, 0x46, 0x21, 0x46, 0x21, 0x46, 0x21, 0x46, 0x21, 0x66, 0x21, 0x46, 0x21, 
0x66, 0x21, 0x66, 0x21, 0x66, 0x21, 0x66, 0x21, 0x66, 0x21, 0x66, 0x21, 0x66, 0x21, 0x66, 0x21, 
0x66, 0x21, 0x66, 0x21, 0x67, 0x21, 0x67, 0x29, 0x87, 0x29, 0x87, 0x29, 0x87, 0x29, 0x87, 0x29, 
0x87, 0x29, 0x67, 0x21, 0x66, 0x21, 0x87, 0x21, 0x87, 0x29, 0x87, 0x29, 0x87, 0x29, 0x87, 0x29, 
0x87, 0x29, 0x66, 0x21, 0x67, 0x21, 0x67, 0x21, 0x67, 0x21, 0x67, 0x21, 0x67, 0x21, 0x67, 0x29, 
0x25, 0x19, 0x21, 0x00, 0x41, 0x08, 0x41, 0x08, 0x41, 0x08, 0x41, 0x08, 0x41, 0x08, 0x42, 0x08, 
0x42, 0x08, 0x41, 0x08, 0x41, 0x08, 0x62, 0x08, 0x62, 0x08, 0x42, 0x08, 0x42, 0x08, 0x62, 0x08, 
0x42, 0x08, 0x62, 0x08, 0x42, 0x08, 0xA3, 0x10, 0xA3, 0x10, 0x62, 0x08, 0x82, 0x10, 0x62, 0x08, 
0x41, 0x08, 0x82, 0x10, 0x62, 0x08, 0x82, 0x08, 0xA3, 0x10, 0x83, 0x10, 0x66, 0x21, 0x87, 0x29, 
0x87, 0x21, 0x87, 0x29, 0x87, 0x29, 0x87, 0x29, 0x87, 0x29, 0x87, 0x21, 0x87, 0x29, 0x87, 0x29, 
0x87, 0x29, 0x87, 0x29, 0x87, 0x29, 0x87, 0x21, 0x67, 0x21, 0x67, 0x21, 0x87, 0x21, 0x67, 0x21, 
0x66, 0x21, 0x66, 0x21, 0x66, 0x21, 0x66, 0x21, 0x66, 0x21, 0x66, 0x21, 0x66, 0x21, 0x66, 0x21, 
0xE4, 0x10, 0xE4, 0x10, 0xE4, 0x10, 0xE5, 0x10, 0xE5, 0x18, 0x05, 0x19, 0xE5, 0x18, 0xE5, 0x18, 
0xE5, 0x18, 0xE5, 0x18, 0xE5, 0x18, 0x05, 0x19, 0x05, 0x19, 0x05, 0x19, 0x05, 0x19, 0x05, 0x19, 
0x05, 0x19, 0x05, 0x19, 0x25, 0x19, 0x25, 0x19, 0x25, 0x19, 0x25, 0x19, 0x26, 0x19, 0x26, 0x19, 
0x46, 0x19, 0x46, 0x21, 0x46, 0x19, 0x46, 0x19, 0x46, 0x21, 0x46, 0x21, 0x46, 0x21, 0x46, 0x21, 
0x46, 0x21, 0x46, 0x21, 0x46, 0x21, 0x46, 0x21, 0x46, 0x21, 0x46, 0x21, 0x46, 0x21, 0x46, 0x21, 
0x46, 0x21, 0x46, 0x21, 0x46, 0x21, 0x46, 0x19, 0x46, 0x21, 0x46, 0x21, 0x46, 0x21, 0x46, 0x21, 
0x46, 0x21, 0x46, 0x21, 0x46, 0x21, 0x46, 0x19, 0x46, 0x19, 0x46, 0x21, 0x46, 0x21, 0x46, 0x21, 
0x46, 0x21, 0x46, 0x21, 0x46, 0x21, 0x46, 0x21, 0xE4, 0x18, 0x83, 0x10, 0x62, 0x08, 0x41, 0x08, 
0x21, 0x08, 0x41, 0x08, 0x21, 0x08, 0x21, 0x08, 0x21, 0x00, 0x21, 0x00, 0x21, 0x00, 0x21, 0x00, 
0x21, 0x00, 0x21, 0x00, 0x21, 0x00, 0x20, 0x00, 0x20, 0x00, 0x21, 0x00, 0x21, 0x00, 0x20, 0x00, 
0x20, 0x00, 0x21, 0x00, 0x20, 0x00, 0x20, 0x00, 0x20, 0x00, 0x20, 0x00, 0x20, 0x00, 0x20, 0x00, 
0x21, 0x00, 0x20, 0x00, 0x20, 0x00, 0x20, 0x00, 0x20, 0x00, 0x20, 0x00, 0x20, 0x00, 0x20, 0x00, 
0x20, 0x00, 0x20, 0x00, 0x20, 0x00, 0x20, 0x00, 0x20, 0x00, 0x20, 0x00, 0x20, 0x00, 0x20, 0x00, 
0x20, 0x00, 0x20, 0x00, 0x20, 0x00, 0x20, 0x00, 0x00, 0x00, 0x00, 0x00, 0x20, 0x00, 0x20, 0x00, 
0x20, 0x00, 0x20, 0x00, 0x20, 0x00, 0x20, 0x00, 0x20, 0x00, 0x20, 0x00, 0x20, 0x00, 0x20, 0x00, 
0x20, 0x00, 0x20, 0x00, 0x20, 0x00, 0x20, 0x00, 0x20, 0x00, 0x20, 0x00, 0x20, 0x00, 0x20, 0x00, 
0x00, 0x00, 0x20, 0x00, 0x20, 0x00, 0x20, 0x00, 0x20, 0x00, 0x20, 0x00, 0x20, 0x00, 0x20, 0x00, 
0x20, 0x00, 0x20, 0x00, 0x20, 0x00, 0x20, 0x00, 0x20, 0x00, 0x20, 0x00, 0x20, 0x00, 0x20, 0x00, 
0x20, 0x00, 0x20, 0x00, 0x20, 0x00, 0x20, 0x00, 0x20, 0x00, 0x20, 0x00, 0x20, 0x00, 0x20, 0x00, 
0x20, 0x00, 0x20, 0x00, 0x20, 0x00, 0x20, 0x00, 0x20, 0x00, 0x20, 0x00, 0x20, 0x00, 0x20, 0x00, 
0x20, 0x00, 0x20, 0x00, 0x20, 0x00, 0x20, 0x00, 0x20, 0x00, 0x20, 0x00, 0x20, 0x00, 0x20, 0x00, 
0x20, 0x00, 0x20, 0x00, 0x20, 0x00, 0x20, 0x00, 0x20, 0x00, 0x20, 0x00, 0x20, 0x00, 0x20, 0x00, 
0x21, 0x00, 0x21, 0x00, 0x41, 0x00, 0x41, 0x08, 0x41, 0x08, 0x42, 0x08, 0x62, 0x08, 0x42, 0x08, 
0x42, 0x08, 0x41, 0x08, 0x42, 0x08, 0x62, 0x08, 0xA3, 0x10, 0x62, 0x08, 0x62, 0x08, 0x62, 0x08, 
0x82, 0x08, 0x62, 0x08, 0xA3, 0x10, 0x25, 0x21, 0xE4, 0x18, 0x62, 0x08, 0x62, 0x08, 0x62, 0x08, 
0x62, 0x08, 0x62, 0x08, 0x82, 0x10, 0x82, 0x08, 0x42, 0x08, 0x62, 0x08, 0x62, 0x08, 0x21, 0x08, 
0x21, 0x08, 0x41, 0x08, 0x41, 0x08, 0x62, 0x08, 0x62, 0x08, 0xE5, 0x18, 0x67, 0x21, 0x67, 0x21, 
0x66, 0x21, 0x66, 0x21, 0x66, 0x21, 0x66, 0x21, 0x66, 0x21, 0x66, 0x21, 0x46, 0x21, 0x66, 0x21, 
0x66, 0x21, 0x46, 0x21, 0x46, 0x21, 0x66, 0x21, 0x66, 0x21, 0x66, 0x21, 0x66, 0x21, 0x66, 0x21, 
0x66, 0x21, 0x66, 0x21, 0x66, 0x21, 0x66, 0x21, 0x67, 0x21, 0x67, 0x21, 0x67, 0x21, 0x66, 0x21, 
0x67, 0x21, 0x67, 0x21, 0x87, 0x21, 0x87, 0x29, 0x87, 0x29, 0x87, 0x29, 0x87, 0x29, 0xA7, 0x29, 
0xA7, 0x29, 0xA7, 0x29, 0x87, 0x29, 0x87, 0x29, 0x87, 0x29, 0x87, 0x29, 0x87, 0x29, 0x87, 0x29, 
0x87, 0x29, 0x87, 0x29, 0x87, 0x29, 0x87, 0x29, 0x87, 0x29, 0x87, 0x29, 0x87, 0x29, 0x87, 0x29, 
0x66, 0x21, 0x42, 0x08, 0x41, 0x08, 0x41, 0x08, 0x41, 0x08, 0x41, 0x08, 0x41, 0x08, 0x42, 0x08, 
0x62, 0x08, 0x41, 0x08, 0x42, 0x08, 0x62, 0x08, 0x42, 0x08, 0x41, 0x08, 0x62, 0x08, 0x62, 0x08, 
0x42, 0x08, 0x62, 0x08, 0x62, 0x08, 0xA3, 0x10, 0xE4, 0x18, 0x82, 0x10, 0x82, 0x08, 0x82, 0x10, 
0xA3, 0x10, 0x83, 0x10, 0x82, 0x08, 0x83, 0x10, 0x83, 0x08, 0xA3, 0x10, 0x87, 0x29, 0x87, 0x29, 
0x67, 0x21, 0x87, 0x21, 0x87, 0x29, 0x87, 0x29, 0x87, 0x29, 0x87, 0x29, 0x87, 0x21, 0x87, 0x21, 
0x87, 0x29, 0x87, 0x29, 0x67, 0x21, 0x67, 0x21, 0x67, 0x21, 0x67, 0x21, 0x66, 0x21, 0x66, 0x21, 
0x66, 0x21, 0x66, 0x21, 0x66, 0x21, 0x66, 0x21, 0x66, 0x21, 0x66, 0x21, 0x66, 0x21, 0x66, 0x21, 
0xC4, 0x10, 0xC4, 0x10, 0xE4, 0x10, 0xE4, 0x10, 0xE4, 0x10, 0xE4, 0x10, 0xE4, 0x10, 0xE5, 0x10, 
0xE5, 0x10, 0xE5, 0x10, 0xE5, 0x10, 0x05, 0x19, 0x05, 0x19, 0x05, 0x19, 0x05, 0x19, 0x05, 0x19, 
0x05, 0x19, 0x05, 0x19, 0x05, 0x19, 0x05, 0x19, 0x05, 0x19, 0x05, 0x19, 0x25, 0x19, 0x25, 0x19, 
0x25, 0x19, 0x05, 0x19, 0x05, 0x19, 0x05, 0x19, 0x05, 0x19, 0x05, 0x19, 0x25, 0x19, 0x25, 0x19, 
0x25, 0x19, 0x26, 0x19, 0x46, 0x19, 0x25, 0x19, 0x25, 0x19, 0x25, 0x19, 0x26, 0x19, 0x25, 0x19, 
0x25, 0x19, 0x26, 0x19, 0x46, 0x19, 0x26, 0x19, 0x46, 0x19, 0x46, 0x19, 0x26, 0x19, 0x26, 0x19, 
0x46, 0x19, 0x25, 0x19, 0x25, 0x19, 0x25, 0x19, 0x25, 0x19, 0x25, 0x19, 0x45, 0x19, 0x25, 0x19, 
0x25, 0x19, 0x25, 0x19, 0x25, 0x19, 0x46, 0x21, 0x05, 0x19, 0x83, 0x10, 0x62, 0x08, 0x41, 0x08, 
0x41, 0x08, 0x41, 0x08, 0x21, 0x08, 0x21, 0x00, 0x21, 0x00, 0x21, 0x00, 0x21, 0x00, 0x21, 0x00, 
0x20, 0x00, 0x20, 0x00, 0x21, 0x00, 0x20, 0x00, 0x20, 0x00, 0x20, 0x00, 0x20, 0x00, 0x20, 0x00, 
0x20, 0x00, 0x20, 0x00, 0x20, 0x00, 0x20, 0x00, 0x20, 0x00, 0x20, 0x00, 0x20, 0x00, 0x20, 0x00, 
0x20, 0x00, 0x20, 0x00, 0x20, 0x00, 0x20, 0x00, 0x20, 0x00, 0x20, 0x00, 0x20, 0x00, 0x20, 0x00, 
0x20, 0x00, 0x20, 0x00, 0x20, 0x00, 0x20, 0x00, 0x20, 0x00, 0x20, 0x00, 0x20, 0x00, 0x20, 0x00, 
0x20, 0x00, 0x20, 0x00, 0x20, 0x00, 0x20, 0x00, 0x20, 0x00, 0x20, 0x00, 0x00, 0x00, 0x00, 0x00, 
0x00, 0x00, 0x00, 0x00, 0x00, 0x00, 0x00, 0x00, 0x20, 0x00, 0x20, 0x00, 0x00, 0x00, 0x20, 0x00, 
0x00, 0x00, 0x20, 0x00, 0x20, 0x00, 0x00, 0x00, 0x00, 0x00, 0x00, 0x00, 0x20, 0x00, 0x20, 0x00, 
0x00, 0x00, 0x20, 0x00, 0x20, 0x00, 0x20, 0x00, 0x20, 0x00, 0x20, 0x00, 0x20, 0x00, 0x20, 0x00, 
0x01, 0x00, 0x20, 0x00, 0x20, 0x00, 0x20, 0x00, 0x20, 0x00, 0x20, 0x00, 0x20, 0x00, 0x20, 0x00, 
0x00, 0x00, 0x20, 0x00, 0x20, 0x00, 0x20, 0x00, 0x20, 0x00, 0x20, 0x00, 0x20, 0x00, 0x20, 0x00, 
0x20, 0x00, 0x20, 0x00, 0x20, 0x00, 0x20, 0x00, 0x20, 0x00, 0x20, 0x00, 0x20, 0x00, 0x20, 0x00, 
0x20, 0x00, 0x20, 0x00, 0x20, 0x00, 0x20, 0x00, 0x20, 0x00, 0x20, 0x00, 0x20, 0x00, 0x20, 0x00, 
0x20, 0x00, 0x20, 0x00, 0x20, 0x00, 0x20, 0x00, 0x21, 0x00, 0x21, 0x00, 0x20, 0x00, 0x20, 0x00, 
0x41, 0x08, 0x21, 0x00, 0x41, 0x08, 0x42, 0x08, 0x41, 0x08, 0x42, 0x08, 0x62, 0x08, 0x42, 0x08, 
0x62, 0x08, 0x41, 0x08, 0x42, 0x08, 0x62, 0x08, 0xA3, 0x10, 0x62, 0x08, 0x62, 0x08, 0x62, 0x08, 
0x62, 0x08, 0x41, 0x08, 0xC3, 0x10, 0xA3, 0x10, 0xE4, 0x18, 0x82, 0x10, 0x62, 0x08, 0x62, 0x08, 
0x62, 0x08, 0x62, 0x08, 0x62, 0x08, 0x62, 0x08, 0x42, 0x08, 0x62, 0x08, 0x62, 0x08, 0x41, 0x08, 
0x21, 0x08, 0x41, 0x08, 0x42, 0x08, 0x62, 0x08, 0x62, 0x08, 0xE4, 0x18, 0x67, 0x21, 0x67, 0x21, 
0x67, 0x21, 0x66, 0x21, 0x67, 0x21, 0x67, 0x21, 0x66, 0x21, 0x66, 0x21, 0x46, 0x21, 0x46, 0x21, 
0x46, 0x21, 0x66, 0x21, 0x46, 0x21, 0x46, 0x21, 0x46, 0x21, 0x46, 0x21, 0x46, 0x21, 0x46, 0x21, 
0x46, 0x21, 0x46, 0x21, 0x46, 0x21, 0x66, 0x21, 0x46, 0x21, 0x66, 0x21, 0x66, 0x21, 0x46, 0x21, 
0x46, 0x21, 0x46, 0x21, 0x66, 0x21, 0x67, 0x21, 0x67, 0x21, 0x66, 0x21, 0x66, 0x21, 0x67, 0x21, 
0x67, 0x21, 0x66, 0x21, 0x66, 0x21, 0x87, 0x21, 0x67, 0x21, 0x67, 0x21, 0x87, 0x21, 0x87, 0x21, 
0x87, 0x29, 0x87, 0x29, 0xA7, 0x29, 0x87, 0x29, 0x87, 0x29, 0x87, 0x29, 0x87, 0x29, 0x87, 0x29, 
0x87, 0x29, 0x83, 0x08, 0x21, 0x00, 0x41, 0x08, 0x41, 0x08, 0x41, 0x08, 0x41, 0x08, 0x42, 0x08, 
0x42, 0x08, 0x42, 0x08, 0x41, 0x08, 0x62, 0x08, 0x62, 0x08, 0x42, 0x08, 0x42, 0x08, 0x62, 0x08, 
0x42, 0x08, 0x42, 0x08, 0x62, 0x08, 0x62, 0x08, 0x05, 0x19, 0x26, 0x21, 0x05, 0x19, 0xE4, 0x18, 
0xC4, 0x10, 0xA3, 0x10, 0x83, 0x10, 0xA3, 0x10, 0x82, 0x08, 0xE4, 0x10, 0x87, 0x29, 0x67, 0x21, 
0x67, 0x21, 0x87, 0x29, 0x87, 0x29, 0x87, 0x29, 0x87, 0x29, 0x87, 0x29, 0x87, 0x29, 0x87, 0x21, 
0x87, 0x29, 0x67, 0x21, 0x67, 0x21, 0x67, 0x21, 0x87, 0x21, 0x87, 0x21, 0x66, 0x21, 0x67, 0x21, 
0x67, 0x21, 0x67, 0x21, 0x67, 0x21, 0x67, 0x21, 0x66, 0x21, 0x67, 0x21, 0x67, 0x21, 0x66, 0x21, 
0xC4, 0x10, 0xC4, 0x10, 0xC4, 0x10, 0xC4, 0x10, 0xC4, 0x10, 0xC4, 0x10, 0xE4, 0x10, 0xE4, 0x10, 
0xE4, 0x10, 0xE4, 0x10, 0xE5, 0x10, 0xE5, 0x10, 0xE5, 0x10, 0xE5, 0x10, 0xE5, 0x10, 0xE5, 0x18, 
0x05, 0x19, 0x05, 0x19, 0x05, 0x11, 0x05, 0x11, 0x05, 0x19, 0x05, 0x19, 0x05, 0x19, 0xE5, 0x10, 
0xE5, 0x10, 0xE5, 0x18, 0x05, 0x19, 0x05, 0x19, 0xE5, 0x18, 0xE5, 0x18, 0x05, 0x19, 0x05, 0x19, 
0x05, 0x19, 0xE5, 0x10, 0xE5, 0x10, 0xE5, 0x18, 0xE5, 0x18, 0x05, 0x19, 0x05, 0x19, 0x05, 0x19, 
0x05, 0x19, 0x25, 0x19, 0x25, 0x19, 0x25, 0x19, 0x25, 0x19, 0x25, 0x19, 0x25, 0x19, 0x25, 0x19, 
0x25, 0x19, 0x25, 0x19, 0x25, 0x19, 0x25, 0x19, 0x25, 0x19, 0x25, 0x19, 0x25, 0x19, 0x25, 0x19, 
0x25, 0x19, 0x25, 0x19, 0x25, 0x19, 0x26, 0x21, 0xC4, 0x10, 0x42, 0x08, 0x41, 0x08, 0x42, 0x08, 
0x42, 0x08, 0x41, 0x08, 0x41, 0x08, 0x21, 0x00, 0x21, 0x08, 0x21, 0x00, 0x21, 0x00, 0x21, 0x00, 
0x21, 0x00, 0x21, 0x00, 0x21, 0x00, 0x21, 0x00, 0x20, 0x00, 0x20, 0x00, 0x20, 0x00, 0x20, 0x00, 
0x20, 0x00, 0x20, 0x00, 0x20, 0x00, 0x20, 0x00, 0x20, 0x00, 0x20, 0x00, 0x21, 0x00, 0x20, 0x00, 
0x20, 0x00, 0x00, 0x00, 0x20, 0x00, 0x00, 0x00, 0x20, 0x00, 0x20, 0x00, 0x20, 0x00, 0x20, 0x00, 
0x20, 0x00, 0x00, 0x00, 0x00, 0x00, 0x20, 0x00, 0x20, 0x00, 0x20, 0x00, 0x20, 0x00, 0x00, 0x00, 
0x20, 0x00, 0x00, 0x00, 0x20, 0x00, 0x20, 0x00, 0x00, 0x00, 0x00, 0x00, 0x42, 0x08, 0x82, 0x10, 
0x62, 0x08, 0x62, 0x08, 0x62, 0x08, 0x42, 0x08, 0x42, 0x08, 0x41, 0x08, 0x41, 0x08, 0x41, 0x08, 
0x41, 0x08, 0x41, 0x00, 0x21, 0x00, 0x21, 0x00, 0x21, 0x00, 0x21, 0x00, 0x21, 0x00, 0x00, 0x00, 
0x21, 0x00, 0x21, 0x00, 0x20, 0x00, 0x20, 0x00, 0x20, 0x00, 0x00, 0x00, 0x20, 0x00, 0x01, 0x00, 
0x00, 0x00, 0x00, 0x00, 0x00, 0x00, 0x00, 0x00, 0x00, 0x00, 0x00, 0x00, 0x00, 0x00, 0x00, 0x00, 
0x00, 0x00, 0x20, 0x00, 0x20, 0x00, 0x20, 0x00, 0x20, 0x00, 0x20, 0x00, 0x21, 0x00, 0x21, 0x00, 
0x21, 0x00, 0x20, 0x00, 0x21, 0x00, 0x20, 0x00, 0x20, 0x00, 0x20, 0x00, 0x20, 0x00, 0x20, 0x00, 
0x20, 0x00, 0x20, 0x00, 0x20, 0x00, 0x20, 0x00, 0x20, 0x00, 0x20, 0x00, 0x20, 0x00, 0x20, 0x00, 
0x20, 0x00, 0x20, 0x00, 0x21, 0x00, 0x20, 0x00, 0x21, 0x00, 0x20, 0x00, 0x20, 0x00, 0x21, 0x00, 
0x21, 0x00, 0x21, 0x00, 0x41, 0x08, 0x42, 0x08, 0x42, 0x08, 0x62, 0x08, 0x62, 0x08, 0x42, 0x08, 
0x42, 0x08, 0x41, 0x08, 0x42, 0x08, 0x62, 0x08, 0xA3, 0x10, 0x82, 0x10, 0x62, 0x08, 0x62, 0x08, 
0x62, 0x08, 0x41, 0x00, 0xA3, 0x10, 0x83, 0x08, 0xC4, 0x18, 0xE4, 0x18, 0x41, 0x08, 0x62, 0x08, 
0x62, 0x08, 0x62, 0x08, 0x62, 0x08, 0x62, 0x08, 0x62, 0x08, 0x62, 0x08, 0x41, 0x08, 0x41, 0x08, 
0x41, 0x08, 0x41, 0x08, 0x42, 0x08, 0x62, 0x08, 0x42, 0x08, 0xA3, 0x10, 0x67, 0x21, 0x66, 0x21, 
0x66, 0x21, 0x66, 0x21, 0x66, 0x21, 0x66, 0x21, 0x66, 0x21, 0x66, 0x21, 0x46, 0x21, 0x66, 0x21, 
0x46, 0x21, 0x46, 0x21, 0x46, 0x21, 0x66, 0x21, 0x66, 0x21, 0x66, 0x21, 0x66, 0x21, 0x67, 0x21, 
0x67, 0x21, 0x67, 0x21, 0x67, 0x21, 0x66, 0x21, 0x67, 0x21, 0x67, 0x21, 0x67, 0x21, 0x66, 0x21, 
0x66, 0x21, 0x66, 0x21, 0x67, 0x21, 0x67, 0x21, 0x67, 0x21, 0x66, 0x21, 0x66, 0x21, 0x67, 0x21, 
0x66, 0x21, 0x67, 0x21, 0x67, 0x21, 0x67, 0x21, 0x67, 0x21, 0x87, 0x21, 0x67, 0x21, 0x67, 0x21, 
0x67, 0x21, 0x87, 0x29, 0x87, 0x29, 0x67, 0x29, 0x87, 0x29, 0x87, 0x29, 0x87, 0x29, 0x67, 0x21, 
0x87, 0x29, 0xE4, 0x18, 0x21, 0x00, 0x41, 0x08, 0x41, 0x08, 0x41, 0x08, 0x42, 0x08, 0x42, 0x08, 
0x42, 0x08, 0x42, 0x08, 0x41, 0x08, 0x62, 0x08, 0x42, 0x08, 0x42, 0x08, 0x42, 0x08, 0x62, 0x08, 
0x42, 0x08, 0x62, 0x08, 0x62, 0x08, 0x62, 0x08, 0xC4, 0x10, 0x46, 0x21, 0x66, 0x21, 0x25, 0x19, 
0xC4, 0x18, 0xA4, 0x10, 0x83, 0x10, 0x83, 0x10, 0x83, 0x08, 0x26, 0x21, 0x87, 0x21, 0x67, 0x21, 
0x67, 0x21, 0x67, 0x21, 0x87, 0x21, 0x87, 0x21, 0x87, 0x21, 0x87, 0x29, 0x67, 0x21, 0x67, 0x21, 
0x67, 0x21, 0x66, 0x21, 0x66, 0x21, 0x66, 0x21, 0x66, 0x21, 0x66, 0x21, 0x66, 0x21, 0x66, 0x21, 
0x66, 0x21, 0x66, 0x21, 0x66, 0x21, 0x66, 0x21, 0x66, 0x21, 0x66, 0x21, 0x66, 0x21, 0x66, 0x21, 
0xE4, 0x10, 0xE4, 0x10, 0xE4, 0x10, 0xE4, 0x10, 0xE4, 0x10, 0xE5, 0x18, 0xE5, 0x18, 0x05, 0x19, 
0x05, 0x19, 0x05, 0x19, 0x05, 0x19, 0x05, 0x19, 0x05, 0x19, 0x05, 0x19, 0x05, 0x11, 0x05, 0x11, 
0xE5, 0x10, 0xE5, 0x10, 0x05, 0x11, 0x05, 0x11, 0xE5, 0x10, 0xE4, 0x10, 0xE4, 0x10, 0xE4, 0x10, 
0xE4, 0x10, 0xE5, 0x18, 0xE4, 0x10, 0xE5, 0x18, 0xE4, 0x10, 0xE4, 0x10, 0xE4, 0x10, 0xE4, 0x10, 
0xE4, 0x10, 0xE4, 0x10, 0xE4, 0x10, 0xE4, 0x10, 0xE4, 0x10, 0xE5, 0x10, 0xE4, 0x10, 0xE5, 0x10, 
0xE5, 0x10, 0xE4, 0x10, 0xE4, 0x10, 0xE4, 0x10, 0xE4, 0x10, 0xE5, 0x18, 0xE5, 0x18, 0xE5, 0x18, 
0xE4, 0x10, 0xE4, 0x18, 0xE5, 0x18, 0xE5, 0x18, 0xE5, 0x18, 0x05, 0x19, 0x05, 0x19, 0xE5, 0x18, 
0xE5, 0x18, 0x05, 0x19, 0x05, 0x19, 0x25, 0x19, 0x25, 0x21, 0xA3, 0x10, 0x42, 0x08, 0x42, 0x08, 
0x21, 0x00, 0x41, 0x08, 0x41, 0x08, 0x41, 0x08, 0x41, 0x08, 0x21, 0x00, 0x41, 0x00, 0x21, 0x00, 
0x41, 0x08, 0x41, 0x00, 0x21, 0x00, 0x21, 0x00, 0x20, 0x00, 0x20, 0x00, 0x20, 0x00, 0x20, 0x00, 
0x20, 0x00, 0x00, 0x00, 0x20, 0x00, 0x20, 0x00, 0x20, 0x00, 0x20, 0x00, 0x20, 0x00, 0x00, 0x00, 
0x41, 0x08, 0x21, 0x00, 0x00, 0x00, 0x20, 0x00, 0x00, 0x00, 0x21, 0x00, 0x21, 0x00, 0x20, 0x00, 
0x20, 0x00, 0x00, 0x00, 0x00, 0x00, 0x00, 0x00, 0x20, 0x00, 0x00, 0x00, 0x20, 0x00, 0x20, 0x00, 
0x20, 0x00, 0x20, 0x00, 0x20, 0x00, 0x20, 0x00, 0x00, 0x00, 0x00, 0x00, 0xA3, 0x10, 0x25, 0x21, 
0x05, 0x19, 0x05, 0x19, 0x25, 0x19, 0x05, 0x19, 0x05, 0x19, 0x05, 0x19, 0x04, 0x19, 0xE4, 0x18, 
0xE4, 0x18, 0xE4, 0x18, 0xE4, 0x18, 0xE4, 0x18, 0xE4, 0x18, 0xE4, 0x18, 0xE4, 0x18, 0xC4, 0x10, 
0xC4, 0x10, 0xC4, 0x10, 0xC4, 0x10, 0xC4, 0x10, 0xC3, 0x10, 0xA3, 0x10, 0xA3, 0x10, 0xA3, 0x10, 
0xA3, 0x10, 0xA3, 0x10, 0xA3, 0x10, 0x83, 0x10, 0x83, 0x10, 0x83, 0x10, 0x83, 0x10, 0x62, 0x08, 
0x41, 0x00, 0x20, 0x00, 0x00, 0x00, 0x00, 0x00, 0x20, 0x00, 0x20, 0x00, 0x20, 0x00, 0x00, 0x00, 
0x00, 0x00, 0x00, 0x00, 0x00, 0x00, 0x00, 0x00, 0x00, 0x00, 0x00, 0x00, 0x00, 0x00, 0x00, 0x00, 
0x00, 0x00, 0x00, 0x00, 0x00, 0x00, 0x00, 0x00, 0x20, 0x00, 0x20, 0x00, 0x20, 0x00, 0x20, 0x00, 
0x20, 0x00, 0x20, 0x00, 0x20, 0x00, 0x20, 0x00, 0x20, 0x00, 0x21, 0x00, 0x21, 0x00, 0x21, 0x00, 
0x21, 0x00, 0x21, 0x00, 0x41, 0x08, 0x41, 0x08, 0x42, 0x08, 0x42, 0x08, 0x42, 0x08, 0x42, 0x08, 
0x41, 0x08, 0x42, 0x08, 0x42, 0x08, 0x42, 0x08, 0xA3, 0x10, 0x83, 0x10, 0x62, 0x08, 0x62, 0x08, 
0x62, 0x08, 0x21, 0x00, 0x62, 0x08, 0x83, 0x10, 0x82, 0x08, 0xE4, 0x18, 0x41, 0x08, 0x21, 0x00, 
0x41, 0x08, 0x62, 0x08, 0x62, 0x08, 0x62, 0x08, 0x62, 0x08, 0x62, 0x08, 0x41, 0x08, 0x21, 0x08, 
0x41, 0x08, 0x41, 0x08, 0x42, 0x08, 0x62, 0x08, 0x42, 0x08, 0xE4, 0x10, 0x67, 0x21, 0x46, 0x21, 
0x46, 0x21, 0x66, 0x21, 0x46, 0x21, 0x66, 0x21, 0x46, 0x21, 0x46, 0x21, 0x46, 0x19, 0x26, 0x19, 
0x26, 0x19, 0x26, 0x19, 0x25, 0x19, 0x25, 0x19, 0x25, 0x19, 0x25, 0x19, 0x25, 0x19, 0x25, 0x19, 
0x25, 0x19, 0x25, 0x19, 0x25, 0x19, 0x25, 0x19, 0x25, 0x19, 0x25, 0x19, 0x25, 0x19, 0x05, 0x19, 
0x25, 0x19, 0x25, 0x19, 0x25, 0x19, 0x25, 0x19, 0x25, 0x19, 0x46, 0x19, 0x46, 0x19, 0x26, 0x19, 
0x25, 0x19, 0x46, 0x19, 0x46, 0x19, 0x46, 0x19, 0x46, 0x21, 0x46, 0x21, 0x46, 0x21, 0x46, 0x21, 
0x46, 0x21, 0x46, 0x21, 0x46, 0x21, 0x26, 0x21, 0x26, 0x19, 0x26, 0x19, 0x46, 0x21, 0x46, 0x21, 
0x46, 0x21, 0x25, 0x19, 0x42, 0x08, 0x41, 0x08, 0x41, 0x08, 0x41, 0x08, 0x42, 0x08, 0x41, 0x08, 
0x42, 0x08, 0x42, 0x08, 0x41, 0x08, 0x41, 0x08, 0x42, 0x08, 0x62, 0x08, 0x42, 0x08, 0x62, 0x08, 
0x62, 0x08, 0x42, 0x08, 0x42, 0x08, 0x62, 0x08, 0x82, 0x08, 0xE5, 0x18, 0x26, 0x21, 0x05, 0x19, 
0xC4, 0x18, 0xA4, 0x10, 0x83, 0x08, 0x82, 0x08, 0xA3, 0x10, 0x87, 0x21, 0x67, 0x21, 0x87, 0x21, 
0x66, 0x21, 0x67, 0x21, 0x87, 0x21, 0x87, 0x21, 0x87, 0x21, 0x87, 0x21, 0x67, 0x21, 0x67, 0x21, 
0x66, 0x21, 0x66, 0x21, 0x66, 0x21, 0x66, 0x21, 0x66, 0x21, 0x66, 0x21, 0x66, 0x21, 0x46, 0x21, 
0x46, 0x21, 0x46, 0x21, 0x46, 0x21, 0x46, 0x21, 0x46, 0x21, 0x46, 0x21, 0x46, 0x21, 0x46, 0x21, 
0xC4, 0x10, 0xC4, 0x10, 0xC4, 0x10, 0xC4, 0x10, 0xC4, 0x10, 0xC4, 0x10, 0xC4, 0x10, 0xC4, 0x10, 
0xC4, 0x10, 0xC4, 0x10, 0xE4, 0x10, 0xE4, 0x10, 0xE4, 0x10, 0xE4, 0x10, 0xE4, 0x10, 0xE4, 0x10, 
0xE4, 0x10, 0xE4, 0x10, 0xE4, 0x10, 0xE4, 0x10, 0xE4, 0x10, 0xE4, 0x10, 0xE4, 0x10, 0xE4, 0x10, 
0x05, 0x19, 0xE5, 0x18, 0xE4, 0x18, 0xE5, 0x18, 0xE4, 0x10, 0xE4, 0x10, 0xE4, 0x10, 0xE4, 0x10, 
0xE4, 0x10, 0xE4, 0x10, 0xE4, 0x10, 0xE4, 0x10, 0xE4, 0x18, 0xE4, 0x10, 0xE4, 0x10, 0xE4, 0x10, 
0xE4, 0x10, 0xE4, 0x10, 0xE4, 0x18, 0xE4, 0x10, 0xE4, 0x10, 0xE4, 0x18, 0xE4, 0x18, 0xE4, 0x18, 
0xE4, 0x10, 0xE4, 0x10, 0xE4, 0x18, 0xE4, 0x18, 0xE4, 0x18, 0xE4, 0x18, 0xE5, 0x18, 0xE4, 0x18, 
0xE5, 0x18, 0xE5, 0x18, 0x05, 0x19, 0x05, 0x19, 0x05, 0x19, 0xA3, 0x10, 0x62, 0x08, 0x62, 0x08, 
0x41, 0x08, 0x62, 0x08, 0x41, 0x08, 0x41, 0x00, 0x41, 0x08, 0x41, 0x08, 0x41, 0x08, 0x41, 0x08, 
0x41, 0x00, 0x21, 0x00, 0x21, 0x00, 0x41, 0x00, 0x21, 0x00, 0x20, 0x00, 0x20, 0x00, 0x20, 0x00, 
0x20, 0x00, 0x20, 0x00, 0x20, 0x00, 0x21, 0x00, 0x20, 0x00, 0x41, 0x08, 0x20, 0x00, 0x20, 0x00, 
0x21, 0x00, 0x21, 0x00, 0x20, 0x00, 0x20, 0x00, 0x20, 0x00, 0x21, 0x00, 0x20, 0x00, 0x20, 0x00, 
0x20, 0x00, 0x20, 0x00, 0x20, 0x00, 0x00, 0x00, 0x20, 0x00, 0x00, 0x00, 0x20, 0x00, 0x20, 0x00, 
0x00, 0x00, 0x20, 0x00, 0x00, 0x00, 0x20, 0x00, 0x00, 0x00, 0x21, 0x00, 0xE4, 0x10, 0x05, 0x19, 
0x05, 0x19, 0x05, 0x19, 0x04, 0x11, 0x05, 0x11, 0x05, 0x11, 0xE5, 0x10, 0x04, 0x11, 0xE4, 0x10, 
0xE5, 0x10, 0xE4, 0x10, 0xE4, 0x10, 0xE5, 0x10, 0xE5, 0x10, 0xE5, 0x10, 0x05, 0x11, 0x05, 0x11, 
0x05, 0x19, 0x05, 0x19, 0x05, 0x11, 0x04, 0x11, 0x05, 0x11, 0x05, 0x11, 0x05, 0x11, 0xE5, 0x18, 
0x05, 0x19, 0x05, 0x19, 0x05, 0x11, 0x05, 0x19, 0xE5, 0x18, 0xE5, 0x18, 0xE5, 0x18, 0xE5, 0x10, 
0xE4, 0x10, 0xC4, 0x10, 0xA3, 0x08, 0x62, 0x08, 0x41, 0x08, 0x62, 0x08, 0x62, 0x08, 0x62, 0x08, 
0x62, 0x08, 0x62, 0x08, 0x62, 0x08, 0x82, 0x08, 0x82, 0x08, 0x82, 0x08, 0x83, 0x08, 0x82, 0x08, 
0x82, 0x08, 0x82, 0x08, 0x82, 0x08, 0x82, 0x08, 0x21, 0x00, 0x20, 0x00, 0x20, 0x00, 0x20, 0x00, 
0x21, 0x00, 0x20, 0x00, 0x20, 0x00, 0x20, 0x00, 0x21, 0x00, 0x21, 0x00, 0x21, 0x00, 0x21, 0x00, 
0x21, 0x00, 0x21, 0x00, 0x21, 0x08, 0x41, 0x08, 0x41, 0x08, 0x42, 0x08, 0x62, 0x08, 0x41, 0x08, 
0x41, 0x08, 0x41, 0x08, 0x42, 0x08, 0x62, 0x08, 0x83, 0x10, 0xA3, 0x10, 0x62, 0x08, 0x62, 0x08, 
0x62, 0x08, 0x21, 0x00, 0x41, 0x08, 0x62, 0x08, 0x82, 0x08, 0xA3, 0x10, 0x41, 0x08, 0x20, 0x00, 
0x20, 0x00, 0x21, 0x00, 0x62, 0x08, 0x62, 0x08, 0x62, 0x08, 0x42, 0x08, 0x41, 0x08, 0x21, 0x08, 
0x41, 0x08, 0x42, 0x08, 0x62, 0x08, 0x62, 0x08, 0xA3, 0x10, 0xE4, 0x18, 0xE4, 0x10, 0xE4, 0x10, 
0xE4, 0x10, 0xE4, 0x10, 0xC4, 0x10, 0xC4, 0x10, 0xC4, 0x10, 0xC4, 0x10, 0xC3, 0x10, 0xA3, 0x10, 
0xC3, 0x10, 0xA3, 0x10, 0xA3, 0x08, 0xA3, 0x10, 0xA3, 0x10, 0xA3, 0x08, 0xA3, 0x10, 0xA3, 0x10, 
0xA3, 0x10, 0xA3, 0x10, 0xA3, 0x10, 0xA3, 0x08, 0xA3, 0x10, 0xC3, 0x10, 0xC4, 0x10, 0xA3, 0x08, 
0xA3, 0x10, 0xC4, 0x10, 0xC4, 0x10, 0xC4, 0x10, 0xC4, 0x10, 0xC4, 0x10, 0xC4, 0x10, 0xC4, 0x10, 
0xE4, 0x10, 0xE4, 0x10, 0xE4, 0x10, 0xE4, 0x10, 0xE4, 0x10, 0xE4, 0x10, 0xE4, 0x10, 0xE4, 0x10, 
0xE4, 0x10, 0xE4, 0x10, 0xE4, 0x10, 0xE4, 0x10, 0xE4, 0x10, 0xE4, 0x10, 0xE4, 0x10, 0xE4, 0x10, 
0xE4, 0x10, 0x05, 0x19, 0x83, 0x08, 0x21, 0x00, 0x41, 0x08, 0x41, 0x08, 0x41, 0x08, 0x41, 0x08, 
0x42, 0x08, 0x62, 0x08, 0x42, 0x08, 0x41, 0x08, 0x62, 0x08, 0x62, 0x08, 0x62, 0x08, 0x62, 0x08, 
0x62, 0x08, 0x62, 0x08, 0x42, 0x08, 0x62, 0x08, 0x62, 0x08, 0x83, 0x10, 0x05, 0x19, 0xE4, 0x18, 
0xC4, 0x10, 0x83, 0x08, 0x83, 0x10, 0x62, 0x08, 0xE4, 0x10, 0x46, 0x21, 0x46, 0x21, 0x46, 0x21, 
0x46, 0x21, 0x46, 0x21, 0x46, 0x21, 0x66, 0x21, 0x66, 0x21, 0x66, 0x21, 0x46, 0x21, 0x66, 0x21, 
0x66, 0x21, 0x46, 0x21, 0x46, 0x21, 0x46, 0x21, 0x46, 0x21, 0x66, 0x21, 0x46, 0x21, 0x46, 0x21, 
0x46, 0x21, 0x46, 0x21, 0x46, 0x21, 0x25, 0x21, 0x45, 0x19, 0x45, 0x21, 0x45, 0x21, 0x25, 0x19, 
0xC4, 0x10, 0xC4, 0x10, 0xC4, 0x10, 0xC3, 0x10, 0xA4, 0x10, 0xA4, 0x10, 0xC4, 0x10, 0xC4, 0x10, 
0xC4, 0x10, 0xC4, 0x10, 0xE4, 0x10, 0xC4, 0x10, 0xC4, 0x10, 0xC4, 0x10, 0xC4, 0x10, 0xC4, 0x10, 
0xC4, 0x10, 0xC4, 0x10, 0xC4, 0x10, 0xC3, 0x10, 0xC4, 0x10, 0xC4, 0x10, 0xC4, 0x10, 0xC4, 0x10, 
0xC4, 0x10, 0xE4, 0x10, 0xC4, 0x10, 0xE4, 0x10, 0xE4, 0x10, 0xE4, 0x10, 0xE4, 0x10, 0xE4, 0x10, 
0xE4, 0x10, 0xE4, 0x10, 0xC4, 0x10, 0xE4, 0x10, 0xC4, 0x10, 0xE4, 0x10, 0xE4, 0x10, 0xE4, 0x10, 
0xE4, 0x10, 0xE4, 0x10, 0xE4, 0x10, 0xC4, 0x10, 0xE4, 0x10, 0xE4, 0x10, 0xE4, 0x18, 0xE4, 0x18, 
0xE4, 0x18, 0xE4, 0x18, 0xE4, 0x18, 0xE4, 0x18, 0xE4, 0x18, 0xE4, 0x18, 0xE4, 0x18, 0xE4, 0x10, 
0xE4, 0x10, 0xE4, 0x10, 0x05, 0x19, 0x05, 0x19, 0x05, 0x19, 0xA3, 0x10, 0x42, 0x08, 0x83, 0x08, 
0x62, 0x08, 0x62, 0x08, 0x41, 0x08, 0x62, 0x08, 0x62, 0x08, 0x62, 0x08, 0x41, 0x08, 0x42, 0x08, 
0x41, 0x00, 0x41, 0x08, 0x41, 0x08, 0x41, 0x08, 0x21, 0x08, 0x20, 0x00, 0x20, 0x00, 0x20, 0x00, 
0x20, 0x00, 0x20, 0x00, 0x20, 0x00, 0x20, 0x00, 0x20, 0x00, 0x21, 0x00, 0x20, 0x00, 0x20, 0x00, 
0x20, 0x00, 0x20, 0x00, 0x21, 0x00, 0x20, 0x00, 0x20, 0x00, 0x20, 0x00, 0x20, 0x00, 0x20, 0x00, 
0x20, 0x00, 0x20, 0x00, 0x20, 0x00, 0x21, 0x00, 0x20, 0x00, 0x00, 0x00, 0x20, 0x00, 0x00, 0x00, 
0x00, 0x00, 0x20, 0x00, 0x20, 0x00, 0x20, 0x00, 0x00, 0x00, 0x62, 0x08, 0xE4, 0x18, 0xE4, 0x10, 
0xE4, 0x10, 0xE5, 0x10, 0xE5, 0x10, 0xE4, 0x10, 0xE4, 0x10, 0xE4, 0x10, 0xE4, 0x10, 0xE4, 0x10, 
0xE4, 0x10, 0xE4, 0x10, 0xE4, 0x10, 0xE4, 0x10, 0xE4, 0x10, 0xE4, 0x10, 0xE4, 0x10, 0xE4, 0x10, 
0xE4, 0x10, 0xE4, 0x10, 0x05, 0x11, 0x05, 0x11, 0x05, 0x19, 0x05, 0x11, 0x05, 0x19, 0xE5, 0x10, 
0xE5, 0x18, 0xE5, 0x18, 0xE5, 0x10, 0xE5, 0x10, 0xE5, 0x10, 0xE5, 0x10, 0xE4, 0x10, 0xE4, 0x10, 
0xE5, 0x10, 0xE4, 0x10, 0xE5, 0x10, 0xE4, 0x18, 0xE4, 0x10, 0xE4, 0x10, 0xE4, 0x10, 0xE4, 0x10, 
0xE4, 0x10, 0xE4, 0x10, 0xE4, 0x10, 0xE4, 0x10, 0xE4, 0x10, 0xE4, 0x10, 0xE4, 0x10, 0xE4, 0x10, 
0xC4, 0x10, 0xC4, 0x10, 0xC4, 0x10, 0xC4, 0x10, 0x62, 0x08, 0x00, 0x00, 0x20, 0x00, 0x20, 0x00, 
0x21, 0x00, 0x21, 0x00, 0x21, 0x00, 0x21, 0x00, 0x41, 0x00, 0x21, 0x00, 0x21, 0x00, 0x21, 0x08, 
0x21, 0x08, 0x42, 0x08, 0x41, 0x08, 0x41, 0x08, 0x42, 0x08, 0x42, 0x08, 0x62, 0x08, 0x62, 0x08, 
0x42, 0x08, 0x42, 0x08, 0x41, 0x08, 0x62, 0x08, 0x82, 0x08, 0xC3, 0x18, 0x62, 0x08, 0x62, 0x08, 
0x62, 0x08, 0x21, 0x00, 0x21, 0x00, 0x62, 0x08, 0xA3, 0x10, 0x82, 0x10, 0x41, 0x08, 0x21, 0x00, 
0x21, 0x00, 0x21, 0x00, 0x21, 0x00, 0x62, 0x08, 0x62, 0x08, 0x62, 0x08, 0x41, 0x08, 0x41, 0x08, 
0x41, 0x08, 0x62, 0x08, 0x62, 0x08, 0x62, 0x08, 0x83, 0x10, 0x62, 0x08, 0x62, 0x08, 0x62, 0x08, 
0x62, 0x08, 0x62, 0x08, 0x62, 0x08, 0x62, 0x08, 0x62, 0x08, 0x62, 0x08, 0x62, 0x08, 0x62, 0x08, 
0x62, 0x08, 0x62, 0x08, 0x62, 0x08, 0x62, 0x08, 0x62, 0x08, 0x62, 0x08, 0x62, 0x08, 0x62, 0x08, 
0x62, 0x08, 0x82, 0x08, 0x82, 0x08, 0x82, 0x08, 0x83, 0x08, 0x83, 0x08, 0x83, 0x08, 0x83, 0x08, 
0xA3, 0x08, 0xA3, 0x08, 0xA3, 0x08, 0xA3, 0x08, 0xA3, 0x10, 0xA3, 0x08, 0xA3, 0x10, 0xA4, 0x10, 
0xA3, 0x10, 0xA4, 0x10, 0xC4, 0x10, 0xC4, 0x10, 0xC4, 0x10, 0xC4, 0x10, 0xC4, 0x10, 0xC4, 0x10, 
0xC4, 0x10, 0xC4, 0x10, 0xC4, 0x10, 0xC4, 0x10, 0xC4, 0x10, 0xC4, 0x10, 0xE4, 0x10, 0xE4, 0x10, 
0xE4, 0x10, 0xE4, 0x10, 0xE4, 0x10, 0x41, 0x00, 0x41, 0x08, 0x41, 0x08, 0x41, 0x08, 0x42, 0x08, 
0x41, 0x08, 0x42, 0x08, 0x42, 0x08, 0x42, 0x08, 0x62, 0x08, 0x62, 0x08, 0x62, 0x08, 0x62, 0x08, 
0x62, 0x08, 0x62, 0x08, 0x42, 0x08, 0x62, 0x08, 0x42, 0x08, 0x62, 0x08, 0xA3, 0x10, 0xC4, 0x10, 
0xA3, 0x10, 0xA3, 0x10, 0x83, 0x08, 0x62, 0x08, 0x05, 0x19, 0x25, 0x19, 0x25, 0x19, 0x25, 0x19, 
0x45, 0x19, 0x45, 0x19, 0x45, 0x19, 0x45, 0x19, 0x45, 0x19, 0x45, 0x19, 0x25, 0x19, 0x45, 0x19, 
0x25, 0x19, 0x25, 0x19, 0x25, 0x19, 0x25, 0x19, 0x25, 0x19, 0x25, 0x19, 0x45, 0x19, 0x25, 0x19, 
0x25, 0x19, 0x25, 0x19, 0x25, 0x19, 0x05, 0x19, 0x05, 0x19, 0x05, 0x19, 0x05, 0x19, 0x05, 0x19, 
0xA3, 0x08, 0xA3, 0x08, 0xA3, 0x08, 0xA3, 0x08, 0xA3, 0x08, 0xA3, 0x08, 0xA3, 0x08, 0xA3, 0x08, 
0xA3, 0x08, 0xA3, 0x08, 0xA3, 0x10, 0xC3, 0x10, 0xC3, 0x10, 0xC4, 0x10, 0xA3, 0x08, 0xC4, 0x10, 
0xC4, 0x10, 0xC4, 0x10, 0xA3, 0x10, 0xA3, 0x10, 0xC3, 0x10, 0xC4, 0x10, 0xC3, 0x10, 0xC4, 0x10, 
0xC4, 0x10, 0xC3, 0x10, 0xC3, 0x10, 0xC3, 0x10, 0xC4, 0x10, 0xC3, 0x10, 0xC4, 0x10, 0xC4, 0x10, 
0xC4, 0x10, 0xC4, 0x10, 0xC4, 0x10, 0xC4, 0x10, 0xC4, 0x10, 0xC4, 0x10, 0xC4, 0x10, 0xC4, 0x10, 
0xC4, 0x10, 0xC4, 0x10, 0xC4, 0x10, 0xC4, 0x10, 0xC4, 0x10, 0xC4, 0x10, 0xC4, 0x10, 0xC4, 0x18, 
0xC4, 0x18, 0xC4, 0x10, 0xC4, 0x10, 0xC4, 0x10, 0xC4, 0x18, 0xC4, 0x10, 0xC4, 0x10, 0xE4, 0x18, 
0xE4, 0x10, 0xE4, 0x10, 0xE4, 0x10, 0xE5, 0x10, 0xE5, 0x18, 0xE4, 0x18, 0x83, 0x10, 0x62, 0x08, 
0x62, 0x08, 0x62, 0x08, 0x42, 0x08, 0x62, 0x08, 0x42, 0x08, 0x62, 0x08, 0x41, 0x08, 0x62, 0x08, 
0x41, 0x08, 0x42, 0x08, 0x21, 0x00, 0x41, 0x08, 0x41, 0x08, 0x20, 0x00, 0x20, 0x00, 0x21, 0x00, 
0x20, 0x00, 0x20, 0x00, 0x20, 0x00, 0x20, 0x00, 0x21, 0x00, 0x20, 0x00, 0x20, 0x00, 0x21, 0x00, 
0x20, 0x00, 0x20, 0x00, 0x20, 0x00, 0x20, 0x00, 0x20, 0x00, 0x20, 0x00, 0x20, 0x00, 0x20, 0x00, 
0x00, 0x00, 0x20, 0x00, 0x20, 0x00, 0x20, 0x00, 0x00, 0x00, 0x20, 0x00, 0x20, 0x00, 0x20, 0x00, 
0x00, 0x00, 0x20, 0x00, 0x20, 0x00, 0x21, 0x00, 0x00, 0x00, 0xA3, 0x10, 0xE5, 0x18, 0x04, 0x11, 
0x04, 0x11, 0x05, 0x19, 0x05, 0x19, 0x05, 0x19, 0x05, 0x19, 0x05, 0x19, 0x05, 0x11, 0x05, 0x11, 
0x05, 0x19, 0x05, 0x11, 0xE5, 0x10, 0x05, 0x19, 0x05, 0x11, 0x05, 0x19, 0x05, 0x19, 0x05, 0x11, 
0x05, 0x19, 0x05, 0x19, 0x05, 0x19, 0x05, 0x19, 0x05, 0x19, 0x05, 0x19, 0x05, 0x19, 0x05, 0x19, 
0x05, 0x11, 0x04, 0x11, 0xE5, 0x10, 0xE4, 0x10, 0xE4, 0x10, 0xC4, 0x10, 0xE4, 0x10, 0xE4, 0x10, 
0xE4, 0x10, 0xE4, 0x10, 0xE4, 0x10, 0xE4, 0x10, 0xE4, 0x10, 0xE4, 0x10, 0xE4, 0x10, 0xE4, 0x10, 
0xC4, 0x10, 0xC4, 0x10, 0xC4, 0x10, 0xC4, 0x10, 0xC4, 0x10, 0xC4, 0x10, 0xC4, 0x10, 0xC4, 0x10, 
0xC4, 0x10, 0xA3, 0x10, 0xA3, 0x10, 0xA3, 0x10, 0x82, 0x08, 0x21, 0x00, 0x20, 0x00, 0x21, 0x00, 
0x21, 0x00, 0x21, 0x00, 0x21, 0x00, 0x21, 0x00, 0x41, 0x00, 0x41, 0x08, 0x21, 0x08, 0x21, 0x00, 
0x41, 0x08, 0x42, 0x08, 0x21, 0x00, 0x41, 0x08, 0x42, 0x08, 0x62, 0x08, 0x62, 0x08, 0x62, 0x08, 
0x42, 0x08, 0x62, 0x08, 0x42, 0x08, 0x42, 0x08, 0x62, 0x08, 0xC4, 0x18, 0x83, 0x10, 0x62, 0x08, 
0x62, 0x08, 0x20, 0x00, 0x21, 0x00, 0x62, 0x08, 0x62, 0x08, 0x82, 0x08, 0x21, 0x00, 0x20, 0x00, 
0x21, 0x00, 0x21, 0x00, 0x20, 0x00, 0x41, 0x08, 0x62, 0x08, 0x41, 0x08, 0x41, 0x08, 0x41, 0x08, 
0x42, 0x08, 0x62, 0x08, 0x62, 0x08, 0x62, 0x08, 0x42, 0x08, 0x62, 0x08, 0x62, 0x08, 0x62, 0x08, 
0x62, 0x08, 0x62, 0x08, 0x62, 0x08, 0x62, 0x08, 0x62, 0x08, 0x62, 0x08, 0x62, 0x08, 0x62, 0x08, 
0x62, 0x08, 0x62, 0x08, 0x62, 0x08, 0x62, 0x08, 0x62, 0x08, 0x62, 0x08, 0x62, 0x08, 0x62, 0x08, 
0x62, 0x08, 0x62, 0x08, 0x62, 0x08, 0x62, 0x08, 0x62, 0x08, 0x62, 0x08, 0x62, 0x08, 0x82, 0x08, 
0x82, 0x08, 0x82, 0x08, 0x83, 0x08, 0x82, 0x08, 0x82, 0x08, 0x82, 0x08, 0x83, 0x08, 0x83, 0x08, 
0x83, 0x08, 0x83, 0x08, 0xA3, 0x08, 0xA3, 0x08, 0xA3, 0x08, 0xA3, 0x08, 0xA3, 0x08, 0x83, 0x08, 
0x83, 0x08, 0xA3, 0x08, 0xA3, 0x08, 0xA3, 0x08, 0xA3, 0x10, 0xA3, 0x10, 0xA4, 0x10, 0xC4, 0x10, 
0xC4, 0x10, 0xC4, 0x10, 0xC4, 0x10, 0x82, 0x08, 0x21, 0x00, 0x41, 0x08, 0x41, 0x08, 0x41, 0x08, 
0x41, 0x08, 0x41, 0x00, 0x41, 0x08, 0x41, 0x08, 0x42, 0x08, 0x62, 0x08, 0x62, 0x08, 0x42, 0x08, 
0x42, 0x08, 0x62, 0x08, 0x42, 0x08, 0x41, 0x08, 0x42, 0x08, 0x42, 0x08, 0x62, 0x08, 0x82, 0x08, 
0x83, 0x10, 0x83, 0x08, 0x62, 0x08, 0xA3, 0x10, 0x05, 0x19, 0x04, 0x19, 0x05, 0x19, 0x05, 0x19, 
0x05, 0x19, 0x05, 0x19, 0x05, 0x19, 0x05, 0x19, 0x05, 0x19, 0x25, 0x19, 0x25, 0x19, 0x05, 0x19, 
0x05, 0x19, 0x25, 0x19, 0x25, 0x19, 0x25, 0x19, 0x25, 0x19, 0x25, 0x19, 0x25, 0x19, 0x05, 0x19, 
0x05, 0x19, 0x05, 0x19, 0x05, 0x19, 0x05, 0x19, 0x05, 0x19, 0x05, 0x19, 0x05, 0x19, 0x05, 0x19, 
0x83, 0x08, 0x83, 0x08, 0x83, 0x08, 0x83, 0x08, 0x83, 0x08, 0xA3, 0x08, 0x83, 0x08, 0xA3, 0x08, 
0xA3, 0x08, 0xA3, 0x10, 0xA3, 0x10, 0xA3, 0x10, 0xA3, 0x10, 0xA3, 0x08, 0xA3, 0x08, 0xA3, 0x08, 
0xA3, 0x08, 0x83, 0x08, 0xA3, 0x08, 0xA3, 0x08, 0xA3, 0x10, 0xA3, 0x10, 0xA3, 0x10, 0xA3, 0x10, 
0xA3, 0x10, 0xA3, 0x10, 0xA3, 0x10, 0xA3, 0x10, 0xA3, 0x10, 0xA3, 0x10, 0xA3, 0x10, 0xA3, 0x10, 
0xC3, 0x10, 0xC4, 0x10, 0xA4, 0x10, 0xC4, 0x10, 0xC4, 0x10, 0xC3, 0x10, 0xC4, 0x10, 0xC4, 0x10, 
0xC4, 0x10, 0xC4, 0x10, 0xC4, 0x10, 0xC4, 0x10, 0xC4, 0x10, 0xC4, 0x10, 0xC4, 0x10, 0xC4, 0x10, 
0xC4, 0x10, 0xC4, 0x10, 0xE4, 0x10, 0xC4, 0x18, 0xE4, 0x10, 0xE4, 0x10, 0xC4, 0x10, 0xC4, 0x10, 
0xE4, 0x10, 0xE4, 0x10, 0x04, 0x11, 0xE4, 0x18, 0xE4, 0x10, 0x05, 0x19, 0xE4, 0x18, 0x82, 0x08, 
0x62, 0x08, 0x62, 0x08, 0x41, 0x00, 0x62, 0x08, 0x62, 0x08, 0x41, 0x08, 0x62, 0x08, 0x41, 0x08, 
0x41, 0x08, 0x62, 0x08, 0x41, 0x00, 0x41, 0x08, 0x41, 0x00, 0x21, 0x00, 0x21, 0x00, 0x20, 0x00, 
0x20, 0x00, 0x20, 0x00, 0x20, 0x00, 0x20, 0x00, 0x21, 0x00, 0x21, 0x00, 0x20, 0x00, 0x21, 0x00, 
0x41, 0x08, 0x21, 0x00, 0x20, 0x00, 0x20, 0x00, 0x20, 0x00, 0x20, 0x00, 0x20, 0x00, 0x20, 0x00, 
0x20, 0x00, 0x20, 0x00, 0x20, 0x00, 0x00, 0x00, 0x20, 0x00, 0x20, 0x00, 0x20, 0x00, 0x20, 0x00, 
0x20, 0x00, 0x00, 0x00, 0x20, 0x00, 0x21, 0x00, 0x21, 0x00, 0xE4, 0x10, 0x05, 0x19, 0x05, 0x19, 
0x05, 0x19, 0x05, 0x19, 0x05, 0x19, 0x05, 0x19, 0x05, 0x19, 0x05, 0x19, 0x05, 0x19, 0x05, 0x19, 
0x05, 0x19, 0xE5, 0x10, 0xE4, 0x10, 0xE4, 0x10, 0xE4, 0x10, 0xE4, 0x10, 0x05, 0x11, 0xE4, 0x10, 
0xE4, 0x10, 0xE4, 0x10, 0xE4, 0x10, 0xE4, 0x10, 0xE4, 0x10, 0xE4, 0x10, 0xE4, 0x10, 0xE4, 0x10, 
0xE4, 0x10, 0xE4, 0x10, 0xE4, 0x10, 0xE4, 0x10, 0xE4, 0x10, 0xE4, 0x10, 0xE4, 0x10, 0xE4, 0x10, 
0xE4, 0x10, 0xE4, 0x10, 0xE4, 0x10, 0xE4, 0x10, 0xE4, 0x10, 0xC4, 0x10, 0xC4, 0x10, 0xC4, 0x10, 
0xC4, 0x10, 0xC4, 0x10, 0xC4, 0x10, 0xC4, 0x10, 0xC4, 0x10, 0xC4, 0x10, 0xC4, 0x10, 0xA3, 0x10, 
0xA3, 0x10, 0xA3, 0x10, 0xA3, 0x10, 0xA3, 0x10, 0x83, 0x10, 0x21, 0x00, 0x20, 0x00, 0x21, 0x00, 
0x21, 0x00, 0x21, 0x00, 0x21, 0x00, 0x41, 0x08, 0x41, 0x08, 0x21, 0x00, 0x41, 0x08, 0x41, 0x08, 
0x41, 0x08, 0x41, 0x08, 0x21, 0x00, 0x41, 0x08, 0x62, 0x08, 0x62, 0x08, 0x62, 0x08, 0x62, 0x08, 
0x41, 0x08, 0x42, 0x08, 0x41, 0x08, 0x41, 0x08, 0x62, 0x08, 0xA3, 0x10, 0xC4, 0x18, 0x82, 0x08, 
0x62, 0x08, 0x20, 0x00, 0x21, 0x00, 0x42, 0x08, 0x62, 0x08, 0x62, 0x08, 0x41, 0x08, 0x20, 0x00, 
0x20, 0x00, 0x21, 0x00, 0x21, 0x00, 0x21, 0x00, 0x62, 0x08, 0x41, 0x08, 0x41, 0x00, 0x41, 0x08, 
0x62, 0x08, 0x62, 0x08, 0x62, 0x08, 0x62, 0x08, 0x62, 0x08, 0x62, 0x08, 0x62, 0x08, 0x62, 0x08, 
0x62, 0x08, 0x62, 0x08, 0x62, 0x08, 0x62, 0x08, 0x62, 0x08, 0x62, 0x08, 0x62, 0x08, 0x62, 0x08, 
0x62, 0x08, 0x62, 0x08, 0x62, 0x08, 0x62, 0x08, 0x62, 0x08, 0x62, 0x08, 0x62, 0x08, 0x42, 0x08, 
0x62, 0x08, 0x62, 0x08, 0x62, 0x08, 0x62, 0x08, 0x62, 0x08, 0x42, 0x08, 0x62, 0x08, 0x62, 0x08, 
0x62, 0x08, 0x62, 0x08, 0x62, 0x08, 0x42, 0x08, 0x42, 0x08, 0x62, 0x08, 0x62, 0x08, 0x62, 0x08, 
0x62, 0x08, 0x62, 0x08, 0x62, 0x08, 0x62, 0x08, 0x62, 0x08, 0x62, 0x08, 0x62, 0x08, 0x62, 0x08, 
0x62, 0x08, 0x62, 0x08, 0x62, 0x08, 0x62, 0x08, 0x62, 0x08, 0x62, 0x08, 0x82, 0x08, 0x62, 0x08, 
0x63, 0x08, 0x83, 0x08, 0x83, 0x08, 0x83, 0x08, 0x62, 0x08, 0x21, 0x00, 0x41, 0x08, 0x21, 0x08, 
0x21, 0x08, 0x21, 0x08, 0x41, 0x08, 0x21, 0x08, 0x41, 0x08, 0x41, 0x08, 0x41, 0x08, 0x41, 0x08, 
0x42, 0x08, 0x62, 0x08, 0x42, 0x08, 0x41, 0x08, 0x41, 0x08, 0x41, 0x08, 0x41, 0x08, 0x62, 0x08, 
0x82, 0x08, 0x62, 0x08, 0x82, 0x08, 0xE4, 0x18, 0xC4, 0x10, 0xE4, 0x10, 0xE4, 0x10, 0x04, 0x11, 
0xE4, 0x10, 0x05, 0x19, 0xE5, 0x18, 0x05, 0x19, 0xE4, 0x18, 0x04, 0x19, 0x05, 0x19, 0xE5, 0x18, 
0x05, 0x19, 0x05, 0x19, 0x05, 0x19, 0x05, 0x19, 0x05, 0x19, 0x05, 0x19, 0x05, 0x19, 0x05, 0x19, 
0x05, 0x19, 0x04, 0x19, 0x04, 0x19, 0x04, 0x19, 0x04, 0x11, 0xE4, 0x10, 0xE4, 0x18, 0xE4, 0x18, 
0x83, 0x10, 0x83, 0x08, 0x83, 0x08, 0x83, 0x08, 0x83, 0x08, 0x83, 0x08, 0x83, 0x08, 0x83, 0x08, 
0xA3, 0x08, 0xA3, 0x08, 0xA3, 0x08, 0xA3, 0x08, 0xA3, 0x08, 0xA3, 0x08, 0xA3, 0x08, 0xA3, 0x08, 
0xA3, 0x08, 0xA3, 0x08, 0x83, 0x08, 0xA3, 0x08, 0xA3, 0x08, 0x83, 0x10, 0x83, 0x08, 0xA3, 0x10, 
0xA3, 0x08, 0xA3, 0x10, 0xA3, 0x10, 0xA3, 0x10, 0xA3, 0x10, 0xA3, 0x10, 0xA3, 0x10, 0xA3, 0x10, 
0xA3, 0x10, 0xC3, 0x10, 0xC4, 0x10, 0xC4, 0x10, 0xA4, 0x10, 0xC3, 0x10, 0xC3, 0x10, 0xA3, 0x08, 
0xA3, 0x10, 0xC3, 0x10, 0xC4, 0x10, 0xC4, 0x10, 0xC4, 0x10, 0xC4, 0x10, 0xC4, 0x10, 0xC4, 0x10, 
0xC4, 0x18, 0xE4, 0x18, 0xE4, 0x10, 0xE4, 0x10, 0xE4, 0x10, 0xE4, 0x10, 0xE4, 0x10, 0xE4, 0x10, 
0xE4, 0x10, 0xE4, 0x10, 0xE4, 0x10, 0x04, 0x11, 0xE4, 0x10, 0x04, 0x19, 0xC3, 0x10, 0x62, 0x08, 
0x62, 0x08, 0x62, 0x08, 0x62, 0x08, 0x62, 0x08, 0x41, 0x08, 0x41, 0x08, 0x61, 0x08, 0x41, 0x08, 
0x42, 0x08, 0x41, 0x08, 0x41, 0x08, 0x41, 0x08, 0x41, 0x08, 0x21, 0x00, 0x20, 0x00, 0x20, 0x00, 
0x20, 0x00, 0x20, 0x00, 0x20, 0x00, 0x20, 0x00, 0x20, 0x00, 0x21, 0x00, 0x20, 0x00, 0x20, 0x00, 
0x20, 0x00, 0x21, 0x00, 0x21, 0x00, 0x21, 0x00, 0x21, 0x00, 0x20, 0x00, 0x20, 0x00, 0x21, 0x00, 
0x20, 0x00, 0x20, 0x00, 0x00, 0x00, 0x20, 0x00, 0x20, 0x00, 0x20, 0x00, 0x20, 0x00, 0x20, 0x00, 
0x20, 0x00, 0x20, 0x00, 0x21, 0x00, 0x20, 0x00, 0xA3, 0x10, 0xE4, 0x10, 0xE4, 0x10, 0xE4, 0x10, 
0xE4, 0x10, 0xE4, 0x10, 0xE4, 0x10, 0xE4, 0x10, 0xE4, 0x10, 0xE4, 0x10, 0xC4, 0x10, 0xE4, 0x10, 
0xE4, 0x10, 0xE4, 0x10, 0xC4, 0x10, 0xC4, 0x10, 0xE4, 0x10, 0xE4, 0x10, 0xE4, 0x10, 0xE4, 0x10, 
0xE4, 0x10, 0xE4, 0x10, 0xE4, 0x10, 0xE4, 0x10, 0xE4, 0x10, 0xE4, 0x10, 0xE4, 0x10, 0xE4, 0x10, 
0xE4, 0x10, 0xE4, 0x10, 0xE4, 0x10, 0xE4, 0x10, 0xE4, 0x10, 0xE4, 0x10, 0xE4, 0x10, 0xE4, 0x10, 
0xE4, 0x10, 0xE4, 0x10, 0xE4, 0x10, 0xC4, 0x10, 0xE4, 0x10, 0xC4, 0x10, 0xC4, 0x10, 0xC4, 0x10, 
0xE4, 0x10, 0xE4, 0x10, 0xC4, 0x10, 0xC4, 0x10, 0xA3, 0x10, 0xA3, 0x10, 0xA3, 0x10, 0xA3, 0x10, 
0xA3, 0x10, 0xA3, 0x10, 0x83, 0x08, 0x83, 0x08, 0x82, 0x08, 0x41, 0x00, 0x20, 0x00, 0x21, 0x00, 
0x21, 0x00, 0x21, 0x00, 0x21, 0x00, 0x41, 0x08, 0x21, 0x00, 0x21, 0x00, 0x21, 0x00, 0x41, 0x08, 
0x41, 0x08, 0x41, 0x08, 0x21, 0x00, 0x41, 0x08, 0x62, 0x08, 0x62, 0x08, 0x62, 0x08, 0x62, 0x08, 
0x41, 0x08, 0x41, 0x08, 0x41, 0x08, 0x42, 0x08, 0x62, 0x08, 0x82, 0x08, 0xE4, 0x18, 0x82, 0x10, 
0x62, 0x08, 0x20, 0x00, 0x21, 0x00, 0x41, 0x08, 0x62, 0x08, 0x62, 0x08, 0x41, 0x08, 0x41, 0x08, 
0x21, 0x00, 0x21, 0x00, 0x20, 0x00, 0x21, 0x08, 0x62, 0x08, 0x41, 0x08, 0x41, 0x08, 0x62, 0x08, 
0x62, 0x08, 0x62, 0x08, 0x62, 0x08, 0x62, 0x08, 0x62, 0x08, 0x62, 0x08, 0x62, 0x08, 0x62, 0x08, 
0x62, 0x08, 0x62, 0x08, 0x62, 0x08, 0x62, 0x08, 0x62, 0x08, 0x62, 0x08, 0x62, 0x08, 0x62, 0x08, 
0x62, 0x08, 0x62, 0x08, 0x62, 0x08, 0x42, 0x08, 0x42, 0x08, 0x42, 0x08, 0x42, 0x08, 0x42, 0x08, 
0x42, 0x08, 0x41, 0x08, 0x41, 0x08, 0x41, 0x08, 0x41, 0x08, 0x41, 0x08, 0x41, 0x08, 0x41, 0x08, 
0x41, 0x08, 0x41, 0x08, 0x42, 0x08, 0x41, 0x08, 0x41, 0x08, 0x42, 0x08, 0x41, 0x08, 0x41, 0x08, 
0x42, 0x08, 0x41, 0x08, 0x41, 0x08, 0x41, 0x08, 0x41, 0x08, 0x42, 0x08, 0x42, 0x08, 0x62, 0x08, 
0x61, 0x08, 0x61, 0x08, 0x42, 0x08, 0x61, 0x08, 0x61, 0x08, 0x62, 0x08, 0x62, 0x08, 0x62, 0x08, 
0x62, 0x08, 0x42, 0x08, 0x42, 0x08, 0x41, 0x08, 0x41, 0x08, 0x41, 0x08, 0x21, 0x08, 0x21, 0x08, 
0x41, 0x08, 0x41, 0x08, 0x21, 0x08, 0x41, 0x08, 0x41, 0x08, 0x41, 0x08, 0x41, 0x08, 0x41, 0x08, 
0x41, 0x08, 0x41, 0x08, 0x41, 0x08, 0x41, 0x08, 0x41, 0x08, 0x41, 0x00, 0x41, 0x08, 0x41, 0x08, 
0x42, 0x08, 0xA3, 0x10, 0xE4, 0x18, 0xE4, 0x18, 0xE4, 0x10, 0xE4, 0x18, 0x05, 0x19, 0x04, 0x19, 
0xE4, 0x10, 0xE4, 0x10, 0xE5, 0x18, 0xE4, 0x10, 0xE4, 0x18, 0xE4, 0x18, 0xE4, 0x18, 0xE4, 0x18, 
0xE5, 0x18, 0xE5, 0x18, 0xE4, 0x18, 0xE5, 0x18, 0xE5, 0x18, 0xE4, 0x18, 0xE4, 0x18, 0xE4, 0x18, 
0xE4, 0x18, 0xE4, 0x18, 0xE4, 0x10, 0xE4, 0x10, 0xE4, 0x10, 0xE4, 0x10, 0xC4, 0x10, 0xC4, 0x10, 
0x83, 0x08, 0x83, 0x08, 0x83, 0x08, 0x83, 0x08, 0x83, 0x08, 0x83, 0x08, 0x83, 0x08, 0x83, 0x08, 
0x83, 0x08, 0x83, 0x08, 0x83, 0x08, 0x83, 0x08, 0x83, 0x08, 0x83, 0x08, 0x83, 0x08, 0x83, 0x08, 
0x83, 0x08, 0x83, 0x08, 0x83, 0x08, 0x83, 0x08, 0x83, 0x08, 0x83, 0x08, 0x83, 0x08, 0x83, 0x08, 
0x82, 0x08, 0x83, 0x08, 0x83, 0x08, 0x82, 0x08, 0x83, 0x08, 0x83, 0x08, 0xA3, 0x10, 0xA3, 0x10, 
0xA3, 0x10, 0xA3, 0x08, 0xA3, 0x08, 0xA3, 0x08, 0xA3, 0x08, 0xA3, 0x08, 0xA3, 0x08, 0xA3, 0x08, 
0xA3, 0x08, 0xA3, 0x10, 0xA3, 0x10, 0xC3, 0x10, 0xC3, 0x10, 0xC4, 0x10, 0xC3, 0x10, 0xC3, 0x10, 
0xC4, 0x10, 0xC4, 0x10, 0xC4, 0x10, 0xC4, 0x10, 0xC4, 0x10, 0xC4, 0x10, 0xC4, 0x10, 0xE4, 0x10, 
0xC4, 0x10, 0xE4, 0x10, 0xE4, 0x10, 0xE4, 0x10, 0xE4, 0x10, 0xE4, 0x10, 0xE4, 0x10, 0xC3, 0x10, 
0x82, 0x08, 0x42, 0x00, 0x42, 0x08, 0x42, 0x08, 0x42, 0x08, 0x62, 0x08, 0x42, 0x08, 0x41, 0x08, 
0x62, 0x08, 0x41, 0x08, 0x41, 0x08, 0x21, 0x08, 0x41, 0x08, 0x41, 0x00, 0x20, 0x00, 0x20, 0x00, 
0x20, 0x00, 0x20, 0x00, 0x20, 0x00, 0x20, 0x00, 0x20, 0x00, 0x21, 0x00, 0x21, 0x00, 0x20, 0x00, 
0x20, 0x00, 0x20, 0x00, 0x20, 0x00, 0x20, 0x00, 0x20, 0x00, 0x20, 0x00, 0x20, 0x00, 0x20, 0x00, 
0x20, 0x00, 0x20, 0x00, 0x20, 0x00, 0x20, 0x00, 0x20, 0x00, 0x20, 0x00, 0x20, 0x00, 0x20, 0x00, 
0x21, 0x00, 0x21, 0x00, 0x20, 0x00, 0x21, 0x00, 0xC4, 0x10, 0xE4, 0x10, 0xE4, 0x10, 0xE4, 0x10, 
0xE4, 0x10, 0xE4, 0x10, 0xE4, 0x10, 0xE4, 0x10, 0xE4, 0x10, 0xE4, 0x10, 0xE4, 0x10, 0xE4, 0x10, 
0xE4, 0x10, 0xE4, 0x10, 0xE4, 0x10, 0xE4, 0x10, 0xE4, 0x10, 0xE4, 0x10, 0xE4, 0x10, 0xE4, 0x10, 
0xE4, 0x10, 0xE4, 0x10, 0xE4, 0x10, 0xE4, 0x10, 0xE4, 0x10, 0xE4, 0x10, 0xE4, 0x10, 0xE4, 0x10, 
0xE4, 0x10, 0xE4, 0x10, 0xC4, 0x10, 0xE4, 0x10, 0xE4, 0x10, 0xE4, 0x10, 0xC4, 0x10, 0xC4, 0x10, 
0xC4, 0x10, 0xC4, 0x10, 0xC4, 0x10, 0xA3, 0x10, 0xA3, 0x10, 0xC3, 0x10, 0xC4, 0x10, 0xA3, 0x10, 
0xA3, 0x10, 0xA3, 0x10, 0xC4, 0x10, 0xA3, 0x10, 0xA3, 0x10, 0xA3, 0x08, 0xA3, 0x08, 0x83, 0x08, 
0x82, 0x08, 0x82, 0x08, 0x62, 0x08, 0x62, 0x08, 0x62, 0x08, 0x41, 0x08, 0x20, 0x00, 0x21, 0x00, 
0x21, 0x00, 0x21, 0x00, 0x41, 0x08, 0x41, 0x00, 0x21, 0x00, 0x62, 0x08, 0x41, 0x08, 0x21, 0x08, 
0x41, 0x00, 0x41, 0x08, 0x62, 0x08, 0x41, 0x08, 0x41, 0x08, 0x62, 0x08, 0x62, 0x08, 0x62, 0x08, 
0x62, 0x08, 0x41, 0x08, 0x42, 0x08, 0x42, 0x08, 0x42, 0x08, 0x62, 0x08, 0xE4, 0x18, 0xE4, 0x18, 
0x41, 0x08, 0x20, 0x00, 0x21, 0x00, 0x42, 0x08, 0x62, 0x08, 0x62, 0x08, 0x42, 0x08, 0x42, 0x08, 
0x62, 0x08, 0x41, 0x08, 0x21, 0x00, 0x41, 0x08, 0x41, 0x08, 0x41, 0x00, 0x41, 0x08, 0x62, 0x08, 
0x62, 0x08, 0x62, 0x08, 0x62, 0x08, 0x62, 0x08, 0x42, 0x08, 0x62, 0x08, 0x62, 0x08, 0x62, 0x08, 
0x62, 0x08, 0x42, 0x08, 0x42, 0x08, 0x42, 0x08, 0x42, 0x08, 0x41, 0x08, 0x41, 0x08, 0x41, 0x08, 
0x42, 0x08, 0x42, 0x08, 0x41, 0x08, 0x41, 0x08, 0x41, 0x08, 0x41, 0x08, 0x41, 0x08, 0x41, 0x08, 
0x41, 0x08, 0x41, 0x08, 0x41, 0x08, 0x41, 0x08, 0x41, 0x08, 0x41, 0x08, 0x41, 0x08, 0x41, 0x08, 
0x41, 0x08, 0x41, 0x08, 0x41, 0x08, 0x41, 0x08, 0x41, 0x08, 0x41, 0x08, 0x41, 0x08, 0x41, 0x08, 
0x41, 0x08, 0x42, 0x08, 0x41, 0x08, 0x41, 0x08, 0x41, 0x08, 0x41, 0x08, 0x41, 0x08, 0x41, 0x08, 
0x41, 0x08, 0x41, 0x08, 0x41, 0x08, 0x41, 0x08, 0x41, 0x08, 0x41, 0x08, 0x41, 0x08, 0x41, 0x00, 
0x41, 0x00, 0x41, 0x08, 0x41, 0x00, 0x41, 0x00, 0x41, 0x08, 0x41, 0x08, 0x41, 0x08, 0x41, 0x08, 
0x41, 0x08, 0x41, 0x08, 0x41, 0x08, 0x41, 0x08, 0x41, 0x08, 0x41, 0x08, 0x41, 0x08, 0x41, 0x08, 
0x41, 0x08, 0x41, 0x08, 0x41, 0x08, 0x41, 0x08, 0x41, 0x08, 0x41, 0x08, 0x41, 0x08, 0x41, 0x08, 
0x41, 0x08, 0x82, 0x08, 0xC3, 0x10, 0x04, 0x19, 0x25, 0x19, 0x25, 0x19, 0x05, 0x19, 0x05, 0x19, 
0x05, 0x19, 0x05, 0x19, 0xE5, 0x18, 0xE4, 0x18, 0xE4, 0x18, 0xE4, 0x18, 0xE4, 0x18, 0x05, 0x19, 
0x05, 0x19, 0xE5, 0x18, 0xE5, 0x18, 0xE4, 0x18, 0xE4, 0x18, 0xE4, 0x18, 0xE4, 0x18, 0xE4, 0x18, 
0xE4, 0x10, 0xE4, 0x10, 0xC4, 0x10, 0xE4, 0x10, 0xC4, 0x10, 0xC4, 0x10, 0xC4, 0x10, 0xC4, 0x10, 
0xA3, 0x10, 0xA3, 0x08, 0xA3, 0x08, 0xA3, 0x10, 0xA3, 0x08, 0x83, 0x08, 0x83, 0x08, 0x83, 0x08, 
0x83, 0x08, 0x82, 0x08, 0x82, 0x08, 0x82, 0x08, 0x82, 0x08, 0x82, 0x08, 0x82, 0x08, 0x83, 0x08, 
0x82, 0x08, 0x82, 0x08, 0x82, 0x08, 0x82, 0x08, 0x82, 0x08, 0x82, 0x08, 0x83, 0x08, 0x82, 0x08, 
0x82, 0x08, 0x82, 0x08, 0x83, 0x08, 0x82, 0x08, 0x82, 0x08, 0x83, 0x08, 0xA3, 0x08, 0xA3, 0x10, 
0xA3, 0x08, 0xA3, 0x08, 0xA3, 0x10, 0xA3, 0x08, 0xA3, 0x08, 0xA3, 0x08, 0xA3, 0x08, 0xA3, 0x08, 
0xA3, 0x08, 0xA3, 0x08, 0xA3, 0x08, 0xA3, 0x08, 0xA3, 0x08, 0xA3, 0x10, 0xA3, 0x10, 0xA3, 0x10, 
0xA3, 0x10, 0xA3, 0x10, 0xC4, 0x10, 0xA3, 0x10, 0xA3, 0x10, 0xC3, 0x10, 0xC3, 0x10, 0xC3, 0x10, 
0xC3, 0x10, 0xC4, 0x10, 0xC4, 0x10, 0xC4, 0x10, 0xC4, 0x10, 0xC4, 0x10, 0xC4, 0x10, 0xC4, 0x10, 
0x83, 0x08, 0x41, 0x08, 0x42, 0x08, 0x41, 0x08, 0x62, 0x08, 0x42, 0x08, 0x62, 0x08, 0x41, 0x08, 
0x62, 0x08, 0x41, 0x00, 0x41, 0x08, 0x41, 0x08, 0x41, 0x08, 0x41, 0x08, 0x41, 0x00, 0x20, 0x00, 
0x20, 0x00, 0x20, 0x00, 0x20, 0x00, 0x20, 0x00, 0x20, 0x00, 0x20, 0x00, 0x21, 0x00, 0x21, 0x00, 
0x20, 0x00, 0x20, 0x00, 0x20, 0x00, 0x20, 0x00, 0x20, 0x00, 0x20, 0x00, 0x20, 0x00, 0x20, 0x00, 
0x20, 0x00, 0x20, 0x00, 0x20, 0x00, 0x20, 0x00, 0x20, 0x00, 0x20, 0x00, 0x20, 0x00, 0x20, 0x00, 
0x20, 0x00, 0x20, 0x00, 0x21, 0x00, 0xA3, 0x08, 0xC4, 0x10, 0xC4, 0x10, 0xC4, 0x10, 0xC4, 0x10, 
0xC4, 0x10, 0xC4, 0x10, 0xC4, 0x10, 0xC4, 0x10, 0xC4, 0x10, 0xC4, 0x10, 0xC4, 0x10, 0xC4, 0x10, 
0xC4, 0x10, 0xC4, 0x10, 0xC4, 0x10, 0xE4, 0x10, 0xE4, 0x10, 0xC4, 0x10, 0xC4, 0x10, 0xE4, 0x10, 
0xC4, 0x10, 0xE4, 0x10, 0xC4, 0x10, 0xE4, 0x10, 0xE4, 0x10, 0xC4, 0x10, 0xE4, 0x10, 0xE4, 0x10, 
0xC4, 0x10, 0xE4, 0x10, 0xC4, 0x10, 0xE4, 0x10, 0xE4, 0x10, 0xC4, 0x10, 0xC4, 0x10, 0xC4, 0x10, 
0xC4, 0x10, 0xC4, 0x10, 0xA3, 0x10, 0xA3, 0x10, 0xA3, 0x10, 0xA3, 0x10, 0xA3, 0x08, 0x83, 0x08, 
0x83, 0x08, 0x82, 0x08, 0x82, 0x08, 0x82, 0x08, 0x62, 0x08, 0x62, 0x08, 0x62, 0x08, 0x62, 0x08, 
0x41, 0x08, 0x41, 0x08, 0x41, 0x08, 0x41, 0x08, 0x41, 0x08, 0x41, 0x08, 0x21, 0x00, 0x21, 0x00, 
0x21, 0x00, 0x21, 0x00, 0x21, 0x08, 0x21, 0x00, 0x41, 0x00, 0x41, 0x08, 0x41, 0x08, 0x62, 0x08, 
0x41, 0x08, 0x41, 0x08, 0x62, 0x08, 0x41, 0x08, 0x62, 0x08, 0x82, 0x08, 0x62, 0x08, 0x62, 0x08, 
0x62, 0x08, 0x41, 0x08, 0x41, 0x08, 0x41, 0x08, 0x62, 0x08, 0x62, 0x08, 0xA3, 0x10, 0x25, 0x21, 
0x82, 0x10, 0x21, 0x00, 0x41, 0x00, 0x62, 0x08, 0x42, 0x08, 0x62, 0x08, 0x62, 0x08, 0x62, 0x08, 
0x62, 0x08, 0x62, 0x08, 0x62, 0x08, 0x62, 0x08, 0x42, 0x08, 0x41, 0x08, 0x62, 0x08, 0x62, 0x08, 
0x62, 0x08, 0x62, 0x08, 0x42, 0x08, 0x42, 0x08, 0x41, 0x08, 0x41, 0x08, 0x41, 0x08, 0x42, 0x00, 
0x42, 0x08, 0x42, 0x00, 0x41, 0x08, 0x42, 0x08, 0x42, 0x08, 0x41, 0x08, 0x42, 0x08, 0x41, 0x08, 
0x41, 0x08, 0x41, 0x08, 0x41, 0x08, 0x41, 0x08, 0x41, 0x08, 0x41, 0x08, 0x41, 0x08, 0x41, 0x08, 
0x41, 0x08, 0x41, 0x00, 0x41, 0x08, 0x41, 0x08, 0x41, 0x08, 0x21, 0x08, 0x41, 0x08, 0x41, 0x08, 
0x41, 0x08, 0x41, 0x08, 0x41, 0x08, 0x41, 0x08, 0x41, 0x08, 0x41, 0x08, 0x41, 0x08, 0x41, 0x08, 
0x41, 0x08, 0x41, 0x08, 0x41, 0x08, 0x41, 0x08, 0x41, 0x08, 0x41, 0x08, 0x41, 0x08, 0x41, 0x08, 
0x42, 0x08, 0x41, 0x08, 0x42, 0x08, 0x62, 0x08, 0x62, 0x08, 0x62, 0x08, 0x62, 0x08, 0x62, 0x08, 
0x62, 0x08, 0x62, 0x08, 0x62, 0x08, 0x62, 0x08, 0x41, 0x08, 0x41, 0x08, 0x41, 0x08, 0x41, 0x08, 
0x41, 0x08, 0x41, 0x08, 0x41, 0x08, 0x41, 0x08, 0x41, 0x08, 0x41, 0x08, 0x41, 0x08, 0x41, 0x08, 
0x41, 0x08, 0x41, 0x08, 0x41, 0x08, 0x41, 0x08, 0x41, 0x08, 0x41, 0x08, 0x42, 0x08, 0x41, 0x08, 
0x62, 0x08, 0x62, 0x08, 0x83, 0x08, 0xC4, 0x10, 0x05, 0x19, 0x25, 0x19, 0x25, 0x19, 0x05, 0x19, 
0x05, 0x19, 0x05, 0x19, 0x05, 0x19, 0x04, 0x19, 0x04, 0x19, 0x05, 0x19, 0xE5, 0x18, 0x05, 0x19, 
0x05, 0x19, 0x04, 0x19, 0xE5, 0x18, 0xE4, 0x18, 0xE4, 0x18, 0xE4, 0x18, 0xE4, 0x18, 0xE4, 0x18, 
0xC4, 0x10, 0xC4, 0x10, 0xE4, 0x10, 0xC4, 0x10, 0xC4, 0x10, 0xC4, 0x10, 0xC4, 0x10, 0xC4, 0x18, 
0x83, 0x08, 0x83, 0x08, 0x83, 0x08, 0x83, 0x08, 0x82, 0x08, 0x82, 0x08, 0x82, 0x08, 0x82, 0x08, 
0x82, 0x08, 0x62, 0x08, 0x82, 0x08, 0x82, 0x08, 0x62, 0x08, 0x62, 0x08, 0x62, 0x08, 0x62, 0x08, 
0x82, 0x08, 0x82, 0x08, 0x82, 0x08, 0x82, 0x08, 0x82, 0x08, 0x83, 0x08, 0x82, 0x08, 0x82, 0x08, 
0x82, 0x08, 0x82, 0x08, 0x82, 0x08, 0x83, 0x08, 0x83, 0x08, 0x83, 0x08, 0x82, 0x08, 0x83, 0x08, 
0x83, 0x08, 0x83, 0x08, 0xA3, 0x08, 0x83, 0x08, 0xA3, 0x08, 0x83, 0x08, 0xA3, 0x08, 0xA3, 0x08, 
0x83, 0x08, 0x83, 0x08, 0xA3, 0x08, 0x83, 0x08, 0xA3, 0x08, 0xA3, 0x08, 0xA3, 0x08, 0xA3, 0x10, 
0xA3, 0x08, 0xA3, 0x10, 0xA3, 0x10, 0xA3, 0x08, 0xA3, 0x10, 0xA3, 0x08, 0xA3, 0x08, 0xA3, 0x10, 
0xA3, 0x10, 0xC4, 0x10, 0xC4, 0x10, 0xC4, 0x10, 0xE4, 0x10, 0xC4, 0x10, 0xC4, 0x10, 0xE4, 0x10, 
0x83, 0x10, 0x62, 0x08, 0x62, 0x08, 0x41, 0x00, 0x62, 0x08, 0x42, 0x08, 0x41, 0x08, 0x41, 0x08, 
0x62, 0x08, 0x41, 0x08, 0x41, 0x08, 0x42, 0x08, 0x41, 0x08, 0x41, 0x08, 0x41, 0x08, 0x20, 0x00, 
0x20, 0x00, 0x20, 0x00, 0x20, 0x00, 0x20, 0x00, 0x20, 0x00, 0x20, 0x00, 0x21, 0x00, 0x21, 0x00, 
0x20, 0x00, 0x20, 0x00, 0x20, 0x00, 0x20, 0x00, 0x20, 0x00, 0x20, 0x00, 0x20, 0x00, 0x20, 0x00, 
0x20, 0x00, 0x20, 0x00, 0x20, 0x00, 0x20, 0x00, 0x20, 0x00, 0x20, 0x00, 0x20, 0x00, 0x20, 0x00, 
0x20, 0x00, 0x20, 0x00, 0x21, 0x00, 0xA3, 0x10, 0xA3, 0x08, 0xA3, 0x10, 0xC4, 0x10, 0xC4, 0x10, 
0xC3, 0x10, 0xA3, 0x10, 0xC3, 0x10, 0xC4, 0x10, 0xC4, 0x10, 0xC4, 0x10, 0xA3, 0x10, 0xC4, 0x10, 
0xC4, 0x10, 0xC4, 0x10, 0xC4, 0x10, 0xC4, 0x10, 0xC4, 0x10, 0xE4, 0x10, 0xC4, 0x10, 0xC4, 0x10, 
0xC4, 0x10, 0xC4, 0x10, 0xC3, 0x10, 0xA3, 0x10, 0xC4, 0x10, 0xC4, 0x10, 0xC3, 0x10, 0xC4, 0x10, 
0xA3, 0x10, 0xC3, 0x10, 0xA3, 0x08, 0xA3, 0x10, 0xA3, 0x08, 0xA3, 0x08, 0xA3, 0x08, 0x83, 0x08, 
0x83, 0x08, 0x82, 0x08, 0x82, 0x08, 0x62, 0x08, 0x62, 0x08, 0x62, 0x08, 0x62, 0x08, 0x62, 0x08, 
0x62, 0x08, 0x62, 0x08, 0x62, 0x08, 0x62, 0x08, 0x62, 0x08, 0x62, 0x08, 0x42, 0x08, 0x62, 0x08, 
0x41, 0x08, 0x41, 0x08, 0x41, 0x08, 0x41, 0x08, 0x41, 0x08, 0x41, 0x08, 0x21, 0x08, 0x21, 0x00, 
0x21, 0x00, 0x41, 0x08, 0x41, 0x08, 0x41, 0x08, 0x62, 0x08, 0x42, 0x08, 0x41, 0x00, 0x41, 0x08, 
0x42, 0x08, 0x62, 0x08, 0x62, 0x08, 0x41, 0x08, 0x62, 0x08, 0x62, 0x08, 0x62, 0x08, 0x62, 0x08, 
0x62, 0x08, 0x41, 0x08, 0x41, 0x08, 0x41, 0x08, 0x41, 0x08, 0x62, 0x08, 0x62, 0x08, 0x04, 0x19, 
0x04, 0x19, 0x41, 0x08, 0x62, 0x08, 0x62, 0x08, 0x62, 0x08, 0x62, 0x08, 0x62, 0x08, 0x62, 0x08, 
0x62, 0x08, 0x62, 0x08, 0x62, 0x08, 0x62, 0x08, 0x42, 0x08, 0x62, 0x08, 0x62, 0x08, 0x62, 0x08, 
0x62, 0x08, 0x62, 0x08, 0x62, 0x08, 0x41, 0x08, 0x21, 0x00, 0x41, 0x08, 0x41, 0x00, 0x41, 0x08, 
0x41, 0x08, 0x41, 0x00, 0x41, 0x08, 0x41, 0x08, 0x41, 0x08, 0x41, 0x08, 0x41, 0x08, 0x41, 0x08, 
0x41, 0x08, 0x41, 0x08, 0x41, 0x08, 0x21, 0x08, 0x41, 0x08, 0x21, 0x08, 0x21, 0x08, 0x41, 0x08, 
0x41, 0x08, 0x41, 0x08, 0x41, 0x08, 0x41, 0x08, 0x41, 0x08, 0x41, 0x08, 0x41, 0x08, 0x41, 0x08, 
0x41, 0x08, 0x41, 0x08, 0x41, 0x08, 0x41, 0x08, 0x41, 0x08, 0x41, 0x08, 0x41, 0x08, 0x41, 0x08, 
0x41, 0x08, 0x41, 0x08, 0x41, 0x08, 0x41, 0x08, 0x41, 0x08, 0x42, 0x08, 0x62, 0x08, 0x62, 0x08, 
0x62, 0x08, 0x62, 0x08, 0x82, 0x08, 0x82, 0x08, 0x82, 0x08, 0x82, 0x08, 0x82, 0x08, 0xA3, 0x08, 
0xA3, 0x10, 0xA3, 0x10, 0xA3, 0x10, 0x83, 0x08, 0x42, 0x08, 0x41, 0x08, 0x21, 0x08, 0x41, 0x08, 
0x41, 0x08, 0x21, 0x08, 0x41, 0x08, 0x21, 0x08, 0x41, 0x08, 0x41, 0x08, 0x41, 0x08, 0x41, 0x08, 
0x41, 0x08, 0x41, 0x08, 0x41, 0x08, 0x41, 0x08, 0x41, 0x08, 0x42, 0x08, 0x62, 0x08, 0x62, 0x08, 
0x62, 0x08, 0x62, 0x08, 0x82, 0x08, 0xA3, 0x10, 0xE4, 0x10, 0x05, 0x19, 0x46, 0x21, 0x46, 0x21, 
0x25, 0x19, 0x25, 0x19, 0x25, 0x19, 0x05, 0x19, 0x05, 0x19, 0x05, 0x19, 0x05, 0x19, 0x05, 0x19, 
0x05, 0x19, 0x05, 0x19, 0x05, 0x19, 0x05, 0x19, 0xE5, 0x18, 0xE4, 0x18, 0xE4, 0x18, 0xE4, 0x18, 
0xE4, 0x10, 0xE4, 0x18, 0xE4, 0x10, 0xE4, 0x10, 0xE4, 0x18, 0xE4, 0x10, 0xE4, 0x10, 0xE4, 0x10, 
0x83, 0x08, 0x83, 0x08, 0x83, 0x08, 0x82, 0x08, 0x82, 0x08, 0x83, 0x08, 0x83, 0x08, 0x82, 0x08, 
0x82, 0x08, 0x62, 0x08, 0x62, 0x08, 0x82, 0x08, 0x62, 0x08, 0x82, 0x08, 0x62, 0x08, 0x62, 0x08, 
0x82, 0x08, 0x82, 0x08, 0x82, 0x08, 0x82, 0x08, 0x82, 0x08, 0x62, 0x08, 0x62, 0x08, 0x62, 0x08, 
0x82, 0x08, 0x82, 0x08, 0x82, 0x08, 0x82, 0x08, 0x82, 0x08, 0x82, 0x08, 0x82, 0x08, 0x82, 0x08, 
0x83, 0x08, 0x82, 0x08, 0x82, 0x08, 0x83, 0x08, 0x83, 0x08, 0x82, 0x08, 0x83, 0x08, 0x82, 0x08, 
0x82, 0x08, 0x82, 0x08, 0x82, 0x08, 0x83, 0x08, 0x83, 0x08, 0x83, 0x08, 0xA3, 0x08, 0x83, 0x10, 
0xA3, 0x08, 0xA3, 0x10, 0xA3, 0x08, 0xA3, 0x08, 0xA3, 0x10, 0xA3, 0x10, 0xA3, 0x08, 0xA3, 0x10, 
0xA3, 0x08, 0xA3, 0x10, 0xA3, 0x10, 0xC4, 0x10, 0xC3, 0x10, 0xC3, 0x10, 0xA3, 0x10, 0xC4, 0x10, 
0xC4, 0x10, 0x83, 0x10, 0x41, 0x08, 0x62, 0x08, 0x62, 0x08, 0x41, 0x08, 0x41, 0x08, 0x62, 0x08, 
0x62, 0x08, 0x41, 0x08, 0x41, 0x08, 0x41, 0x08, 0x41, 0x00, 0x41, 0x08, 0x41, 0x08, 0x20, 0x00, 
0x20, 0x00, 0x20, 0x00, 0x20, 0x00, 0x20, 0x00, 0x20, 0x00, 0x20, 0x00, 0x20, 0x00, 0x20, 0x00, 
0x21, 0x00, 0x21, 0x00, 0x21, 0x00, 0x20, 0x00, 0x20, 0x00, 0x20, 0x00, 0x20, 0x00, 0x00, 0x00, 
0x21, 0x00, 0x20, 0x00, 0x00, 0x00, 0x20, 0x00, 0x20, 0x00, 0x21, 0x00, 0x21, 0x00, 0x20, 0x00, 
0x20, 0x00, 0x21, 0x00, 0x83, 0x10, 0xA3, 0x10, 0xA3, 0x10, 0xA3, 0x08, 0xA3, 0x10, 0xA3, 0x10, 
0xA3, 0x10, 0xA3, 0x10, 0xA3, 0x10, 0xA3, 0x08, 0xA3, 0x08, 0xA4, 0x10, 0xA4, 0x10, 0xC4, 0x10, 
0xA3, 0x10, 0xC3, 0x10, 0xC4, 0x10, 0xC4, 0x10, 0xA4, 0x10, 0xA3, 0x08, 0xA3, 0x08, 0xA3, 0x08, 
0xA3, 0x10, 0xA3, 0x10, 0xA3, 0x08, 0xA3, 0x08, 0xA3, 0x10, 0xA3, 0x08, 0x83, 0x08, 0x83, 0x08, 
0x83, 0x08, 0x83, 0x08, 0x82, 0x08, 0x82, 0x08, 0x62, 0x08, 0x62, 0x08, 0x62, 0x08, 0x62, 0x08, 
0x62, 0x08, 0x62, 0x08, 0x62, 0x08, 0x62, 0x08, 0x62, 0x08, 0x42, 0x08, 0x62, 0x08, 0x62, 0x08, 
0x61, 0x08, 0x62, 0x08, 0x62, 0x08, 0x41, 0x08, 0x41, 0x08, 0x41, 0x08, 0x41, 0x08, 0x41, 0x08, 
0x41, 0x08, 0x41, 0x08, 0x41, 0x08, 0x41, 0x08, 0x41, 0x08, 0x41, 0x08, 0x21, 0x08, 0x21, 0x00, 
0x41, 0x08, 0x21, 0x08, 0x21, 0x00, 0x62, 0x08, 0x41, 0x08, 0x21, 0x00, 0x42, 0x08, 0x62, 0x08, 
0x41, 0x08, 0x62, 0x08, 0x41, 0x00, 0x62, 0x08, 0x62, 0x08, 0x42, 0x08, 0x41, 0x08, 0x41, 0x08, 
0x42, 0x08, 0x41, 0x08, 0x41, 0x08, 0x41, 0x08, 0x41, 0x08, 0x41, 0x08, 0x62, 0x08, 0xA3, 0x10, 
0x25, 0x21, 0x04, 0x21, 0x62, 0x08, 0x41, 0x08, 0x62, 0x08, 0x62, 0x08, 0x62, 0x08, 0x62, 0x08, 
0x62, 0x08, 0x62, 0x08, 0x62, 0x08, 0x62, 0x08, 0x62, 0x08, 0x83, 0x10, 0x82, 0x08, 0x62, 0x08, 
0x62, 0x08, 0x62, 0x08, 0x62, 0x08, 0x21, 0x00, 0x21, 0x00, 0x21, 0x08, 0x41, 0x08, 0x41, 0x08, 
0x41, 0x08, 0x41, 0x08, 0x41, 0x08, 0x21, 0x08, 0x41, 0x08, 0x41, 0x08, 0x41, 0x08, 0x21, 0x08, 
0x41, 0x08, 0x41, 0x08, 0x41, 0x08, 0x41, 0x08, 0x41, 0x08, 0x41, 0x08, 0x41, 0x08, 0x41, 0x08, 
0x41, 0x08, 0x41, 0x08, 0x41, 0x08, 0x41, 0x00, 0x41, 0x08, 0x41, 0x08, 0x41, 0x08, 0x41, 0x08, 
0x41, 0x08, 0x41, 0x08, 0x41, 0x08, 0x41, 0x08, 0x41, 0x08, 0x41, 0x08, 0x41, 0x08, 0x41, 0x08, 
0x41, 0x08, 0x42, 0x08, 0x62, 0x08, 0x62, 0x08, 0x62, 0x08, 0x62, 0x08, 0x82, 0x08, 0x82, 0x08, 
0x83, 0x08, 0xA3, 0x08, 0xA3, 0x10, 0xA3, 0x10, 0xC3, 0x10, 0xC4, 0x10, 0xC4, 0x10, 0xC4, 0x10, 
0xC3, 0x10, 0xC4, 0x10, 0xA4, 0x10, 0x62, 0x08, 0x41, 0x08, 0x21, 0x08, 0x21, 0x08, 0x41, 0x08, 
0x41, 0x08, 0x41, 0x08, 0x41, 0x08, 0x41, 0x08, 0x41, 0x08, 0x41, 0x08, 0x41, 0x08, 0x41, 0x08, 
0x41, 0x08, 0x41, 0x08, 0x42, 0x08, 0x42, 0x08, 0x62, 0x08, 0x62, 0x08, 0x62, 0x08, 0x62, 0x08, 
0x62, 0x08, 0x62, 0x08, 0x62, 0x08, 0x83, 0x08, 0xC3, 0x10, 0x05, 0x19, 0x25, 0x19, 0x46, 0x21, 
0x25, 0x19, 0x26, 0x19, 0x25, 0x19, 0x25, 0x19, 0x25, 0x19, 0x05, 0x19, 0x05, 0x19, 0x05, 0x19, 
0x05, 0x19, 0x05, 0x19, 0x05, 0x19, 0x05, 0x19, 0x05, 0x19, 0x05, 0x19, 0x04, 0x19, 0xE4, 0x18, 
0xE4, 0x10, 0xE4, 0x18, 0xE4, 0x10, 0xE4, 0x10, 0xE4, 0x18, 0xE4, 0x18, 0xE4, 0x10, 0xE4, 0x10, 
0x82, 0x08, 0x83, 0x08, 0x83, 0x08, 0x82, 0x08, 0x82, 0x08, 0x82, 0x08, 0x82, 0x08, 0x62, 0x08, 
0x62, 0x08, 0x62, 0x08, 0x62, 0x08, 0x62, 0x08, 0x62, 0x08, 0x62, 0x08, 0x62, 0x08, 0x62, 0x08, 
0x62, 0x08, 0x62, 0x08, 0x62, 0x08, 0x62, 0x08, 0x62, 0x08, 0x62, 0x08, 0x62, 0x08, 0x62, 0x08, 
0x62, 0x08, 0x82, 0x08, 0x62, 0x08, 0x82, 0x08, 0x62, 0x08, 0x62, 0x08, 0x82, 0x08, 0x82, 0x08, 
0x82, 0x08, 0x82, 0x08, 0x82, 0x08, 0x82, 0x08, 0x82, 0x08, 0x82, 0x08, 0x82, 0x08, 0x62, 0x08, 
0x82, 0x08, 0x82, 0x08, 0x82, 0x08, 0x82, 0x08, 0x83, 0x08, 0x83, 0x08, 0x83, 0x08, 0x83, 0x10, 
0x83, 0x10, 0xA3, 0x10, 0xA3, 0x08, 0xA3, 0x10, 0xA3, 0x10, 0xA3, 0x08, 0xA3, 0x10, 0xA3, 0x10, 
0xA3, 0x10, 0xA3, 0x10, 0xC4, 0x10, 0xC3, 0x10, 0xA3, 0x10, 0xC3, 0x10, 0xC3, 0x10, 0xC3, 0x10, 
0xC4, 0x10, 0xC4, 0x10, 0x62, 0x08, 0x42, 0x08, 0x41, 0x00, 0x41, 0x08, 0x62, 0x08, 0x41, 0x08, 
0x21, 0x00, 0x41, 0x08, 0x41, 0x08, 0x41, 0x00, 0x41, 0x08, 0x62, 0x08, 0x41, 0x08, 0x41, 0x00, 
0x21, 0x00, 0x20, 0x00, 0x20, 0x00, 0x20, 0x00, 0x20, 0x00, 0x20, 0x00, 0x20, 0x00, 0x20, 0x00, 
0x20, 0x00, 0x20, 0x00, 0x21, 0x00, 0x21, 0x00, 0x21, 0x00, 0x20, 0x00, 0x20, 0x00, 0x20, 0x00, 
0x20, 0x00, 0x20, 0x00, 0x21, 0x00, 0x21, 0x00, 0x21, 0x00, 0x20, 0x00, 0x20, 0x00, 0x20, 0x00, 
0x20, 0x00, 0x62, 0x08, 0xA3, 0x10, 0xA3, 0x10, 0xA3, 0x10, 0xA3, 0x10, 0xA3, 0x10, 0xA3, 0x10, 
0xA3, 0x10, 0xA3, 0x10, 0xA3, 0x08, 0xA3, 0x08, 0xA3, 0x08, 0x83, 0x08, 0xA3, 0x08, 0xA3, 0x08, 
0xA3, 0x08, 0xA3, 0x08, 0xA3, 0x10, 0xA3, 0x10, 0x83, 0x08, 0x83, 0x08, 0x83, 0x08, 0x82, 0x08, 
0x83, 0x08, 0x83, 0x08, 0x82, 0x08, 0x62, 0x08, 0x62, 0x08, 0x62, 0x08, 0x62, 0x08, 0x62, 0x08, 
0x62, 0x08, 0x62, 0x08, 0x62, 0x08, 0x62, 0x08, 0x62, 0x08, 0x62, 0x08, 0x42, 0x08, 0x42, 0x08, 
0x42, 0x08, 0x42, 0x08, 0x41, 0x08, 0x41, 0x08, 0x41, 0x08, 0x41, 0x08, 0x42, 0x08, 0x41, 0x08, 
0x41, 0x08, 0x41, 0x08, 0x41, 0x08, 0x41, 0x08, 0x41, 0x08, 0x41, 0x08, 0x41, 0x08, 0x41, 0x08, 
0x21, 0x08, 0x41, 0x08, 0x41, 0x08, 0x41, 0x08, 0x41, 0x08, 0x21, 0x08, 0x21, 0x08, 0x21, 0x00, 
0x41, 0x08, 0x21, 0x08, 0x21, 0x00, 0x42, 0x08, 0x41, 0x08, 0x41, 0x00, 0x42, 0x08, 0x41, 0x08, 
0x42, 0x08, 0x41, 0x08, 0x41, 0x08, 0x62, 0x08, 0x62, 0x08, 0x62, 0x08, 0x62, 0x08, 0x62, 0x08, 
0x62, 0x08, 0x41, 0x08, 0x41, 0x08, 0x41, 0x08, 0x41, 0x08, 0x41, 0x08, 0x42, 0x08, 0x62, 0x08, 
0xA4, 0x10, 0x66, 0x29, 0x25, 0x21, 0xA3, 0x10, 0x83, 0x10, 0x62, 0x08, 0x62, 0x08, 0x82, 0x08, 
0x82, 0x10, 0x82, 0x10, 0x62, 0x08, 0x62, 0x08, 0xA3, 0x10, 0xA3, 0x10, 0x62, 0x08, 0x62, 0x08, 
0x62, 0x08, 0x41, 0x08, 0x21, 0x00, 0x20, 0x00, 0x21, 0x00, 0x41, 0x00, 0x41, 0x08, 0x41, 0x08, 
0x41, 0x08, 0x21, 0x08, 0x21, 0x08, 0x21, 0x08, 0x21, 0x08, 0x21, 0x08, 0x41, 0x00, 0x21, 0x00, 
0x41, 0x08, 0x21, 0x00, 0x21, 0x08, 0x21, 0x08, 0x41, 0x08, 0x41, 0x08, 0x41, 0x08, 0x41, 0x08, 
0x41, 0x08, 0x41, 0x08, 0x41, 0x08, 0x41, 0x08, 0x41, 0x08, 0x41, 0x08, 0x41, 0x08, 0x41, 0x08, 
0x41, 0x08, 0x41, 0x08, 0x41, 0x08, 0x41, 0x08, 0x41, 0x08, 0x41, 0x08, 0x42, 0x08, 0x62, 0x08, 
0x62, 0x08, 0x62, 0x08, 0x82, 0x08, 0x82, 0x08, 0x83, 0x08, 0x83, 0x08, 0xA3, 0x10, 0xA3, 0x10, 
0xC4, 0x10, 0xC4, 0x10, 0xE4, 0x10, 0xE4, 0x18, 0xE4, 0x10, 0xE5, 0x18, 0x05, 0x19, 0x05, 0x19, 
0x05, 0x19, 0xE5, 0x18, 0xC4, 0x10, 0x62, 0x08, 0x41, 0x08, 0x41, 0x08, 0x41, 0x08, 0x21, 0x08, 
0x21, 0x08, 0x21, 0x08, 0x21, 0x08, 0x41, 0x08, 0x41, 0x08, 0x41, 0x08, 0x41, 0x08, 0x41, 0x08, 
0x41, 0x08, 0x42, 0x08, 0x42, 0x08, 0x42, 0x08, 0x62, 0x08, 0x62, 0x08, 0x62, 0x08, 0x62, 0x08, 
0x62, 0x08, 0x62, 0x08, 0x62, 0x08, 0x82, 0x08, 0xA3, 0x10, 0xE4, 0x18, 0x25, 0x19, 0x26, 0x21, 
0x46, 0x21, 0x46, 0x21, 0x46, 0x21, 0x46, 0x19, 0x46, 0x19, 0x26, 0x19, 0x25, 0x19, 0x25, 0x19, 
0x25, 0x19, 0x25, 0x19, 0x05, 0x19, 0x05, 0x19, 0x05, 0x19, 0x05, 0x19, 0xE4, 0x18, 0x04, 0x11, 
0xE4, 0x10, 0xE4, 0x10, 0xE4, 0x18, 0xE4, 0x10, 0xE4, 0x10, 0xE4, 0x10, 0xE4, 0x18, 0xE4, 0x10, 
0x62, 0x08, 0x62, 0x08, 0x62, 0x08, 0x62, 0x08, 0x62, 0x08, 0x62, 0x08, 0x62, 0x08, 0x62, 0x08, 
0x62, 0x08, 0x62, 0x08, 0x62, 0x08, 0x62, 0x08, 0x62, 0x08, 0x62, 0x08, 0x62, 0x08, 0x62, 0x08, 
0x62, 0x08, 0x62, 0x08, 0x62, 0x08, 0x62, 0x08, 0x62, 0x08, 0x62, 0x08, 0x62, 0x08, 0x62, 0x08, 
0x62, 0x08, 0x62, 0x08, 0x82, 0x08, 0x82, 0x08, 0x82, 0x08, 0x83, 0x08, 0x82, 0x08, 0x82, 0x08, 
0x82, 0x08, 0x82, 0x08, 0x82, 0x08, 0x62, 0x08, 0x82, 0x08, 0x62, 0x08, 0x82, 0x08, 0x62, 0x08, 
0x82, 0x08, 0x82, 0x08, 0x82, 0x08, 0x82, 0x08, 0x82, 0x08, 0x83, 0x08, 0x83, 0x08, 0x83, 0x08, 
0x83, 0x08, 0xA3, 0x10, 0xA3, 0x10, 0xA3, 0x10, 0xA3, 0x10, 0xA3, 0x08, 0xA3, 0x08, 0xA3, 0x08, 
0xA3, 0x10, 0xA3, 0x10, 0xC3, 0x10, 0xC3, 0x10, 0xA3, 0x10, 0xA3, 0x10, 0xC4, 0x10, 0xC4, 0x10, 
0xA3, 0x10, 0xC4, 0x10, 0xA3, 0x10, 0x62, 0x08, 0x41, 0x00, 0x41, 0x00, 0x62, 0x08, 0x41, 0x00, 
0x41, 0x00, 0x41, 0x08, 0x62, 0x08, 0x41, 0x08, 0x41, 0x08, 0x41, 0x00, 0x21, 0x00, 0x21, 0x00, 
0x20, 0x00, 0x20, 0x00, 0x20, 0x00, 0x20, 0x00, 0x20, 0x00, 0x20, 0x00, 0x20, 0x00, 0x20, 0x00, 
0x20, 0x00, 0x20, 0x00, 0x20, 0x00, 0x20, 0x00, 0x21, 0x00, 0x21, 0x00, 0x21, 0x00, 0x21, 0x00, 
0x21, 0x00, 0x21, 0x00, 0x20, 0x00, 0x20, 0x00, 0x20, 0x00, 0x00, 0x00, 0x20, 0x00, 0x00, 0x00, 
0x41, 0x08, 0x83, 0x08, 0x83, 0x08, 0x83, 0x08, 0x83, 0x08, 0x83, 0x08, 0x83, 0x08, 0x83, 0x08, 
0x83, 0x08, 0x83, 0x08, 0x83, 0x08, 0x83, 0x08, 0x83, 0x08, 0x83, 0x08, 0x83, 0x08, 0x63, 0x08, 
0x62, 0x08, 0x62, 0x08, 0x62, 0x08, 0x62, 0x08, 0x62, 0x08, 0x62, 0x08, 0x62, 0x08, 0x62, 0x08, 
0x62, 0x08, 0x62, 0x08, 0x42, 0x08, 0x42, 0x08, 0x42, 0x08, 0x42, 0x08, 0x42, 0x08, 0x42, 0x08, 
0x42, 0x08, 0x42, 0x08, 0x42, 0x08, 0x42, 0x08, 0x41, 0x08, 0x41, 0x08, 0x41, 0x08, 0x42, 0x08, 
0x42, 0x08, 0x41, 0x08, 0x41, 0x08, 0x41, 0x08, 0x41, 0x08, 0x41, 0x08, 0x41, 0x08, 0x41, 0x08, 
0x41, 0x08, 0x41, 0x08, 0x41, 0x08, 0x41, 0x08, 0x21, 0x08, 0x21, 0x08, 0x41, 0x08, 0x41, 0x08, 
0x41, 0x08, 0x41, 0x08, 0x41, 0x08, 0x41, 0x08, 0x21, 0x08, 0x21, 0x08, 0x21, 0x08, 0x21, 0x00, 
0x41, 0x00, 0x21, 0x00, 0x21, 0x08, 0x41, 0x08, 0x21, 0x00, 0x42, 0x08, 0x62, 0x08, 0x41, 0x08, 
0x42, 0x08, 0x41, 0x08, 0x41, 0x08, 0x62, 0x08, 0x41, 0x08, 0x62, 0x08, 0x62, 0x08, 0x62, 0x08, 
0x62, 0x08, 0x41, 0x08, 0x41, 0x08, 0x21, 0x00, 0x21, 0x08, 0x41, 0x08, 0x21, 0x00, 0x42, 0x08, 
0x62, 0x08, 0xC4, 0x10, 0x66, 0x29, 0x66, 0x29, 0x25, 0x21, 0xE4, 0x18, 0xE4, 0x18, 0xE4, 0x18, 
0xC3, 0x10, 0x83, 0x10, 0x83, 0x10, 0xA3, 0x10, 0xC3, 0x10, 0x82, 0x08, 0x62, 0x08, 0x62, 0x08, 
0x41, 0x08, 0x41, 0x08, 0x20, 0x00, 0x20, 0x00, 0x20, 0x00, 0x21, 0x00, 0x21, 0x00, 0x21, 0x00, 
0x21, 0x00, 0x21, 0x00, 0x21, 0x00, 0x21, 0x00, 0x21, 0x00, 0x21, 0x00, 0x21, 0x00, 0x21, 0x00, 
0x21, 0x00, 0x41, 0x08, 0x41, 0x00, 0x41, 0x08, 0x41, 0x08, 0x41, 0x08, 0x41, 0x08, 0x41, 0x08, 
0x41, 0x08, 0x42, 0x08, 0x41, 0x08, 0x41, 0x08, 0x41, 0x08, 0x41, 0x08, 0x42, 0x08, 0x42, 0x08, 
0x42, 0x08, 0x42, 0x08, 0x62, 0x08, 0x62, 0x08, 0x62, 0x08, 0x62, 0x08, 0x62, 0x08, 0x82, 0x08, 
0x82, 0x08, 0x83, 0x08, 0x83, 0x08, 0xC3, 0x10, 0xC4, 0x10, 0xE4, 0x10, 0xE4, 0x10, 0xE4, 0x10, 
0xE4, 0x10, 0xE4, 0x10, 0xE4, 0x10, 0xE5, 0x18, 0x05, 0x19, 0x05, 0x19, 0x25, 0x19, 0x25, 0x19, 
0x25, 0x19, 0x05, 0x19, 0xC3, 0x10, 0x62, 0x08, 0x41, 0x08, 0x41, 0x00, 0x21, 0x08, 0x21, 0x08, 
0x41, 0x08, 0x21, 0x08, 0x21, 0x08, 0x21, 0x08, 0x41, 0x08, 0x41, 0x08, 0x41, 0x08, 0x41, 0x08, 
0x41, 0x08, 0x41, 0x08, 0x41, 0x08, 0x42, 0x08, 0x62, 0x08, 0x62, 0x08, 0x62, 0x08, 0x82, 0x08, 
0x62, 0x08, 0x62, 0x08, 0x62, 0x08, 0x82, 0x08, 0xA3, 0x10, 0xE4, 0x10, 0x05, 0x19, 0x26, 0x19, 
0x26, 0x21, 0x26, 0x21, 0x26, 0x19, 0x26, 0x19, 0x26, 0x19, 0x26, 0x19, 0x26, 0x19, 0x05, 0x19, 
0x05, 0x19, 0x05, 0x19, 0x05, 0x19, 0xE4, 0x18, 0xE5, 0x18, 0xE4, 0x18, 0xE4, 0x18, 0xE4, 0x10, 
0xE4, 0x10, 0xE4, 0x18, 0xE4, 0x18, 0xE4, 0x18, 0xE4, 0x18, 0xE4, 0x10, 0xE4, 0x10, 0xE4, 0x18, 
0x62, 0x08, 0x62, 0x08, 0x62, 0x08, 0x62, 0x08, 0x42, 0x08, 0x42, 0x08, 0x42, 0x00, 0x42, 0x00, 
0x42, 0x08, 0x42, 0x08, 0x62, 0x08, 0x62, 0x08, 0x62, 0x08, 0x62, 0x08, 0x62, 0x08, 0x62, 0x08, 
0x62, 0x08, 0x62, 0x08, 0x62, 0x08, 0x62, 0x08, 0x62, 0x08, 0x62, 0x08, 0x62, 0x08, 0x62, 0x08, 
0x62, 0x08, 0x62, 0x08, 0x62, 0x08, 0x62, 0x08, 0x62, 0x08, 0x62, 0x08, 0x62, 0x08, 0x62, 0x08, 
0x62, 0x08, 0x62, 0x08, 0x62, 0x08, 0x82, 0x08, 0x62, 0x08, 0x62, 0x08, 0x62, 0x08, 0x82, 0x08, 
0x62, 0x08, 0x82, 0x08, 0x82, 0x08, 0x62, 0x08, 0x82, 0x08, 0x82, 0x08, 0x82, 0x08, 0x82, 0x08, 
0x83, 0x08, 0x83, 0x08, 0xA3, 0x08, 0x83, 0x08, 0xA3, 0x08, 0xA3, 0x08, 0xA3, 0x08, 0xA3, 0x08, 
0xA3, 0x08, 0xA4, 0x08, 0xA4, 0x10, 0xA3, 0x08, 0xA3, 0x10, 0xA3, 0x10, 0xC3, 0x10, 0xC4, 0x10, 
0xA4, 0x10, 0xA4, 0x10, 0xC4, 0x10, 0xC3, 0x10, 0x62, 0x08, 0x41, 0x08, 0x41, 0x00, 0x21, 0x00, 
0x41, 0x08, 0x41, 0x08, 0x41, 0x00, 0x41, 0x08, 0x41, 0x08, 0x21, 0x00, 0x21, 0x08, 0x41, 0x00, 
0x21, 0x00, 0x21, 0x00, 0x20, 0x00, 0x20, 0x00, 0x20, 0x00, 0x20, 0x00, 0x20, 0x00, 0x20, 0x00, 
0x21, 0x00, 0x20, 0x00, 0x20, 0x00, 0x20, 0x00, 0x21, 0x00, 0x20, 0x00, 0x20, 0x00, 0x20, 0x00, 
0x20, 0x00, 0x20, 0x00, 0x20, 0x00, 0x20, 0x00, 0x20, 0x00, 0x20, 0x00, 0x00, 0x00, 0x21, 0x00, 
0x82, 0x08, 0x82, 0x08, 0x82, 0x08, 0x62, 0x08, 0x62, 0x08, 0x62, 0x08, 0x62, 0x08, 0x62, 0x08, 
0x62, 0x08, 0x62, 0x08, 0x62, 0x08, 0x62, 0x08, 0x62, 0x08, 0x62, 0x08, 0x62, 0x08, 0x62, 0x08, 
0x42, 0x08, 0x42, 0x08, 0x62, 0x08, 0x42, 0x08, 0x42, 0x08, 0x42, 0x08, 0x42, 0x08, 0x62, 0x08, 
0x42, 0x08, 0x42, 0x08, 0x41, 0x08, 0x41, 0x08, 0x41, 0x08, 0x41, 0x08, 0x41, 0x08, 0x41, 0x08, 
0x41, 0x08, 0x41, 0x08, 0x41, 0x08, 0x21, 0x08, 0x21, 0x08, 0x21, 0x08, 0x41, 0x08, 0x41, 0x08, 
0x41, 0x08, 0x41, 0x08, 0x41, 0x08, 0x41, 0x08, 0x41, 0x08, 0x21, 0x08, 0x21, 0x08, 0x21, 0x08, 
0x21, 0x08, 0x41, 0x08, 0x41, 0x08, 0x21, 0x08, 0x41, 0x08, 0x41, 0x08, 0x41, 0x08, 0x41, 0x08, 
0x41, 0x08, 0x41, 0x08, 0x41, 0x08, 0x41, 0x08, 0x41, 0x08, 0x21, 0x08, 0x21, 0x08, 0x41, 0x08, 
0x21, 0x00, 0x21, 0x08, 0x41, 0x08, 0x21, 0x00, 0x41, 0x08, 0x62, 0x08, 0x41, 0x00, 0x62, 0x08, 
0x62, 0x08, 0x41, 0x08, 0x41, 0x08, 0x62, 0x08, 0x41, 0x00, 0x42, 0x08, 0x62, 0x08, 0x41, 0x08, 
0x41, 0x08, 0x41, 0x08, 0x41, 0x08, 0x41, 0x08, 0x41, 0x08, 0x21, 0x00, 0x41, 0x08, 0x41, 0x00, 
0x62, 0x08, 0x83, 0x10, 0xC4, 0x10, 0x46, 0x21, 0xA7, 0x31, 0x87, 0x29, 0x46, 0x21, 0xE4, 0x18, 
0xC4, 0x10, 0xE4, 0x18, 0xC4, 0x10, 0xA3, 0x10, 0x83, 0x08, 0x62, 0x08, 0x62, 0x08, 0x41, 0x08, 
0x42, 0x08, 0x41, 0x08, 0x20, 0x00, 0x20, 0x00, 0x20, 0x00, 0x20, 0x00, 0x21, 0x00, 0x21, 0x00, 
0x21, 0x00, 0x21, 0x00, 0x21, 0x00, 0x21, 0x00, 0x21, 0x00, 0x21, 0x00, 0x21, 0x08, 0x41, 0x00, 
0x41, 0x08, 0x41, 0x00, 0x41, 0x00, 0x41, 0x08, 0x41, 0x00, 0x41, 0x08, 0x41, 0x00, 0x41, 0x00, 
0x42, 0x08, 0x62, 0x08, 0x62, 0x08, 0x42, 0x08, 0x42, 0x08, 0x42, 0x08, 0x62, 0x08, 0x42, 0x08, 
0x42, 0x08, 0x62, 0x08, 0x62, 0x08, 0x62, 0x08, 0x82, 0x08, 0x82, 0x08, 0x83, 0x10, 0xA3, 0x10, 
0xA3, 0x10, 0xC4, 0x10, 0xC4, 0x10, 0xC4, 0x10, 0xE4, 0x10, 0xE4, 0x10, 0xE4, 0x10, 0xE4, 0x10, 
0xE4, 0x18, 0x05, 0x19, 0x05, 0x19, 0x05, 0x19, 0x05, 0x19, 0x05, 0x19, 0x25, 0x19, 0x26, 0x19, 
0x05, 0x19, 0xC4, 0x10, 0x83, 0x08, 0x62, 0x08, 0x41, 0x08, 0x21, 0x08, 0x21, 0x00, 0x41, 0x08, 
0x41, 0x08, 0x21, 0x08, 0x21, 0x08, 0x21, 0x08, 0x41, 0x08, 0x41, 0x08, 0x41, 0x08, 0x41, 0x08, 
0x41, 0x08, 0x41, 0x08, 0x42, 0x08, 0x62, 0x08, 0x62, 0x08, 0x62, 0x08, 0x82, 0x08, 0x83, 0x08, 
0x83, 0x08, 0x62, 0x08, 0x62, 0x08, 0x62, 0x08, 0x83, 0x08, 0xC4, 0x10, 0x05, 0x19, 0x25, 0x19, 
0x26, 0x19, 0x26, 0x21, 0x26, 0x19, 0x26, 0x19, 0x26, 0x19, 0x25, 0x19, 0x25, 0x19, 0x25, 0x19, 
0x25, 0x19, 0x25, 0x19, 0x05, 0x19, 0x05, 0x19, 0x05, 0x19, 0x05, 0x19, 0x05, 0x19, 0x05, 0x19, 
0xE4, 0x18, 0xE4, 0x10, 0xE4, 0x10, 0xE4, 0x10, 0xC4, 0x10, 0xC4, 0x10, 0xC4, 0x10, 0xC4, 0x10, 
0x62, 0x08, 0x62, 0x08, 0x62, 0x08, 0x62, 0x08, 0x42, 0x08, 0x62, 0x08, 0x62, 0x08, 0x42, 0x08, 
0x62, 0x08, 0x62, 0x08, 0x62, 0x08, 0x62, 0x08, 0x62, 0x08, 0x62, 0x08, 0x62, 0x08, 0x62, 0x08, 
0x62, 0x08, 0x42, 0x08, 0x42, 0x08, 0x62, 0x08, 0x62, 0x08, 0x62, 0x08, 0x62, 0x08, 0x62, 0x08, 
0x62, 0x08, 0x62, 0x08, 0x62, 0x08, 0x62, 0x08, 0x62, 0x08, 0x62, 0x08, 0x62, 0x08, 0x62, 0x08, 
0x62, 0x08, 0x62, 0x08, 0x62, 0x08, 0x62, 0x08, 0x62, 0x08, 0x62, 0x08, 0x62, 0x08, 0x62, 0x08, 
0x62, 0x08, 0x62, 0x08, 0x82, 0x08, 0x62, 0x08, 0x82, 0x08, 0x82, 0x08, 0x82, 0x08, 0x82, 0x08, 
0x83, 0x08, 0x83, 0x08, 0xA3, 0x08, 0x83, 0x08, 0x83, 0x08, 0x83, 0x08, 0xA3, 0x08, 0xA3, 0x08, 
0xA3, 0x08, 0xA3, 0x08, 0xA3, 0x08, 0xA3, 0x08, 0xA3, 0x10, 0xA3, 0x10, 0xA3, 0x10, 0xC3, 0x10, 
0xC4, 0x10, 0xC4, 0x10, 0xA4, 0x10, 0xC3, 0x10, 0xA3, 0x10, 0x62, 0x08, 0x41, 0x00, 0x41, 0x08, 
0x41, 0x08, 0x41, 0x00, 0x41, 0x00, 0x21, 0x00, 0x41, 0x08, 0x21, 0x00, 0x41, 0x08, 0x41, 0x08, 
0x21, 0x00, 0x21, 0x00, 0x21, 0x00, 0x20, 0x00, 0x20, 0x00, 0x20, 0x00, 0x20, 0x00, 0x20, 0x00, 
0x20, 0x00, 0x20, 0x00, 0x20, 0x00, 0x20, 0x00, 0x01, 0x00, 0x20, 0x00, 0x20, 0x00, 0x00, 0x00, 
0x00, 0x00, 0x20, 0x00, 0x20, 0x00, 0x20, 0x00, 0x00, 0x00, 0x00, 0x00, 0x41, 0x08, 0x62, 0x08, 
0x62, 0x08, 0x62, 0x08, 0x62, 0x08, 0x62, 0x08, 0x62, 0x08, 0x62, 0x08, 0x42, 0x08, 0x62, 0x08, 
0x62, 0x08, 0x62, 0x08, 0x62, 0x08, 0x62, 0x08, 0x42, 0x08, 0x42, 0x08, 0x41, 0x08, 0x41, 0x08, 
0x41, 0x08, 0x41, 0x08, 0x41, 0x08, 0x41, 0x08, 0x41, 0x08, 0x41, 0x08, 0x41, 0x08, 0x41, 0x08, 
0x41, 0x08, 0x41, 0x08, 0x41, 0x08, 0x21, 0x08, 0x41, 0x08, 0x41, 0x08, 0x21, 0x08, 0x41, 0x08, 
0x41, 0x08, 0x41, 0x08, 0x41, 0x08, 0x21, 0x08, 0x21, 0x08, 0x41, 0x08, 0x21, 0x08, 0x41, 0x08, 
0x41, 0x08, 0x41, 0x08, 0x21, 0x08, 0x41, 0x08, 0x21, 0x08, 0x41, 0x08, 0x41, 0x08, 0x41, 0x08, 
0x41, 0x08, 0x41, 0x08, 0x41, 0x08, 0x41, 0x08, 0x41, 0x08, 0x41, 0x08, 0x41, 0x08, 0x41, 0x08, 
0x41, 0x08, 0x41, 0x08, 0x41, 0x08, 0x41, 0x08, 0x41, 0x08, 0x21, 0x08, 0x21, 0x00, 0x41, 0x08, 
0x21, 0x08, 0x21, 0x08, 0x41, 0x08, 0x41, 0x08, 0x41, 0x08, 0x42, 0x08, 0x41, 0x00, 0x41, 0x08, 
0x41, 0x08, 0x42, 0x08, 0x41, 0x08, 0x41, 0x08, 0x41, 0x08, 0x62, 0x08, 0x41, 0x00, 0x41, 0x08, 
0x62, 0x08, 0x41, 0x08, 0x41, 0x08, 0x41, 0x08, 0x21, 0x08, 0x21, 0x08, 0x21, 0x00, 0x41, 0x08, 
0x42, 0x08, 0x62, 0x08, 0x83, 0x10, 0xC4, 0x10, 0x05, 0x21, 0x66, 0x29, 0x46, 0x21, 0xE4, 0x18, 
0xC4, 0x10, 0xC4, 0x18, 0xA3, 0x10, 0x83, 0x08, 0x83, 0x08, 0x62, 0x08, 0x42, 0x08, 0x42, 0x08, 
0x62, 0x08, 0x21, 0x00, 0x20, 0x00, 0x20, 0x00, 0x21, 0x00, 0x20, 0x00, 0x20, 0x00, 0x21, 0x00, 
0x21, 0x00, 0x21, 0x00, 0x21, 0x00, 0x41, 0x00, 0x41, 0x00, 0x41, 0x08, 0x41, 0x08, 0x41, 0x00, 
0x41, 0x08, 0x41, 0x08, 0x41, 0x08, 0x41, 0x08, 0x41, 0x08, 0x41, 0x08, 0x42, 0x08, 0x62, 0x08, 
0x42, 0x08, 0x62, 0x08, 0x62, 0x08, 0x42, 0x08, 0x62, 0x08, 0x62, 0x08, 0x62, 0x08, 0x62, 0x08, 
0x62, 0x08, 0x62, 0x08, 0x62, 0x08, 0x62, 0x08, 0x62, 0x08, 0x62, 0x08, 0x83, 0x08, 0xA3, 0x10, 
0xA3, 0x10, 0xA3, 0x10, 0xA3, 0x10, 0xA3, 0x10, 0xA3, 0x10, 0xC4, 0x10, 0xA3, 0x10, 0xC4, 0x10, 
0xE4, 0x10, 0x05, 0x19, 0x05, 0x19, 0x05, 0x19, 0x05, 0x19, 0x05, 0x19, 0x05, 0x19, 0x25, 0x19, 
0x25, 0x19, 0xE4, 0x18, 0x83, 0x10, 0x62, 0x08, 0x41, 0x08, 0x41, 0x08, 0x41, 0x08, 0x41, 0x08, 
0x21, 0x08, 0x21, 0x08, 0x21, 0x08, 0x21, 0x08, 0x21, 0x08, 0x41, 0x08, 0x21, 0x08, 0x41, 0x08, 
0x41, 0x08, 0x41, 0x08, 0x42, 0x08, 0x62, 0x08, 0x62, 0x08, 0x82, 0x08, 0x83, 0x08, 0x82, 0x08, 
0x82, 0x08, 0x62, 0x08, 0x62, 0x08, 0x62, 0x08, 0xA3, 0x10, 0xC4, 0x18, 0x05, 0x19, 0x26, 0x21, 
0x46, 0x21, 0x46, 0x21, 0x46, 0x21, 0x46, 0x21, 0x46, 0x21, 0x26, 0x19, 0x26, 0x19, 0x26, 0x19, 
0x25, 0x19, 0x25, 0x19, 0x25, 0x19, 0x25, 0x19, 0x05, 0x19, 0x05, 0x19, 0x05, 0x19, 0x05, 0x19, 
0xE4, 0x18, 0xE4, 0x18, 0xE4, 0x10, 0xC4, 0x10, 0xC4, 0x10, 0xC4, 0x10, 0xC4, 0x10, 0xA4, 0x10, 
0x62, 0x08, 0x62, 0x08, 0x62, 0x08, 0x62, 0x08, 0x62, 0x08, 0x62, 0x08, 0x62, 0x08, 0x42, 0x08, 
0x62, 0x08, 0x62, 0x08, 0x62, 0x08, 0x62, 0x08, 0x62, 0x08, 0x62, 0x08, 0x62, 0x08, 0x62, 0x08, 
0x62, 0x08, 0x42, 0x08, 0x42, 0x08, 0x42, 0x08, 0x62, 0x08, 0x62, 0x08, 0x42, 0x08, 0x62, 0x08, 
0x62, 0x08, 0x62, 0x08, 0x62, 0x08, 0x62, 0x08, 0x62, 0x08, 0x62, 0x08, 0x62, 0x08, 0x62, 0x08, 
0x62, 0x08, 0x62, 0x08, 0x62, 0x08, 0x82, 0x08, 0x62, 0x08, 0x62, 0x08, 0x62, 0x08, 0x62, 0x08, 
0x62, 0x08, 0x62, 0x08, 0x62, 0x08, 0x62, 0x08, 0x62, 0x08, 0x62, 0x08, 0x62, 0x08, 0x62, 0x08, 
0x82, 0x08, 0x82, 0x08, 0x83, 0x08, 0x82, 0x08, 0x83, 0x08, 0x83, 0x08, 0xA3, 0x08, 0xA3, 0x08, 
0x83, 0x08, 0x83, 0x08, 0xA3, 0x08, 0x83, 0x08, 0xA3, 0x08, 0xA3, 0x10, 0xA3, 0x10, 0xC3, 0x10, 
0xA3, 0x10, 0xC3, 0x10, 0xA3, 0x10, 0xA3, 0x10, 0xA3, 0x10, 0xA3, 0x10, 0x62, 0x08, 0x41, 0x00, 
0x21, 0x00, 0x41, 0x00, 0x41, 0x00, 0x41, 0x08, 0x21, 0x00, 0x20, 0x00, 0x21, 0x00, 0x21, 0x00, 
0x21, 0x00, 0x21, 0x08, 0x21, 0x08, 0x21, 0x00, 0x20, 0x00, 0x20, 0x00, 0x20, 0x00, 0x20, 0x00, 
0x20, 0x00, 0x20, 0x00, 0x20, 0x00, 0x20, 0x00, 0x20, 0x00, 0x20, 0x00, 0x20, 0x00, 0x20, 0x00, 
0x20, 0x00, 0x20, 0x00, 0x20, 0x00, 0x20, 0x00, 0x20, 0x00, 0x41, 0x08, 0x41, 0x08, 0x41, 0x08, 
0x41, 0x08, 0x41, 0x00, 0x41, 0x08, 0x41, 0x08, 0x41, 0x08, 0x41, 0x08, 0x21, 0x08, 0x41, 0x08, 
0x41, 0x08, 0x41, 0x08, 0x41, 0x08, 0x41, 0x08, 0x41, 0x08, 0x41, 0x08, 0x41, 0x08, 0x41, 0x08, 
0x41, 0x08, 0x41, 0x08, 0x41, 0x08, 0x41, 0x08, 0x41, 0x08, 0x41, 0x08, 0x41, 0x08, 0x41, 0x08, 
0x21, 0x08, 0x21, 0x08, 0x41, 0x08, 0x21, 0x08, 0x21, 0x08, 0x41, 0x08, 0x21, 0x08, 0x21, 0x08, 
0x21, 0x08, 0x21, 0x08, 0x21, 0x08, 0x41, 0x08, 0x41, 0x08, 0x41, 0x08, 0x41, 0x08, 0x41, 0x08, 
0x41, 0x08, 0x41, 0x08, 0x41, 0x08, 0x41, 0x00, 0x41, 0x08, 0x41, 0x08, 0x41, 0x08, 0x41, 0x08, 
0x41, 0x08, 0x41, 0x08, 0x41, 0x08, 0x41, 0x08, 0x41, 0x08, 0x41, 0x08, 0x41, 0x08, 0x41, 0x08, 
0x41, 0x08, 0x41, 0x08, 0x21, 0x00, 0x21, 0x00, 0x21, 0x00, 0x21, 0x00, 0x21, 0x00, 0x21, 0x00, 
0x41, 0x08, 0x21, 0x08, 0x21, 0x08, 0x41, 0x08, 0x41, 0x08, 0x41, 0x08, 0x41, 0x08, 0x42, 0x08, 
0x41, 0x08, 0x41, 0x08, 0x41, 0x08, 0x21, 0x00, 0x42, 0x08, 0x62, 0x08, 0x41, 0x00, 0x62, 0x08, 
0x42, 0x08, 0x41, 0x08, 0x41, 0x08, 0x21, 0x08, 0x21, 0x00, 0x21, 0x08, 0x41, 0x08, 0x21, 0x00, 
0x62, 0x08, 0x42, 0x08, 0x62, 0x08, 0xA3, 0x10, 0xA3, 0x10, 0xE4, 0x18, 0xE4, 0x18, 0xC3, 0x10, 
0xA3, 0x10, 0x83, 0x08, 0x83, 0x10, 0x83, 0x10, 0x62, 0x08, 0x62, 0x08, 0x62, 0x08, 0x62, 0x08, 
0x21, 0x00, 0x20, 0x00, 0x21, 0x00, 0x20, 0x00, 0x20, 0x00, 0x21, 0x00, 0x21, 0x00, 0x21, 0x00, 
0x21, 0x00, 0x21, 0x00, 0x21, 0x00, 0x41, 0x08, 0x41, 0x08, 0x41, 0x08, 0x41, 0x08, 0x42, 0x08, 
0x41, 0x08, 0x41, 0x00, 0x42, 0x08, 0x42, 0x08, 0x41, 0x08, 0x42, 0x08, 0x62, 0x08, 0x62, 0x08, 
0x42, 0x08, 0x62, 0x08, 0x62, 0x08, 0x62, 0x08, 0x62, 0x08, 0x62, 0x08, 0x62, 0x08, 0x62, 0x08, 
0x62, 0x08, 0x82, 0x08, 0x82, 0x08, 0x83, 0x08, 0xA3, 0x08, 0x83, 0x08, 0xA3, 0x08, 0xA3, 0x10, 
0x83, 0x08, 0x82, 0x08, 0x83, 0x08, 0xA3, 0x10, 0xC3, 0x10, 0xC4, 0x10, 0xC4, 0x10, 0xC3, 0x10, 
0xC4, 0x10, 0xC4, 0x10, 0xE4, 0x10, 0xC4, 0x10, 0xC4, 0x10, 0xC4, 0x10, 0xC4, 0x10, 0xE4, 0x10, 
0xE4, 0x10, 0xA3, 0x10, 0x82, 0x08, 0x42, 0x08, 0x21, 0x08, 0x21, 0x08, 0x21, 0x08, 0x21, 0x00, 
0x21, 0x00, 0x21, 0x08, 0x21, 0x08, 0x21, 0x00, 0x21, 0x08, 0x41, 0x08, 0x41, 0x08, 0x41, 0x08, 
0x41, 0x08, 0x42, 0x08, 0x42, 0x08, 0x42, 0x08, 0x62, 0x08, 0x82, 0x08, 0x82, 0x08, 0x62, 0x08, 
0x62, 0x08, 0x62, 0x08, 0x62, 0x08, 0x62, 0x08, 0x83, 0x08, 0xA3, 0x10, 0xE4, 0x10, 0x05, 0x19, 
0x25, 0x19, 0x05, 0x19, 0x05, 0x19, 0x05, 0x19, 0x05, 0x19, 0x05, 0x19, 0x25, 0x19, 0x05, 0x19, 
0x25, 0x19, 0x25, 0x19, 0x25, 0x19, 0x25, 0x19, 0x05, 0x19, 0x05, 0x19, 0x05, 0x19, 0x05, 0x19, 
0x05, 0x19, 0xE5, 0x18, 0xE4, 0x18, 0xE4, 0x18, 0xC4, 0x18, 0xC4, 0x10, 0xC4, 0x10, 0xC4, 0x10, 
0x42, 0x08, 0x62, 0x08, 0x62, 0x08, 0x62, 0x08, 0x62, 0x08, 0x42, 0x08, 0x62, 0x08, 0x62, 0x08, 
0x42, 0x08, 0x42, 0x08, 0x42, 0x08, 0x42, 0x08, 0x62, 0x08, 0x62, 0x08, 0x62, 0x08, 0x62, 0x08, 
0x62, 0x08, 0x62, 0x08, 0x62, 0x08, 0x62, 0x08, 0x62, 0x08, 0x42, 0x08, 0x42, 0x08, 0x42, 0x08, 
0x42, 0x08, 0x42, 0x08, 0x42, 0x08, 0x62, 0x08, 0x62, 0x08, 0x62, 0x08, 0x62, 0x08, 0x62, 0x08, 
0x62, 0x08, 0x62, 0x08, 0x62, 0x08, 0x62, 0x08, 0x62, 0x08, 0x62, 0x08, 0x62, 0x08, 0x62, 0x08, 
0x82, 0x08, 0x62, 0x08, 0x82, 0x08, 0x62, 0x08, 0x82, 0x08, 0x82, 0x08, 0x82, 0x08, 0x62, 0x08, 
0x82, 0x08, 0x82, 0x08, 0x82, 0x08, 0x82, 0x08, 0x82, 0x08, 0x83, 0x08, 0x83, 0x08, 0x83, 0x08, 
0x83, 0x08, 0x83, 0x08, 0x83, 0x08, 0xA3, 0x10, 0xA3, 0x08, 0x83, 0x08, 0xA3, 0x08, 0xA3, 0x08, 
0xA3, 0x10, 0xA3, 0x08, 0xA3, 0x08, 0xA3, 0x08, 0x83, 0x08, 0x83, 0x08, 0x83, 0x08, 0x82, 0x08, 
0x62, 0x08, 0x41, 0x08, 0x21, 0x00, 0x21, 0x00, 0x21, 0x00, 0x20, 0x00, 0x21, 0x00, 0x21, 0x00, 
0x20, 0x00, 0x21, 0x00, 0x21, 0x00, 0x21, 0x00, 0x21, 0x00, 0x20, 0x00, 0x20, 0x00, 0x20, 0x00, 
0x20, 0x00, 0x20, 0x00, 0x20, 0x00, 0x20, 0x00, 0x00, 0x00, 0x00, 0x00, 0x20, 0x00, 0x20, 0x00, 
0x20, 0x00, 0x00, 0x00, 0x00, 0x00, 0x20, 0x00, 0x20, 0x00, 0x20, 0x00, 0x20, 0x00, 0x21, 0x00, 
0x21, 0x00, 0x21, 0x00, 0x21, 0x00, 0x21, 0x00, 0x21, 0x00, 0x21, 0x08, 0x21, 0x00, 0x21, 0x08, 
0x41, 0x08, 0x41, 0x08, 0x41, 0x08, 0x41, 0x08, 0x41, 0x08, 0x41, 0x08, 0x41, 0x08, 0x41, 0x08, 
0x41, 0x08, 0x41, 0x08, 0x41, 0x08, 0x41, 0x08, 0x41, 0x08, 0x41, 0x08, 0x41, 0x08, 0x41, 0x08, 
0x41, 0x08, 0x41, 0x08, 0x41, 0x08, 0x41, 0x08, 0x41, 0x08, 0x41, 0x00, 0x41, 0x08, 0x41, 0x00, 
0x41, 0x08, 0x41, 0x08, 0x41, 0x08, 0x41, 0x08, 0x41, 0x08, 0x41, 0x08, 0x41, 0x08, 0x41, 0x08, 
0x41, 0x08, 0x41, 0x08, 0x41, 0x08, 0x41, 0x08, 0x41, 0x08, 0x41, 0x08, 0x41, 0x00, 0x21, 0x00, 
0x21, 0x00, 0x21, 0x00, 0x21, 0x00, 0x21, 0x00, 0x21, 0x00, 0x41, 0x00, 0x21, 0x00, 0x41, 0x00, 
0x41, 0x00, 0x21, 0x00, 0x21, 0x00, 0x21, 0x00, 0x21, 0x00, 0x21, 0x00, 0x21, 0x00, 0x21, 0x00, 
0x21, 0x00, 0x21, 0x08, 0x21, 0x00, 0x21, 0x08, 0x21, 0x00, 0x21, 0x00, 0x62, 0x08, 0x42, 0x08, 
0x41, 0x00, 0x41, 0x08, 0x41, 0x08, 0x41, 0x08, 0x42, 0x08, 0x21, 0x00, 0x41, 0x08, 0x41, 0x08, 
0x41, 0x00, 0x41, 0x08, 0x41, 0x08, 0x21, 0x00, 0x21, 0x08, 0x21, 0x00, 0x41, 0x08, 0x41, 0x08, 
0x41, 0x08, 0x41, 0x08, 0x41, 0x08, 0x41, 0x08, 0x82, 0x08, 0xA3, 0x10, 0xA3, 0x10, 0xA3, 0x10, 
0xA3, 0x10, 0x82, 0x08, 0x62, 0x08, 0x62, 0x08, 0x62, 0x08, 0x62, 0x08, 0x62, 0x08, 0x41, 0x08, 
0x21, 0x00, 0x20, 0x00, 0x20, 0x00, 0x00, 0x00, 0x20, 0x00, 0x20, 0x00, 0x21, 0x00, 0x21, 0x00, 
0x21, 0x00, 0x21, 0x00, 0x21, 0x00, 0x21, 0x00, 0x41, 0x00, 0x41, 0x00, 0x41, 0x00, 0x41, 0x08, 
0x41, 0x08, 0x41, 0x08, 0x42, 0x08, 0x62, 0x08, 0x42, 0x08, 0x62, 0x08, 0x42, 0x08, 0x42, 0x08, 
0x62, 0x08, 0x62, 0x08, 0x62, 0x08, 0x62, 0x08, 0x62, 0x08, 0x62, 0x08, 0x82, 0x08, 0x62, 0x08, 
0x82, 0x08, 0x82, 0x08, 0x82, 0x08, 0x83, 0x08, 0xA3, 0x10, 0x83, 0x08, 0xA3, 0x10, 0x83, 0x08, 
0xA3, 0x10, 0x83, 0x08, 0xA3, 0x08, 0xA3, 0x08, 0x83, 0x08, 0xA3, 0x08, 0x83, 0x08, 0x83, 0x08, 
0x83, 0x08, 0x83, 0x08, 0xA3, 0x08, 0x83, 0x08, 0x83, 0x08, 0xA3, 0x10, 0xC4, 0x10, 0xE4, 0x18, 
0xC4, 0x10, 0x83, 0x10, 0x62, 0x08, 0x41, 0x08, 0x21, 0x00, 0x21, 0x00, 0x21, 0x08, 0x21, 0x08, 
0x21, 0x08, 0x21, 0x00, 0x21, 0x08, 0x21, 0x00, 0x21, 0x00, 0x41, 0x08, 0x41, 0x08, 0x41, 0x00, 
0x41, 0x08, 0x42, 0x08, 0x42, 0x00, 0x62, 0x08, 0x62, 0x08, 0x62, 0x08, 0x62, 0x08, 0x62, 0x08, 
0x62, 0x08, 0x62, 0x08, 0x62, 0x08, 0x62, 0x08, 0x83, 0x08, 0xA3, 0x10, 0xE4, 0x18, 0xE5, 0x18, 
0x05, 0x19, 0x05, 0x19, 0x25, 0x19, 0x25, 0x19, 0x25, 0x19, 0x25, 0x19, 0x05, 0x19, 0x05, 0x19, 
0x25, 0x19, 0x05, 0x19, 0x05, 0x19, 0x05, 0x19, 0x05, 0x19, 0x05, 0x19, 0x05, 0x19, 0x05, 0x19, 
0x05, 0x19, 0xE5, 0x18, 0xE5, 0x18, 0xE4, 0x18, 0xE4, 0x18, 0xE4, 0x10, 0xE4, 0x10, 0xC4, 0x10, 
0x42, 0x00, 0x42, 0x08, 0x42, 0x08, 0x42, 0x08, 0x42, 0x08, 0x42, 0x08, 0x42, 0x08, 0x42, 0x08, 
0x42, 0x08, 0x42, 0x08, 0x62, 0x08, 0x42, 0x08, 0x62, 0x08, 0x62, 0x08, 0x62, 0x08, 0x62, 0x08, 
0x62, 0x08, 0x42, 0x08, 0x62, 0x08, 0x62, 0x08, 0x62, 0x08, 0x62, 0x08, 0x42, 0x08, 0x62, 0x08, 
0x62, 0x08, 0x62, 0x08, 0x42, 0x08, 0x62, 0x08, 0x62, 0x08, 0x62, 0x08, 0x62, 0x08, 0x62, 0x08, 
0x62, 0x08, 0x62, 0x08, 0x62, 0x08, 0x62, 0x08, 0x62, 0x08, 0x62, 0x08, 0x62, 0x08, 0x62, 0x08, 
0x62, 0x08, 0x82, 0x08, 0x82, 0x08, 0x82, 0x08, 0x62, 0x08, 0x82, 0x08, 0x82, 0x08, 0x62, 0x08, 
0x82, 0x08, 0x82, 0x08, 0x82, 0x08, 0x82, 0x08, 0x62, 0x08, 0x82, 0x08, 0x83, 0x08, 0x82, 0x08, 
0x82, 0x08, 0x82, 0x08, 0x83, 0x08, 0x83, 0x08, 0x82, 0x08, 0x83, 0x08, 0x83, 0x08, 0x82, 0x08, 
0x82, 0x08, 0x82, 0x08, 0x62, 0x08, 0x82, 0x08, 0x82, 0x08, 0x62, 0x08, 0x62, 0x08, 0x62, 0x08, 
0x62, 0x08, 0x62, 0x08, 0x41, 0x08, 0x21, 0x00, 0x21, 0x00, 0x20, 0x00, 0x20, 0x00, 0x20, 0x00, 
0x20, 0x00, 0x20, 0x00, 0x20, 0x00, 0x20, 0x00, 0x20, 0x00, 0x20, 0x00, 0x20, 0x00, 0x20, 0x00, 
0x20, 0x00, 0x20, 0x00, 0x20, 0x00, 0x20, 0x00, 0x00, 0x00, 0x20, 0x00, 0x00, 0x00, 0x00, 0x00, 
0x00, 0x00, 0x20, 0x00, 0x00, 0x00, 0x00, 0x00, 0x00, 0x00, 0x00, 0x00, 0x00, 0x00, 0x20, 0x00, 
0x20, 0x00, 0x20, 0x00, 0x21, 0x00, 0x21, 0x00, 0x21, 0x00, 0x21, 0x00, 0x21, 0x00, 0x21, 0x00, 
0x21, 0x00, 0x41, 0x08, 0x41, 0x08, 0x41, 0x08, 0x41, 0x08, 0x41, 0x08, 0x41, 0x08, 0x41, 0x08, 
0x41, 0x08, 0x41, 0x08, 0x41, 0x08, 0x41, 0x08, 0x41, 0x08, 0x41, 0x08, 0x21, 0x08, 0x41, 0x00, 
0x41, 0x08, 0x41, 0x08, 0x21, 0x08, 0x41, 0x08, 0x41, 0x08, 0x41, 0x08, 0x21, 0x00, 0x41, 0x08, 
0x41, 0x08, 0x41, 0x08, 0x41, 0x08, 0x21, 0x00, 0x41, 0x00, 0x41, 0x08, 0x41, 0x00, 0x41, 0x08, 
0x41, 0x08, 0x41, 0x08, 0x21, 0x08, 0x21, 0x00, 0x21, 0x00, 0x21, 0x00, 0x21, 0x00, 0x21, 0x00, 
0x21, 0x00, 0x21, 0x00, 0x21, 0x00, 0x21, 0x00, 0x21, 0x00, 0x21, 0x00, 0x41, 0x00, 0x21, 0x00, 
0x21, 0x08, 0x21, 0x08, 0x21, 0x00, 0x21, 0x00, 0x21, 0x00, 0x21, 0x00, 0x21, 0x08, 0x41, 0x08, 
0x41, 0x08, 0x21, 0x08, 0x21, 0x08, 0x41, 0x08, 0x21, 0x00, 0x41, 0x08, 0x41, 0x08, 0x41, 0x08, 
0x41, 0x00, 0x41, 0x08, 0x62, 0x08, 0x41, 0x08, 0x41, 0x08, 0x21, 0x00, 0x41, 0x08, 0x41, 0x08, 
0x41, 0x00, 0x41, 0x08, 0x41, 0x08, 0x41, 0x08, 0x21, 0x00, 0x21, 0x00, 0x21, 0x00, 0x21, 0x08, 
0x21, 0x00, 0x41, 0x08, 0x41, 0x08, 0x21, 0x00, 0x41, 0x00, 0x41, 0x08, 0x62, 0x08, 0x62, 0x08, 
0x62, 0x08, 0x62, 0x08, 0x62, 0x08, 0x62, 0x08, 0x62, 0x08, 0x41, 0x08, 0x21, 0x00, 0x21, 0x00, 
0x20, 0x00, 0x21, 0x00, 0x20, 0x00, 0x20, 0x00, 0x20, 0x00, 0x20, 0x00, 0x20, 0x00, 0x21, 0x00, 
0x21, 0x00, 0x41, 0x00, 0x21, 0x00, 0x41, 0x00, 0x41, 0x08, 0x41, 0x08, 0x42, 0x08, 0x42, 0x08, 
0x41, 0x08, 0x42, 0x08, 0x42, 0x08, 0x42, 0x08, 0x42, 0x08, 0x62, 0x08, 0x42, 0x08, 0x62, 0x08, 
0x62, 0x08, 0x62, 0x08, 0x42, 0x08, 0x62, 0x08, 0x62, 0x08, 0x62, 0x08, 0x62, 0x08, 0x62, 0x08, 
0x83, 0x08, 0x82, 0x08, 0x82, 0x08, 0x82, 0x08, 0x83, 0x08, 0x83, 0x08, 0x83, 0x08, 0x82, 0x08, 
0x83, 0x08, 0x62, 0x08, 0x62, 0x08, 0x62, 0x08, 0x62, 0x08, 0x62, 0x08, 0x62, 0x08, 0x62, 0x08, 
0x82, 0x08, 0x82, 0x08, 0x62, 0x08, 0x62, 0x08, 0x82, 0x08, 0xA3, 0x08, 0x83, 0x08, 0xA3, 0x10, 
0xA3, 0x10, 0x62, 0x08, 0x42, 0x08, 0x41, 0x08, 0x21, 0x08, 0x21, 0x00, 0x21, 0x08, 0x41, 0x08, 
0x21, 0x08, 0x21, 0x08, 0x21, 0x08, 0x41, 0x08, 0x41, 0x08, 0x41, 0x00, 0x42, 0x08, 0x42, 0x00, 
0x41, 0x00, 0x42, 0x08, 0x62, 0x08, 0x62, 0x08, 0x62, 0x08, 0x82, 0x08, 0x82, 0x08, 0x62, 0x08, 
0x62, 0x08, 0x62, 0x08, 0x62, 0x08, 0x62, 0x08, 0x83, 0x08, 0xA3, 0x10, 0xC4, 0x10, 0xE4, 0x18, 
0x05, 0x19, 0x05, 0x19, 0x25, 0x19, 0x05, 0x19, 0x25, 0x19, 0x25, 0x19, 0x25, 0x19, 0x25, 0x19, 
0x25, 0x19, 0x05, 0x19, 0x25, 0x19, 0x05, 0x19, 0xE5, 0x18, 0xE4, 0x10, 0xE4, 0x10, 0x05, 0x19, 
0xE5, 0x18, 0x05, 0x19, 0xE5, 0x18, 0xE4, 0x18, 0xE4, 0x18, 0xE4, 0x10, 0xC4, 0x10, 0xC4, 0x10, 
0x42, 0x00, 0x42, 0x08, 0x62, 0x08, 0x62, 0x08, 0x62, 0x08, 0x62, 0x08, 0x62, 0x08, 0x62, 0x08, 
0x62, 0x08, 0x42, 0x08, 0x42, 0x08, 0x62, 0x08, 0x42, 0x08, 0x62, 0x08, 0x62, 0x08, 0x62, 0x08, 
0x62, 0x08, 0x62, 0x08, 0x62, 0x08, 0x42, 0x08, 0x42, 0x08, 0x42, 0x08, 0x42, 0x00, 0x62, 0x08, 
0x62, 0x08, 0x42, 0x08, 0x62, 0x08, 0x62, 0x08, 0x62, 0x08, 0x62, 0x08, 0x62, 0x08, 0x62, 0x08, 
0x62, 0x08, 0x62, 0x08, 0x62, 0x08, 0x62, 0x08, 0x62, 0x08, 0x62, 0x08, 0x62, 0x08, 0x62, 0x08, 
0x82, 0x08, 0x82, 0x08, 0x62, 0x08, 0x62, 0x08, 0x82, 0x08, 0x62, 0x08, 0x62, 0x08, 0x82, 0x08, 
0x62, 0x08, 0x62, 0x08, 0x82, 0x08, 0x83, 0x08, 0x82, 0x08, 0x83, 0x08, 0x83, 0x08, 0x82, 0x08, 
0x83, 0x08, 0x82, 0x08, 0x62, 0x08, 0x62, 0x08, 0x62, 0x08, 0x62, 0x08, 0x62, 0x08, 0x62, 0x08, 
0x62, 0x08, 0x62, 0x08, 0x62, 0x08, 0x62, 0x08, 0x62, 0x08, 0x62, 0x08, 0x62, 0x08, 0x62, 0x08, 
0x41, 0x08, 0x41, 0x08, 0x21, 0x00, 0x21, 0x00, 0x20, 0x00, 0x20, 0x00, 0x20, 0x00, 0x00, 0x00, 
0x20, 0x00, 0x00, 0x00, 0x00, 0x00, 0x00, 0x00, 0x20, 0x00, 0x20, 0x00, 0x20, 0x00, 0x00, 0x00, 
0x20, 0x00, 0x20, 0x00, 0x20, 0x00, 0x20, 0x00, 0x20, 0x00, 0x20, 0x00, 0x20, 0x00, 0x20, 0x00, 
0x20, 0x00, 0x20, 0x00, 0x20, 0x00, 0x00, 0x00, 0x00, 0x00, 0x00, 0x00, 0x00, 0x00, 0x00, 0x00, 
0x20, 0x00, 0x00, 0x00, 0x21, 0x00, 0x21, 0x00, 0x21, 0x00, 0x21, 0x00, 0x21, 0x00, 0x41, 0x00, 
0x41, 0x00, 0x41, 0x08, 0x41, 0x08, 0x41, 0x08, 0x41, 0x08, 0x41, 0x08, 0x41, 0x08, 0x41, 0x08, 
0x41, 0x08, 0x41, 0x00, 0x41, 0x00, 0x41, 0x08, 0x41, 0x08, 0x41, 0x08, 0x41, 0x08, 0x41, 0x08, 
0x41, 0x08, 0x41, 0x08, 0x41, 0x08, 0x41, 0x00, 0x41, 0x08, 0x41, 0x08, 0x41, 0x08, 0x41, 0x08, 
0x41, 0x08, 0x41, 0x08, 0x21, 0x08, 0x21, 0x00, 0x41, 0x00, 0x41, 0x00, 0x41, 0x08, 0x41, 0x08, 
0x41, 0x00, 0x41, 0x00, 0x41, 0x00, 0x21, 0x00, 0x21, 0x00, 0x21, 0x00, 0x21, 0x00, 0x41, 0x00, 
0x41, 0x08, 0x41, 0x00, 0x41, 0x00, 0x21, 0x00, 0x21, 0x00, 0x21, 0x00, 0x21, 0x00, 0x21, 0x00, 
0x21, 0x00, 0x21, 0x00, 0x21, 0x00, 0x21, 0x00, 0x21, 0x08, 0x21, 0x00, 0x41, 0x00, 0x41, 0x00, 
0x41, 0x00, 0x21, 0x08, 0x41, 0x08, 0x21, 0x00, 0x21, 0x00, 0x41, 0x08, 0x41, 0x08, 0x21, 0x00, 
0x41, 0x08, 0x41, 0x08, 0x21, 0x08, 0x41, 0x08, 0x41, 0x08, 0x41, 0x08, 0x41, 0x08, 0x21, 0x00, 
0x21, 0x00, 0x41, 0x08, 0x41, 0x08, 0x21, 0x00, 0x21, 0x00, 0x21, 0x00, 0x21, 0x00, 0x21, 0x00, 
0x21, 0x00, 0x21, 0x00, 0x21, 0x00, 0x41, 0x08, 0x41, 0x08, 0x41, 0x08, 0x41, 0x08, 0x41, 0x08, 
0x41, 0x08, 0x41, 0x08, 0x41, 0x08, 0x41, 0x08, 0x42, 0x08, 0x41, 0x08, 0x21, 0x00, 0x21, 0x00, 
0x20, 0x00, 0x21, 0x00, 0x20, 0x00, 0x20, 0x00, 0x20, 0x00, 0x21, 0x00, 0x21, 0x00, 0x41, 0x00, 
0x41, 0x00, 0x41, 0x00, 0x41, 0x00, 0x41, 0x00, 0x41, 0x08, 0x42, 0x08, 0x62, 0x08, 0x42, 0x08, 
0x42, 0x08, 0x42, 0x08, 0x42, 0x00, 0x42, 0x00, 0x62, 0x08, 0x41, 0x00, 0x42, 0x08, 0x42, 0x08, 
0x42, 0x08, 0x62, 0x08, 0x62, 0x08, 0x42, 0x08, 0x62, 0x08, 0x62, 0x08, 0x62, 0x08, 0x62, 0x08, 
0x42, 0x00, 0x62, 0x08, 0x62, 0x08, 0x62, 0x08, 0x62, 0x08, 0x62, 0x08, 0x82, 0x08, 0x82, 0x08, 
0x62, 0x08, 0x82, 0x08, 0x82, 0x08, 0x82, 0x08, 0x82, 0x08, 0x83, 0x08, 0x82, 0x08, 0x62, 0x08, 
0x62, 0x08, 0x82, 0x08, 0x82, 0x08, 0x82, 0x08, 0x82, 0x08, 0x62, 0x08, 0x62, 0x08, 0x62, 0x08, 
0x82, 0x08, 0x62, 0x08, 0x41, 0x08, 0x41, 0x08, 0x41, 0x08, 0x21, 0x08, 0x21, 0x08, 0x41, 0x08, 
0x41, 0x08, 0x41, 0x08, 0x41, 0x08, 0x41, 0x08, 0x61, 0x08, 0x41, 0x00, 0x62, 0x08, 0x62, 0x08, 
0x62, 0x08, 0x62, 0x08, 0x62, 0x08, 0x62, 0x08, 0x62, 0x08, 0x62, 0x08, 0x62, 0x08, 0x62, 0x08, 
0x62, 0x08, 0x62, 0x08, 0x62, 0x08, 0x62, 0x08, 0x83, 0x08, 0xA3, 0x10, 0xC3, 0x10, 0xC4, 0x10, 
0xE4, 0x10, 0xE4, 0x18, 0xE4, 0x18, 0x05, 0x19, 0x05, 0x19, 0x05, 0x19, 0x05, 0x19, 0x25, 0x19, 
0x25, 0x19, 0x25, 0x19, 0x05, 0x19, 0x05, 0x19, 0xE5, 0x18, 0xE4, 0x18, 0xE4, 0x10, 0xE4, 0x18, 
0xE4, 0x18, 0xE4, 0x18, 0xE4, 0x10, 0xE4, 0x10, 0xC4, 0x10, 0xC4, 0x10, 0xC4, 0x10, 0xC4, 0x10, 
0x62, 0x08, 0x62, 0x08, 0x62, 0x08, 0x62, 0x08, 0x62, 0x08, 0x62, 0x08, 0x42, 0x08, 0x62, 0x08, 
0x62, 0x08, 0x42, 0x08, 0x42, 0x08, 0x42, 0x08, 0x62, 0x08, 0x62, 0x08, 0x62, 0x08, 0x62, 0x08, 
0x62, 0x08, 0x62, 0x08, 0x62, 0x08, 0x62, 0x08, 0x62, 0x08, 0x62, 0x08, 0x42, 0x08, 0x62, 0x08, 
0x42, 0x08, 0x42, 0x08, 0x62, 0x08, 0x62, 0x08, 0x62, 0x08, 0x62, 0x08, 0x62, 0x08, 0x62, 0x08, 
0x62, 0x08, 0x62, 0x08, 0x62, 0x08, 0x62, 0x08, 0x62, 0x08, 0x62, 0x08, 0x62, 0x08, 0x62, 0x08, 
0x62, 0x08, 0x62, 0x08, 0x62, 0x08, 0x62, 0x08, 0x62, 0x08, 0x82, 0x08, 0x62, 0x08, 0x62, 0x08, 
0x62, 0x08, 0x62, 0x08, 0x82, 0x08, 0x83, 0x08, 0x62, 0x08, 0x62, 0x08, 0x62, 0x08, 0x82, 0x08, 
0x62, 0x08, 0x62, 0x08, 0x62, 0x08, 0x62, 0x08, 0x62, 0x08, 0x62, 0x08, 0x62, 0x08, 0x62, 0x08, 
0x62, 0x08, 0x62, 0x08, 0x62, 0x08, 0x62, 0x08, 0x62, 0x08, 0x62, 0x08, 0x42, 0x08, 0x41, 0x08, 
0x21, 0x00, 0x21, 0x00, 0x21, 0x00, 0x20, 0x00, 0x20, 0x00, 0x20, 0x00, 0x20, 0x00, 0x20, 0x00, 
0x20, 0x00, 0x00, 0x00, 0x00, 0x00, 0x20, 0x00, 0x00, 0x00, 0x20, 0x00, 0x20, 0x00, 0x20, 0x00, 
0x20, 0x00, 0x20, 0x00, 0x20, 0x00, 0x20, 0x00, 0x20, 0x00, 0x20, 0x00, 0x20, 0x00, 0x20, 0x00, 
0x00, 0x00, 0x20, 0x00, 0x20, 0x00, 0x00, 0x00, 0x00, 0x00, 0x00, 0x00, 0x00, 0x00, 0x00, 0x00, 
0x20, 0x00, 0x20, 0x00, 0x20, 0x00, 0x20, 0x00, 0x21, 0x00, 0x21, 0x00, 0x21, 0x00, 0x21, 0x00, 
0x41, 0x08, 0x41, 0x08, 0x41, 0x08, 0x41, 0x08, 0x21, 0x00, 0x21, 0x00, 0x41, 0x08, 0x41, 0x00, 
0x41, 0x00, 0x41, 0x08, 0x41, 0x08, 0x41, 0x08, 0x21, 0x00, 0x41, 0x00, 0x21, 0x00, 0x41, 0x00, 
0x41, 0x08, 0x41, 0x08, 0x41, 0x08, 0x41, 0x08, 0x41, 0x00, 0x41, 0x08, 0x41, 0x08, 0x41, 0x08, 
0x41, 0x08, 0x41, 0x08, 0x41, 0x00, 0x21, 0x00, 0x21, 0x00, 0x21, 0x00, 0x21, 0x00, 0x21, 0x00, 
0x21, 0x00, 0x21, 0x00, 0x21, 0x00, 0x21, 0x00, 0x21, 0x00, 0x41, 0x00, 0x41, 0x08, 0x41, 0x08, 
0x41, 0x08, 0x41, 0x08, 0x41, 0x00, 0x21, 0x00, 0x21, 0x00, 0x21, 0x00, 0x21, 0x00, 0x21, 0x00, 
0x21, 0x00, 0x21, 0x00, 0x21, 0x00, 0x21, 0x00, 0x21, 0x00, 0x21, 0x00, 0x41, 0x00, 0x41, 0x00, 
0x21, 0x00, 0x21, 0x00, 0x21, 0x00, 0x41, 0x08, 0x21, 0x08, 0x21, 0x00, 0x41, 0x08, 0x41, 0x08, 
0x21, 0x00, 0x41, 0x08, 0x21, 0x00, 0x21, 0x08, 0x41, 0x08, 0x21, 0x00, 0x21, 0x08, 0x21, 0x00, 
0x21, 0x00, 0x41, 0x08, 0x21, 0x00, 0x21, 0x00, 0x21, 0x00, 0x21, 0x00, 0x21, 0x00, 0x21, 0x00, 
0x21, 0x00, 0x21, 0x00, 0x21, 0x00, 0x21, 0x00, 0x21, 0x00, 0x41, 0x08, 0x41, 0x08, 0x41, 0x08, 
0x41, 0x08, 0x41, 0x08, 0x41, 0x08, 0x21, 0x00, 0x21, 0x00, 0x41, 0x08, 0x21, 0x00, 0x20, 0x00, 
0x20, 0x00, 0x20, 0x00, 0x20, 0x00, 0x20, 0x00, 0x20, 0x00, 0x21, 0x00, 0x21, 0x00, 0x41, 0x00, 
0x41, 0x00, 0x41, 0x08, 0x41, 0x08, 0x41, 0x08, 0x41, 0x08, 0x41, 0x00, 0x41, 0x08, 0x42, 0x08, 
0x41, 0x08, 0x62, 0x08, 0x42, 0x08, 0x42, 0x08, 0x42, 0x08, 0x41, 0x08, 0x42, 0x08, 0x42, 0x08, 
0x42, 0x08, 0x42, 0x08, 0x42, 0x08, 0x42, 0x08, 0x41, 0x08, 0x41, 0x00, 0x41, 0x08, 0x42, 0x08, 
0x41, 0x08, 0x41, 0x00, 0x41, 0x00, 0x41, 0x00, 0x42, 0x08, 0x42, 0x08, 0x62, 0x08, 0x62, 0x08, 
0x62, 0x08, 0x62, 0x08, 0x62, 0x08, 0x62, 0x08, 0x62, 0x08, 0x62, 0x08, 0x62, 0x08, 0x62, 0x08, 
0x62, 0x08, 0x62, 0x08, 0x62, 0x08, 0x62, 0x08, 0x62, 0x08, 0x62, 0x08, 0x62, 0x08, 0x62, 0x08, 
0x42, 0x08, 0x41, 0x00, 0x41, 0x00, 0x41, 0x08, 0x41, 0x00, 0x41, 0x08, 0x41, 0x08, 0x41, 0x00, 
0x41, 0x00, 0x61, 0x00, 0x41, 0x00, 0x41, 0x00, 0x41, 0x08, 0x42, 0x08, 0x42, 0x00, 0x62, 0x08, 
0x62, 0x00, 0x62, 0x08, 0x62, 0x08, 0x62, 0x08, 0x62, 0x08, 0x62, 0x08, 0x62, 0x08, 0x62, 0x08, 
0x62, 0x08, 0x62, 0x08, 0x62, 0x08, 0x62, 0x08, 0x82, 0x08, 0xA3, 0x10, 0x83, 0x08, 0xC3, 0x10, 
0xC3, 0x10, 0xC4, 0x10, 0xE4, 0x18, 0xE4, 0x18, 0xC4, 0x10, 0xE4, 0x10, 0xE4, 0x10, 0xE5, 0x10, 
0x05, 0x19, 0x05, 0x19, 0xE5, 0x18, 0xE4, 0x18, 0xE5, 0x18, 0xE4, 0x18, 0xE4, 0x18, 0xE4, 0x18, 
0xE4, 0x18, 0xE4, 0x18, 0xE4, 0x10, 0xC4, 0x10, 0xE4, 0x10, 0xC4, 0x10, 0xC4, 0x10, 0xC4, 0x10, 
0x42, 0x08, 0x62, 0x08, 0x42, 0x08, 0x42, 0x08, 0x42, 0x08, 0x42, 0x08, 0x42, 0x08, 0x62, 0x08, 
0x62, 0x08, 0x42, 0x08, 0x42, 0x08, 0x42, 0x00, 0x42, 0x08, 0x62, 0x08, 0x62, 0x08, 0x62, 0x08, 
0x62, 0x08, 0x62, 0x08, 0x42, 0x08, 0x42, 0x08, 0x42, 0x08, 0x42, 0x08, 0x42, 0x08, 0x62, 0x08, 
0x42, 0x08, 0x42, 0x08, 0x62, 0x08, 0x62, 0x08, 0x62, 0x08, 0x62, 0x08, 0x62, 0x08, 0x62, 0x08, 
0x62, 0x08, 0x62, 0x08, 0x62, 0x08, 0x62, 0x08, 0x62, 0x08, 0x62, 0x08, 0x62, 0x08, 0x62, 0x08, 
0x62, 0x08, 0x62, 0x08, 0x62, 0x08, 0x62, 0x08, 0x82, 0x08, 0x82, 0x08, 0x82, 0x08, 0x82, 0x08, 
0x82, 0x08, 0x62, 0x08, 0x62, 0x08, 0x62, 0x08, 0x62, 0x08, 0x62, 0x08, 0x62, 0x08, 0x62, 0x08, 
0x62, 0x08, 0x62, 0x08, 0x62, 0x08, 0x62, 0x08, 0x62, 0x08, 0x62, 0x08, 0x62, 0x08, 0x62, 0x08, 
0x62, 0x08, 0x62, 0x08, 0x62, 0x08, 0x62, 0x08, 0x42, 0x08, 0x41, 0x08, 0x41, 0x08, 0x21, 0x00, 
0x21, 0x00, 0x21, 0x00, 0x20, 0x00, 0x20, 0x00, 0x20, 0x00, 0x20, 0x00, 0x20, 0x00, 0x20, 0x00, 
0x20, 0x00, 0x00, 0x00, 0x00, 0x00, 0x20, 0x00, 0x00, 0x00, 0x20, 0x00, 0x20, 0x00, 0x20, 0x00, 
0x20, 0x00, 0x00, 0x00, 0x20, 0x00, 0x20, 0x00, 0x20, 0x00, 0x20, 0x00, 0x20, 0x00, 0x20, 0x00, 
0x20, 0x00, 0x20, 0x00, 0x00, 0x00, 0x00, 0x00, 0x00, 0x00, 0x00, 0x00, 0x00, 0x00, 0x00, 0x00, 
0x00, 0x00, 0x20, 0x00, 0x20, 0x00, 0x20, 0x00, 0x21, 0x00, 0x41, 0x00, 0x21, 0x00, 0x21, 0x00, 
0x21, 0x00, 0x21, 0x00, 0x21, 0x00, 0x41, 0x00, 0x21, 0x00, 0x41, 0x00, 0x41, 0x08, 0x41, 0x00, 
0x41, 0x00, 0x21, 0x00, 0x41, 0x00, 0x41, 0x00, 0x41, 0x08, 0x41, 0x08, 0x41, 0x00, 0x21, 0x00, 
0x21, 0x00, 0x21, 0x00, 0x41, 0x00, 0x41, 0x00, 0x41, 0x08, 0x41, 0x08, 0x21, 0x00, 0x21, 0x00, 
0x41, 0x08, 0x41, 0x00, 0x41, 0x00, 0x41, 0x00, 0x21, 0x00, 0x21, 0x00, 0x21, 0x00, 0x21, 0x00, 
0x21, 0x00, 0x21, 0x00, 0x41, 0x00, 0x41, 0x00, 0x41, 0x00, 0x41, 0x08, 0x41, 0x08, 0x41, 0x08, 
0x41, 0x08, 0x41, 0x08, 0x41, 0x00, 0x41, 0x00, 0x21, 0x08, 0x21, 0x00, 0x21, 0x00, 0x21, 0x00, 
0x21, 0x08, 0x21, 0x00, 0x21, 0x00, 0x21, 0x00, 0x41, 0x00, 0x41, 0x08, 0x41, 0x00, 0x41, 0x00, 
0x41, 0x00, 0x41, 0x00, 0x41, 0x00, 0x41, 0x08, 0x41, 0x08, 0x21, 0x00, 0x21, 0x00, 0x21, 0x08, 
0x21, 0x00, 0x21, 0x00, 0x21, 0x00, 0x21, 0x00, 0x21, 0x00, 0x21, 0x00, 0x21, 0x00, 0x21, 0x00, 
0x21, 0x00, 0x21, 0x00, 0x21, 0x00, 0x21, 0x00, 0x21, 0x00, 0x21, 0x00, 0x21, 0x00, 0x21, 0x00, 
0x21, 0x00, 0x21, 0x00, 0x21, 0x00, 0x21, 0x00, 0x21, 0x00, 0x21, 0x00, 0x21, 0x00, 0x21, 0x00, 
0x21, 0x00, 0x21, 0x00, 0x41, 0x08, 0x21, 0x08, 0x21, 0x08, 0x21, 0x00, 0x20, 0x00, 0x20, 0x00, 
0x20, 0x00, 0x20, 0x00, 0x20, 0x00, 0x20, 0x00, 0x20, 0x00, 0x21, 0x00, 0x21, 0x00, 0x41, 0x08, 
0x41, 0x08, 0x41, 0x08, 0x41, 0x08, 0x41, 0x08, 0x41, 0x08, 0x41, 0x08, 0x41, 0x08, 0x41, 0x08, 
0x41, 0x08, 0x41, 0x08, 0x41, 0x08, 0x42, 0x08, 0x41, 0x08, 0x41, 0x08, 0x41, 0x08, 0x41, 0x08, 
0x41, 0x00, 0x41, 0x00, 0x41, 0x08, 0x41, 0x00, 0x41, 0x08, 0x41, 0x08, 0x41, 0x08, 0x41, 0x08, 
0x41, 0x08, 0x41, 0x08, 0x41, 0x00, 0x41, 0x08, 0x41, 0x08, 0x41, 0x08, 0x41, 0x00, 0x42, 0x00, 
0x42, 0x08, 0x62, 0x08, 0x62, 0x08, 0x62, 0x08, 0x62, 0x08, 0x42, 0x00, 0x42, 0x08, 0x62, 0x08, 
0x62, 0x08, 0x62, 0x08, 0x62, 0x08, 0x62, 0x08, 0x62, 0x08, 0x62, 0x08, 0x62, 0x08, 0x82, 0x08, 
0x62, 0x08, 0x62, 0x08, 0x42, 0x08, 0x41, 0x00, 0x41, 0x00, 0x41, 0x08, 0x41, 0x08, 0x41, 0x00, 
0x41, 0x08, 0x41, 0x08, 0x41, 0x00, 0x41, 0x00, 0x42, 0x00, 0x62, 0x08, 0x42, 0x00, 0x42, 0x00, 
0x62, 0x08, 0x62, 0x08, 0x62, 0x08, 0x62, 0x08, 0x62, 0x08, 0x62, 0x08, 0x62, 0x08, 0x62, 0x08, 
0x62, 0x08, 0x62, 0x08, 0x62, 0x08, 0x62, 0x08, 0x62, 0x08, 0x83, 0x08, 0xA3, 0x10, 0xC4, 0x10, 
0xC4, 0x10, 0xE4, 0x18, 0x05, 0x19, 0xE5, 0x18, 0xE4, 0x10, 0xC4, 0x10, 0xC4, 0x10, 0xE4, 0x18, 
0xE4, 0x18, 0xE4, 0x18, 0xE5, 0x18, 0xE4, 0x18, 0xE4, 0x10, 0xE4, 0x10, 0xE5, 0x18, 0x05, 0x19, 
0xE5, 0x18, 0xE4, 0x18, 0xE4, 0x18, 0xE4, 0x18, 0xE4, 0x18, 0xE4, 0x18, 0xE4, 0x10, 0xE4, 0x10, 
0x41, 0x00, 0x41, 0x00, 0x41, 0x00, 0x41, 0x00, 0x41, 0x00, 0x41, 0x00, 0x41, 0x08, 0x41, 0x08, 
0x41, 0x08, 0x42, 0x08, 0x42, 0x08, 0x42, 0x08, 0x41, 0x08, 0x41, 0x00, 0x42, 0x08, 0x41, 0x00, 
0x42, 0x08, 0x42, 0x08, 0x41, 0x00, 0x42, 0x08, 0x42, 0x08, 0x42, 0x08, 0x42, 0x08, 0x42, 0x08, 
0x42, 0x08, 0x42, 0x00, 0x42, 0x08, 0x42, 0x08, 0x42, 0x08, 0x42, 0x08, 0x62, 0x08, 0x62, 0x08, 
0x62, 0x08, 0x42, 0x08, 0x42, 0x08, 0x62, 0x08, 0x62, 0x08, 0x62, 0x08, 0x62, 0x08, 0x62, 0x08, 
0x62, 0x08, 0x62, 0x08, 0x62, 0x08, 0x62, 0x08, 0x62, 0x08, 0x62, 0x08, 0x62, 0x08, 0x62, 0x08, 
0x62, 0x08, 0x62, 0x08, 0x62, 0x08, 0x62, 0x08, 0x62, 0x08, 0x62, 0x08, 0x62, 0x08, 0x62, 0x08, 
0x62, 0x08, 0x62, 0x08, 0x62, 0x08, 0x62, 0x08, 0x62, 0x08, 0x62, 0x08, 0x62, 0x08, 0x62, 0x08, 
0x62, 0x08, 0x42, 0x08, 0x42, 0x08, 0x42, 0x08, 0x41, 0x08, 0x41, 0x08, 0x21, 0x08, 0x21, 0x00, 
0x21, 0x00, 0x20, 0x00, 0x20, 0x00, 0x20, 0x00, 0x20, 0x00, 0x20, 0x00, 0x20, 0x00, 0x00, 0x00, 
0x00, 0x00, 0x00, 0x00, 0x00, 0x00, 0x00, 0x00, 0x00, 0x00, 0x00, 0x00, 0x00, 0x00, 0x00, 0x00, 
0x20, 0x00, 0x00, 0x00, 0x20, 0x00, 0x20, 0x00, 0x20, 0x00, 0x20, 0x00, 0x20, 0x00, 0x00, 0x00, 
0x00, 0x00, 0x00, 0x00, 0x00, 0x00, 0x00, 0x00, 0x00, 0x00, 0x00, 0x00, 0x20, 0x00, 0x00, 0x00, 
0x00, 0x00, 0x20, 0x00, 0x20, 0x00, 0x20, 0x00, 0x21, 0x00, 0x41, 0x00, 0x41, 0x00, 0x41, 0x00, 
0x41, 0x00, 0x21, 0x00, 0x41, 0x00, 0x40, 0x00, 0x41, 0x00, 0x40, 0x00, 0x40, 0x00, 0x40, 0x00, 
0x41, 0x00, 0x41, 0x00, 0x41, 0x00, 0x41, 0x00, 0x41, 0x00, 0x41, 0x00, 0x41, 0x00, 0x41, 0x00, 
0x41, 0x00, 0x41, 0x00, 0x41, 0x00, 0x41, 0x00, 0x21, 0x08, 0x21, 0x00, 0x41, 0x00, 0x21, 0x00, 
0x21, 0x08, 0x21, 0x08, 0x41, 0x08, 0x41, 0x00, 0x21, 0x00, 0x41, 0x08, 0x41, 0x08, 0x41, 0x00, 
0x41, 0x00, 0x41, 0x08, 0x41, 0x08, 0x41, 0x08, 0x41, 0x08, 0x41, 0x08, 0x41, 0x00, 0x41, 0x08, 
0x41, 0x00, 0x41, 0x08, 0x21, 0x00, 0x21, 0x00, 0x21, 0x00, 0x41, 0x00, 0x41, 0x00, 0x41, 0x00, 
0x21, 0x00, 0x21, 0x00, 0x21, 0x00, 0x21, 0x00, 0x41, 0x08, 0x21, 0x00, 0x41, 0x00, 0x41, 0x00, 
0x41, 0x00, 0x41, 0x00, 0x41, 0x00, 0x41, 0x08, 0x41, 0x08, 0x21, 0x00, 0x20, 0x00, 0x21, 0x00, 
0x20, 0x00, 0x20, 0x00, 0x20, 0x00, 0x20, 0x00, 0x20, 0x00, 0x20, 0x00, 0x20, 0x00, 0x21, 0x00, 
0x20, 0x00, 0x20, 0x00, 0x20, 0x00, 0x20, 0x00, 0x21, 0x00, 0x20, 0x00, 0x20, 0x00, 0x20, 0x00, 
0x20, 0x00, 0x20, 0x00, 0x20, 0x00, 0x21, 0x00, 0x21, 0x00, 0x21, 0x00, 0x21, 0x00, 0x21, 0x00, 
0x21, 0x00, 0x21, 0x00, 0x20, 0x00, 0x20, 0x00, 0x20, 0x00, 0x20, 0x00, 0x20, 0x00, 0x20, 0x00, 
0x20, 0x00, 0x20, 0x00, 0x20, 0x00, 0x20, 0x00, 0x21, 0x00, 0x21, 0x00, 0x21, 0x08, 0x41, 0x08, 
0x41, 0x08, 0x41, 0x08, 0x41, 0x08, 0x41, 0x08, 0x41, 0x08, 0x41, 0x08, 0x41, 0x08, 0x41, 0x08, 
0x41, 0x00, 0x41, 0x08, 0x41, 0x08, 0x41, 0x08, 0x41, 0x08, 0x41, 0x08, 0x41, 0x08, 0x41, 0x08, 
0x41, 0x00, 0x41, 0x08, 0x41, 0x08, 0x41, 0x08, 0x41, 0x08, 0x41, 0x08, 0x41, 0x08, 0x21, 0x00, 
0x41, 0x08, 0x41, 0x08, 0x41, 0x00, 0x41, 0x08, 0x41, 0x08, 0x41, 0x00, 0x41, 0x08, 0x41, 0x08, 
0x41, 0x08, 0x41, 0x00, 0x42, 0x00, 0x42, 0x08, 0x42, 0x08, 0x42, 0x08, 0x42, 0x08, 0x42, 0x08, 
0x42, 0x00, 0x62, 0x08, 0x62, 0x08, 0x62, 0x08, 0x42, 0x08, 0x62, 0x08, 0x62, 0x08, 0x62, 0x08, 
0x62, 0x08, 0x62, 0x08, 0x42, 0x08, 0x42, 0x08, 0x41, 0x08, 0x41, 0x08, 0x41, 0x00, 0x41, 0x00, 
0x41, 0x00, 0x41, 0x00, 0x41, 0x00, 0x41, 0x08, 0x41, 0x08, 0x42, 0x08, 0x42, 0x08, 0x42, 0x08, 
0x42, 0x08, 0x42, 0x08, 0x62, 0x08, 0x62, 0x08, 0x62, 0x08, 0x62, 0x08, 0x62, 0x08, 0x62, 0x08, 
0x62, 0x08, 0x62, 0x08, 0x62, 0x08, 0x62, 0x08, 0x62, 0x08, 0x83, 0x08, 0xA3, 0x10, 0xE4, 0x18, 
0x05, 0x19, 0x05, 0x19, 0x26, 0x21, 0x46, 0x21, 0x46, 0x21, 0x26, 0x19, 0x25, 0x19, 0x05, 0x19, 
0xE5, 0x18, 0xE5, 0x18, 0xE5, 0x18, 0x05, 0x19, 0xE4, 0x10, 0xE4, 0x18, 0xE4, 0x18, 0xE5, 0x18, 
0xE5, 0x18, 0xE4, 0x18, 0xE4, 0x18, 0xE4, 0x10, 0xE4, 0x10, 0xE4, 0x10, 0xC4, 0x10, 0xE4, 0x10, 
0x41, 0x00, 0x41, 0x00, 0x41, 0x00, 0x41, 0x08, 0x42, 0x00, 0x42, 0x00, 0x42, 0x08, 0x42, 0x08, 
0x42, 0x08, 0x41, 0x08, 0x42, 0x08, 0x42, 0x08, 0x42, 0x00, 0x41, 0x00, 0x41, 0x00, 0x41, 0x00, 
0x42, 0x08, 0x42, 0x00, 0x42, 0x08, 0x42, 0x08, 0x42, 0x08, 0x42, 0x08, 0x41, 0x00, 0x42, 0x00, 
0x62, 0x08, 0x42, 0x08, 0x42, 0x08, 0x42, 0x08, 0x62, 0x08, 0x42, 0x08, 0x42, 0x08, 0x62, 0x08, 
0x62, 0x08, 0x62, 0x08, 0x62, 0x08, 0x62, 0x08, 0x62, 0x08, 0x62, 0x08, 0x62, 0x08, 0x62, 0x08, 
0x62, 0x08, 0x62, 0x08, 0x62, 0x08, 0x62, 0x08, 0x62, 0x08, 0x62, 0x08, 0x62, 0x08, 0x62, 0x08, 
0x62, 0x08, 0x62, 0x08, 0x62, 0x08, 0x62, 0x08, 0x62, 0x08, 0x62, 0x08, 0x62, 0x08, 0x62, 0x08, 
0x62, 0x08, 0x62, 0x08, 0x62, 0x08, 0x62, 0x08, 0x62, 0x08, 0x62, 0x08, 0x62, 0x08, 0x62, 0x08, 
0x62, 0x08, 0x62, 0x08, 0x42, 0x08, 0x41, 0x08, 0x41, 0x08, 0x21, 0x08, 0x21, 0x00, 0x21, 0x00, 
0x21, 0x00, 0x20, 0x00, 0x20, 0x00, 0x20, 0x00, 0x20, 0x00, 0x20, 0x00, 0x20, 0x00, 0x20, 0x00, 
0x20, 0x00, 0x00, 0x00, 0x00, 0x00, 0x00, 0x00, 0x00, 0x00, 0x00, 0x00, 0x00, 0x00, 0x00, 0x00, 
0x20, 0x00, 0x20, 0x00, 0x20, 0x00, 0x20, 0x00, 0x20, 0x00, 0x20, 0x00, 0x20, 0x00, 0x00, 0x00, 
0x00, 0x00, 0x00, 0x00, 0x00, 0x00, 0x00, 0x00, 0x00, 0x00, 0x00, 0x00, 0x20, 0x00, 0x20, 0x00, 
0x20, 0x00, 0x20, 0x00, 0x20, 0x00, 0x21, 0x00, 0x21, 0x00, 0x41, 0x00, 0x41, 0x00, 0x41, 0x00, 
0x41, 0x00, 0x41, 0x00, 0x41, 0x00, 0x41, 0x00, 0x21, 0x00, 0x41, 0x00, 0x21, 0x00, 0x21, 0x00, 
0x41, 0x00, 0x41, 0x08, 0x21, 0x08, 0x21, 0x00, 0x41, 0x00, 0x21, 0x00, 0x21, 0x00, 0x21, 0x00, 
0x21, 0x00, 0x41, 0x00, 0x21, 0x00, 0x21, 0x00, 0x21, 0x00, 0x41, 0x00, 0x41, 0x00, 0x41, 0x00, 
0x41, 0x08, 0x41, 0x00, 0x41, 0x00, 0x21, 0x00, 0x21, 0x00, 0x41, 0x00, 0x41, 0x00, 0x41, 0x08, 
0x41, 0x08, 0x41, 0x08, 0x41, 0x08, 0x41, 0x08, 0x41, 0x08, 0x21, 0x00, 0x21, 0x08, 0x41, 0x08, 
0x21, 0x00, 0x21, 0x00, 0x21, 0x00, 0x41, 0x00, 0x41, 0x08, 0x41, 0x08, 0x21, 0x00, 0x21, 0x00, 
0x21, 0x00, 0x41, 0x08, 0x41, 0x00, 0x41, 0x08, 0x21, 0x00, 0x21, 0x00, 0x41, 0x00, 0x41, 0x08, 
0x41, 0x08, 0x41, 0x08, 0x41, 0x00, 0x41, 0x08, 0x41, 0x08, 0x41, 0x08, 0x21, 0x00, 0x21, 0x00, 
0x20, 0x00, 0x00, 0x00, 0x20, 0x00, 0x20, 0x00, 0x20, 0x00, 0x20, 0x00, 0x20, 0x00, 0x20, 0x00, 
0x20, 0x00, 0x20, 0x00, 0x20, 0x00, 0x21, 0x00, 0x20, 0x00, 0x20, 0x00, 0x20, 0x00, 0x21, 0x00, 
0x20, 0x00, 0x20, 0x00, 0x21, 0x00, 0x20, 0x00, 0x20, 0x00, 0x21, 0x00, 0x20, 0x00, 0x20, 0x00, 
0x20, 0x00, 0x20, 0x00, 0x21, 0x00, 0x20, 0x00, 0x21, 0x00, 0x20, 0x00, 0x20, 0x00, 0x20, 0x00, 
0x20, 0x00, 0x21, 0x00, 0x20, 0x00, 0x21, 0x00, 0x21, 0x00, 0x21, 0x00, 0x21, 0x00, 0x41, 0x08, 
0x41, 0x08, 0x41, 0x08, 0x41, 0x08, 0x41, 0x08, 0x41, 0x08, 0x41, 0x08, 0x41, 0x08, 0x41, 0x08, 
0x41, 0x08, 0x41, 0x08, 0x41, 0x08, 0x41, 0x08, 0x41, 0x08, 0x41, 0x08, 0x41, 0x00, 0x41, 0x08, 
0x41, 0x08, 0x41, 0x08, 0x41, 0x00, 0x41, 0x08, 0x41, 0x00, 0x41, 0x00, 0x41, 0x00, 0x41, 0x08, 
0x41, 0x08, 0x41, 0x08, 0x41, 0x00, 0x41, 0x00, 0x41, 0x08, 0x41, 0x00, 0x41, 0x08, 0x41, 0x08, 
0x41, 0x08, 0x42, 0x08, 0x42, 0x00, 0x42, 0x00, 0x42, 0x00, 0x41, 0x00, 0x41, 0x00, 0x41, 0x08, 
0x42, 0x00, 0x42, 0x00, 0x42, 0x08, 0x41, 0x00, 0x41, 0x00, 0x42, 0x08, 0x62, 0x08, 0x62, 0x08, 
0x42, 0x08, 0x41, 0x00, 0x41, 0x00, 0x41, 0x00, 0x41, 0x00, 0x41, 0x08, 0x41, 0x08, 0x41, 0x00, 
0x41, 0x00, 0x41, 0x00, 0x42, 0x00, 0x42, 0x00, 0x41, 0x00, 0x41, 0x00, 0x42, 0x08, 0x42, 0x08, 
0x41, 0x08, 0x42, 0x08, 0x62, 0x08, 0x42, 0x08, 0x62, 0x08, 0x62, 0x08, 0x62, 0x08, 0x62, 0x08, 
0x62, 0x08, 0x62, 0x08, 0x62, 0x08, 0x62, 0x08, 0x62, 0x08, 0x83, 0x08, 0xC3, 0x10, 0xC4, 0x10, 
0xE4, 0x18, 0x05, 0x19, 0x25, 0x19, 0x46, 0x21, 0x46, 0x21, 0x26, 0x19, 0x26, 0x19, 0x46, 0x21, 
0x25, 0x19, 0x25, 0x19, 0x25, 0x19, 0x05, 0x19, 0x05, 0x19, 0xE4, 0x18, 0xE4, 0x18, 0xE5, 0x18, 
0xE5, 0x18, 0xE4, 0x18, 0xE4, 0x18, 0xE4, 0x10, 0xC4, 0x10, 0xE4, 0x18, 0xE4, 0x10, 0xE4, 0x18, 
0x42, 0x08, 0x62, 0x08, 0x42, 0x08, 0x62, 0x08, 0x62, 0x08, 0x42, 0x08, 0x62, 0x08, 0x62, 0x08, 
0x42, 0x08, 0x41, 0x08, 0x42, 0x08, 0x62, 0x08, 0x42, 0x08, 0x42, 0x08, 0x62, 0x08, 0x62, 0x08, 
0x62, 0x08, 0x62, 0x08, 0x62, 0x08, 0x62, 0x08, 0x62, 0x08, 0x62, 0x08, 0x62, 0x08, 0x62, 0x08, 
0x62, 0x08, 0x62, 0x08, 0x62, 0x08, 0x62, 0x08, 0x62, 0x08, 0x62, 0x08, 0x62, 0x08, 0x62, 0x08, 
0x62, 0x08, 0x62, 0x08, 0x62, 0x08, 0x62, 0x08, 0x62, 0x08, 0x62, 0x08, 0x62, 0x08, 0x82, 0x08, 
0x62, 0x08, 0x62, 0x08, 0x62, 0x08, 0x62, 0x08, 0x62, 0x08, 0x62, 0x08, 0x62, 0x08, 0x62, 0x08, 
0x62, 0x08, 0x62, 0x08, 0x62, 0x08, 0x62, 0x08, 0x62, 0x08, 0x62, 0x08, 0x62, 0x08, 0x62, 0x08, 
0x62, 0x08, 0x62, 0x08, 0x62, 0x08, 0x62, 0x08, 0x62, 0x08, 0x62, 0x08, 0x62, 0x08, 0x62, 0x08, 
0x42, 0x08, 0x42, 0x08, 0x41, 0x08, 0x41, 0x08, 0x41, 0x08, 0x21, 0x00, 0x21, 0x00, 0x21, 0x00, 
0x20, 0x00, 0x20, 0x00, 0x20, 0x00, 0x20, 0x00, 0x20, 0x00, 0x20, 0x00, 0x20, 0x00, 0x00, 0x00, 
0x20, 0x00, 0x00, 0x00, 0x00, 0x00, 0x00, 0x00, 0x00, 0x00, 0x00, 0x00, 0x00, 0x00, 0x20, 0x00, 
0x00, 0x00, 0x20, 0x00, 0x00, 0x00, 0x20, 0x00, 0x20, 0x00, 0x00, 0x00, 0x20, 0x00, 0x00, 0x00, 
0x00, 0x00, 0x00, 0x00, 0x00, 0x00, 0x00, 0x00, 0x00, 0x00, 0x20, 0x00, 0x20, 0x00, 0x20, 0x00, 
0x20, 0x00, 0x00, 0x00, 0x20, 0x00, 0x21, 0x00, 0x21, 0x00, 0x41, 0x08, 0x41, 0x08, 0x41, 0x08, 
0x41, 0x08, 0x41, 0x08, 0x41, 0x08, 0x41, 0x00, 0x41, 0x00, 0x41, 0x08, 0x41, 0x08, 0x41, 0x08, 
0x41, 0x08, 0x41, 0x08, 0x41, 0x08, 0x41, 0x08, 0x41, 0x08, 0x41, 0x08, 0x41, 0x08, 0x41, 0x08, 
0x41, 0x08, 0x21, 0x08, 0x41, 0x08, 0x41, 0x08, 0x21, 0x00, 0x41, 0x00, 0x41, 0x00, 0x41, 0x08, 
0x21, 0x08, 0x41, 0x08, 0x41, 0x00, 0x21, 0x00, 0x21, 0x00, 0x41, 0x00, 0x41, 0x08, 0x41, 0x08, 
0x41, 0x08, 0x41, 0x08, 0x41, 0x00, 0x21, 0x00, 0x21, 0x00, 0x41, 0x08, 0x21, 0x08, 0x21, 0x00, 
0x21, 0x00, 0x21, 0x08, 0x41, 0x08, 0x41, 0x08, 0x41, 0x08, 0x41, 0x08, 0x21, 0x00, 0x41, 0x00, 
0x41, 0x00, 0x41, 0x08, 0x41, 0x00, 0x41, 0x00, 0x21, 0x00, 0x21, 0x00, 0x41, 0x00, 0x41, 0x00, 
0x41, 0x08, 0x41, 0x00, 0x41, 0x00, 0x41, 0x08, 0x41, 0x08, 0x41, 0x08, 0x41, 0x08, 0x21, 0x00, 
0x20, 0x00, 0x20, 0x00, 0x20, 0x00, 0x20, 0x00, 0x20, 0x00, 0x20, 0x00, 0x20, 0x00, 0x20, 0x00, 
0x20, 0x00, 0x20, 0x00, 0x20, 0x00, 0x20, 0x00, 0x20, 0x00, 0x20, 0x00, 0x20, 0x00, 0x20, 0x00, 
0x20, 0x00, 0x20, 0x00, 0x20, 0x00, 0x20, 0x00, 0x21, 0x00, 0x21, 0x00, 0x20, 0x00, 0x21, 0x00, 
0x21, 0x00, 0x21, 0x00, 0x21, 0x00, 0x21, 0x00, 0x21, 0x00, 0x21, 0x00, 0x21, 0x00, 0x21, 0x00, 
0x21, 0x00, 0x21, 0x00, 0x21, 0x00, 0x41, 0x00, 0x41, 0x00, 0x21, 0x00, 0x41, 0x08, 0x41, 0x08, 
0x41, 0x08, 0x41, 0x08, 0x41, 0x08, 0x41, 0x08, 0x41, 0x08, 0x41, 0x00, 0x41, 0x00, 0x41, 0x08, 
0x41, 0x08, 0x41, 0x08, 0x41, 0x08, 0x41, 0x00, 0x41, 0x08, 0x41, 0x08, 0x41, 0x00, 0x41, 0x08, 
0x41, 0x08, 0x41, 0x08, 0x41, 0x08, 0x41, 0x08, 0x41, 0x08, 0x41, 0x00, 0x41, 0x00, 0x41, 0x08, 
0x41, 0x00, 0x41, 0x00, 0x41, 0x00, 0x41, 0x08, 0x41, 0x08, 0x41, 0x00, 0x41, 0x08, 0x41, 0x00, 
0x41, 0x08, 0x41, 0x08, 0x42, 0x08, 0x41, 0x00, 0x41, 0x00, 0x41, 0x08, 0x41, 0x08, 0x41, 0x00, 
0x41, 0x00, 0x41, 0x00, 0x41, 0x08, 0x42, 0x00, 0x42, 0x00, 0x42, 0x08, 0x42, 0x08, 0x42, 0x00, 
0x41, 0x00, 0x42, 0x08, 0x41, 0x00, 0x41, 0x00, 0x41, 0x00, 0x41, 0x00, 0x41, 0x08, 0x41, 0x00, 
0x41, 0x08, 0x42, 0x00, 0x42, 0x08, 0x42, 0x08, 0x42, 0x00, 0x41, 0x00, 0x41, 0x08, 0x41, 0x08, 
0x42, 0x08, 0x42, 0x08, 0x42, 0x08, 0x42, 0x08, 0x42, 0x08, 0x42, 0x08, 0x62, 0x08, 0x62, 0x08, 
0x62, 0x08, 0x62, 0x08, 0x62, 0x08, 0x62, 0x08, 0x62, 0x08, 0x83, 0x08, 0xA3, 0x10, 0xC4, 0x10, 
0xC4, 0x10, 0xE4, 0x10, 0xE4, 0x18, 0x05, 0x19, 0x05, 0x19, 0x25, 0x19, 0x26, 0x19, 0x25, 0x19, 
0x25, 0x19, 0x25, 0x19, 0x05, 0x19, 0x05, 0x19, 0xE5, 0x18, 0xE5, 0x18, 0x05, 0x19, 0x05, 0x19, 
0x05, 0x19, 0x05, 0x19, 0x05, 0x19, 0x05, 0x19, 0xE4, 0x18, 0xE4, 0x18, 0xC4, 0x10, 0xC3, 0x10, 
0x41, 0x08, 0x41, 0x08, 0x42, 0x08, 0x42, 0x08, 0x62, 0x08, 0x42, 0x08, 0x62, 0x08, 0x62, 0x08, 
0x62, 0x08, 0x62, 0x08, 0x42, 0x08, 0x42, 0x08, 0x62, 0x08, 0x42, 0x08, 0x42, 0x08, 0x42, 0x08, 
0x42, 0x08, 0x62, 0x08, 0x62, 0x08, 0x62, 0x08, 0x62, 0x08, 0x62, 0x08, 0x62, 0x08, 0x62, 0x08, 
0x62, 0x08, 0x62, 0x08, 0x62, 0x08, 0x62, 0x08, 0x62, 0x08, 0x62, 0x08, 0x62, 0x08, 0x62, 0x08, 
0x62, 0x08, 0x62, 0x08, 0x62, 0x08, 0x62, 0x08, 0x82, 0x08, 0x83, 0x08, 0x83, 0x08, 0x62, 0x08, 
0x82, 0x08, 0x83, 0x08, 0x83, 0x08, 0x82, 0x08, 0x82, 0x08, 0x82, 0x08, 0x62, 0x08, 0x62, 0x08, 
0x82, 0x08, 0x82, 0x08, 0x62, 0x08, 0x82, 0x08, 0x82, 0x08, 0x62, 0x08, 0x82, 0x08, 0x82, 0x08, 
0x82, 0x08, 0x82, 0x08, 0x82, 0x08, 0x82, 0x08, 0x82, 0x08, 0x83, 0x08, 0x82, 0x08, 0x82, 0x08, 
0x62, 0x08, 0x62, 0x08, 0x41, 0x08, 0x41, 0x08, 0x21, 0x00, 0x21, 0x00, 0x21, 0x00, 0x21, 0x00, 
0x20, 0x00, 0x20, 0x00, 0x20, 0x00, 0x20, 0x00, 0x20, 0x00, 0x20, 0x00, 0x20, 0x00, 0x20, 0x00, 
0x20, 0x00, 0x00, 0x00, 0x00, 0x00, 0x20, 0x00, 0x20, 0x00, 0x20, 0x00, 0x20, 0x00, 0x20, 0x00, 
0x20, 0x00, 0x20, 0x00, 0x20, 0x00, 0x20, 0x00, 0x20, 0x00, 0x20, 0x00, 0x20, 0x00, 0x00, 0x00, 
0x00, 0x00, 0x00, 0x00, 0x00, 0x00, 0x20, 0x00, 0x00, 0x00, 0x20, 0x00, 0x20, 0x00, 0x20, 0x00, 
0x20, 0x00, 0x20, 0x00, 0x21, 0x00, 0x21, 0x00, 0x41, 0x08, 0x41, 0x00, 0x62, 0x08, 0x62, 0x08, 
0x42, 0x08, 0x42, 0x08, 0x42, 0x08, 0x42, 0x08, 0x41, 0x00, 0x42, 0x08, 0x42, 0x08, 0x42, 0x08, 
0x42, 0x08, 0x42, 0x08, 0x42, 0x08, 0x62, 0x08, 0x62, 0x08, 0x62, 0x08, 0x42, 0x08, 0x42, 0x08, 
0x42, 0x08, 0x41, 0x00, 0x41, 0x08, 0x41, 0x08, 0x41, 0x08, 0x41, 0x08, 0x41, 0x08, 0x41, 0x08, 
0x41, 0x08, 0x41, 0x08, 0x41, 0x00, 0x41, 0x00, 0x41, 0x08, 0x41, 0x08, 0x41, 0x08, 0x41, 0x08, 
0x21, 0x08, 0x41, 0x00, 0x21, 0x00, 0x41, 0x00, 0x21, 0x00, 0x41, 0x00, 0x41, 0x08, 0x41, 0x08, 
0x41, 0x08, 0x41, 0x08, 0x41, 0x08, 0x41, 0x08, 0x41, 0x08, 0x41, 0x08, 0x41, 0x00, 0x41, 0x08, 
0x41, 0x08, 0x41, 0x08, 0x41, 0x00, 0x41, 0x08, 0x41, 0x08, 0x41, 0x00, 0x41, 0x00, 0x41, 0x00, 
0x41, 0x08, 0x41, 0x08, 0x41, 0x00, 0x41, 0x08, 0x41, 0x08, 0x41, 0x08, 0x41, 0x00, 0x41, 0x00, 
0x21, 0x00, 0x21, 0x00, 0x21, 0x00, 0x21, 0x00, 0x21, 0x00, 0x21, 0x00, 0x21, 0x00, 0x21, 0x00, 
0x21, 0x00, 0x21, 0x00, 0x21, 0x00, 0x21, 0x00, 0x21, 0x00, 0x21, 0x00, 0x21, 0x00, 0x21, 0x00, 
0x41, 0x00, 0x21, 0x00, 0x21, 0x00, 0x21, 0x00, 0x41, 0x00, 0x21, 0x00, 0x21, 0x08, 0x41, 0x00, 
0x41, 0x00, 0x41, 0x00, 0x41, 0x00, 0x41, 0x00, 0x41, 0x00, 0x41, 0x00, 0x41, 0x00, 0x41, 0x00, 
0x41, 0x00, 0x41, 0x00, 0x41, 0x00, 0x41, 0x00, 0x41, 0x00, 0x41, 0x00, 0x41, 0x00, 0x41, 0x00, 
0x41, 0x00, 0x41, 0x08, 0x41, 0x08, 0x41, 0x00, 0x41, 0x08, 0x41, 0x08, 0x41, 0x08, 0x41, 0x08, 
0x41, 0x00, 0x41, 0x00, 0x41, 0x08, 0x41, 0x08, 0x41, 0x08, 0x41, 0x08, 0x41, 0x08, 0x41, 0x00, 
0x41, 0x08, 0x41, 0x08, 0x41, 0x08, 0x41, 0x00, 0x41, 0x00, 0x41, 0x00, 0x41, 0x00, 0x41, 0x00, 
0x41, 0x00, 0x41, 0x00, 0x41, 0x00, 0x41, 0x08, 0x41, 0x08, 0x41, 0x00, 0x41, 0x00, 0x41, 0x00, 
0x42, 0x00, 0x42, 0x08, 0x41, 0x00, 0x41, 0x08, 0x41, 0x00, 0x41, 0x00, 0x41, 0x00, 0x41, 0x00, 
0x42, 0x00, 0x41, 0x08, 0x41, 0x08, 0x41, 0x00, 0x41, 0x00, 0x42, 0x00, 0x41, 0x00, 0x42, 0x00, 
0x42, 0x08, 0x42, 0x08, 0x41, 0x00, 0x42, 0x08, 0x41, 0x08, 0x42, 0x08, 0x41, 0x08, 0x42, 0x08, 
0x41, 0x00, 0x42, 0x00, 0x41, 0x00, 0x41, 0x00, 0x42, 0x08, 0x42, 0x00, 0x42, 0x08, 0x42, 0x00, 
0x42, 0x00, 0x42, 0x08, 0x42, 0x08, 0x42, 0x08, 0x42, 0x08, 0x62, 0x08, 0x42, 0x08, 0x62, 0x08, 
0x62, 0x08, 0x62, 0x08, 0x62, 0x08, 0x62, 0x08, 0x62, 0x08, 0x83, 0x08, 0xA3, 0x10, 0xA3, 0x10, 
0xC4, 0x10, 0xE4, 0x10, 0xE4, 0x18, 0xE5, 0x18, 0xE5, 0x18, 0x05, 0x19, 0x05, 0x19, 0x05, 0x19, 
0x05, 0x19, 0x05, 0x19, 0x25, 0x19, 0x05, 0x19, 0x05, 0x19, 0x05, 0x19, 0x05, 0x19, 0x05, 0x19, 
0x05, 0x19, 0xE4, 0x18, 0xE4, 0x18, 0xE4, 0x18, 0xE4, 0x18, 0xE4, 0x18, 0xE4, 0x18, 0xE4, 0x10, 
0x61, 0x08, 0x42, 0x08, 0x42, 0x08, 0x62, 0x08, 0x42, 0x08, 0x62, 0x08, 0x62, 0x08, 0x62, 0x08, 
0x62, 0x08, 0x62, 0x08, 0x62, 0x08, 0x62, 0x08, 0x62, 0x08, 0x62, 0x08, 0x62, 0x08, 0x62, 0x08, 
0x62, 0x08, 0x62, 0x08, 0x42, 0x08, 0x62, 0x08, 0x62, 0x08, 0x62, 0x08, 0x62, 0x08, 0x62, 0x08, 
0x42, 0x08, 0x62, 0x08, 0x62, 0x08, 0x62, 0x08, 0x62, 0x08, 0x62, 0x08, 0x62, 0x08, 0x62, 0x08, 
0x62, 0x08, 0x82, 0x08, 0x82, 0x08, 0x82, 0x08, 0x82, 0x08, 0x82, 0x08, 0x83, 0x08, 0x82, 0x08, 
0x83, 0x08, 0x83, 0x08, 0x83, 0x08, 0x83, 0x08, 0x83, 0x08, 0x83, 0x08, 0x83, 0x08, 0x83, 0x08, 
0x83, 0x08, 0x83, 0x08, 0x83, 0x08, 0x83, 0x08, 0x83, 0x08, 0x83, 0x08, 0x83, 0x08, 0x83, 0x08, 
0x83, 0x08, 0x83, 0x08, 0xA3, 0x08, 0xA3, 0x08, 0xA3, 0x08, 0xA3, 0x08, 0x83, 0x08, 0x82, 0x08, 
0x62, 0x08, 0x42, 0x08, 0x41, 0x08, 0x41, 0x08, 0x21, 0x08, 0x41, 0x00, 0x21, 0x00, 0x21, 0x00, 
0x21, 0x00, 0x21, 0x00, 0x20, 0x00, 0x20, 0x00, 0x20, 0x00, 0x20, 0x00, 0x20, 0x00, 0x20, 0x00, 
0x20, 0x00, 0x20, 0x00, 0x20, 0x00, 0x20, 0x00, 0x20, 0x00, 0x20, 0x00, 0x20, 0x00, 0x20, 0x00, 
0x20, 0x00, 0x20, 0x00, 0x20, 0x00, 0x20, 0x00, 0x20, 0x00, 0x20, 0x00, 0x20, 0x00, 0x20, 0x00, 
0x20, 0x00, 0x20, 0x00, 0x20, 0x00, 0x20, 0x00, 0x20, 0x00, 0x20, 0x00, 0x20, 0x00, 0x20, 0x00, 
0x20, 0x00, 0x21, 0x00, 0x21, 0x00, 0x21, 0x00, 0x41, 0x08, 0x62, 0x08, 0x82, 0x08, 0x83, 0x08, 
0x83, 0x08, 0x83, 0x08, 0x83, 0x08, 0x82, 0x08, 0x82, 0x08, 0x62, 0x08, 0x62, 0x08, 0x62, 0x08, 
0x62, 0x08, 0x62, 0x08, 0x62, 0x08, 0x62, 0x08, 0x62, 0x08, 0x62, 0x08, 0x62, 0x08, 0x62, 0x08, 
0x62, 0x08, 0x62, 0x08, 0x62, 0x08, 0x62, 0x08, 0x62, 0x08, 0x62, 0x08, 0x62, 0x08, 0x62, 0x00, 
0x62, 0x00, 0x42, 0x00, 0x41, 0x00, 0x62, 0x08, 0x41, 0x08, 0x41, 0x08, 0x41, 0x08, 0x41, 0x08, 
0x41, 0x08, 0x41, 0x08, 0x41, 0x08, 0x41, 0x08, 0x41, 0x08, 0x41, 0x00, 0x41, 0x08, 0x41, 0x08, 
0x41, 0x08, 0x41, 0x08, 0x41, 0x08, 0x41, 0x08, 0x41, 0x08, 0x41, 0x08, 0x41, 0x08, 0x41, 0x08, 
0x41, 0x08, 0x41, 0x08, 0x41, 0x08, 0x41, 0x08, 0x41, 0x08, 0x41, 0x08, 0x41, 0x08, 0x41, 0x08, 
0x41, 0x08, 0x41, 0x08, 0x41, 0x08, 0x41, 0x08, 0x41, 0x08, 0x41, 0x08, 0x41, 0x08, 0x41, 0x00, 
0x21, 0x00, 0x20, 0x00, 0x21, 0x00, 0x21, 0x00, 0x21, 0x00, 0x21, 0x00, 0x21, 0x00, 0x41, 0x00, 
0x21, 0x00, 0x21, 0x00, 0x21, 0x00, 0x21, 0x00, 0x21, 0x00, 0x21, 0x00, 0x21, 0x00, 0x21, 0x00, 
0x21, 0x00, 0x21, 0x00, 0x21, 0x00, 0x21, 0x00, 0x41, 0x00, 0x21, 0x00, 0x21, 0x00, 0x41, 0x00, 
0x42, 0x00, 0x62, 0x08, 0x62, 0x08, 0x42, 0x08, 0x62, 0x08, 0x62, 0x08, 0x62, 0x08, 0x42, 0x00, 
0x62, 0x00, 0x42, 0x00, 0x42, 0x00, 0x41, 0x00, 0x41, 0x00, 0x41, 0x00, 0x41, 0x00, 0x41, 0x08, 
0x41, 0x00, 0x41, 0x00, 0x41, 0x00, 0x41, 0x00, 0x41, 0x00, 0x41, 0x08, 0x41, 0x00, 0x41, 0x08, 
0x41, 0x08, 0x41, 0x08, 0x41, 0x08, 0x41, 0x08, 0x41, 0x08, 0x41, 0x08, 0x41, 0x08, 0x41, 0x00, 
0x41, 0x00, 0x41, 0x08, 0x41, 0x08, 0x42, 0x08, 0x41, 0x00, 0x41, 0x00, 0x41, 0x00, 0x41, 0x00, 
0x41, 0x00, 0x41, 0x00, 0x41, 0x00, 0x41, 0x08, 0x41, 0x08, 0x41, 0x00, 0x42, 0x08, 0x42, 0x00, 
0x41, 0x00, 0x41, 0x00, 0x41, 0x00, 0x41, 0x08, 0x41, 0x00, 0x41, 0x00, 0x41, 0x08, 0x41, 0x00, 
0x42, 0x08, 0x42, 0x00, 0x62, 0x08, 0x41, 0x00, 0x41, 0x08, 0x42, 0x08, 0x42, 0x08, 0x62, 0x08, 
0x42, 0x00, 0x42, 0x08, 0x41, 0x00, 0x62, 0x08, 0x62, 0x08, 0x62, 0x08, 0x62, 0x08, 0x62, 0x08, 
0x42, 0x08, 0x42, 0x08, 0x41, 0x00, 0x42, 0x08, 0x62, 0x08, 0x41, 0x08, 0x42, 0x08, 0x42, 0x08, 
0x42, 0x08, 0x42, 0x08, 0x42, 0x08, 0x42, 0x08, 0x42, 0x08, 0x62, 0x08, 0x62, 0x08, 0x42, 0x08, 
0x62, 0x08, 0x62, 0x08, 0x62, 0x08, 0x62, 0x08, 0x62, 0x08, 0x83, 0x08, 0x83, 0x08, 0xA3, 0x10, 
0xC4, 0x10, 0xC4, 0x10, 0xE4, 0x18, 0xE4, 0x18, 0xE4, 0x18, 0xE5, 0x18, 0x05, 0x19, 0x25, 0x19, 
0x05, 0x19, 0x25, 0x19, 0x05, 0x19, 0x05, 0x19, 0x05, 0x19, 0x05, 0x19, 0x05, 0x19, 0x05, 0x19, 
0x05, 0x19, 0xE5, 0x18, 0xE4, 0x18, 0xC4, 0x10, 0xC4, 0x10, 0xE4, 0x10, 0xE4, 0x10, 0xE4, 0x10, 
0x62, 0x08, 0x62, 0x08, 0x62, 0x08, 0x62, 0x08, 0x62, 0x08, 0x62, 0x08, 0x62, 0x08, 0x62, 0x08, 
0x62, 0x08, 0x62, 0x08, 0x62, 0x08, 0x62, 0x08, 0x62, 0x08, 0x62, 0x08, 0x62, 0x08, 0x62, 0x08, 
0x42, 0x08, 0x62, 0x08, 0x42, 0x08, 0x62, 0x08, 0x62, 0x08, 0x42, 0x08, 0x41, 0x00, 0x42, 0x08, 
0x42, 0x08, 0x62, 0x08, 0x62, 0x08, 0x62, 0x08, 0x62, 0x08, 0x62, 0x08, 0x62, 0x08, 0x62, 0x08, 
0x62, 0x08, 0x82, 0x08, 0x82, 0x08, 0x83, 0x08, 0x83, 0x08, 0x82, 0x08, 0x83, 0x08, 0x83, 0x08, 
0x83, 0x08, 0x83, 0x08, 0x83, 0x08, 0x83, 0x08, 0x83, 0x08, 0xA3, 0x08, 0x83, 0x08, 0xA3, 0x08, 
0xA3, 0x08, 0x83, 0x08, 0xA3, 0x08, 0xA3, 0x08, 0xA3, 0x08, 0xA3, 0x08, 0xA3, 0x08, 0xA3, 0x10, 
0xA3, 0x08, 0xA3, 0x10, 0xA3, 0x08, 0xA3, 0x10, 0xA3, 0x10, 0xA3, 0x08, 0xA3, 0x08, 0x83, 0x08, 
0x62, 0x08, 0x42, 0x08, 0x41, 0x08, 0x41, 0x08, 0x21, 0x08, 0x41, 0x08, 0x21, 0x00, 0x21, 0x00, 
0x21, 0x00, 0x21, 0x00, 0x20, 0x00, 0x21, 0x00, 0x21, 0x00, 0x20, 0x00, 0x20, 0x00, 0x20, 0x00, 
0x20, 0x00, 0x21, 0x00, 0x20, 0x00, 0x20, 0x00, 0x21, 0x00, 0x20, 0x00, 0x21, 0x00, 0x20, 0x00, 
0x20, 0x00, 0x20, 0x00, 0x21, 0x00, 0x20, 0x00, 0x21, 0x00, 0x20, 0x00, 0x21, 0x00, 0x20, 0x00, 
0x20, 0x00, 0x20, 0x00, 0x20, 0x00, 0x20, 0x00, 0x21, 0x00, 0x20, 0x00, 0x21, 0x00, 0x21, 0x00, 
0x21, 0x00, 0x21, 0x00, 0x41, 0x08, 0x41, 0x08, 0x42, 0x08, 0x62, 0x08, 0x83, 0x08, 0xA3, 0x10, 
0xC3, 0x08, 0xC4, 0x10, 0xA3, 0x10, 0xA3, 0x10, 0x83, 0x08, 0x83, 0x08, 0x83, 0x08, 0x83, 0x08, 
0x62, 0x08, 0x82, 0x08, 0x82, 0x08, 0x82, 0x08, 0x82, 0x08, 0x83, 0x08, 0x82, 0x08, 0x62, 0x08, 
0x62, 0x08, 0x62, 0x08, 0x82, 0x08, 0x82, 0x08, 0x62, 0x08, 0x62, 0x08, 0x82, 0x08, 0x82, 0x08, 
0x82, 0x08, 0x82, 0x08, 0x62, 0x08, 0x62, 0x08, 0x82, 0x08, 0x62, 0x08, 0x62, 0x08, 0x62, 0x08, 
0x62, 0x08, 0x62, 0x08, 0x62, 0x08, 0x62, 0x08, 0x62, 0x08, 0x62, 0x08, 0x62, 0x08, 0x62, 0x08, 
0x62, 0x08, 0x62, 0x08, 0x62, 0x08, 0x62, 0x08, 0x62, 0x08, 0x62, 0x08, 0x62, 0x08, 0x62, 0x08, 
0x62, 0x08, 0x41, 0x08, 0x62, 0x08, 0x42, 0x08, 0x41, 0x08, 0x41, 0x08, 0x42, 0x08, 0x42, 0x08, 
0x41, 0x00, 0x41, 0x08, 0x41, 0x08, 0x42, 0x08, 0x41, 0x08, 0x41, 0x08, 0x41, 0x08, 0x41, 0x00, 
0x41, 0x00, 0x21, 0x00, 0x41, 0x00, 0x21, 0x00, 0x21, 0x00, 0x41, 0x00, 0x41, 0x00, 0x21, 0x00, 
0x21, 0x00, 0x41, 0x00, 0x41, 0x00, 0x21, 0x00, 0x21, 0x00, 0x21, 0x00, 0x21, 0x00, 0x41, 0x00, 
0x21, 0x00, 0x21, 0x00, 0x21, 0x00, 0x21, 0x00, 0x41, 0x08, 0x41, 0x08, 0x42, 0x08, 0x62, 0x08, 
0x62, 0x08, 0x62, 0x08, 0x62, 0x08, 0x62, 0x08, 0x62, 0x08, 0x62, 0x08, 0x62, 0x08, 0x62, 0x08, 
0x62, 0x08, 0x62, 0x08, 0x62, 0x08, 0x62, 0x08, 0x42, 0x08, 0x42, 0x08, 0x62, 0x08, 0x42, 0x08, 
0x42, 0x08, 0x42, 0x08, 0x42, 0x08, 0x41, 0x08, 0x42, 0x08, 0x41, 0x08, 0x41, 0x00, 0x41, 0x08, 
0x41, 0x08, 0x42, 0x08, 0x41, 0x08, 0x41, 0x08, 0x41, 0x08, 0x41, 0x08, 0x41, 0x00, 0x41, 0x00, 
0x41, 0x08, 0x41, 0x08, 0x41, 0x08, 0x42, 0x08, 0x41, 0x08, 0x41, 0x00, 0x42, 0x00, 0x41, 0x00, 
0x41, 0x00, 0x41, 0x00, 0x41, 0x00, 0x41, 0x08, 0x42, 0x08, 0x41, 0x08, 0x41, 0x00, 0x41, 0x00, 
0x42, 0x08, 0x62, 0x08, 0x42, 0x00, 0x41, 0x00, 0x62, 0x08, 0x41, 0x00, 0x42, 0x08, 0x42, 0x08, 
0x42, 0x08, 0x42, 0x00, 0x62, 0x08, 0x62, 0x08, 0x42, 0x08, 0x42, 0x08, 0x62, 0x08, 0x42, 0x08, 
0x62, 0x08, 0x42, 0x00, 0x41, 0x00, 0x42, 0x08, 0x42, 0x08, 0x42, 0x08, 0x42, 0x08, 0x41, 0x00, 
0x41, 0x00, 0x42, 0x08, 0x62, 0x08, 0x62, 0x08, 0x42, 0x08, 0x42, 0x08, 0x62, 0x08, 0x62, 0x08, 
0x62, 0x08, 0x42, 0x08, 0x62, 0x08, 0x62, 0x08, 0x62, 0x08, 0x62, 0x08, 0x62, 0x08, 0x62, 0x08, 
0x62, 0x08, 0x62, 0x08, 0x62, 0x08, 0x62, 0x08, 0x82, 0x08, 0x83, 0x08, 0xA3, 0x10, 0xC3, 0x10, 
0xA3, 0x10, 0xA3, 0x10, 0xC4, 0x10, 0xC4, 0x10, 0xE4, 0x18, 0xE4, 0x18, 0xE4, 0x18, 0xE5, 0x18, 
0x05, 0x19, 0xE5, 0x18, 0x05, 0x19, 0x05, 0x19, 0x05, 0x19, 0x05, 0x19, 0x05, 0x19, 0x05, 0x19, 
0xE4, 0x10, 0xE5, 0x18, 0x05, 0x19, 0xE4, 0x10, 0xC4, 0x10, 0xC4, 0x10, 0xC3, 0x10, 0xC3, 0x10, 
0x42, 0x08, 0x42, 0x08, 0x42, 0x08, 0x42, 0x00, 0x42, 0x00, 0x42, 0x08, 0x42, 0x08, 0x62, 0x08, 
0x62, 0x08, 0x42, 0x08, 0x62, 0x08, 0x42, 0x08, 0x62, 0x08, 0x42, 0x08, 0x62, 0x08, 0x42, 0x08, 
0x42, 0x08, 0x42, 0x08, 0x62, 0x08, 0x62, 0x08, 0x62, 0x08, 0x62, 0x08, 0x62, 0x08, 0x62, 0x08, 
0x62, 0x08, 0x62, 0x08, 0x62, 0x08, 0x62, 0x08, 0x62, 0x08, 0x62, 0x08, 0x62, 0x08, 0x62, 0x08, 
0x62, 0x08, 0x62, 0x08, 0x62, 0x08, 0x62, 0x08, 0x82, 0x08, 0x62, 0x08, 0x82, 0x08, 0x82, 0x08, 
0x83, 0x08, 0xA3, 0x08, 0xA3, 0x10, 0x83, 0x08, 0xA3, 0x08, 0xA3, 0x08, 0xA3, 0x08, 0xA3, 0x10, 
0xA3, 0x08, 0xA3, 0x08, 0xA3, 0x10, 0xA3, 0x10, 0xA3, 0x10, 0xA3, 0x10, 0xA3, 0x10, 0xA3, 0x08, 
0xA3, 0x08, 0xA3, 0x10, 0xA3, 0x08, 0xA3, 0x10, 0xA3, 0x10, 0xA3, 0x08, 0xA3, 0x10, 0x82, 0x08, 
0x62, 0x08, 0x41, 0x08, 0x41, 0x08, 0x21, 0x00, 0x21, 0x08, 0x21, 0x08, 0x21, 0x00, 0x21, 0x00, 
0x21, 0x00, 0x21, 0x00, 0x21, 0x00, 0x20, 0x00, 0x20, 0x00, 0x20, 0x00, 0x20, 0x00, 0x20, 0x00, 
0x20, 0x00, 0x20, 0x00, 0x20, 0x00, 0x20, 0x00, 0x21, 0x00, 0x21, 0x00, 0x21, 0x00, 0x21, 0x00, 
0x21, 0x00, 0x21, 0x00, 0x21, 0x00, 0x21, 0x00, 0x21, 0x00, 0x21, 0x00, 0x21, 0x00, 0x21, 0x00, 
0x21, 0x00, 0x21, 0x00, 0x21, 0x00, 0x21, 0x00, 0x21, 0x00, 0x20, 0x00, 0x20, 0x00, 0x21, 0x00, 
0x21, 0x00, 0x21, 0x00, 0x21, 0x00, 0x41, 0x08, 0x42, 0x08, 0x62, 0x08, 0x83, 0x08, 0xA3, 0x10, 
0xA4, 0x10, 0xC4, 0x10, 0xC4, 0x10, 0xA3, 0x10, 0x83, 0x08, 0xA3, 0x10, 0x83, 0x08, 0x83, 0x08, 
0x83, 0x08, 0x83, 0x08, 0x82, 0x08, 0x62, 0x08, 0x62, 0x08, 0x62, 0x08, 0x62, 0x08, 0x62, 0x08, 
0x62, 0x08, 0x62, 0x08, 0x62, 0x08, 0x62, 0x08, 0x62, 0x08, 0x62, 0x08, 0x62, 0x08, 0x62, 0x08, 
0x62, 0x08, 0x62, 0x08, 0x62, 0x08, 0x62, 0x08, 0x62, 0x08, 0x62, 0x08, 0x62, 0x08, 0x62, 0x08, 
0x62, 0x08, 0x62, 0x08, 0x62, 0x08, 0x62, 0x08, 0x62, 0x08, 0x42, 0x08, 0x62, 0x08, 0x62, 0x08, 
0x62, 0x08, 0x62, 0x08, 0x62, 0x08, 0x62, 0x08, 0x62, 0x08, 0x42, 0x08, 0x42, 0x08, 0x42, 0x08, 
0x42, 0x08, 0x42, 0x08, 0x42, 0x08, 0x42, 0x08, 0x42, 0x08, 0x41, 0x08, 0x41, 0x08, 0x42, 0x08, 
0x42, 0x08, 0x42, 0x08, 0x41, 0x08, 0x42, 0x08, 0x41, 0x08, 0x41, 0x08, 0x41, 0x08, 0x21, 0x00, 
0x41, 0x00, 0x41, 0x00, 0x41, 0x00, 0x21, 0x00, 0x41, 0x00, 0x41, 0x08, 0x41, 0x00, 0x41, 0x00, 
0x21, 0x00, 0x21, 0x00, 0x41, 0x00, 0x21, 0x00, 0x41, 0x00, 0x41, 0x00, 0x41, 0x08, 0x41, 0x00, 
0x41, 0x00, 0x21, 0x08, 0x21, 0x00, 0x41, 0x08, 0x62, 0x08, 0x62, 0x08, 0x62, 0x08, 0x62, 0x08, 
0x62, 0x08, 0x62, 0x08, 0x62, 0x08, 0x62, 0x08, 0x62, 0x08, 0x62, 0x08, 0x62, 0x08, 0x62, 0x08, 
0x62, 0x08, 0x62, 0x08, 0x42, 0x08, 0x42, 0x08, 0x41, 0x00, 0x42, 0x00, 0x42, 0x08, 0x42, 0x08, 
0x41, 0x08, 0x42, 0x00, 0x41, 0x00, 0x41, 0x08, 0x41, 0x08, 0x42, 0x08, 0x42, 0x08, 0x42, 0x08, 
0x41, 0x08, 0x41, 0x08, 0x42, 0x08, 0x41, 0x08, 0x42, 0x08, 0x42, 0x08, 0x42, 0x08, 0x42, 0x08, 
0x41, 0x08, 0x41, 0x08, 0x41, 0x08, 0x41, 0x08, 0x41, 0x08, 0x42, 0x00, 0x42, 0x08, 0x41, 0x00, 
0x42, 0x00, 0x42, 0x00, 0x42, 0x08, 0x41, 0x00, 0x41, 0x00, 0x41, 0x08, 0x41, 0x08, 0x42, 0x08, 
0x41, 0x00, 0x42, 0x08, 0x42, 0x08, 0x42, 0x08, 0x62, 0x08, 0x42, 0x08, 0x42, 0x08, 0x41, 0x08, 
0x41, 0x00, 0x62, 0x08, 0x62, 0x08, 0x42, 0x08, 0x42, 0x08, 0x62, 0x08, 0x62, 0x08, 0x42, 0x08, 
0x62, 0x08, 0x42, 0x08, 0x42, 0x08, 0x62, 0x08, 0x42, 0x08, 0x42, 0x08, 0x42, 0x08, 0x62, 0x08, 
0x42, 0x08, 0x42, 0x08, 0x42, 0x08, 0x62, 0x08, 0x62, 0x08, 0x62, 0x08, 0x62, 0x08, 0x42, 0x08, 
0x42, 0x08, 0x42, 0x00, 0x62, 0x08, 0x62, 0x08, 0x62, 0x08, 0x62, 0x08, 0x62, 0x08, 0x62, 0x08, 
0x62, 0x08, 0x62, 0x08, 0x62, 0x08, 0x62, 0x08, 0x83, 0x08, 0x83, 0x08, 0xA3, 0x10, 0xA3, 0x10, 
0xA3, 0x10, 0xC3, 0x10, 0xC4, 0x10, 0xC4, 0x10, 0xC4, 0x10, 0xE4, 0x18, 0xE4, 0x18, 0xE5, 0x18, 
0x05, 0x19, 0x05, 0x19, 0x05, 0x19, 0x05, 0x21, 0x25, 0x19, 0x25, 0x19, 0x05, 0x19, 0x05, 0x19, 
0xE5, 0x18, 0xE4, 0x18, 0xE4, 0x10, 0xE4, 0x10, 0xC4, 0x10, 0xC4, 0x10, 0xC3, 0x10, 0xA3, 0x10, 
0x62, 0x08, 0x62, 0x08, 0x41, 0x08, 0x62, 0x08, 0x62, 0x08, 0x62, 0x08, 0x41, 0x00, 0x62, 0x08, 
0x62, 0x08, 0x41, 0x08, 0x42, 0x08, 0x42, 0x08, 0x42, 0x08, 0x42, 0x08, 0x42, 0x08, 0x42, 0x08, 
0x42, 0x08, 0x42, 0x08, 0x62, 0x08, 0x62, 0x08, 0x62, 0x08, 0x62, 0x08, 0x62, 0x08, 0x62, 0x08, 
0x42, 0x08, 0x62, 0x08, 0x62, 0x08, 0x62, 0x08, 0x62, 0x08, 0x62, 0x08, 0x62, 0x08, 0x62, 0x08, 
0x62, 0x08, 0x82, 0x08, 0x82, 0x08, 0x62, 0x08, 0x82, 0x08, 0x82, 0x08, 0x83, 0x08, 0x82, 0x08, 
0x82, 0x08, 0x83, 0x08, 0x83, 0x08, 0x83, 0x08, 0xA3, 0x08, 0xA3, 0x08, 0xA3, 0x08, 0xA3, 0x10, 
0xA4, 0x10, 0xA4, 0x08, 0xA3, 0x10, 0xA3, 0x10, 0xA3, 0x10, 0xC4, 0x10, 0xC4, 0x10, 0xC4, 0x10, 
0xC4, 0x10, 0xC4, 0x10, 0xA4, 0x10, 0xC4, 0x10, 0xA4, 0x10, 0xA3, 0x10, 0x83, 0x08, 0x62, 0x08, 
0x42, 0x08, 0x41, 0x08, 0x41, 0x08, 0x41, 0x08, 0x21, 0x08, 0x21, 0x08, 0x21, 0x08, 0x21, 0x00, 
0x20, 0x00, 0x21, 0x00, 0x20, 0x00, 0x20, 0x00, 0x20, 0x00, 0x20, 0x00, 0x20, 0x00, 0x20, 0x00, 
0x20, 0x00, 0x20, 0x00, 0x21, 0x00, 0x21, 0x00, 0x20, 0x00, 0x20, 0x00, 0x20, 0x00, 0x21, 0x00, 
0x21, 0x00, 0x21, 0x00, 0x21, 0x00, 0x21, 0x00, 0x21, 0x00, 0x21, 0x00, 0x21, 0x00, 0x21, 0x00, 
0x21, 0x00, 0x21, 0x00, 0x20, 0x00, 0x20, 0x00, 0x20, 0x00, 0x21, 0x00, 0x21, 0x00, 0x21, 0x00, 
0x21, 0x00, 0x41, 0x00, 0x41, 0x00, 0x41, 0x00, 0x42, 0x08, 0x42, 0x08, 0x82, 0x08, 0xA3, 0x10, 
0xA3, 0x10, 0xA4, 0x10, 0xC4, 0x10, 0xA3, 0x10, 0x83, 0x08, 0x82, 0x08, 0x62, 0x08, 0x82, 0x08, 
0x62, 0x08, 0x62, 0x08, 0x62, 0x08, 0x62, 0x08, 0x62, 0x08, 0x62, 0x08, 0x62, 0x08, 0x62, 0x08, 
0x62, 0x08, 0x62, 0x08, 0x62, 0x08, 0x42, 0x08, 0x62, 0x08, 0x62, 0x08, 0x62, 0x08, 0x62, 0x08, 
0x42, 0x08, 0x62, 0x08, 0x62, 0x08, 0x62, 0x08, 0x42, 0x00, 0x41, 0x00, 0x42, 0x08, 0x62, 0x08, 
0x42, 0x08, 0x62, 0x08, 0x62, 0x08, 0x42, 0x08, 0x42, 0x08, 0x62, 0x08, 0x42, 0x08, 0x62, 0x08, 
0x62, 0x08, 0x62, 0x08, 0x62, 0x08, 0x62, 0x08, 0x42, 0x08, 0x62, 0x08, 0x62, 0x08, 0x42, 0x08, 
0x42, 0x08, 0x62, 0x08, 0x42, 0x08, 0x42, 0x08, 0x42, 0x08, 0x42, 0x08, 0x42, 0x08, 0x42, 0x08, 
0x62, 0x08, 0x42, 0x08, 0x62, 0x08, 0x42, 0x08, 0x42, 0x08, 0x42, 0x08, 0x41, 0x08, 0x21, 0x00, 
0x21, 0x00, 0x41, 0x08, 0x41, 0x00, 0x41, 0x08, 0x41, 0x08, 0x41, 0x08, 0x21, 0x00, 0x41, 0x00, 
0x21, 0x00, 0x21, 0x00, 0x21, 0x00, 0x41, 0x08, 0x41, 0x08, 0x21, 0x00, 0x41, 0x00, 0x41, 0x00, 
0x21, 0x08, 0x21, 0x08, 0x41, 0x08, 0x62, 0x08, 0x62, 0x08, 0x62, 0x08, 0x62, 0x08, 0x62, 0x08, 
0x62, 0x08, 0x62, 0x08, 0x62, 0x08, 0x62, 0x08, 0x62, 0x08, 0x62, 0x08, 0x62, 0x08, 0x62, 0x08, 
0x62, 0x08, 0x62, 0x08, 0x42, 0x08, 0x42, 0x08, 0x42, 0x08, 0x42, 0x00, 0x42, 0x00, 0x42, 0x00, 
0x41, 0x00, 0x41, 0x00, 0x41, 0x00, 0x41, 0x00, 0x41, 0x08, 0x41, 0x08, 0x41, 0x08, 0x41, 0x08, 
0x41, 0x08, 0x41, 0x08, 0x41, 0x08, 0x41, 0x00, 0x41, 0x08, 0x41, 0x08, 0x41, 0x08, 0x41, 0x08, 
0x41, 0x08, 0x42, 0x08, 0x41, 0x08, 0x41, 0x08, 0x62, 0x08, 0x41, 0x08, 0x42, 0x08, 0x42, 0x08, 
0x41, 0x08, 0x42, 0x00, 0x42, 0x08, 0x41, 0x08, 0x42, 0x08, 0x41, 0x08, 0x42, 0x08, 0x42, 0x08, 
0x62, 0x08, 0x62, 0x08, 0x62, 0x08, 0x62, 0x08, 0x42, 0x08, 0x42, 0x08, 0x62, 0x08, 0x62, 0x08, 
0x62, 0x08, 0x62, 0x08, 0x42, 0x08, 0x42, 0x08, 0x62, 0x08, 0x42, 0x00, 0x62, 0x08, 0x62, 0x08, 
0x62, 0x08, 0x42, 0x08, 0x42, 0x08, 0x62, 0x08, 0x42, 0x08, 0x42, 0x08, 0x42, 0x08, 0x42, 0x00, 
0x42, 0x08, 0x62, 0x08, 0x42, 0x08, 0x42, 0x08, 0x62, 0x08, 0x62, 0x08, 0x42, 0x08, 0x42, 0x00, 
0x62, 0x08, 0x62, 0x08, 0x42, 0x08, 0x42, 0x08, 0x42, 0x08, 0x42, 0x08, 0x62, 0x08, 0x62, 0x08, 
0x62, 0x08, 0x82, 0x08, 0x62, 0x08, 0x62, 0x08, 0x83, 0x10, 0x83, 0x08, 0x83, 0x08, 0xA3, 0x10, 
0xA3, 0x10, 0xA3, 0x10, 0xC3, 0x10, 0xC4, 0x10, 0xC4, 0x10, 0xE4, 0x18, 0xC4, 0x10, 0xE4, 0x18, 
0xE4, 0x18, 0x05, 0x19, 0x05, 0x19, 0x05, 0x19, 0x05, 0x19, 0x05, 0x19, 0x05, 0x19, 0x05, 0x19, 
0xE4, 0x18, 0xC4, 0x10, 0xC4, 0x18, 0xC4, 0x10, 0xC4, 0x10, 0xC4, 0x10, 0xC3, 0x10, 0xC3, 0x10, 
0x62, 0x08, 0x42, 0x08, 0x42, 0x08, 0x62, 0x08, 0x42, 0x08, 0x62, 0x08, 0x41, 0x00, 0x41, 0x00, 
0x62, 0x08, 0x42, 0x08, 0x62, 0x08, 0x62, 0x08, 0x62, 0x08, 0x62, 0x08, 0x62, 0x08, 0x62, 0x08, 
0x62, 0x08, 0x62, 0x08, 0x62, 0x08, 0x62, 0x08, 0x62, 0x08, 0x42, 0x08, 0x42, 0x08, 0x42, 0x08, 
0x42, 0x08, 0x42, 0x00, 0x42, 0x08, 0x62, 0x08, 0x62, 0x08, 0x62, 0x08, 0x62, 0x08, 0x62, 0x08, 
0x62, 0x08, 0x62, 0x08, 0x83, 0x08, 0x83, 0x08, 0x82, 0x08, 0x82, 0x08, 0x82, 0x08, 0x82, 0x08, 
0x83, 0x08, 0x83, 0x08, 0x83, 0x08, 0xA3, 0x08, 0xA3, 0x08, 0xA3, 0x10, 0xC3, 0x10, 0xC4, 0x10, 
0xC4, 0x10, 0xC4, 0x10, 0xC4, 0x10, 0xC4, 0x10, 0xE4, 0x10, 0xE4, 0x10, 0xC4, 0x10, 0xC4, 0x10, 
0xC4, 0x10, 0xC4, 0x10, 0xC4, 0x10, 0xC4, 0x10, 0xC4, 0x10, 0xA3, 0x10, 0x62, 0x08, 0x41, 0x08, 
0x41, 0x08, 0x41, 0x08, 0x41, 0x08, 0x41, 0x08, 0x21, 0x08, 0x21, 0x08, 0x21, 0x00, 0x21, 0x00, 
0x20, 0x00, 0x20, 0x00, 0x20, 0x00, 0x20, 0x00, 0x21, 0x00, 0x20, 0x00, 0x20, 0x00, 0x20, 0x00, 
0x21, 0x00, 0x20, 0x00, 0x21, 0x00, 0x20, 0x00, 0x20, 0x00, 0x20, 0x00, 0x20, 0x00, 0x21, 0x00, 
0x21, 0x00, 0x21, 0x00, 0x21, 0x00, 0x21, 0x00, 0x21, 0x00, 0x21, 0x00, 0x21, 0x00, 0x20, 0x00, 
0x20, 0x00, 0x20, 0x00, 0x21, 0x00, 0x21, 0x00, 0x21, 0x00, 0x21, 0x00, 0x21, 0x00, 0x21, 0x00, 
0x21, 0x00, 0x21, 0x00, 0x41, 0x08, 0x41, 0x00, 0x41, 0x00, 0x62, 0x08, 0x62, 0x08, 0x82, 0x08, 
0x83, 0x08, 0x83, 0x08, 0x83, 0x08, 0x82, 0x08, 0x82, 0x08, 0x62, 0x08, 0x62, 0x08, 0x62, 0x08, 
0x62, 0x08, 0x62, 0x08, 0x62, 0x08, 0x62, 0x08, 0x62, 0x08, 0x62, 0x08, 0x62, 0x08, 0x62, 0x08, 
0x62, 0x08, 0x62, 0x08, 0x62, 0x08, 0x62, 0x08, 0x62, 0x08, 0x62, 0x08, 0x62, 0x08, 0x62, 0x08, 
0x62, 0x08, 0x62, 0x08, 0x62, 0x08, 0x62, 0x08, 0x42, 0x08, 0x62, 0x08, 0x42, 0x00, 0x42, 0x00, 
0x42, 0x00, 0x41, 0x00, 0x42, 0x08, 0x42, 0x08, 0x62, 0x08, 0x62, 0x08, 0x42, 0x08, 0x62, 0x08, 
0x62, 0x08, 0x42, 0x08, 0x62, 0x08, 0x42, 0x08, 0x42, 0x00, 0x62, 0x08, 0x42, 0x08, 0x42, 0x08, 
0x62, 0x08, 0x62, 0x08, 0x42, 0x08, 0x62, 0x08, 0x62, 0x08, 0x42, 0x08, 0x62, 0x08, 0x62, 0x08, 
0x62, 0x08, 0x62, 0x08, 0x42, 0x08, 0x42, 0x08, 0x42, 0x08, 0x41, 0x08, 0x41, 0x08, 0x21, 0x08, 
0x21, 0x08, 0x41, 0x08, 0x41, 0x00, 0x41, 0x00, 0x41, 0x08, 0x41, 0x00, 0x41, 0x08, 0x41, 0x08, 
0x21, 0x08, 0x41, 0x08, 0x41, 0x08, 0x41, 0x00, 0x41, 0x08, 0x41, 0x08, 0x41, 0x08, 0x41, 0x08, 
0x41, 0x08, 0x41, 0x08, 0x42, 0x08, 0x62, 0x08, 0x62, 0x08, 0x62, 0x08, 0x62, 0x08, 0x62, 0x08, 
0x62, 0x08, 0x62, 0x08, 0x62, 0x08, 0x62, 0x08, 0x62, 0x08, 0x62, 0x08, 0x62, 0x08, 0x62, 0x08, 
0x62, 0x08, 0x62, 0x08, 0x42, 0x08, 0x42, 0x08, 0x42, 0x08, 0x42, 0x08, 0x42, 0x08, 0x41, 0x00, 
0x41, 0x08, 0x42, 0x08, 0x41, 0x08, 0x42, 0x08, 0x41, 0x08, 0x41, 0x08, 0x41, 0x08, 0x41, 0x08, 
0x41, 0x08, 0x41, 0x08, 0x41, 0x08, 0x41, 0x08, 0x41, 0x08, 0x41, 0x08, 0x41, 0x08, 0x41, 0x08, 
0x41, 0x00, 0x41, 0x00, 0x41, 0x08, 0x41, 0x08, 0x41, 0x08, 0x41, 0x00, 0x41, 0x08, 0x42, 0x08, 
0x42, 0x08, 0x42, 0x08, 0x41, 0x08, 0x41, 0x00, 0x62, 0x08, 0x62, 0x08, 0x42, 0x08, 0x41, 0x08, 
0x42, 0x08, 0x62, 0x08, 0x62, 0x08, 0x42, 0x08, 0x42, 0x00, 0x42, 0x08, 0x42, 0x08, 0x42, 0x08, 
0x62, 0x08, 0x62, 0x08, 0x62, 0x08, 0x62, 0x08, 0x62, 0x08, 0x62, 0x08, 0x62, 0x08, 0x42, 0x08, 
0x42, 0x08, 0x62, 0x08, 0x42, 0x08, 0x42, 0x08, 0x62, 0x08, 0x62, 0x08, 0x42, 0x08, 0x42, 0x08, 
0x42, 0x08, 0x62, 0x08, 0x42, 0x08, 0x42, 0x08, 0x62, 0x08, 0x42, 0x08, 0x41, 0x00, 0x42, 0x08, 
0x62, 0x08, 0x62, 0x08, 0x42, 0x08, 0x62, 0x08, 0x62, 0x08, 0x42, 0x08, 0x62, 0x08, 0x62, 0x08, 
0x42, 0x08, 0x62, 0x08, 0x62, 0x08, 0x62, 0x08, 0x82, 0x08, 0x83, 0x08, 0x83, 0x10, 0x83, 0x08, 
0xA3, 0x10, 0xA3, 0x10, 0xC3, 0x10, 0xC4, 0x10, 0xC4, 0x10, 0xC4, 0x10, 0xC4, 0x10, 0xC4, 0x10, 
0xE4, 0x18, 0x05, 0x19, 0x05, 0x19, 0x05, 0x19, 0x05, 0x19, 0xE4, 0x18, 0xE4, 0x10, 0xE4, 0x18, 
0xE4, 0x18, 0x05, 0x19, 0x05, 0x19, 0xE4, 0x18, 0xE4, 0x10, 0xC4, 0x10, 0xC4, 0x10, 0xC4, 0x10, 
0x62, 0x08, 0x42, 0x08, 0x62, 0x08, 0x62, 0x08, 0x42, 0x08, 0x62, 0x08, 0x42, 0x08, 0x41, 0x00, 
0x62, 0x08, 0x62, 0x08, 0x42, 0x08, 0x42, 0x08, 0x62, 0x08, 0x62, 0x08, 0x62, 0x08, 0x62, 0x08, 
0x42, 0x08, 0x62, 0x08, 0x62, 0x08, 0x62, 0x08, 0x42, 0x08, 0x62, 0x08, 0x42, 0x08, 0x41, 0x00, 
0x42, 0x08, 0x62, 0x08, 0x62, 0x08, 0x62, 0x08, 0x62, 0x08, 0x62, 0x08, 0x62, 0x08, 0x62, 0x08, 
0x62, 0x08, 0x83, 0x08, 0x62, 0x08, 0x83, 0x08, 0x83, 0x08, 0x83, 0x08, 0x83, 0x08, 0x82, 0x08, 
0x83, 0x08, 0x83, 0x08, 0x83, 0x08, 0xA3, 0x08, 0xA3, 0x10, 0xC4, 0x10, 0xE4, 0x10, 0xE4, 0x10, 
0xE4, 0x10, 0xE5, 0x10, 0xE5, 0x18, 0xE4, 0x10, 0xE5, 0x18, 0xE4, 0x10, 0xC4, 0x10, 0xC4, 0x10, 
0xC4, 0x10, 0xC4, 0x10, 0xC4, 0x10, 0xC4, 0x10, 0xA4, 0x10, 0x83, 0x08, 0x62, 0x08, 0x62, 0x08, 
0x41, 0x08, 0x41, 0x08, 0x41, 0x08, 0x41, 0x08, 0x21, 0x08, 0x21, 0x08, 0x21, 0x00, 0x21, 0x00, 
0x21, 0x00, 0x21, 0x00, 0x21, 0x00, 0x21, 0x00, 0x21, 0x00, 0x21, 0x00, 0x21, 0x00, 0x21, 0x00, 
0x21, 0x00, 0x21, 0x00, 0x20, 0x00, 0x20, 0x00, 0x21, 0x00, 0x21, 0x00, 0x21, 0x00, 0x21, 0x00, 
0x21, 0x00, 0x21, 0x00, 0x21, 0x00, 0x21, 0x00, 0x21, 0x00, 0x20, 0x00, 0x20, 0x00, 0x20, 0x00, 
0x21, 0x00, 0x21, 0x00, 0x21, 0x00, 0x21, 0x00, 0x41, 0x08, 0x21, 0x08, 0x21, 0x08, 0x21, 0x08, 
0x41, 0x08, 0x41, 0x08, 0x41, 0x00, 0x41, 0x00, 0x41, 0x00, 0x42, 0x08, 0x62, 0x08, 0x62, 0x08, 
0x62, 0x08, 0x62, 0x08, 0x62, 0x08, 0x62, 0x08, 0x62, 0x08, 0x62, 0x08, 0x62, 0x08, 0x62, 0x08, 
0x62, 0x08, 0x62, 0x08, 0x62, 0x08, 0x62, 0x08, 0x62, 0x08, 0x62, 0x08, 0x62, 0x08, 0x62, 0x08, 
0x62, 0x08, 0x62, 0x08, 0x62, 0x08, 0x62, 0x08, 0x62, 0x08, 0x62, 0x08, 0x62, 0x08, 0x62, 0x08, 
0x62, 0x08, 0x62, 0x08, 0x62, 0x08, 0x62, 0x08, 0x62, 0x08, 0x62, 0x08, 0x62, 0x08, 0x62, 0x08, 
0x62, 0x08, 0x62, 0x08, 0x62, 0x08, 0x62, 0x08, 0x62, 0x08, 0x62, 0x08, 0x62, 0x08, 0x62, 0x08, 
0x62, 0x08, 0x62, 0x08, 0x62, 0x08, 0x62, 0x08, 0x62, 0x08, 0x62, 0x08, 0x62, 0x08, 0x62, 0x08, 
0x62, 0x08, 0x62, 0x08, 0x62, 0x08, 0x62, 0x08, 0x42, 0x08, 0x62, 0x08, 0x62, 0x08, 0x62, 0x08, 
0x62, 0x08, 0x42, 0x08, 0x42, 0x08, 0x62, 0x08, 0x42, 0x08, 0x42, 0x08, 0x41, 0x08, 0x41, 0x08, 
0x41, 0x08, 0x41, 0x08, 0x41, 0x08, 0x41, 0x00, 0x41, 0x08, 0x41, 0x08, 0x41, 0x08, 0x41, 0x08, 
0x21, 0x08, 0x41, 0x08, 0x41, 0x08, 0x41, 0x08, 0x41, 0x08, 0x41, 0x08, 0x41, 0x08, 0x41, 0x08, 
0x41, 0x08, 0x41, 0x08, 0x62, 0x08, 0x62, 0x08, 0x62, 0x08, 0x62, 0x08, 0x62, 0x08, 0x62, 0x08, 
0x82, 0x08, 0x62, 0x08, 0x62, 0x08, 0x62, 0x08, 0x62, 0x08, 0x62, 0x08, 0x62, 0x08, 0x62, 0x08, 
0x62, 0x08, 0x62, 0x08, 0x42, 0x08, 0x42, 0x08, 0x42, 0x08, 0x42, 0x08, 0x41, 0x08, 0x41, 0x08, 
0x41, 0x08, 0x42, 0x00, 0x42, 0x08, 0x42, 0x08, 0x41, 0x08, 0x41, 0x08, 0x41, 0x08, 0x41, 0x08, 
0x41, 0x08, 0x41, 0x08, 0x42, 0x08, 0x41, 0x08, 0x42, 0x08, 0x42, 0x08, 0x62, 0x08, 0x62, 0x08, 
0x41, 0x08, 0x41, 0x08, 0x41, 0x00, 0x42, 0x08, 0x41, 0x08, 0x42, 0x08, 0x41, 0x08, 0x42, 0x08, 
0x42, 0x08, 0x42, 0x08, 0x62, 0x08, 0x62, 0x08, 0x62, 0x08, 0x62, 0x08, 0x62, 0x08, 0x42, 0x08, 
0x42, 0x08, 0x62, 0x08, 0x62, 0x08, 0x62, 0x08, 0x62, 0x08, 0x62, 0x08, 0x62, 0x08, 0x62, 0x08, 
0x62, 0x08, 0x62, 0x08, 0x62, 0x08, 0x62, 0x08, 0x62, 0x08, 0x62, 0x08, 0x62, 0x08, 0x82, 0x08, 
0x62, 0x08, 0x62, 0x08, 0x62, 0x08, 0x62, 0x08, 0x62, 0x08, 0x62, 0x08, 0x62, 0x08, 0x62, 0x08, 
0x42, 0x08, 0x41, 0x08, 0x42, 0x08, 0x62, 0x08, 0x42, 0x08, 0x42, 0x08, 0x41, 0x08, 0x41, 0x08, 
0x41, 0x08, 0x42, 0x08, 0x42, 0x08, 0x62, 0x08, 0x62, 0x08, 0x62, 0x08, 0x62, 0x08, 0x62, 0x08, 
0x62, 0x08, 0x82, 0x08, 0x62, 0x08, 0x82, 0x08, 0x62, 0x08, 0x83, 0x10, 0xA3, 0x10, 0x83, 0x10, 
0xA3, 0x10, 0xA3, 0x10, 0xA3, 0x10, 0xC4, 0x10, 0xC4, 0x10, 0xC4, 0x10, 0xC4, 0x10, 0xC4, 0x10, 
0xE4, 0x10, 0xE4, 0x18, 0xE4, 0x18, 0xE4, 0x18, 0xE5, 0x18, 0x05, 0x19, 0x05, 0x19, 0x05, 0x19, 
0x05, 0x19, 0xE4, 0x18, 0xE4, 0x10, 0xE4, 0x10, 0xE4, 0x10, 0xC4, 0x10, 0xE4, 0x10, 0xC4, 0x10, 
0x62, 0x08, 0x62, 0x08, 0x62, 0x08, 0x62, 0x08, 0x62, 0x08, 0x62, 0x08, 0x42, 0x08, 0x42, 0x08, 
0x42, 0x08, 0x62, 0x08, 0x62, 0x08, 0x62, 0x08, 0x42, 0x08, 0x41, 0x08, 0x42, 0x08, 0x62, 0x08, 
0x62, 0x08, 0x62, 0x08, 0x62, 0x08, 0x62, 0x08, 0x62, 0x08, 0x62, 0x08, 0x62, 0x08, 0x62, 0x08, 
0x62, 0x08, 0x62, 0x08, 0x62, 0x08, 0x62, 0x08, 0x62, 0x08, 0x62, 0x08, 0x82, 0x08, 0x62, 0x08, 
0x62, 0x08, 0x83, 0x08, 0x83, 0x08, 0x83, 0x08, 0x83, 0x08, 0x83, 0x08, 0x83, 0x08, 0xA3, 0x10, 
0xA4, 0x10, 0xA3, 0x10, 0xA4, 0x10, 0xC4, 0x10, 0xA4, 0x10, 0xE4, 0x10, 0xC4, 0x10, 0xC4, 0x10, 
0xE4, 0x10, 0xC4, 0x10, 0xE4, 0x10, 0xC4, 0x10, 0xE4, 0x10, 0xC4, 0x10, 0xC4, 0x10, 0xC4, 0x10, 
0xC4, 0x10, 0xC4, 0x10, 0xE4, 0x10, 0xC4, 0x10, 0xA3, 0x10, 0x83, 0x08, 0x62, 0x08, 0x62, 0x08, 
0x42, 0x08, 0x41, 0x08, 0x41, 0x08, 0x41, 0x08, 0x41, 0x08, 0x21, 0x08, 0x21, 0x08, 0x21, 0x08, 
0x21, 0x00, 0x21, 0x00, 0x21, 0x00, 0x21, 0x00, 0x21, 0x00, 0x21, 0x00, 0x21, 0x00, 0x21, 0x00, 
0x21, 0x00, 0x21, 0x00, 0x21, 0x00, 0x21, 0x00, 0x20, 0x00, 0x21, 0x00, 0x21, 0x00, 0x20, 0x00, 
0x21, 0x00, 0x21, 0x00, 0x20, 0x00, 0x21, 0x00, 0x21, 0x00, 0x41, 0x00, 0x41, 0x00, 0x41, 0x08, 
0x21, 0x00, 0x21, 0x00, 0x21, 0x00, 0x21, 0x00, 0x21, 0x00, 0x21, 0x08, 0x21, 0x00, 0x21, 0x08, 
0x21, 0x08, 0x41, 0x00, 0x41, 0x00, 0x41, 0x08, 0x41, 0x08, 0x62, 0x08, 0x62, 0x08, 0x62, 0x08, 
0x62, 0x08, 0x62, 0x08, 0x42, 0x08, 0x42, 0x08, 0x62, 0x08, 0x62, 0x08, 0x62, 0x08, 0x62, 0x08, 
0x62, 0x08, 0x62, 0x08, 0x62, 0x08, 0x62, 0x08, 0x62, 0x08, 0x62, 0x08, 0x62, 0x08, 0x62, 0x08, 
0x62, 0x08, 0x62, 0x08, 0x62, 0x08, 0x62, 0x08, 0x62, 0x08, 0x62, 0x08, 0x62, 0x08, 0x62, 0x08, 
0x62, 0x08, 0x62, 0x08, 0x62, 0x08, 0x62, 0x08, 0x42, 0x08, 0x62, 0x08, 0x62, 0x08, 0x62, 0x08, 
0x62, 0x08, 0x62, 0x08, 0x62, 0x08, 0x62, 0x08, 0x62, 0x08, 0x62, 0x08, 0x62, 0x08, 0x62, 0x08, 
0x62, 0x08, 0x62, 0x08, 0x62, 0x08, 0x62, 0x08, 0x62, 0x08, 0x62, 0x08, 0x62, 0x08, 0x82, 0x08, 
0x62, 0x08, 0x82, 0x08, 0x62, 0x08, 0x62, 0x08, 0x62, 0x08, 0x62, 0x08, 0x62, 0x08, 0x62, 0x08, 
0x62, 0x08, 0x62, 0x08, 0x62, 0x08, 0x42, 0x08, 0x42, 0x00, 0x42, 0x08, 0x41, 0x08, 0x41, 0x08, 
0x41, 0x08, 0x41, 0x08, 0x41, 0x08, 0x41, 0x08, 0x41, 0x08, 0x41, 0x08, 0x41, 0x08, 0x41, 0x08, 
0x21, 0x08, 0x41, 0x08, 0x41, 0x08, 0x41, 0x08, 0x41, 0x08, 0x41, 0x08, 0x41, 0x08, 0x41, 0x08, 
0x42, 0x08, 0x62, 0x08, 0x62, 0x08, 0x62, 0x08, 0x62, 0x08, 0x62, 0x08, 0x62, 0x08, 0x62, 0x08, 
0x62, 0x08, 0x62, 0x08, 0x62, 0x08, 0x42, 0x08, 0x62, 0x08, 0x62, 0x08, 0x42, 0x08, 0x62, 0x08, 
0x62, 0x08, 0x42, 0x08, 0x42, 0x08, 0x42, 0x08, 0x41, 0x00, 0x42, 0x08, 0x41, 0x08, 0x41, 0x08, 
0x42, 0x08, 0x42, 0x00, 0x42, 0x08, 0x42, 0x08, 0x41, 0x08, 0x42, 0x08, 0x42, 0x08, 0x41, 0x08, 
0x41, 0x08, 0x41, 0x08, 0x41, 0x08, 0x42, 0x08, 0x62, 0x08, 0x41, 0x08, 0x42, 0x08, 0x41, 0x08, 
0x42, 0x08, 0x42, 0x08, 0x42, 0x08, 0x42, 0x08, 0x42, 0x08, 0x42, 0x08, 0x42, 0x08, 0x42, 0x08, 
0x42, 0x08, 0x42, 0x08, 0x62, 0x08, 0x62, 0x08, 0x62, 0x08, 0x62, 0x08, 0x62, 0x08, 0x62, 0x08, 
0x62, 0x08, 0x62, 0x08, 0x62, 0x08, 0x62, 0x08, 0x62, 0x08, 0x62, 0x08, 0x62, 0x08, 0x62, 0x08, 
0x62, 0x08, 0x82, 0x08, 0x62, 0x08, 0x62, 0x08, 0x62, 0x08, 0x62, 0x08, 0x62, 0x08, 0x62, 0x08, 
0x62, 0x08, 0x62, 0x08, 0x62, 0x08, 0x62, 0x08, 0x62, 0x08, 0x62, 0x08, 0x62, 0x08, 0x62, 0x08, 
0x62, 0x08, 0x62, 0x08, 0x62, 0x08, 0x62, 0x08, 0x62, 0x08, 0x62, 0x08, 0x62, 0x08, 0x62, 0x08, 
0x62, 0x08, 0x62, 0x08, 0x62, 0x08, 0x62, 0x08, 0x42, 0x08, 0x41, 0x08, 0x62, 0x08, 0x62, 0x08, 
0x62, 0x08, 0x62, 0x08, 0x62, 0x08, 0x62, 0x08, 0x62, 0x08, 0x83, 0x10, 0x83, 0x08, 0x83, 0x08, 
0xA3, 0x10, 0x83, 0x08, 0xA3, 0x10, 0xA3, 0x10, 0xA3, 0x10, 0xC4, 0x10, 0xC4, 0x10, 0xE4, 0x10, 
0xA3, 0x10, 0xA3, 0x10, 0xC4, 0x10, 0xC4, 0x10, 0xC4, 0x10, 0xE4, 0x18, 0xE4, 0x18, 0xE4, 0x18, 
0xE4, 0x10, 0xC4, 0x10, 0xE4, 0x10, 0xE4, 0x18, 0xE4, 0x18, 0xE4, 0x18, 0xE4, 0x10, 0xE4, 0x18, 
0x62, 0x08, 0x62, 0x08, 0x62, 0x08, 0x62, 0x08, 0x62, 0x08, 0x62, 0x08, 0x42, 0x08, 0x62, 0x08, 
0x42, 0x08, 0x62, 0x08, 0x62, 0x08, 0x62, 0x08, 0x62, 0x08, 0x62, 0x08, 0x62, 0x08, 0x62, 0x08, 
0x62, 0x08, 0x62, 0x08, 0x62, 0x08, 0x62, 0x08, 0x62, 0x08, 0x62, 0x08, 0x62, 0x08, 0x62, 0x08, 
0x62, 0x08, 0x62, 0x08, 0x62, 0x08, 0x62, 0x08, 0x62, 0x08, 0x62, 0x08, 0x62, 0x08, 0x82, 0x08, 
0x62, 0x08, 0x82, 0x08, 0x82, 0x08, 0x83, 0x08, 0x83, 0x08, 0xA3, 0x08, 0x83, 0x08, 0xA3, 0x10, 
0xA3, 0x10, 0xA3, 0x08, 0xA3, 0x10, 0x83, 0x08, 0x83, 0x08, 0xA4, 0x10, 0xA4, 0x10, 0xC4, 0x10, 
0xE4, 0x10, 0xE4, 0x10, 0xE4, 0x10, 0xE4, 0x10, 0xE4, 0x10, 0xE4, 0x10, 0xE4, 0x10, 0xE4, 0x10, 
0xE4, 0x10, 0xE5, 0x10, 0xE4, 0x10, 0xC4, 0x10, 0xA3, 0x08, 0x83, 0x08, 0x62, 0x08, 0x62, 0x08, 
0x42, 0x08, 0x41, 0x08, 0x41, 0x08, 0x41, 0x08, 0x41, 0x08, 0x41, 0x08, 0x21, 0x08, 0x21, 0x08, 
0x21, 0x00, 0x21, 0x00, 0x21, 0x00, 0x21, 0x00, 0x21, 0x00, 0x21, 0x00, 0x21, 0x00, 0x21, 0x00, 
0x21, 0x00, 0x21, 0x00, 0x21, 0x00, 0x21, 0x00, 0x21, 0x00, 0x21, 0x00, 0x41, 0x00, 0x21, 0x08, 
0x41, 0x00, 0x41, 0x08, 0x41, 0x08, 0x41, 0x08, 0x41, 0x08, 0x41, 0x08, 0x41, 0x08, 0x41, 0x00, 
0x41, 0x08, 0x41, 0x08, 0x41, 0x08, 0x41, 0x00, 0x41, 0x00, 0x41, 0x08, 0x41, 0x08, 0x41, 0x08, 
0x41, 0x08, 0x41, 0x08, 0x41, 0x08, 0x62, 0x08, 0x42, 0x08, 0x62, 0x08, 0x62, 0x08, 0x62, 0x08, 
0x62, 0x08, 0x62, 0x08, 0x62, 0x08, 0x62, 0x08, 0x62, 0x08, 0x62, 0x08, 0x62, 0x08, 0x62, 0x08, 
0x62, 0x08, 0x62, 0x08, 0x62, 0x08, 0x62, 0x08, 0x62, 0x08, 0x62, 0x08, 0x62, 0x08, 0x62, 0x08, 
0x62, 0x08, 0x62, 0x08, 0x62, 0x08, 0x62, 0x08, 0x62, 0x08, 0x62, 0x08, 0x62, 0x08, 0x62, 0x08, 
0x62, 0x08, 0x62, 0x08, 0x62, 0x08, 0x62, 0x08, 0x62, 0x08, 0x62, 0x08, 0x62, 0x08, 0x62, 0x08, 
0x62, 0x08, 0x62, 0x08, 0x62, 0x08, 0x42, 0x08, 0x42, 0x08, 0x41, 0x08, 0x41, 0x00, 0x42, 0x08, 
0x62, 0x08, 0x62, 0x08, 0x62, 0x08, 0x62, 0x08, 0x62, 0x08, 0x62, 0x08, 0x62, 0x08, 0x62, 0x08, 
0x62, 0x08, 0x62, 0x08, 0x62, 0x08, 0x62, 0x08, 0x62, 0x08, 0x62, 0x08, 0x62, 0x08, 0x62, 0x08, 
0x62, 0x08, 0x62, 0x08, 0x62, 0x08, 0x62, 0x08, 0x62, 0x08, 0x42, 0x08, 0x41, 0x08, 0x41, 0x08, 
0x41, 0x08, 0x41, 0x08, 0x41, 0x08, 0x41, 0x08, 0x41, 0x08, 0x41, 0x08, 0x41, 0x08, 0x41, 0x08, 
0x41, 0x08, 0x41, 0x08, 0x41, 0x08, 0x41, 0x08, 0x41, 0x08, 0x41, 0x08, 0x41, 0x08, 0x42, 0x08, 
0x42, 0x08, 0x62, 0x08, 0x62, 0x08, 0x62, 0x08, 0x62, 0x08, 0x82, 0x08, 0x62, 0x08, 0x62, 0x08, 
0x62, 0x08, 0x62, 0x08, 0x62, 0x08, 0x62, 0x08, 0x42, 0x08, 0x62, 0x08, 0x62, 0x08, 0x42, 0x08, 
0x62, 0x08, 0x42, 0x08, 0x42, 0x08, 0x62, 0x08, 0x42, 0x00, 0x42, 0x08, 0x42, 0x08, 0x42, 0x08, 
0x42, 0x08, 0x42, 0x08, 0x42, 0x08, 0x42, 0x08, 0x42, 0x08, 0x62, 0x08, 0x41, 0x08, 0x41, 0x08, 
0x41, 0x08, 0x41, 0x00, 0x41, 0x00, 0x41, 0x08, 0x42, 0x08, 0x41, 0x08, 0x41, 0x08, 0x41, 0x00, 
0x42, 0x08, 0x42, 0x08, 0x42, 0x08, 0x41, 0x08, 0x62, 0x08, 0x42, 0x08, 0x42, 0x00, 0x42, 0x08, 
0x62, 0x08, 0x42, 0x00, 0x62, 0x08, 0x62, 0x08, 0x62, 0x08, 0x82, 0x08, 0x62, 0x08, 0x62, 0x08, 
0x62, 0x08, 0x82, 0x08, 0x62, 0x08, 0x62, 0x08, 0x62, 0x08, 0x62, 0x08, 0x62, 0x08, 0x62, 0x08, 
0x62, 0x08, 0x62, 0x08, 0x62, 0x08, 0x62, 0x08, 0x62, 0x08, 0x62, 0x08, 0x62, 0x08, 0x62, 0x08, 
0x62, 0x08, 0x62, 0x08, 0x62, 0x08, 0x62, 0x08, 0x62, 0x08, 0x62, 0x08, 0x62, 0x08, 0x62, 0x08, 
0x62, 0x08, 0x62, 0x08, 0x62, 0x08, 0x42, 0x00, 0x42, 0x00, 0x41, 0x08, 0x42, 0x08, 0x62, 0x08, 
0x62, 0x08, 0x62, 0x08, 0x62, 0x08, 0x62, 0x08, 0x62, 0x08, 0x62, 0x08, 0x62, 0x08, 0x62, 0x08, 
0x62, 0x08, 0x83, 0x08, 0x82, 0x08, 0x62, 0x08, 0x82, 0x08, 0x83, 0x08, 0x83, 0x08, 0x83, 0x08, 
0xA3, 0x10, 0xA3, 0x10, 0xA3, 0x10, 0xA3, 0x10, 0xC3, 0x10, 0xC3, 0x10, 0xA3, 0x10, 0xA4, 0x10, 
0xC4, 0x10, 0xC4, 0x10, 0xC3, 0x10, 0xC3, 0x10, 0xC3, 0x10, 0xA3, 0x10, 0xA3, 0x10, 0xC4, 0x10, 
0xC4, 0x10, 0xC4, 0x10, 0xC4, 0x10, 0xC4, 0x10, 0xC4, 0x10, 0xC4, 0x10, 0xC4, 0x10, 0xE4, 0x10, 
0x62, 0x08, 0x62, 0x08, 0x62, 0x08, 0x62, 0x08, 0x42, 0x08, 0x62, 0x08, 0x62, 0x08, 0x42, 0x08, 
0x62, 0x08, 0x62, 0x08, 0x42, 0x08, 0x62, 0x08, 0x62, 0x08, 0x62, 0x08, 0x62, 0x08, 0x42, 0x08, 
0x42, 0x08, 0x42, 0x08, 0x62, 0x08, 0x42, 0x08, 0x62, 0x08, 0x62, 0x08, 0x42, 0x08, 0x42, 0x08, 
0x42, 0x08, 0x42, 0x08, 0x62, 0x08, 0x62, 0x08, 0x62, 0x08, 0x62, 0x08, 0x62, 0x08, 0x62, 0x08, 
0x62, 0x08, 0x83, 0x08, 0x83, 0x08, 0x83, 0x08, 0x83, 0x08, 0x83, 0x08, 0x83, 0x08, 0x83, 0x08, 
0x83, 0x08, 0x83, 0x08, 0xA3, 0x08, 0xC4, 0x10, 0xA4, 0x10, 0xA4, 0x08, 0xC4, 0x10, 0xE4, 0x10, 
0xE5, 0x18, 0x05, 0x19, 0x25, 0x19, 0x05, 0x19, 0x05, 0x19, 0x25, 0x19, 0x25, 0x19, 0x26, 0x19, 
0x26, 0x19, 0x05, 0x19, 0xE5, 0x10, 0xE4, 0x10, 0xC4, 0x10, 0x83, 0x08, 0x82, 0x08, 0x62, 0x08, 
0x42, 0x08, 0x41, 0x08, 0x42, 0x08, 0x41, 0x08, 0x41, 0x00, 0x41, 0x08, 0x21, 0x08, 0x41, 0x00, 
0x41, 0x00, 0x21, 0x00, 0x41, 0x00, 0x21, 0x00, 0x21, 0x00, 0x21, 0x00, 0x21, 0x00, 0x21, 0x00, 
0x21, 0x00, 0x41, 0x00, 0x41, 0x08, 0x41, 0x08, 0x41, 0x08, 0x41, 0x08, 0x41, 0x08, 0x41, 0x08, 
0x21, 0x00, 0x21, 0x00, 0x21, 0x08, 0x41, 0x08, 0x41, 0x08, 0x41, 0x08, 0x41, 0x08, 0x21, 0x08, 
0x21, 0x08, 0x21, 0x08, 0x21, 0x08, 0x41, 0x08, 0x41, 0x08, 0x41, 0x08, 0x41, 0x08, 0x41, 0x08, 
0x41, 0x08, 0x41, 0x00, 0x41, 0x08, 0x42, 0x00, 0x42, 0x00, 0x62, 0x08, 0x62, 0x08, 0x62, 0x08, 
0x62, 0x08, 0x62, 0x08, 0x62, 0x08, 0x62, 0x08, 0x62, 0x08, 0x62, 0x08, 0x62, 0x08, 0x62, 0x08, 
0x62, 0x08, 0x62, 0x08, 0x62, 0x08, 0x62, 0x08, 0x62, 0x08, 0x62, 0x08, 0x62, 0x08, 0x62, 0x08, 
0x62, 0x08, 0x62, 0x08, 0x62, 0x08, 0x62, 0x08, 0x62, 0x08, 0x62, 0x08, 0x62, 0x08, 0x62, 0x08, 
0x62, 0x08, 0x62, 0x08, 0x62, 0x08, 0x62, 0x08, 0x62, 0x08, 0x62, 0x08, 0x62, 0x08, 0x62, 0x08, 
0x62, 0x08, 0x62, 0x08, 0x62, 0x08, 0x62, 0x08, 0x62, 0x08, 0x62, 0x08, 0x62, 0x08, 0x62, 0x08, 
0x62, 0x08, 0x62, 0x08, 0x42, 0x08, 0x62, 0x08, 0x62, 0x08, 0x62, 0x08, 0x62, 0x08, 0x62, 0x08, 
0x62, 0x08, 0x62, 0x08, 0x62, 0x08, 0x62, 0x08, 0x62, 0x08, 0x62, 0x08, 0x62, 0x08, 0x62, 0x08, 
0x62, 0x08, 0x62, 0x08, 0x62, 0x08, 0x62, 0x08, 0x62, 0x08, 0x62, 0x08, 0x41, 0x08, 0x41, 0x08, 
0x41, 0x08, 0x41, 0x08, 0x41, 0x08, 0x41, 0x08, 0x41, 0x08, 0x41, 0x08, 0x41, 0x08, 0x41, 0x08, 
0x41, 0x08, 0x41, 0x08, 0x41, 0x08, 0x41, 0x08, 0x41, 0x08, 0x42, 0x08, 0x41, 0x08, 0x42, 0x08, 
0x62, 0x08, 0x62, 0x08, 0x62, 0x08, 0x62, 0x08, 0x82, 0x08, 0x82, 0x08, 0x82, 0x08, 0x82, 0x08, 
0x62, 0x08, 0x62, 0x08, 0x62, 0x08, 0x62, 0x08, 0x42, 0x08, 0x42, 0x08, 0x62, 0x08, 0x62, 0x08, 
0x62, 0x08, 0x42, 0x08, 0x42, 0x08, 0x62, 0x08, 0x62, 0x08, 0x42, 0x08, 0x62, 0x08, 0x62, 0x08, 
0x42, 0x08, 0x42, 0x08, 0x42, 0x08, 0x62, 0x08, 0x42, 0x08, 0x42, 0x08, 0x42, 0x08, 0x42, 0x08, 
0x62, 0x08, 0x62, 0x08, 0x42, 0x08, 0x42, 0x08, 0x41, 0x08, 0x41, 0x08, 0x41, 0x00, 0x41, 0x08, 
0x62, 0x08, 0x41, 0x08, 0x41, 0x08, 0x41, 0x00, 0x41, 0x08, 0x41, 0x00, 0x42, 0x08, 0x41, 0x08, 
0x42, 0x08, 0x62, 0x08, 0x42, 0x08, 0x62, 0x08, 0x62, 0x08, 0x62, 0x08, 0x62, 0x08, 0x62, 0x08, 
0x62, 0x08, 0x62, 0x08, 0x62, 0x08, 0x62, 0x08, 0x62, 0x08, 0x62, 0x08, 0x62, 0x08, 0x62, 0x08, 
0x62, 0x08, 0x62, 0x08, 0x62, 0x08, 0x62, 0x08, 0x62, 0x08, 0x62, 0x08, 0x62, 0x08, 0x62, 0x08, 
0x62, 0x08, 0x62, 0x08, 0x62, 0x08, 0x62, 0x08, 0x62, 0x08, 0x62, 0x08, 0x62, 0x08, 0x62, 0x08, 
0x62, 0x08, 0x42, 0x08, 0x42, 0x08, 0x62, 0x08, 0x41, 0x08, 0x41, 0x00, 0x42, 0x08, 0x41, 0x00, 
0x41, 0x08, 0x42, 0x08, 0x42, 0x08, 0x42, 0x08, 0x62, 0x08, 0x42, 0x08, 0x42, 0x08, 0x42, 0x08, 
0x62, 0x08, 0x62, 0x08, 0x62, 0x08, 0x82, 0x08, 0x83, 0x08, 0xA3, 0x10, 0xA3, 0x10, 0xA3, 0x08, 
0xA3, 0x10, 0xA3, 0x10, 0xC4, 0x10, 0xC4, 0x10, 0xC4, 0x10, 0xC4, 0x10, 0xC4, 0x10, 0xC4, 0x10, 
0xE4, 0x18, 0xE4, 0x10, 0xE4, 0x10, 0xC4, 0x10, 0xC4, 0x10, 0xE4, 0x10, 0xC4, 0x10, 0xC4, 0x10, 
0xC4, 0x10, 0xC4, 0x10, 0xC4, 0x10, 0xC4, 0x10, 0xC3, 0x10, 0xC3, 0x10, 0xC3, 0x10, 0xA3, 0x10, 
0x62, 0x08, 0x62, 0x08, 0x62, 0x08, 0x62, 0x08, 0x62, 0x08, 0x62, 0x08, 0x62, 0x08, 0x62, 0x08, 
0x62, 0x08, 0x62, 0x08, 0x62, 0x08, 0x42, 0x08, 0x62, 0x08, 0x62, 0x08, 0x61, 0x08, 0x42, 0x08, 
0x42, 0x08, 0x62, 0x08, 0x62, 0x08, 0x62, 0x08, 0x62, 0x08, 0x62, 0x08, 0x62, 0x08, 0x62, 0x08, 
0x62, 0x08, 0x62, 0x08, 0x62, 0x08, 0x62, 0x08, 0x62, 0x08, 0x62, 0x08, 0x62, 0x08, 0x82, 0x08, 
0x62, 0x08, 0x62, 0x08, 0x83, 0x08, 0x82, 0x08, 0x83, 0x08, 0x83, 0x08, 0x83, 0x08, 0x83, 0x08, 
0x83, 0x08, 0x83, 0x08, 0xA3, 0x08, 0xA3, 0x08, 0xA4, 0x10, 0xC4, 0x10, 0xE4, 0x10, 0xE4, 0x10, 
0x05, 0x19, 0x05, 0x19, 0x46, 0x21, 0x46, 0x19, 0x26, 0x19, 0x67, 0x21, 0x67, 0x21, 0x46, 0x21, 
0x46, 0x19, 0x26, 0x19, 0x25, 0x19, 0xE5, 0x10, 0xC4, 0x10, 0xA3, 0x10, 0x83, 0x08, 0x82, 0x08, 
0x62, 0x08, 0x62, 0x08, 0x62, 0x08, 0x42, 0x08, 0x42, 0x08, 0x62, 0x08, 0x42, 0x08, 0x41, 0x08, 
0x21, 0x00, 0x41, 0x00, 0x21, 0x00, 0x41, 0x08, 0x21, 0x08, 0x41, 0x08, 0x21, 0x08, 0x41, 0x08, 
0x41, 0x08, 0x41, 0x00, 0x21, 0x00, 0x21, 0x00, 0x21, 0x00, 0x41, 0x00, 0x41, 0x08, 0x41, 0x08, 
0x41, 0x08, 0x41, 0x08, 0x41, 0x08, 0x41, 0x08, 0x41, 0x08, 0x41, 0x08, 0x21, 0x08, 0x41, 0x08, 
0x41, 0x08, 0x41, 0x08, 0x41, 0x08, 0x41, 0x08, 0x41, 0x08, 0x41, 0x08, 0x41, 0x08, 0x41, 0x08, 
0x41, 0x00, 0x41, 0x00, 0x42, 0x00, 0x42, 0x00, 0x62, 0x08, 0x62, 0x08, 0x62, 0x08, 0x62, 0x08, 
0x62, 0x08, 0x62, 0x08, 0x62, 0x08, 0x62, 0x08, 0x62, 0x08, 0x62, 0x08, 0x62, 0x08, 0x62, 0x08, 
0x62, 0x08, 0x62, 0x08, 0x62, 0x08, 0x62, 0x08, 0x62, 0x08, 0x62, 0x08, 0x62, 0x08, 0x62, 0x08, 
0x62, 0x08, 0x62, 0x08, 0x62, 0x08, 0x62, 0x08, 0x62, 0x08, 0x62, 0x08, 0x62, 0x08, 0x62, 0x08, 
0x62, 0x08, 0x62, 0x08, 0x62, 0x08, 0x62, 0x08, 0x62, 0x08, 0x62, 0x08, 0x62, 0x08, 0x62, 0x08, 
0x62, 0x08, 0x62, 0x08, 0x62, 0x08, 0x62, 0x08, 0x62, 0x08, 0x62, 0x08, 0x62, 0x08, 0x62, 0x08, 
0x62, 0x08, 0x62, 0x08, 0x62, 0x08, 0x62, 0x08, 0x62, 0x08, 0x62, 0x08, 0x82, 0x10, 0x82, 0x10, 
0x82, 0x08, 0xC3, 0x10, 0x62, 0x08, 0x82, 0x08, 0x62, 0x08, 0x62, 0x08, 0x62, 0x08, 0x62, 0x08, 
0x62, 0x08, 0x62, 0x08, 0x62, 0x08, 0x62, 0x08, 0x62, 0x08, 0x62, 0x08, 0x42, 0x08, 0x42, 0x08, 
0x42, 0x08, 0x42, 0x08, 0x41, 0x08, 0x41, 0x08, 0x41, 0x08, 0x41, 0x08, 0x61, 0x08, 0x41, 0x08, 
0x42, 0x08, 0x41, 0x08, 0x41, 0x08, 0x41, 0x08, 0x41, 0x08, 0x42, 0x08, 0x42, 0x08, 0x62, 0x08, 
0x62, 0x08, 0x62, 0x08, 0x62, 0x08, 0x82, 0x08, 0x83, 0x08, 0x82, 0x08, 0x82, 0x08, 0x82, 0x08, 
0x82, 0x08, 0x62, 0x08, 0x62, 0x08, 0x62, 0x08, 0x62, 0x08, 0x62, 0x08, 0x62, 0x08, 0x62, 0x08, 
0x62, 0x08, 0x42, 0x08, 0x42, 0x08, 0x42, 0x08, 0x62, 0x08, 0x62, 0x08, 0x62, 0x08, 0x62, 0x08, 
0x62, 0x08, 0x62, 0x08, 0x42, 0x08, 0x62, 0x08, 0x62, 0x08, 0x42, 0x08, 0x62, 0x08, 0x62, 0x08, 
0x62, 0x08, 0x62, 0x08, 0x62, 0x08, 0x62, 0x08, 0x62, 0x08, 0x62, 0x08, 0x62, 0x08, 0x62, 0x08, 
0x62, 0x08, 0x62, 0x08, 0x62, 0x08, 0x62, 0x08, 0x62, 0x08, 0x42, 0x08, 0x62, 0x08, 0x62, 0x08, 
0x42, 0x08, 0x62, 0x08, 0x62, 0x08, 0x62, 0x08, 0x62, 0x08, 0x62, 0x08, 0x62, 0x08, 0x62, 0x08, 
0x62, 0x08, 0x62, 0x08, 0x62, 0x08, 0x62, 0x08, 0x62, 0x08, 0x62, 0x08, 0x62, 0x08, 0x62, 0x08, 
0x62, 0x08, 0x62, 0x08, 0x62, 0x08, 0x62, 0x08, 0x62, 0x08, 0x62, 0x08, 0x62, 0x08, 0x62, 0x08, 
0x62, 0x08, 0x62, 0x08, 0x62, 0x08, 0x62, 0x08, 0x62, 0x08, 0x62, 0x08, 0x62, 0x08, 0x62, 0x08, 
0x62, 0x08, 0x42, 0x08, 0x42, 0x08, 0x62, 0x08, 0x62, 0x08, 0x42, 0x08, 0x41, 0x08, 0x41, 0x00, 
0x41, 0x00, 0x42, 0x08, 0x62, 0x08, 0x42, 0x08, 0x42, 0x08, 0x62, 0x08, 0x62, 0x08, 0x62, 0x08, 
0x62, 0x08, 0x82, 0x08, 0x82, 0x08, 0x82, 0x08, 0xA3, 0x10, 0xA3, 0x10, 0xA3, 0x10, 0xA3, 0x10, 
0xA3, 0x10, 0xA3, 0x10, 0xC3, 0x10, 0xC4, 0x10, 0xC4, 0x10, 0xC4, 0x10, 0xC4, 0x10, 0xE4, 0x10, 
0xE4, 0x18, 0xE4, 0x18, 0xE4, 0x18, 0xC4, 0x10, 0xE4, 0x10, 0xE4, 0x10, 0xE4, 0x10, 0xE4, 0x18, 
0xE4, 0x18, 0xE4, 0x18, 0xE4, 0x18, 0xE4, 0x18, 0xE4, 0x18, 0xE4, 0x18, 0xE4, 0x18, 0xE4, 0x18, 
0x62, 0x08, 0x62, 0x08, 0x62, 0x08, 0x62, 0x08, 0x62, 0x08, 0x62, 0x08, 0x62, 0x08, 0x62, 0x08, 
0x62, 0x08, 0x62, 0x08, 0x62, 0x08, 0x62, 0x08, 0x62, 0x08, 0x62, 0x08, 0x62, 0x08, 0x62, 0x08, 
0x62, 0x08, 0x62, 0x08, 0x62, 0x08, 0x62, 0x08, 0x62, 0x08, 0x42, 0x08, 0x62, 0x08, 0x62, 0x08, 
0x62, 0x08, 0x62, 0x08, 0x62, 0x08, 0x62, 0x08, 0x62, 0x08, 0x62, 0x08, 0x82, 0x08, 0x82, 0x08, 
0x82, 0x08, 0x83, 0x08, 0x83, 0x08, 0x83, 0x08, 0x83, 0x08, 0x83, 0x08, 0xA3, 0x10, 0x83, 0x08, 
0x83, 0x08, 0x83, 0x08, 0xA3, 0x10, 0x83, 0x08, 0xA3, 0x08, 0xA4, 0x10, 0xC4, 0x10, 0xC4, 0x10, 
0xE5, 0x10, 0xE5, 0x18, 0x26, 0x19, 0x46, 0x21, 0x67, 0x21, 0x88, 0x29, 0x87, 0x21, 0x46, 0x21, 
0x46, 0x21, 0x46, 0x21, 0x46, 0x21, 0x05, 0x19, 0xE4, 0x10, 0xC4, 0x10, 0xC4, 0x10, 0xA3, 0x10, 
0x82, 0x08, 0x83, 0x08, 0x62, 0x08, 0x62, 0x08, 0x42, 0x08, 0x41, 0x08, 0x42, 0x08, 0x41, 0x08, 
0x41, 0x08, 0x41, 0x08, 0x21, 0x08, 0x41, 0x08, 0x41, 0x08, 0x41, 0x08, 0x41, 0x08, 0x41, 0x08, 
0x21, 0x00, 0x21, 0x00, 0x41, 0x08, 0x21, 0x00, 0x21, 0x08, 0x41, 0x08, 0x41, 0x08, 0x21, 0x08, 
0x41, 0x08, 0x41, 0x08, 0x41, 0x08, 0x41, 0x08, 0x21, 0x08, 0x21, 0x08, 0x21, 0x08, 0x41, 0x08, 
0x41, 0x08, 0x41, 0x08, 0x41, 0x08, 0x21, 0x08, 0x41, 0x08, 0x41, 0x08, 0x41, 0x08, 0x41, 0x08, 
0x41, 0x08, 0x41, 0x08, 0x41, 0x08, 0x42, 0x08, 0x62, 0x08, 0x62, 0x08, 0x62, 0x08, 0x62, 0x08, 
0x62, 0x08, 0x62, 0x08, 0x62, 0x08, 0x62, 0x08, 0x62, 0x08, 0x62, 0x08, 0x62, 0x08, 0x62, 0x08, 
0x62, 0x08, 0x62, 0x08, 0x62, 0x08, 0x62, 0x08, 0x62, 0x08, 0x62, 0x08, 0x62, 0x08, 0x62, 0x08, 
0x62, 0x08, 0x62, 0x08, 0x62, 0x08, 0x62, 0x08, 0x62, 0x08, 0x62, 0x08, 0x62, 0x08, 0x62, 0x08, 
0x62, 0x08, 0x62, 0x08, 0x62, 0x08, 0x62, 0x08, 0x62, 0x08, 0x62, 0x08, 0x62, 0x08, 0x62, 0x08, 
0x62, 0x08, 0x62, 0x08, 0x62, 0x08, 0x62, 0x08, 0x62, 0x08, 0x62, 0x08, 0x62, 0x08, 0x62, 0x08, 
0x62, 0x08, 0x62, 0x08, 0x62, 0x08, 0x62, 0x08, 0x62, 0x08, 0x83, 0x10, 0xA3, 0x10, 0xC3, 0x10, 
0x62, 0x08, 0x83, 0x10, 0xA3, 0x10, 0xA3, 0x10, 0x62, 0x08, 0x62, 0x08, 0x82, 0x08, 0x62, 0x08, 
0x62, 0x08, 0x62, 0x08, 0x62, 0x08, 0x62, 0x08, 0x62, 0x08, 0x62, 0x08, 0x42, 0x08, 0x42, 0x08, 
0x42, 0x08, 0x62, 0x08, 0x42, 0x08, 0x41, 0x08, 0x41, 0x08, 0x41, 0x08, 0x41, 0x08, 0x42, 0x08, 
0x42, 0x08, 0x42, 0x08, 0x42, 0x08, 0x42, 0x08, 0x62, 0x08, 0x42, 0x08, 0x62, 0x08, 0x62, 0x08, 
0x62, 0x08, 0x62, 0x08, 0x62, 0x08, 0x83, 0x08, 0x83, 0x10, 0x82, 0x10, 0x83, 0x08, 0x82, 0x08, 
0x62, 0x08, 0x62, 0x08, 0x62, 0x08, 0x62, 0x08, 0x62, 0x08, 0x62, 0x08, 0x62, 0x08, 0x62, 0x08, 
0x62, 0x08, 0x62, 0x08, 0x62, 0x08, 0x62, 0x08, 0x62, 0x08, 0x62, 0x08, 0x62, 0x08, 0x62, 0x08, 
0x62, 0x08, 0x62, 0x08, 0x42, 0x08, 0x62, 0x08, 0x62, 0x08, 0x62, 0x08, 0x62, 0x08, 0x62, 0x08, 
0x42, 0x08, 0x62, 0x08, 0x62, 0x08, 0x42, 0x08, 0x62, 0x08, 0x62, 0x08, 0x42, 0x08, 0x62, 0x08, 
0x62, 0x08, 0x62, 0x08, 0x62, 0x08, 0x62, 0x08, 0x62, 0x08, 0x62, 0x08, 0x62, 0x08, 0x62, 0x08, 
0x62, 0x08, 0x62, 0x08, 0x62, 0x08, 0x62, 0x08, 0x62, 0x08, 0x62, 0x08, 0x62, 0x08, 0x62, 0x08, 
0x62, 0x08, 0x62, 0x08, 0x62, 0x08, 0x62, 0x08, 0x62, 0x08, 0x62, 0x08, 0x62, 0x08, 0x62, 0x08, 
0x62, 0x08, 0x62, 0x08, 0x62, 0x08, 0x62, 0x08, 0x62, 0x08, 0x62, 0x08, 0x62, 0x08, 0x62, 0x08, 
0x82, 0x08, 0x62, 0x08, 0x62, 0x08, 0x62, 0x08, 0x62, 0x08, 0x62, 0x08, 0x62, 0x08, 0x62, 0x08, 
0x62, 0x08, 0x42, 0x08, 0x62, 0x08, 0x42, 0x08, 0x42, 0x08, 0x42, 0x08, 0x41, 0x00, 0x42, 0x08, 
0x42, 0x08, 0x42, 0x08, 0x42, 0x08, 0x42, 0x08, 0x41, 0x08, 0x62, 0x08, 0x62, 0x08, 0x62, 0x08, 
0x62, 0x08, 0x62, 0x08, 0x82, 0x08, 0x83, 0x08, 0x83, 0x08, 0x83, 0x08, 0xA3, 0x10, 0xA3, 0x10, 
0xC3, 0x10, 0xC3, 0x10, 0xA3, 0x10, 0xC4, 0x10, 0xC4, 0x10, 0xC4, 0x10, 0xC4, 0x10, 0xC4, 0x10, 
0xE4, 0x10, 0xE4, 0x18, 0xE4, 0x18, 0xE4, 0x18, 0xE5, 0x18, 0xE4, 0x10, 0xE4, 0x18, 0xE4, 0x18, 
0xE4, 0x18, 0xE4, 0x18, 0xE4, 0x18, 0xE4, 0x18, 0xE4, 0x18, 0xE4, 0x10, 0xE4, 0x18, 0xE4, 0x18, 
0x42, 0x08, 0x42, 0x08, 0x42, 0x08, 0x41, 0x08, 0x41, 0x08, 0x42, 0x08, 0x42, 0x08, 0x62, 0x08, 
0x62, 0x08, 0x62, 0x08, 0x62, 0x08, 0x62, 0x08, 0x62, 0x08, 0x62, 0x08, 0x62, 0x08, 0x62, 0x08, 
0x62, 0x08, 0x62, 0x08, 0x62, 0x08, 0x42, 0x08, 0x62, 0x08, 0x62, 0x08, 0x62, 0x08, 0x62, 0x08, 
0x62, 0x08, 0x62, 0x08, 0x62, 0x08, 0x62, 0x08, 0x62, 0x08, 0x62, 0x08, 0x62, 0x08, 0x62, 0x08, 
0x62, 0x08, 0x63, 0x08, 0x83, 0x08, 0x82, 0x08, 0x83, 0x08, 0x83, 0x08, 0x83, 0x08, 0x83, 0x08, 
0x83, 0x08, 0x83, 0x08, 0x62, 0x08, 0x83, 0x08, 0xA3, 0x10, 0x83, 0x08, 0xC4, 0x10, 0x26, 0x19, 
0x05, 0x19, 0x26, 0x19, 0x26, 0x19, 0x47, 0x21, 0x26, 0x19, 0xC9, 0x31, 0xE9, 0x31, 0xC9, 0x31, 
0x87, 0x29, 0x67, 0x21, 0x47, 0x21, 0x67, 0x21, 0x05, 0x19, 0x26, 0x19, 0x05, 0x19, 0x26, 0x19, 
0xA3, 0x10, 0x83, 0x08, 0x62, 0x08, 0x62, 0x08, 0x62, 0x08, 0x41, 0x08, 0x41, 0x08, 0x41, 0x00, 
0x41, 0x08, 0x21, 0x08, 0x21, 0x08, 0x41, 0x08, 0x41, 0x08, 0x41, 0x08, 0x41, 0x08, 0x21, 0x08, 
0x41, 0x08, 0x21, 0x08, 0x21, 0x00, 0x21, 0x00, 0x21, 0x08, 0x41, 0x08, 0x41, 0x08, 0x41, 0x08, 
0x41, 0x08, 0x41, 0x08, 0x41, 0x08, 0x41, 0x08, 0x41, 0x08, 0x41, 0x08, 0x41, 0x08, 0x41, 0x08, 
0x41, 0x08, 0x41, 0x08, 0x41, 0x08, 0x21, 0x08, 0x41, 0x08, 0x41, 0x08, 0x41, 0x08, 0x41, 0x08, 
0x41, 0x08, 0x41, 0x08, 0x42, 0x08, 0x41, 0x08, 0x62, 0x08, 0x62, 0x08, 0x62, 0x08, 0x62, 0x08, 
0x62, 0x08, 0x62, 0x08, 0x62, 0x08, 0x62, 0x08, 0x62, 0x08, 0x62, 0x08, 0x42, 0x08, 0x42, 0x08, 
0x62, 0x08, 0x62, 0x08, 0x42, 0x08, 0x42, 0x00, 0x62, 0x08, 0x42, 0x08, 0x42, 0x08, 0x42, 0x08, 
0x62, 0x08, 0x62, 0x08, 0x62, 0x08, 0x62, 0x08, 0x62, 0x08, 0x62, 0x08, 0x62, 0x08, 0x62, 0x08, 
0x62, 0x08, 0x62, 0x08, 0x62, 0x08, 0x62, 0x08, 0x62, 0x08, 0x42, 0x08, 0x41, 0x08, 0x41, 0x00, 
0x42, 0x08, 0x42, 0x08, 0x62, 0x08, 0x42, 0x08, 0x62, 0x08, 0x62, 0x08, 0x62, 0x08, 0x62, 0x08, 
0x62, 0x08, 0x62, 0x08, 0x62, 0x08, 0x62, 0x08, 0x62, 0x08, 0x83, 0x08, 0x62, 0x08, 0x62, 0x08, 
0x83, 0x08, 0xE4, 0x18, 0xA3, 0x10, 0x83, 0x08, 0x83, 0x08, 0x82, 0x08, 0x62, 0x08, 0x62, 0x08, 
0x82, 0x08, 0x62, 0x08, 0x62, 0x08, 0x62, 0x08, 0x62, 0x08, 0x62, 0x08, 0x62, 0x08, 0x42, 0x08, 
0x62, 0x08, 0x42, 0x08, 0x41, 0x08, 0x42, 0x08, 0x42, 0x08, 0x41, 0x08, 0x42, 0x08, 0x42, 0x08, 
0x62, 0x08, 0x62, 0x08, 0x62, 0x08, 0x62, 0x08, 0x62, 0x08, 0x62, 0x08, 0x62, 0x08, 0x62, 0x08, 
0x62, 0x08, 0x62, 0x08, 0x62, 0x08, 0x83, 0x08, 0x83, 0x10, 0x83, 0x08, 0x82, 0x08, 0x62, 0x08, 
0x62, 0x08, 0x62, 0x08, 0x62, 0x08, 0x62, 0x08, 0x41, 0x00, 0x62, 0x08, 0x62, 0x08, 0x62, 0x08, 
0x62, 0x08, 0x62, 0x08, 0x62, 0x08, 0x62, 0x08, 0x62, 0x08, 0x62, 0x08, 0x62, 0x08, 0x62, 0x08, 
0x62, 0x08, 0x62, 0x08, 0x42, 0x08, 0x62, 0x08, 0x62, 0x08, 0x62, 0x08, 0x62, 0x08, 0x42, 0x08, 
0x42, 0x08, 0x62, 0x08, 0x62, 0x08, 0x62, 0x08, 0x62, 0x08, 0x62, 0x08, 0x62, 0x08, 0x62, 0x08, 
0x62, 0x08, 0x62, 0x08, 0x42, 0x08, 0x62, 0x08, 0x62, 0x08, 0x62, 0x08, 0x62, 0x08, 0x62, 0x08, 
0x62, 0x08, 0x62, 0x08, 0x62, 0x08, 0x62, 0x08, 0x62, 0x08, 0x62, 0x08, 0x62, 0x08, 0x62, 0x08, 
0x62, 0x08, 0x62, 0x08, 0x62, 0x08, 0x62, 0x08, 0x62, 0x08, 0x62, 0x08, 0x62, 0x08, 0x62, 0x08, 
0x62, 0x08, 0x62, 0x08, 0x62, 0x08, 0x62, 0x08, 0x62, 0x08, 0x62, 0x08, 0x62, 0x08, 0x62, 0x08, 
0x62, 0x08, 0x62, 0x08, 0x62, 0x08, 0x62, 0x08, 0x42, 0x08, 0x62, 0x08, 0x62, 0x08, 0x62, 0x08, 
0x42, 0x08, 0x62, 0x08, 0x42, 0x08, 0x42, 0x08, 0x42, 0x08, 0x41, 0x00, 0x41, 0x08, 0x41, 0x08, 
0x41, 0x08, 0x42, 0x08, 0x41, 0x08, 0x41, 0x08, 0x42, 0x08, 0x62, 0x08, 0x62, 0x08, 0x62, 0x08, 
0x62, 0x08, 0x62, 0x08, 0x62, 0x08, 0x82, 0x08, 0x83, 0x08, 0x83, 0x08, 0xA3, 0x10, 0xA3, 0x10, 
0xA3, 0x10, 0xA3, 0x10, 0xA3, 0x10, 0xC4, 0x10, 0xC4, 0x10, 0xC4, 0x10, 0xC4, 0x10, 0xE4, 0x10, 
0xE4, 0x18, 0xE4, 0x18, 0xC4, 0x10, 0xE4, 0x10, 0xE4, 0x18, 0xE4, 0x18, 0xE4, 0x18, 0xE4, 0x18, 
0xE4, 0x18, 0xE4, 0x10, 0xE4, 0x18, 0xE4, 0x10, 0xE4, 0x10, 0xE4, 0x18, 0xE4, 0x18, 0xE4, 0x18, 
0x42, 0x08, 0x62, 0x08, 0x62, 0x08, 0x42, 0x08, 0x62, 0x08, 0x62, 0x08, 0x62, 0x08, 0x62, 0x08, 
0x42, 0x08, 0x42, 0x08, 0x62, 0x08, 0x42, 0x08, 0x62, 0x08, 0x62, 0x08, 0x62, 0x08, 0x62, 0x08, 
0x62, 0x08, 0x62, 0x08, 0x62, 0x08, 0x42, 0x08, 0x62, 0x08, 0x62, 0x08, 0x62, 0x08, 0x62, 0x08, 
0x42, 0x08, 0x62, 0x08, 0x62, 0x08, 0x62, 0x08, 0x62, 0x08, 0x62, 0x08, 0x62, 0x08, 0x62, 0x08, 
0x62, 0x08, 0x62, 0x08, 0x82, 0x08, 0x62, 0x08, 0x82, 0x08, 0x82, 0x08, 0x82, 0x08, 0x83, 0x08, 
0x62, 0x08, 0x83, 0x10, 0x83, 0x08, 0x83, 0x08, 0x83, 0x08, 0x83, 0x08, 0xC4, 0x10, 0xE5, 0x18, 
0xA4, 0x10, 0xC4, 0x10, 0xE5, 0x18, 0x06, 0x19, 0x67, 0x21, 0x88, 0x29, 0xA8, 0x29, 0xC9, 0x31, 
0xC8, 0x29, 0xE9, 0x31, 0xC8, 0x29, 0xA8, 0x29, 0x67, 0x21, 0x87, 0x21, 0x46, 0x21, 0x25, 0x19, 
0xA3, 0x10, 0x83, 0x10, 0x42, 0x08, 0x41, 0x08, 0x41, 0x08, 0x41, 0x08, 0x41, 0x08, 0x21, 0x08, 
0x41, 0x00, 0x41, 0x08, 0x41, 0x08, 0x41, 0x08, 0x41, 0x08, 0x41, 0x08, 0x41, 0x08, 0x41, 0x08, 
0x41, 0x08, 0x41, 0x08, 0x41, 0x08, 0x41, 0x08, 0x41, 0x08, 0x41, 0x08, 0x41, 0x08, 0x41, 0x08, 
0x41, 0x08, 0x41, 0x08, 0x41, 0x08, 0x41, 0x08, 0x41, 0x08, 0x41, 0x08, 0x41, 0x08, 0x41, 0x08, 
0x41, 0x08, 0x41, 0x08, 0x41, 0x08, 0x41, 0x08, 0x41, 0x08, 0x41, 0x08, 0x41, 0x08, 0x41, 0x08, 
0x41, 0x00, 0x41, 0x08, 0x42, 0x00, 0x41, 0x00, 0x41, 0x00, 0x42, 0x08, 0x41, 0x08, 0x41, 0x08, 
0x62, 0x08, 0x61, 0x08, 0x62, 0x08, 0x42, 0x08, 0x62, 0x08, 0x41, 0x08, 0x41, 0x00, 0x42, 0x08, 
0x42, 0x08, 0x42, 0x08, 0x62, 0x08, 0x62, 0x08, 0x62, 0x08, 0x62, 0x08, 0x62, 0x08, 0x62, 0x08, 
0x62, 0x08, 0x62, 0x08, 0x42, 0x08, 0x42, 0x08, 0x62, 0x08, 0x42, 0x08, 0x62, 0x08, 0x62, 0x08, 
0x62, 0x08, 0x62, 0x08, 0x62, 0x08, 0x62, 0x08, 0x62, 0x08, 0x62, 0x08, 0x62, 0x08, 0x62, 0x08, 
0x62, 0x08, 0x62, 0x08, 0x62, 0x08, 0x62, 0x08, 0x62, 0x08, 0x62, 0x08, 0x62, 0x08, 0x62, 0x08, 
0x62, 0x08, 0x83, 0x08, 0xA3, 0x10, 0xA3, 0x10, 0xA3, 0x10, 0x62, 0x08, 0x83, 0x08, 0x83, 0x10, 
0x83, 0x10, 0xC4, 0x18, 0xA3, 0x10, 0xA3, 0x10, 0xA3, 0x10, 0x83, 0x08, 0x83, 0x08, 0x82, 0x08, 
0x62, 0x08, 0x62, 0x08, 0x62, 0x08, 0x62, 0x08, 0x62, 0x08, 0x62, 0x08, 0x62, 0x08, 0x62, 0x08, 
0x42, 0x08, 0x62, 0x08, 0x62, 0x08, 0x62, 0x08, 0x41, 0x08, 0x41, 0x08, 0x41, 0x08, 0x42, 0x08, 
0x62, 0x08, 0x41, 0x08, 0x61, 0x08, 0x41, 0x08, 0x42, 0x08, 0x42, 0x08, 0x42, 0x08, 0x62, 0x08, 
0x42, 0x08, 0x62, 0x08, 0x62, 0x08, 0x62, 0x08, 0x62, 0x08, 0x62, 0x08, 0x62, 0x08, 0x62, 0x08, 
0x62, 0x08, 0x62, 0x08, 0x62, 0x08, 0x62, 0x08, 0x62, 0x08, 0x62, 0x08, 0x62, 0x08, 0x62, 0x08, 
0x42, 0x08, 0x62, 0x08, 0x42, 0x08, 0x62, 0x08, 0x62, 0x08, 0x42, 0x08, 0x42, 0x08, 0x62, 0x08, 
0x42, 0x08, 0x62, 0x08, 0x62, 0x08, 0x62, 0x08, 0x62, 0x08, 0x62, 0x08, 0x62, 0x08, 0x62, 0x08, 
0x62, 0x08, 0x62, 0x08, 0x62, 0x08, 0x41, 0x00, 0x62, 0x08, 0x62, 0x08, 0x62, 0x08, 0x62, 0x08, 
0x62, 0x08, 0x62, 0x08, 0x62, 0x08, 0x62, 0x08, 0x62, 0x08, 0x62, 0x08, 0x62, 0x08, 0x62, 0x08, 
0x62, 0x08, 0x62, 0x08, 0x62, 0x08, 0x62, 0x08, 0x42, 0x08, 0x62, 0x08, 0x62, 0x08, 0x62, 0x08, 
0x62, 0x08, 0x62, 0x08, 0x62, 0x08, 0x62, 0x08, 0x62, 0x08, 0x62, 0x08, 0x62, 0x08, 0x62, 0x08, 
0x62, 0x08, 0x62, 0x08, 0x62, 0x08, 0x62, 0x08, 0x62, 0x08, 0x62, 0x08, 0x62, 0x08, 0x62, 0x08, 
0x62, 0x08, 0x62, 0x08, 0x62, 0x08, 0x62, 0x08, 0x62, 0x08, 0x62, 0x08, 0x42, 0x08, 0x62, 0x08, 
0x62, 0x08, 0x62, 0x08, 0x62, 0x08, 0x42, 0x08, 0x42, 0x08, 0x41, 0x08, 0x41, 0x08, 0x42, 0x00, 
0x42, 0x00, 0x41, 0x00, 0x41, 0x08, 0x42, 0x08, 0x41, 0x08, 0x42, 0x08, 0x62, 0x08, 0x62, 0x08, 
0x62, 0x08, 0x62, 0x08, 0x62, 0x08, 0x62, 0x08, 0x82, 0x08, 0x83, 0x08, 0x83, 0x08, 0x83, 0x10, 
0x83, 0x10, 0xA3, 0x10, 0xA3, 0x10, 0xA3, 0x10, 0xC3, 0x10, 0xC4, 0x10, 0xC4, 0x10, 0xC4, 0x10, 
0xE4, 0x10, 0xE4, 0x18, 0xE4, 0x18, 0xE4, 0x18, 0xE4, 0x10, 0xE4, 0x10, 0xE4, 0x10, 0xE4, 0x18, 
0xE4, 0x18, 0xE4, 0x18, 0xE4, 0x18, 0xE4, 0x18, 0xE4, 0x18, 0xE4, 0x10, 0xC4, 0x10, 0xC4, 0x10, 
0x42, 0x08, 0x42, 0x08, 0x42, 0x08, 0x42, 0x08, 0x42, 0x08, 0x42, 0x08, 0x42, 0x08, 0x41, 0x08, 
0x41, 0x08, 0x41, 0x08, 0x62, 0x08, 0x62, 0x08, 0x62, 0x08, 0x41, 0x08, 0x62, 0x08, 0x62, 0x08, 
0x62, 0x08, 0x42, 0x08, 0x62, 0x08, 0x62, 0x08, 0x62, 0x08, 0x62, 0x08, 0x62, 0x08, 0x42, 0x08, 
0x62, 0x08, 0x62, 0x08, 0x62, 0x08, 0x62, 0x08, 0x62, 0x08, 0x62, 0x08, 0x62, 0x08, 0x62, 0x08, 
0x62, 0x08, 0x82, 0x08, 0x82, 0x08, 0x82, 0x08, 0x82, 0x08, 0x83, 0x08, 0xA3, 0x08, 0xA3, 0x10, 
0xC4, 0x10, 0x82, 0x08, 0xA3, 0x10, 0xA3, 0x10, 0x83, 0x08, 0x83, 0x08, 0xC4, 0x10, 0xA3, 0x10, 
0xA3, 0x10, 0xE5, 0x18, 0xA4, 0x10, 0xC4, 0x10, 0x25, 0x19, 0x46, 0x21, 0x67, 0x21, 0xC9, 0x31, 
0x2A, 0x3A, 0x2A, 0x3A, 0x4B, 0x3A, 0x0A, 0x32, 0x88, 0x29, 0xC9, 0x31, 0x67, 0x21, 0x25, 0x21, 
0x62, 0x08, 0x41, 0x08, 0x41, 0x08, 0x41, 0x08, 0x41, 0x08, 0x41, 0x08, 0x41, 0x08, 0x41, 0x08, 
0x41, 0x08, 0x41, 0x08, 0x41, 0x08, 0x41, 0x08, 0x41, 0x08, 0x42, 0x08, 0x42, 0x08, 0x41, 0x08, 
0x41, 0x08, 0x42, 0x08, 0x41, 0x08, 0x41, 0x08, 0x41, 0x08, 0x41, 0x08, 0x41, 0x08, 0x41, 0x08, 
0x41, 0x08, 0x41, 0x08, 0x41, 0x08, 0x41, 0x08, 0x41, 0x08, 0x41, 0x08, 0x41, 0x08, 0x41, 0x08, 
0x41, 0x08, 0x41, 0x08, 0x41, 0x08, 0x41, 0x08, 0x41, 0x08, 0x41, 0x08, 0x41, 0x08, 0x41, 0x08, 
0x41, 0x08, 0x41, 0x08, 0x42, 0x08, 0x62, 0x08, 0x62, 0x08, 0x62, 0x08, 0x62, 0x08, 0x62, 0x08, 
0x62, 0x08, 0x62, 0x08, 0x62, 0x08, 0x62, 0x08, 0x62, 0x08, 0x62, 0x08, 0x62, 0x08, 0x62, 0x08, 
0x62, 0x08, 0x42, 0x08, 0x62, 0x08, 0x62, 0x08, 0x62, 0x08, 0x62, 0x08, 0x62, 0x08, 0x62, 0x08, 
0x62, 0x08, 0x62, 0x08, 0x62, 0x08, 0x62, 0x08, 0x62, 0x08, 0x62, 0x08, 0x42, 0x08, 0x42, 0x08, 
0x41, 0x00, 0x42, 0x08, 0x62, 0x08, 0x41, 0x00, 0x62, 0x08, 0x62, 0x08, 0x62, 0x08, 0x62, 0x08, 
0x62, 0x08, 0x62, 0x08, 0x62, 0x08, 0x62, 0x08, 0x62, 0x08, 0x62, 0x08, 0x82, 0x08, 0xA3, 0x10, 
0x45, 0x21, 0xE4, 0x18, 0x25, 0x21, 0xE4, 0x18, 0xA3, 0x10, 0x62, 0x08, 0x82, 0x10, 0x83, 0x10, 
0x62, 0x08, 0x62, 0x08, 0x82, 0x08, 0xE4, 0x18, 0xA3, 0x10, 0x82, 0x08, 0x83, 0x08, 0xA3, 0x10, 
0x83, 0x10, 0x62, 0x08, 0x62, 0x08, 0x82, 0x08, 0x62, 0x08, 0x62, 0x08, 0x62, 0x08, 0x62, 0x08, 
0x62, 0x08, 0x42, 0x08, 0x42, 0x08, 0x42, 0x08, 0x42, 0x08, 0x42, 0x08, 0x41, 0x08, 0x62, 0x08, 
0x42, 0x08, 0x42, 0x08, 0x62, 0x08, 0x42, 0x08, 0x42, 0x08, 0x62, 0x08, 0x42, 0x08, 0x62, 0x08, 
0x62, 0x08, 0x62, 0x08, 0x62, 0x08, 0x62, 0x08, 0x62, 0x08, 0x62, 0x08, 0x62, 0x08, 0x62, 0x08, 
0x62, 0x08, 0x42, 0x08, 0x42, 0x08, 0x62, 0x08, 0x62, 0x08, 0x62, 0x08, 0x62, 0x08, 0x42, 0x08, 
0x41, 0x08, 0x42, 0x08, 0x41, 0x08, 0x62, 0x08, 0x62, 0x08, 0x42, 0x08, 0x41, 0x08, 0x62, 0x08, 
0x41, 0x08, 0x61, 0x08, 0x62, 0x08, 0x62, 0x08, 0x62, 0x08, 0x62, 0x08, 0x62, 0x08, 0x62, 0x08, 
0x62, 0x08, 0x62, 0x08, 0x62, 0x08, 0x62, 0x08, 0x62, 0x08, 0x62, 0x08, 0x62, 0x08, 0x62, 0x08, 
0x62, 0x08, 0x62, 0x08, 0x62, 0x08, 0x62, 0x08, 0x62, 0x08, 0x62, 0x08, 0x62, 0x08, 0x62, 0x08, 
0x62, 0x08, 0x62, 0x08, 0x62, 0x08, 0x62, 0x08, 0x41, 0x08, 0x62, 0x08, 0x62, 0x08, 0x62, 0x08, 
0x62, 0x08, 0x62, 0x08, 0x62, 0x08, 0x62, 0x08, 0x62, 0x08, 0x62, 0x08, 0x62, 0x08, 0x62, 0x08, 
0x62, 0x08, 0x62, 0x08, 0x62, 0x08, 0x62, 0x08, 0x62, 0x08, 0x62, 0x08, 0x62, 0x08, 0x62, 0x08, 
0x62, 0x08, 0x62, 0x08, 0x62, 0x08, 0x62, 0x08, 0x62, 0x08, 0x62, 0x08, 0x62, 0x08, 0x62, 0x08, 
0x62, 0x08, 0x62, 0x08, 0x42, 0x08, 0x42, 0x08, 0x62, 0x08, 0x42, 0x08, 0x62, 0x08, 0x42, 0x00, 
0x42, 0x00, 0x41, 0x08, 0x41, 0x08, 0x42, 0x08, 0x62, 0x08, 0x62, 0x08, 0x62, 0x08, 0x62, 0x08, 
0x62, 0x08, 0x62, 0x08, 0x62, 0x08, 0x62, 0x08, 0x83, 0x10, 0x83, 0x10, 0xA3, 0x10, 0xA3, 0x10, 
0xA3, 0x10, 0xA3, 0x10, 0xA3, 0x10, 0xA3, 0x10, 0xC3, 0x10, 0xC3, 0x10, 0xC4, 0x10, 0xE4, 0x10, 
0xE4, 0x18, 0xE4, 0x18, 0xE4, 0x18, 0x04, 0x19, 0xE4, 0x18, 0x04, 0x19, 0xE4, 0x18, 0xE4, 0x18, 
0xE4, 0x18, 0xE4, 0x18, 0xE4, 0x18, 0xE4, 0x18, 0xE4, 0x18, 0xE4, 0x18, 0xE4, 0x18, 0xE4, 0x10, 
};

const lv_img_dsc_t splash_img = {
  .header.cf = LV_IMG_CF_TRUE_COLOR,
  .header.always_zero = 0,
  .header.reserved = 0,
  .header.w = 320,
  .header.h = 240,
  .data_size = 153600,
  .data = splash_img_map,
};
